842.248549,299.703387,79,FAILED
852.955736,298.616586,75.8543771,
858.863655,326.637004,70.2699108,
868.5842250000001,351.60398799999996,62.5211403,
834.501969,350.402827,79,FAILED
835.899101,365.020667,79,FAILED
837.60405,334.89018999999996,79,FAILED
841.471855,371.587862,79,FAILED
839.242176,299.337651,79,FAILED
843.801426,349.279889,79,FAILED
846.605386,354.71994,79,FAILED
841.436232,264.81024909999996,79,FAILED
850.678752,351.667557,77.8454144,
846.127373,286.0685112,79,FAILED
851.570694,342.348518,76.2351531,
848.350231,288.4419004,79,FAILED
849.05173,294.478524,79,FAILED
851.645917,300.818992,77.2550462,
860.506336,394.938887,69.5849112,
849.674355,251.2525045,78.4304391,
855.431709,294.837145,73.9181038,
864.259339,390.34900300000004,67.4831475,
855.913468,291.18578,72.3415444,
858.560442,285.8980323,70.866451,
863.117468,326.068045,66.3735465,
868.620456,374.862716,63.6865107,
862.371549,275.23811390000003,68.6116066,
861.904758,266.4041555,68.5821633,
865.933926,335.485856,64.00171879999999,
861.516846,254.0517916,68.8580904,
862.35154,258.2748385,67.8829883,
868.0207829999999,332.32067900000004,61.8828967,
864.648765,249.81851799999998,65.0171383,
868.3479110000001,297.644337,62.0704391,
874.8431820000001,393.05364399999996,57.2131486,
866.947934,254.4984297,63.7337531,
866.093603,234.6663299,63.470046499999995,
871.767198,277.8111711,59.9333628,
834.799559,339.528062,79,FAILED
836.648702,343.406257,79,FAILED
839.718298,363.16747699999996,79,FAILED
837.302155,270.6623211,79,FAILED
838.357785,293.722866,79,FAILED
837.406493,277.16319,79,FAILED
837.204918,245.0016941,79,FAILED
838.9718760000001,240.3701704,79,FAILED
842.606151,283.47380350000003,79,FAILED
848.429241,341.783998,78.6027337,
857.702816,397.814975,72.3489453,
845.925322,249.63697539999998,79,FAILED
852.675924,334.679033,74.9048443,
851.318189,278.9417846,77.3713908,
854.697803,344.50784799999997,72.9547188,
854.681686,333.10141899999996,72.9962011,
851.679844,271.0101218,76.7398137,
857.268802,328.707052,72.3847411,
853.1926599999999,285.3976408,74.5222257,
852.000275,265.3945911,76.0111857,
857.170155,335.668237,70.8627912,
859.327751,347.84552099999996,69.6318727,
859.778125,342.97211500000003,69.4405519,
857.863073,296.291289,71.6954034,
859.891316,325.404459,68.1871489,
862.7523209999999,338.305123,66.1990078,
866.782361,370.864425,64.7326082,
867.48499,362.15374299999996,63.0570415,
860.641538,248.8858602,68.4286934,
867.407608,346.918066,62.245846,
864.608207,298.189031,64.2985384,
865.544632,286.5542013,64.60705490000001,
865.64957,260.9627972,64.1058886,
867.960593,268.0321046,62.9207871,
869.39715,281.5863589,60.9313954,
867.114516,230.6544118,61.9206708,
877.019027,381.432859,54.6336164,
869.753829,258.36767399999997,60.9952319,
873.370307,253.7110224,57.478205,
875.607983,287.5659483,55.0572914,
876.3638,261.151924,55.3748202,
880.971512,341.956909,50.4805266,
882.718263,335.63435300000003,49.2651483,
832.837653,306.16848,79,FAILED
838.149053,352.454601,79,FAILED
839.536338,353.55942500000003,79,FAILED
842.682444,333.714341,79,FAILED
840.471897,292.293907,79,FAILED
847.0881850000001,358.757109,79,FAILED
840.007533,273.1534805,79,FAILED
847.197502,349.38363300000003,79,FAILED
841.7542109999999,268.510199,79,FAILED
844.8143230000001,274.2016627,79,FAILED
845.958814,254.9309414,79,FAILED
854.311269,358.510815,73.7912695,
855.814659,350.14257,71.9715402,
853.916595,300.077494,73.8769013,
861.2618219999999,382.815946,67.6324451,
855.907978,285.4390479,72.5783594,
858.213491,299.579033,69.5884271,
857.133722,252.928954,71.6213015,
859.677382,271.0126316,69.4771459,
861.778015,288.9210966,67.080669,
867.339243,356.919103,62.9729486,
866.825461,342.724458,62.354625,
867.499471,337.172368,62.1259107,
873.837762,393.06255699999997,58.2544857,
863.803361,266.0832563,66.16129240000001,
861.495552,235.00159589999998,66.41603119999999,
869.776356,350.15682200000003,59.9830936,
877.830111,385.96115,53.6179839,
872.493993,277.0782179,57.6389233,
837.021626,371.482731,79,FAILED
837.3879489999999,338.56167700000003,79,FAILED
842.426658,381.23317299999997,79,FAILED
835.842745,289.42983,79,FAILED
841.578683,356.824162,79,FAILED
837.982211,288.9602271,79,FAILED
843.587901,358.671047,79,FAILED
846.769715,363.26689999999996,79,FAILED
839.726029,237.4279115,79,FAILED
843.10031,269.45479009999997,79,FAILED
859.471495,400.13411099999996,69.4398539,
849.96419,289.249017,76.9026274,
861.253159,396.34182,67.6784217,
860.942735,349.044523,67.48916080000001,
861.181855,329.702692,66.4798735,
866.116085,379.221478,63.764537399999995,
860.195681,303.79776300000003,67.249192,
869.435438,389.216246,61.0416428,
869.752095,393.966568,60.6314644,
858.7973959999999,229.6554402,68.5141506,
861.465337,252.1353079,66.7859119,
865.157577,274.7165518,66.12522899999999,
868.218968,341.365103,60.5507745,
863.5856719999999,256.1157789,65.4215167,
868.045402,336.32912999999996,59.832562,
866.2630340000001,238.66156569999998,61.4743272,
878.484061,371.230118,53.7649107,
880.02612,379.881673,51.8850157,
880.033921,385.87187900000004,51.348513,
880.550918,373.790835,51.711697,
874.443949,291.874753,55.0133163,
884.343177,373.95710199999996,48.1680114,
835.187909,375.492369,79,FAILED
834.891938,327.05294200000003,79,FAILED
834.946436,313.005871,79,FAILED
837.620501,345.732487,79,FAILED
839.791528,349.401748,79,FAILED
844.543251,368.143104,79,FAILED
837.318059,265.6990338,79,FAILED
841.771616,302.45921599999997,79,FAILED
841.251817,275.1948802,79,FAILED
850.425468,335.981205,76.3452324,
847.701807,291.515519,78.1415684,
853.641351,339.408061,72.9760283,
858.975437,377.162437,70.4440943,
859.6561810000001,352.048805,69.7723697,
858.456871,338.555853,68.8126591,
854.2716780000001,276.6682338,73.3316934,
863.51389,387.02155200000004,65.46732320000001,
858.372202,329.658179,68.4869102,
855.517013,246.7568031,71.8632701,
865.09143,366.07053199999996,64.3228585,
864.907239,350.361287,64.2800202,
857.094611,251.5499011,69.8261207,
860.379477,240.2201672,67.0472565,
861.058325,245.3135948,66.7977079,
872.203728,397.15443700000003,58.1465498,
864.150542,279.2706209,64.8096644,
865.089417,293.590469,63.27161079999999,
874.841331,397.261191,55.969061,
862.798626,227.0553382,63.87321080000001,
870.199043,339.505258,58.3846767,
876.453447,394.131912,54.6758165,
875.3660669999999,374.50603,55.3487169,
872.831022,287.9529125,57.1306674,
869.585286,231.7183557,58.5871613,
869.821914,227.3791859,58.3758648,
870.4437350000001,235.7046752,58.5234081,
879.873568,361.025675,51.6821252,
881.798527,370.835347,49.6580033,
872.1658669999999,229.75546889999998,56.3163637,
881.8789850000001,364.04438600000003,50.1852445,
883.635234,382.472938,48.3352018,
877.804125,265.0855821,53.1534609,
874.64459,239.0642915,54.0989258,
882.616923,343.814805,48.3655718,
883.305826,350.045571,47.7161128,
880.958312,275.2918966,48.9462008,
836.465351,367.054576,79,FAILED
833.299888,311.164338,79,FAILED
834.650533,309.170054,79,FAILED
843.033411,386.762155,79,FAILED
838.129956,332.154224,79,FAILED
833.1742360000001,254.2751381,79,FAILED
844.9655740000001,391.14659800000004,79,FAILED
838.934624,283.4779794,79,FAILED
841.42752,290.83579,79,FAILED
847.703013,357.19537,78.53857,
842.686173,281.379836,79,FAILED
852.85569,397.27447900000004,73.8171123,
841.660489,234.6957252,79,FAILED
854.701348,354.812882,72.4795234,
852.149394,327.600027,73.723752,
849.758508,293.720323,76.0328402,
859.724617,388.376871,68.2842075,
852.029775,290.423112,74.4708499,
855.505658,301.980705,71.365787,
857.552383,334.11075,68.8794623,
855.679761,292.105767,70.5215291,
862.988375,375.312584,65.1796874,
865.646106,386.630757,63.24937700000001,
863.591468,357.864919,64.7219199,
859.484697,298.318582,67.6348438,
855.193129,224.6502968,71.0357908,
857.605322,261.9788323,70.135124,
860.778085,279.8318362,67.2148776,
870.299786,363.794217,59.071095,
870.233514,358.675527,59.0664199,
869.041815,345.439264,58.9244854,
871.887484,373.41899,57.7100872,
863.749757,238.9033336,63.97953749999999,
862.4934430000001,231.84279709999998,63.9657184,
864.437885,246.9251711,63.321344100000005,
867.076397,291.772676,60.439541,
871.1983250000001,334.174963,57.9021549,
875.613047,387.99054,55.1010022,
864.915994,227.0044223,61.8952495,
869.888869,269.42869,60.0962187,
869.604913,290.850778,58.1079839,
874.382519,324.18271400000003,54.6283825,
872.52223,262.3600013,57.1034598,
874.47375,267.3015092,55.4781992,
876.3992029999999,288.72784939999997,52.5132475,
874.578874,251.3324991,54.0975749,
835.832347,360.915761,79,FAILED
834.107839,300.37552,79,FAILED
835.367708,283.6262038,79,FAILED
836.735366,302.152167,79,FAILED
840.799638,326.043941,79,FAILED
850.470021,395.239915,75.276959,
843.258747,287.72732229999997,79,FAILED
844.468256,277.59557440000003,79,FAILED
850.712673,356.934509,74.1960247,
846.923037,284.08274919999997,78.5778824,
850.97031,341.551036,74.8478048,
848.98379,283.8539865,76.4936515,
849.2667759999999,276.5552762,76.111604,
857.997177,380.268957,69.26299,
861.091529,400.636942,66.64264130000001,
859.754692,333.803095,66.8936154,
862.150445,354.654132,65.9444488,
861.656849,361.717874,66.15556509999999,
857.6531620000001,274.8001806,69.8835995,
858.847683,292.46036,67.9112005,
861.0648659999999,262.7231271,67.07632129999999,
861.874729,270.1912766,66.2906845,
860.292455,229.74075770000002,65.89073479999999,
873.125202,386.265174,56.8751698,
866.8761039999999,286.448616,60.5477732,
873.089998,346.35683900000004,56.1992793,
866.3950199999999,247.0527807,61.0664759,
880.750579,357.043208,51.558327,
882.226441,377.824616,48.8122392,
882.299235,358.109599,48.7178161,
884.184638,363.56212800000003,47.1009796,
877.743079,252.2664031,51.4891487,
887.258973,350.452491,43.5875081,
832.759808,353.411249,79,FAILED
831.781965,295.455645,79,FAILED
837.655095,366.114261,79,FAILED
831.314555,271.0808399,79,FAILED
833.501582,294.105477,79,FAILED
832.7951889999999,278.96696729999996,79,FAILED
843.01901,342.46796,79,FAILED
840.7595220000001,296.989859,79,FAILED
856.106593,342.558783,70.84538,
852.012781,280.9729148,73.7311135,
857.655321,287.9556602,68.5363697,
861.627529,343.647474,65.1025411,
863.65909,345.532601,63.5330764,
857.130546,236.1117056,68.4393018,
860.381025,286.541903,65.9435122,
865.3693920000001,329.63097600000003,61.6342685,
861.533677,275.4197001,66.0518479,
871.453315,378.41666499999997,58.3013471,
868.50239,327.033677,59.3640845,
870.988621,368.642317,58.3044659,
873.470594,380.623066,56.1420129,
866.397094,277.2021558,61.4976715,
871.056607,266.7001864,58.3265733,
869.848521,249.1265849,57.8758174,
871.288888,257.9165941,56.912915,
878.185701,247.7278009,50.6363997,
832.464545,345.146054,79,FAILED
834.3143259999999,349.451706,79,FAILED
833.787458,324.56550100000004,79,FAILED
830.2758220000001,275.1062019,79,FAILED
837.5822430000001,342.670277,79,FAILED
832.875365,272.9060831,79,FAILED
838.125124,328.238333,79,FAILED
836.693529,259.6742666,79,FAILED
847.607188,345.519045,76.7523293,
855.168667,354.66126399999996,70.9742581,
853.667582,327.042322,71.6181378,
858.697215,374.79956100000004,68.1489669,
853.695527,296.379045,71.6444838,
861.52829,392.373313,65.8623169,
858.345757,343.563134,68.138389,
859.541726,366.614037,67.09366299999999,
863.6535670000001,340.070832,63.26822920000001,
861.119638,294.311951,65.40457760000001,
867.545898,365.85012900000004,61.9422102,
866.962114,354.63169400000004,60.9320928,
861.655883,290.129494,64.1036775,
864.111418,319.761367,61.9058777,
865.898498,252.86592000000002,61.4486451,
876.664994,347.809868,51.6408869,
871.237327,243.0166015,56.1892842,
880.0793160000001,283.6260676,48.6424915,
830.247925,326.570956,79,FAILED
831.491405,266.7556718,79,FAILED
841.505254,369.18611699999997,79,FAILED
833.005622,265.0904733,79,FAILED
844.4243730000001,348.713144,79,FAILED
843.544344,339.609979,79,FAILED
844.1867,301.90942,79,FAILED
849.252778,331.15394200000003,75.2186887,
846.135881,245.2289001,77.5771489,
854.4432899999999,330.826407,70.4011136,
855.926431,282.4568,70.4186067,
862.801394,361.03972699999997,64.0385622,
863.611803,354.431084,63.56957320000001,
865.7231859999999,373.19854799999996,62.2788175,
860.7650140000001,283.642923,65.21109630000001,
870.388033,349.184867,57.9426397,
865.29175,261.81974,61.5038463,
873.569879,368.427125,55.1888098,
871.0102919999999,333.868445,55.5980389,
865.006339,224.1991909,60.3063067,
877.294935,366.857189,52.3898739,
876.09727,331.00219100000004,51.4998873,
876.880489,337.817181,51.1419179,
878.375136,325.610421,50.0960836,
876.44898,274.7350801,51.338902,
831.222414,283.8640031,79,FAILED
836.834422,358.575384,79,FAILED
833.761582,297.930851,79,FAILED
833.79683,271.3609204,79,FAILED
837.3717369999999,297.575099,79,FAILED
840.076423,330.252692,79,FAILED
837.448652,269.0539645,79,FAILED
844.831627,344.954023,78.8735249,
846.572309,354.148961,77.5212068,
846.706525,349.47101799999996,77.4139823,
847.238175,338.532351,76.8316795,
850.00987,377.136321,74.3376915,
844.5674799999999,290.363872,79,FAILED
860.475265,379.068551,66.2675251,
857.220762,267.4039001,68.9198801,
856.191778,256.1209851,69.3801941,
856.178474,226.2087815,67.7404458,
863.876472,298.489955,61.8447142,
863.3317959999999,265.6549708,63.64803760000001,
865.0007439999999,271.8023669,62.347532,
868.186883,326.313949,57.8002202,
863.566499,233.9225403,61.6760463,
867.182487,262.7474014,59.2967749,
868.34763,239.7254367,57.3618774,
873.379736,274.1773123,54.0063509,
877.709591,296.41720399999997,50.7981732,
879.647484,260.14854809999997,49.3253669,
831.123633,370.074973,79,FAILED
832.111927,365.04060000000004,79,FAILED
829.951814,289.091702,79,FAILED
831.144714,260.82818,79,FAILED
836.580497,322.977375,79,FAILED
835.6853189999999,310.347164,79,FAILED
844.435489,372.28549799999996,78.2763586,
838.473566,286.1508366,79,FAILED
841.299041,298.65912000000003,79,FAILED
854.12817,397.63894600000003,71.0571471,
849.991445,347.634207,74.0115543,
844.530002,253.648845,79,FAILED
844.182427,229.8254255,78.2484138,
850.579784,295.254052,73.8409806,
855.762912,347.560074,69.3849691,
856.6180899999999,352.723776,67.997712,
862.157202,391.181688,64.1414571,
862.177356,382.41353300000003,64.1711145,
854.467234,266.5665587,70.3563087,
860.160232,348.23361,65.191192,
864.82296,391.35544600000003,62.1659942,
853.600203,229.3769717,70.4525263,
866.127159,396.930184,60.8786359,
867.37372,381.330176,60.143795,
867.6084020000001,285.0754951,58.647034,
868.026338,280.68787629999997,58.5078075,
873.503206,283.3781092,53.8250128,
870.5904820000001,236.9572837,54.9935075,
874.819158,269.6975788,52.4896189,
877.263431,254.67819029999998,49.9597666,
832.163058,333.570867,79,FAILED
834.131372,355.85267799999997,79,FAILED
839.825463,346.769004,79,FAILED
841.897738,365.265156,79,FAILED
835.814552,274.163598,79,FAILED
841.797777,305.66468299999997,79,FAILED
842.778737,284.9718073,79,FAILED
844.194196,278.7768513,78.3251547,
849.30855,286.08625059999997,74.4349978,
858.880176,357.235272,66.8216301,
851.92395,256.6281694,72.7825149,
851.694142,251.4624609,72.7374099,
860.687376,369.479388,65.1940891,
855.373825,294.619046,68.8159719,
853.545132,254.3562271,70.9361642,
862.724078,335.528216,62.6244013,
856.158895,231.39076690000002,67.28794429999999,
861.954193,302.801044,61.8996932,
862.98696,286.7391962,62.1311255,
859.568859,236.34926819999998,64.6928878,
863.760108,281.4824984,62.3748332,
861.647415,222.9636467,62.0546889,
870.48639,341.21428000000003,55.7234968,
869.736277,317.115924,56.7183748,
873.9832309999999,325.024403,52.5018124,
879.255147,385.789826,49.3644078,
877.550351,292.043319,48.8692487,
879.747046,288.66529679999996,47.6882075,
830.031418,339.421335,79,FAILED
835.417681,377.813047,79,FAILED
834.084423,334.80161,79,FAILED
834.615984,279.4010528,79,FAILED
837.4268959999999,264.9429233,79,FAILED
848.013385,298.10632699999996,75.4065007,
852.512479,344.562541,71.3315124,
857.029454,370.153694,67.0392464,
850.0294289999999,246.1341573,73.0801373,
853.02365,262.6049728,71.7358457,
858.079892,340.607476,66.5356583,
856.374935,280.6304303,68.3580866,
857.846565,276.13684,67.8396288,
857.000976,259.9977224,68.1390181,
864.137465,345.54423299999996,61.0133995,
860.092531,258.4429171,66.1811441,
858.193154,226.154534,65.21312850000001,
861.234812,245.7172136,64.4249561,
869.976306,287.3923838,55.7019061,
868.67004,227.2245982,55.7695994,
872.134065,246.0307885,54.5083115,
872.810903,261.609,53.2798101,
875.577038,287.7675802,50.4492133,
878.763989,330.553952,47.6041587,
831.923659,358.841876,79,FAILED
832.473754,343.39465,79,FAILED
831.576678,302.318949,79,FAILED
840.055879,379.68719,79,FAILED
833.101057,277.3940187,79,FAILED
838.870388,347.165757,79,FAILED
840.447729,350.702404,79,FAILED
840.776442,324.080958,79,FAILED
837.151757,280.244727,79,FAILED
845.1506039999999,358.6953,77.711127,
850.822616,359.009659,72.628865,
851.535514,301.043083,72.1776381,
859.962644,395.373296,66.2936845,
852.36033,286.2741741,71.1760367,
858.162269,338.493852,65.1186373,
855.561672,242.3796387,68.0287143,
863.3906939999999,349.594157,62.0141201,
856.352689,247.887789,67.4890738,
859.780649,301.431545,63.9552008,
866.087558,361.39723200000003,59.835441,
865.8656,366.91117199999997,59.5253569,
863.92884,324.454603,59.7995661,
862.31528,292.63358800000003,61.7790467,
863.118462,242.5906246,61.4497912,
865.566335,298.47017900000003,58.3310834,
873.812349,298.28384,51.8381091,
879.299405,335.088052,47.1132041,
880.702706,346.000455,46.3638924,
829.394902,359.024141,79,FAILED
837.955661,384.409783,79,FAILED
837.037972,369.111021,79,FAILED
838.198418,364.12854300000004,79,FAILED
833.8507569999999,305.780141,79,FAILED
836.582574,352.837574,79,FAILED
834.851771,332.177528,79,FAILED
834.17911,284.9236583,79,FAILED
835.470201,291.352751,79,FAILED
841.228734,359.674181,79,FAILED
839.245651,286.0785932,79,FAILED
843.930066,331.79922799999997,79,FAILED
842.883588,327.24899,78.3664635,
840.989741,291.136061,79,FAILED
840.3105,272.21826169999997,79,FAILED
846.656655,349.67990299999997,75.2509803,
839.8533649999999,232.95078610000002,79,FAILED
842.658927,274.2243308,79,FAILED
847.534635,335.330515,74.6599158,
841.643944,269.4604779,79,FAILED
849.603996,342.13315,73.1001828,
849.224931,330.17068,72.8758234,
856.460097,399.410033,68.1617371,
856.358059,384.679611,68.4154936,
851.807338,334.638289,70.455066,
852.585482,339.78469,69.9779208,
850.499398,291.829557,72.1637025,
849.759483,264.3776861,72.4685955,
850.107315,238.5020033,72.587638,
855.909632,284.6194988,67.1783814,
864.504146,365.82802200000003,62.9939141,
857.735162,291.372472,65.86825089999999,
857.4224839999999,265.037299,67.53816710000001,
863.726609,358.678242,61.8121837,
866.26594,372.242035,59.497045,
861.389658,256.3644283,63.4966584,
867.3008609999999,352.211554,57.734785,
869.178646,357.080296,56.5482982,
865.811698,251.9099831,58.8651873,
872.238447,342.787378,53.3974421,
871.968514,319.79021,53.990947,
880.214691,354.54397800000004,47.0241544,
876.717219,269.61264470000003,50.4153679,
831.767053,338.337129,79,FAILED
831.877624,329.427237,79,FAILED
829.684182,308.120237,79,FAILED
833.72866,349.332983,79,FAILED
834.654316,325.950667,79,FAILED
831.897689,290.62895000000003,79,FAILED
840.152209,371.353634,79,FAILED
840.228695,344.16193499999997,79,FAILED
842.263641,355.240284,79,FAILED
837.686693,304.817498,79,FAILED
840.351213,331.314344,79,FAILED
839.863117,292.114693,79,FAILED
843.597336,294.480815,77.9044539,
849.814952,334.79015000000004,72.671593,
848.494606,275.2947915,74.2018876,
850.166541,282.33303639999997,71.8873742,
853.669086,300.420359,69.3361396,
856.381444,335.82788700000003,66.97774369999999,
857.31059,351.498673,65.9490686,
859.135591,364.948176,64.85454440000001,
852.6523970000001,235.4118322,69.6576683,
851.990212,240.8934434,69.6031913,
857.2277320000001,270.6336869,67.1960096,
862.177948,340.389852,61.4449149,
859.552398,295.606174,63.398673599999995,
856.589336,236.2040064,66.0975828,
859.65592,262.5436074,64.8272554,
867.73082,295.706754,56.3189581,
871.544437,295.127417,53.9727737,
875.077241,244.5518091,51.8124902,
879.975565,275.7074658,46.8013766,
829.607775,332.447405,79,FAILED
834.991661,363.04336,79,FAILED
836.496526,335.736485,79,FAILED
835.305939,243.0272406,79,FAILED
835.765745,213.083043,79,FAILED
842.536563,298.345689,79,FAILED
852.9168139999999,391.848125,69.9503678,
851.9967770000001,376.47634500000004,70.6622417,
849.999805,338.79758200000003,71.9596675,
854.162475,366.342171,68.6128855,
856.4950220000001,360.767554,66.7039496,
857.83638,373.840517,65.8793178,
861.684712,397.602375,63.499678,
851.834533,272.0065647,71.0031642,
850.2066,244.3738863,71.7538539,
855.128712,328.25013,66.4684049,
852.278402,277.9167394,69.8754921,
859.988083,351.021469,63.7468234,
855.955097,296.102552,66.63850980000001,
863.209753,377.32059000000004,61.9257051,
856.5874650000001,253.2476179,66.94310300000001,
866.647118,388.502572,59.1789094,
858.539594,250.91580340000002,65.06641110000001,
863.434087,330.30064,59.4590375,
860.7969410000001,270.5611865,63.764612099999994,
863.405207,295.251324,59.5035532,
867.146572,330.84884999999997,56.4329686,
865.923847,257.1419335,58.3159916,
865.595806,230.6516353,57.2885805,
879.240543,280.5133209,46.0458213,
829.196202,345.27898200000004,79,FAILED
827.927636,303.985762,79,FAILED
827.927164,298.042532,79,FAILED
833.927252,371.620719,79,FAILED
839.839437,389.153287,79,FAILED
837.190665,357.967345,79,FAILED
831.485538,244.63312969999998,79,FAILED
838.028442,335.257096,79,FAILED
833.593968,278.7288492,79,FAILED
837.007561,299.589057,79,FAILED
835.779023,273.2886164,79,FAILED
834.229028,213.4849599,79,FAILED
844.273788,341.79260899999997,76.870123,
846.013966,339.860925,74.9358674,
849.63976,353.460635,72.3492704,
844.590106,288.35892060000003,76.3592296,
842.5131719999999,261.8567063,77.5796152,
853.929628,340.396185,68.1686343,
849.5236130000001,276.4550253,72.0467549,
855.070068,323.759348,67.4367459,
857.780019,278.4494237,65.2740568,
857.587483,242.4110179,64.9510504,
868.22428,378.129738,57.4044347,
857.422374,222.9137465,63.82168949999999,
861.24956,261.2802841,62.3017606,
863.799028,302.745264,58.7238265,
874.478031,354.019761,51.1457522,
876.181072,360.89930000000004,49.8317784,
873.874781,322.842993,50.1385745,
874.115628,280.18258760000003,50.587691,
884.32837,346.77336,42.9392949,
836.616936,341.113157,79,FAILED
838.456271,302.200046,79,FAILED
837.247603,275.8505065,79,FAILED
845.638868,344.876087,74.8646488,
840.386082,229.93377279999999,78.8265084,
843.487549,282.6386562,76.6450902,
853.276301,380.942148,68.9742235,
852.254775,375.238206,68.8808226,
852.229081,352.223677,69.6393748,
852.698323,287.2812551,68.8951454,
861.427678,395.50771199999997,62.2772468,
854.154774,271.69575829999997,68.2952534,
861.2041429999999,363.616584,62.7118642,
859.523891,319.447672,62.3839224,
860.374194,327.36516800000004,61.3496223,
862.0486960000001,335.410787,60.1096015,
864.89611,357.04154600000004,59.070272,
859.731014,277.5464018,63.69394679999999,
859.633427,240.3869451,62.9309978,
865.13667,333.837256,58.0550837,
864.980386,324.53082,57.8809086,
866.376895,345.487265,56.940576,
859.619859,234.5993197,62.7208016,
862.98122,226.7328488,59.0532213,
863.0759410000001,232.18474650000002,59.6113155,
875.850045,336.198135,49.1546694,
873.8791200000001,248.767904,50.6392502,
882.671499,340.397192,43.9743252,
830.367534,373.21167,79,FAILED
829.970999,354.404902,79,FAILED
832.486855,363.698399,79,FAILED
827.309186,278.3225531,79,FAILED
830.308527,323.805332,79,FAILED
826.632467,251.67352019999998,79,FAILED
833.494054,339.977671,79,FAILED
829.677604,280.0044566,79,FAILED
829.1958979999999,268.6508956,79,FAILED
841.330382,367.683077,78.6875877,
842.34672,362.66321,77.8575804,
835.2981110000001,234.8520681,79,FAILED
839.437781,281.4749237,79,FAILED
847.838205,346.97724800000003,72.9148201,
844.327014,293.854639,75.9724545,
846.094302,290.368737,74.2930786,
851.586881,357.989304,69.7602661,
854.237043,371.30357300000003,68.2330577,
854.941294,381.28107,67.0725904,
854.041141,356.430513,67.7931692,
853.7253069999999,331.035619,68.1779015,
850.58316,258.5755219,70.774892,
861.593475,385.7385,62.8096709,
861.915953,400.654004,61.330989,
853.290618,262.2756112,69.1874183,
858.2950969999999,341.826463,63.432310400000006,
850.430029,229.6280936,69.0650886,
858.8365650000001,332.497341,62.7597787,
863.253999,378.71718599999997,60.2760215,
862.671918,365.846667,60.8503225,
858.593897,283.6638661,63.2644037,
868.787012,396.280178,56.051841,
857.866712,226.83293,62.7091835,
869.1464510000001,339.089679,53.9226456,
870.218476,267.1904123,54.1306745,
870.721367,240.0665621,52.7032401,
874.016722,259.9277456,50.8691747,
824.850834,293.488849,79,FAILED
829.614559,349.225638,79,FAILED
826.503993,260.2443978,79,FAILED
831.569332,344.61699999999996,79,FAILED
834.00437,345.96612400000004,79,FAILED
829.973778,286.0023002,79,FAILED
831.943623,300.80671,79,FAILED
833.872762,327.52293299999997,79,FAILED
832.280109,295.392815,79,FAILED
833.675168,301.655346,79,FAILED
836.640148,327.713246,79,FAILED
834.757259,294.125287,79,FAILED
833.411398,261.4570034,79,FAILED
835.702262,290.407901,79,FAILED
840.887236,348.495501,78.4399034,
836.2869929999999,269.8218896,79,FAILED
837.461172,282.1162678,79,FAILED
842.837459,336.53515100000004,77.5476765,
842.139784,271.9852786,77.4128124,
844.948571,302.250921,76.4459657,
847.093853,302.337069,74.3161733,
847.750577,297.544462,72.7470438,
846.404665,279.6954606,73.8142714,
858.246754,360.513965,64.6045694,
853.394913,291.233844,67.4721975,
851.410891,224.5816504,68.0926839,
857.0708970000001,269.3918023,65.5149919,
857.619029,266.1899658,63.94085390000001,
865.905793,338.661742,57.004782,
861.978821,280.1507295,59.5937821,
868.329568,346.653809,54.9768165,
865.869362,276.1645639,56.9769392,
867.030211,232.3773913,55.3902464,
874.3754,274.5948002,49.0989908,
825.631543,330.69868399999996,79,FAILED
829.7994140000001,378.25953200000004,79,FAILED
828.041883,274.5807945,79,FAILED
838.488777,383.027505,79,FAILED
838.847595,360.858709,79,FAILED
834.284699,307.79015300000003,79,FAILED
843.1714489999999,392.077815,77.0549878,
831.491559,241.15872439999998,79,FAILED
832.7894229999999,237.6136426,79,FAILED
843.359453,351.135495,76.4916333,
838.008255,296.316399,79,FAILED
840.060875,308.831587,78.9068081,
836.662026,267.3508687,79,FAILED
841.563325,248.3539055,77.2606374,
849.166354,330.486826,70.9947781,
854.234417,389.957383,66.92494289999999,
844.928819,249.78281090000002,74.7780201,
853.708271,375.362907,67.260948,
856.89458,391.227233,64.9638087,
858.143957,375.52293299999997,63.9638779,
855.990453,343.672721,65.51447060000001,
857.6478520000001,355.668253,64.4938518,
850.939367,270.060189,69.2564918,
860.155348,368.71603,62.1990949,
861.985236,372.02477999999996,60.5170703,
852.837304,238.2115194,67.11846750000001,
864.099847,377.192308,58.4210758,
866.4563009999999,372.252136,57.3429256,
863.73401,347.93215799999996,58.4829577,
860.704365,298.993084,60.2065783,
858.809111,247.347805,62.8217963,
867.041293,321.79153299999996,54.1628751,
867.841955,278.3989855,54.8192853,
872.134433,329.233727,51.0453303,
880.50244,364.243508,45.3562042,
827.071649,352.907998,79,FAILED
826.110179,324.073557,79,FAILED
830.312508,368.62749199999996,79,FAILED
831.959674,257.2979113,79,FAILED
833.180032,287.2833802,79,FAILED
845.2416929999999,396.09488799999997,74.5428484,
842.171068,355.429302,76.7844174,
842.253948,346.225418,76.7073411,
843.886376,328.93787399999997,77.2107418,
838.494119,276.7674172,79,FAILED
848.39031,344.496073,71.4900894,
852.073352,386.10907499999996,68.2999378,
846.797734,287.06849420000003,72.3274833,
856.510763,377.62142900000003,65.8676446,
846.261039,260.77697639999997,73.0287055,
849.565985,282.6273686,70.0424097,
847.795823,225.671086,71.8341293,
863.0390130000001,391.983559,60.2024214,
851.319689,245.4977528,68.4297739,
858.267665,346.674522,62.4431616,
853.634151,280.0356501,66.7646655,
855.756514,285.4398111,64.8774892,
856.832905,257.1074155,64.9385652,
855.731899,230.3128417,64.1052754,
860.265607,274.0680826,61.737538,
867.731728,365.190286,54.959854,
861.612955,257.435386,60.8956782,
866.398143,328.73572,54.3898627,
864.305398,284.0481773,57.0943823,
871.313772,336.755016,52.0835261,
869.591368,247.3211609,52.0970431,
870.9028519999999,256.58807360000003,51.4837229,
871.220905,243.1490355,50.828246,
825.135717,342.976852,79,FAILED
823.989797,311.612085,79,FAILED
826.567438,314.099744,79,FAILED
825.591321,265.2040813,79,FAILED
829.751019,330.138397,79,FAILED
829.980535,326.05717100000004,79,FAILED
829.783567,280.4108953,79,FAILED
832.208201,310.522889,79,FAILED
834.49492,283.30366019999997,79,FAILED
839.251743,340.62942799999996,78.6231833,
839.088082,289.039951,78.7831568,
845.244055,332.087258,73.6440752,
846.318367,337.222586,72.7780977,
839.944701,229.6863115,77.3118903,
844.5075899999999,283.7073039,74.2356818,
852.274383,361.881088,67.78923710000001,
849.148357,298.255688,70.4636265,
857.832053,401.462893,63.3589903,
849.146157,289.027297,70.1640445,
849.834749,292.770399,69.2873475,
847.929519,253.97618260000002,71.5230532,
848.321882,234.1137327,70.1929104,
851.409776,282.4524347,67.8426453,
851.435041,276.0881944,68.2386786,
857.186048,337.49879,63.089666300000005,
850.890926,233.0293868,67.58642520000001,
859.363663,252.6918021,61.3090669,
868.104649,359.913219,54.5735466,
859.235363,223.8519947,60.3853172,
865.291743,290.08675700000003,55.7574572,
862.1715770000001,222.8981732,57.7434983,
868.405903,300.44412,52.2493861,
880.640266,352.514942,43.4166653,
875.944148,258.88729290000003,47.3073372,
826.890152,336.78220799999997,79,FAILED
824.832324,287.04625120000003,79,FAILED
835.2003139999999,372.356626,79,FAILED
836.931345,367.636788,79,FAILED
831.14949,267.4357405,79,FAILED
834.807008,264.2467369,79,FAILED
838.537876,301.497823,78.8423287,
840.113834,304.191877,77.1500346,
848.586606,397.987218,70.3080448,
849.268696,384.382857,69.6127966,
851.109136,391.924633,68.072409,
843.396218,272.48336670000003,74.5884416,
845.017769,245.2140259,73.4273272,
849.1750440000001,263.4903049,70.0174401,
849.990663,256.73583659999997,69.0336367,
851.578066,266.5434666,68.0285704,
854.560161,299.156718,64.82978370000001,
855.625133,320.927495,64.31187729999999,
859.386847,354.402773,61.8381347,
853.608,275.1860499,66.45995099999999,
856.096457,273.7853014,64.7924667,
856.840713,288.1172888,62.358767,
857.135494,221.273131,61.7586873,
865.430625,297.884058,54.8671004,
872.1939219999999,340.788584,49.6606761,
877.233742,338.632993,45.9662371,
823.7452949999999,359.88797999999997,79,FAILED
828.228353,360.82142999999996,79,FAILED
831.599145,379.6239,79,FAILED
825.365326,298.156666,79,FAILED
826.071004,283.0525001,79,FAILED
828.367031,296.724058,79,FAILED
825.6985520000001,251.0429946,79,FAILED
837.4595469999999,363.96693,79,FAILED
842.779257,380.189262,74.9711653,
840.073045,296.667047,77.5027455,
839.759993,285.3371447,77.2166935,
854.960131,396.665435,65.2131305,
844.395858,240.1009412,73.8374152,
845.28552,251.0995806,72.8213407,
845.933013,270.5048068,71.7500081,
852.51705,337.509163,66.7865103,
855.449537,383.681652,64.39142340000001,
854.559157,356.77212099999997,65.6963456,
847.261263,248.7771688,71.3402592,
860.019979,389.533222,61.2646789,
861.5919719999999,403.59351200000003,59.6709687,
852.8580059999999,288.6658266,65.9804384,
851.607846,253.2458887,67.7125551,
858.287642,305.414716,60.7592612,
855.050124,236.9098382,63.548982300000006,
866.844495,289.635141,53.4075433,
869.278547,291.654919,51.1027663,
875.699527,350.016034,46.7445021,
826.669353,342.137586,79,FAILED
830.552505,368.045499,79,FAILED
830.796332,352.61425399999996,79,FAILED
831.940752,358.443783,79,FAILED
829.0265019999999,304.337346,79,FAILED
836.584361,379.161509,79,FAILED
828.514927,264.1267415,79,FAILED
827.229017,271.39817,79,FAILED
829.586992,287.6196952,79,FAILED
834.068044,345.984507,79,FAILED
829.792454,274.213395,79,FAILED
840.972482,385.78878199999997,76.7142003,
836.851913,347.90344300000004,79,FAILED
835.241312,306.077547,79,FAILED
836.087194,287.8381298,79,FAILED
845.487642,392.20791099999997,72.8712953,
846.161177,398.76095499999997,72.2639259,
835.803362,237.419783,79,FAILED
848.76508,380.073391,69.7224495,
844.427231,293.86006199999997,73.7219254,
850.891637,345.973699,67.00127280000001,
855.922461,368.044661,64.7218594,
846.5321289999999,238.8490701,71.6032063,
857.645922,387.649576,62.9228101,
857.529147,381.006717,62.7644832,
846.0943560000001,227.2326305,69.7263504,
854.191089,294.559158,65.2071,
850.877107,229.1110495,66.5728228,
855.0495940000001,290.69598,64.03271380000001,
862.833421,381.953667,58.6134113,
854.236193,262.4381705,65.16025350000001,
852.458253,226.040749,65.17018350000001,
861.751806,339.601493,58.1335117,
858.2053,281.8313521,61.1588988,
869.293805,400.116372,53.0234013,
867.6490670000001,367.508155,53.5099284,
875.724528,377.898951,47.842319,
870.775504,266.3587172,49.6120151,
879.310521,370.232597,43.7623953,
872.168165,252.0431889,49.4005311,
877.824198,277.8657261,44.3291032,
826.896344,380.150446,79,FAILED
825.0122200000001,364.622747,79,FAILED
823.100826,321.261655,79,FAILED
821.5846329999999,289.469579,79,FAILED
827.764555,312.175218,79,FAILED
825.3744859999999,259.7935318,79,FAILED
834.0622109999999,356.47871699999996,79,FAILED
837.986453,386.390177,78.5951461,
835.359753,351.498776,79,FAILED
834.082178,338.581189,79,FAILED
837.6710419999999,353.66339300000004,78.4278276,
841.273799,390.537755,75.2725746,
835.871723,328.79857100000004,79,FAILED
831.759854,270.3448546,79,FAILED
833.6959019999999,241.8843392,79,FAILED
842.1345269999999,367.708732,74.0445735,
836.207927,272.1804389,79,FAILED
846.823223,393.52674,70.2838048,
843.329116,336.429347,74.29212,
844.142889,342.727883,73.2905358,
837.854343,235.2048773,78.5527449,
848.01165,356.729892,71.1750465,
850.698969,396.92375300000003,67.84636900000001,
843.353398,268.3731141,73.8834174,
849.234101,344.285788,69.0497887,
852.613194,365.26435200000003,66.2467973,
851.2192660000001,341.92528100000004,67.1380805,
845.9636889999999,262.36870120000003,71.3235081,
852.848694,348.193105,65.3782601,
858.218476,397.907096,62.0375841,
846.462054,267.6530405,69.9940187,
853.210859,329.356473,65.2357082,
859.111253,383.622199,61.0909852,
851.153652,259.673146,67.05005779999999,
859.962304,360.660996,60.3909463,
852.00024,243.9097307,66.22274490000001,
858.522691,332.821938,60.0836206,
861.937717,365.110284,58.7644036,
857.316546,293.348906,61.3386564,
854.136385,246.9065914,64.1850646,
860.709146,255.3291158,59.1085223,
866.76039,334.680493,52.7343153,
864.3075289999999,301.778494,54.5855336,
869.70952,323.70692199999996,51.7412983,
871.424134,351.52869999999996,49.4604398,
871.126231,295.991029,49.0195551,
877.246562,355.614823,45.2108356,
877.751417,271.6998939,45.2180203,
877.82372,283.2347867,43.9754011,
822.204145,306.673243,79,FAILED
824.696216,329.615325,79,FAILED
821.76528,273.9260576,79,FAILED
828.979536,334.418679,79,FAILED
834.3607910000001,366.966748,79,FAILED
834.613026,361.982458,79,FAILED
831.075556,324.244591,79,FAILED
830.584956,245.6811853,79,FAILED
834.048761,298.433062,79,FAILED
839.019437,281.2291057,76.8405661,
843.30175,326.063716,74.1305344,
839.147694,243.75738810000001,77.2213325,
846.214361,327.080644,71.6408123,
852.9117180000001,369.905609,66.2518029,
851.104012,352.355009,66.5813285,
848.371553,301.139788,68.7818782,
854.728328,349.386086,63.61294430000001,
851.39259,299.71729700000003,66.8342553,
856.801809,322.729064,60.3544093,
865.460948,401.967219,55.8173908,
860.732574,329.53177600000004,57.3863845,
864.699908,369.659623,55.6406121,
860.084559,229.5436713,58.1245066,
870.193976,357.639591,50.7374882,
865.777199,284.6994621,53.8230589,
877.118544,373.161093,45.5045695,
874.8195949999999,330.141457,45.7773275,
874.248113,283.6095364,47.1153988,
873.601347,271.0759187,47.6693423,
821.336412,298.78713700000003,79,FAILED
828.276159,358.623114,79,FAILED
827.571912,338.38640599999997,79,FAILED
824.8357570000001,292.401578,79,FAILED
836.9713429999999,391.60837100000003,78.0638245,
833.254192,332.235796,79,FAILED
835.3649310000001,342.554119,79,FAILED
836.923529,358.511281,78.7161267,
840.626133,395.548455,75.303098,
838.224875,366.27757199999996,77.4030913,
834.80864,310.75637,79,FAILED
841.947435,386.066517,74.5538386,
838.3463879999999,335.335059,77.8004847,
837.779621,330.637048,77.847397,
835.732681,291.737106,79,FAILED
840.914511,342.034465,75.3781877,
840.693624,309.958672,76.1012603,
847.262159,388.54388,70.1562981,
845.559069,378.091627,71.5543498,
837.648041,276.449547,77.5936131,
846.675854,337.153365,70.9534176,
841.549833,252.1501353,74.6834319,
844.146066,275.4002585,72.3280512,
845.267008,294.205111,71.3577426,
843.648744,256.4898287,72.8688284,
845.905088,285.16554610000003,70.845981,
849.961661,331.09256500000004,67.8129862,
843.6740130000001,231.79902859999999,71.7738472,
853.276669,334.351677,64.39270049999999,
857.936393,375.842874,62.0031799,
847.296447,248.69702230000001,69.8848976,
854.479643,330.630008,63.029949,
862.666842,397.946348,58.1629727,
851.599279,265.7238983,66.00861499999999,
854.741867,303.060851,62.8486405,
852.668601,249.63158190000001,65.3707359,
849.928864,221.4029434,65.14483849999999,
861.176407,352.071212,58.5786907,
856.5882349999999,258.0300641,62.5983733,
863.674884,342.77018699999996,56.0360659,
870.202922,327.57421,48.3860631,
867.701824,277.4226775,51.3424629,
868.2016209999999,282.6225625,50.7827069,
866.8888440000001,243.235272,52.7981173,
868.249856,237.6944039,50.8409762,
877.100144,347.865276,44.3128128,
876.553194,341.190318,44.0556118,
825.487585,369.62584300000003,79,FAILED
820.931114,283.8042965,79,FAILED
824.6417309999999,308.593939,79,FAILED
821.322722,262.25805809999997,79,FAILED
822.829242,253.6406567,79,FAILED
834.517424,386.865624,79,FAILED
830.80655,350.02338,79,FAILED
836.636875,370.827246,78.4123025,
835.456377,334.347267,79,FAILED
834.5652259999999,308.809736,78.7443801,
837.758716,325.777326,77.4797524,
839.695069,322.11035000000004,77.3120506,
842.020329,347.659436,74.4039921,
839.773394,305.660312,75.1430693,
849.270547,401.487035,67.7034809,
843.105245,328.88921400000004,72.4661734,
839.374425,274.5428581,75.9160365,
847.588337,375.44631000000004,69.8642167,
844.74028,333.411573,71.6536244,
840.826601,278.7124361,74.5715759,
838.911312,232.9977833,75.9779802,
852.919988,386.502926,65.16824600000001,
843.8701599999999,265.0991908,72.8873763,
854.952127,395.442325,63.2655273,
852.374763,361.242912,65.5169726,
846.69398,272.2897678,69.3336728,
856.378551,358.362066,62.0146083,
846.848384,221.6635086,68.0932548,
855.3892060000001,297.928169,62.0100025,
860.735935,300.15031999999997,56.9351269,
860.308972,293.747275,57.1903073,
865.620671,294.705238,53.243069,
871.069886,336.326451,48.5154616,
867.120158,265.7089691,52.3734715,
879.034482,365.589599,43.3120975,
875.972275,330.10670500000003,43.7549816,
822.416327,335.33171100000004,79,FAILED
823.937642,347.074025,79,FAILED
827.007278,354.30732,79,FAILED
823.484857,276.5129664,79,FAILED
829.3842589999999,332.369587,79,FAILED
830.6286299999999,337.14371600000004,79,FAILED
831.345736,303.484719,79,FAILED
839.359998,360.648998,76.4194385,
833.148737,248.645278,79,FAILED
838.654645,300.37366299999996,76.2229686,
839.919859,290.279586,75.5066859,
838.262877,269.65312,76.515665,
849.788952,366.820151,67.7558801,
847.14145,338.33688,69.0288018,
840.7472809999999,230.7951208,74.3933066,
858.4249090000001,394.7597,60.2387641,
857.23168,328.59398999999996,59.5226876,
853.287049,254.5799711,63.98885799999999,
858.567169,324.587376,57.9771589,
862.9211339999999,375.222418,56.494959,
854.086974,250.0541522,62.5778201,
857.127202,291.43073,59.5548968,
867.702506,352.991424,52.1837482,
872.001255,382.08530099999996,48.5794414,
863.6917109999999,239.2937718,54.1342482,
870.715866,259.1869028,48.5431287,
821.098805,346.47076500000003,79,FAILED
819.133954,266.9891152,79,FAILED
823.980201,324.607194,79,FAILED
821.90376,279.3729723,79,FAILED
823.644607,301.924607,79,FAILED
831.469335,384.27254800000003,79,FAILED
830.689658,365.237763,79,FAILED
830.848367,371.613019,79,FAILED
826.022065,282.7529705,79,FAILED
828.150073,311.285478,79,FAILED
825.994898,267.5157311,79,FAILED
826.188581,261.0768374,79,FAILED
830.691159,295.992552,79,FAILED
837.347217,351.34106399999996,76.4523991,
838.824181,337.71723499999996,76.0576075,
834.815207,285.1156734,78.7089052,
844.9669,383.21301600000004,71.1617507,
840.124746,330.885005,74.5137979,
834.341136,230.3131986,78.7929137,
844.453587,349.050428,72.0403762,
841.109159,237.3088566,74.8365522,
852.491123,400.896661,63.998640800000004,
843.82908,280.54851410000003,71.5269768,
852.323418,353.411185,64.8411049,
846.817672,277.1054032,68.7454309,
848.697887,287.1228825,67.6777402,
855.229094,369.226882,62.1766298,
847.534096,251.0011446,68.2407852,
850.467132,284.54526599999997,65.5868579,
847.667927,238.1889591,67.1833446,
856.68517,365.187766,60.8464058,
854.685257,276.4861197,62.8170626,
857.071583,221.690966,58.6301042,
860.300697,227.3504895,56.3695365,
868.882281,246.687293,49.7499605,
880.476931,345.542172,40.9416381,
874.95871,264.6866514,45.3485676,
820.958989,327.288456,79,FAILED
826.0527529999999,347.2665,79,FAILED
820.161912,248.54237369999998,79,FAILED
822.2013870000001,270.6721047,79,FAILED
826.198437,293.449298,79,FAILED
828.52809,301.970302,79,FAILED
825.937578,246.640818,79,FAILED
837.711729,391.982872,76.3365913,
829.672174,260.383836,79,FAILED
831.398583,279.7062641,79,FAILED
832.6356519999999,292.122785,79,FAILED
830.589837,245.28365300000002,79,FAILED
842.947174,387.555935,72.440226,
835.279033,248.6248198,78.6270443,
839.943723,287.7024244,74.0778749,
847.1613150000001,357.041047,69.1561772,
848.221126,379.14230299999997,67.3422468,
849.556212,373.22214299999996,67.0212351,
849.400345,357.27812900000004,66.6570004,
854.288155,373.29247499999997,63.549302600000004,
851.88525,340.531811,64.3944251,
853.098204,344.884765,63.526854799999995,
844.521705,231.41496610000002,68.9397889,
849.949249,271.7500196,65.84099520000001,
855.392872,336.393284,61.1512373,
851.699557,258.3649756,65.1545437,
852.563681,283.221559,63.4423754,
863.880948,397.983928,54.2786955,
852.341004,223.7531291,62.857454,
855.362968,270.6186987,61.9737081,
866.343817,327.042436,50.7355704,
874.662363,377.360856,45.8678393,
870.89489,285.6420847,47.8350278,
822.1537,315.458837,79,FAILED
827.561416,373.38980100000003,79,FAILED
826.320831,363.65950699999996,79,FAILED
828.1366439999999,345.963954,79,FAILED
825.789974,308.447971,79,FAILED
828.84129,341.18521499999997,79,FAILED
824.250051,275.76021860000003,79,FAILED
830.560088,342.564051,79,FAILED
830.271179,327.833932,79,FAILED
827.892503,283.3754015,79,FAILED
836.52931,380.14619300000004,77.1097509,
840.973307,393.91271800000004,73.148975,
830.1026850000001,235.9355875,79,FAILED
831.132123,271.4446164,79,FAILED
834.1157410000001,296.707355,79,FAILED
832.121013,233.8103039,79,FAILED
834.916953,242.6659194,78.3315704,
844.927286,341.70117200000004,70.0695737,
845.7576819999999,347.824424,69.3356496,
838.16624,239.9138633,75.2590736,
841.091895,279.11599,72.880311,
846.825625,352.404222,67.84735169999999,
840.435294,243.41927479999998,73.7199785,
846.099861,333.36301000000003,68.5472164,
851.607799,375.859221,65.3195713,
841.277081,226.728002,71.5015648,
843.646087,223.18739870000002,70.2895383,
858.844,400.422886,60.3919199,
846.559029,260.5467195,68.7576315,
852.248292,324.56953,63.84458269999999,
849.553621,238.3711334,65.2334918,
861.456558,286.3882721,55.4334424,
870.12681,390.52608299999997,49.1326123,
863.841404,234.3301702,52.3356731,
870.61819,253.7639825,47.5305642,
879.576682,350.048634,41.0726033,
821.420108,355.906637,79,FAILED
822.682049,286.2191828,79,FAILED
825.428577,313.898813,79,FAILED
825.610188,286.6604731,79,FAILED
828.1566379999999,291.066651,79,FAILED
828.3546670000001,277.4023161,79,FAILED
828.292591,240.4767798,79,FAILED
838.763465,351.86142,74.4965141,
839.285073,298.140556,73.9727381,
837.6859,249.0798732,76.2324439,
850.357477,402.495853,65.6190984,
849.319328,396.44924100000003,65.7820309,
842.092493,288.6688725,72.0135025,
847.534184,328.856171,67.29901989999999,
848.494052,334.187759,65.9282244,
842.412744,235.42689000000001,70.1490983,
844.4081180000001,238.2035362,68.4711706,
850.171417,302.787782,64.437703,
847.604767,248.0555485,66.57548249999999,
850.37634,230.1951263,64.0947407,
855.502122,277.3169907,60.1956481,
859.221047,270.8343001,57.7363304,
863.72275,341.358243,53.0651592,
873.20117,335.131027,44.905447,
868.4080309999999,278.953223,48.5562865,
874.360552,260.1756813,45.3297195,
830.209624,361.682512,79,FAILED
830.475711,352.896814,79,FAILED
825.798824,298.020973,79,FAILED
829.679459,311.617083,79,FAILED
829.701369,283.60585960000003,79,FAILED
829.67939,287.7370871,79,FAILED
832.791284,314.655238,79,FAILED
834.743626,339.48443,78.0877507,
829.956272,264.7355908,79,FAILED
835.557723,343.444353,76.8571924,
832.76505,276.0963578,79,FAILED
843.265422,394.601499,71.2418648,
834.747297,280.3429312,78.0012623,
838.695336,327.084568,74.7282305,
832.8524580000001,241.20212229999998,79,FAILED
841.173155,358.967171,72.7260499,
842.028057,338.716403,72.0479942,
837.497302,283.9285781,75.0675559,
847.403748,374.23773700000004,68.3209399,
838.083724,244.2711317,75.3122373,
840.254464,283.4222237,72.7744045,
844.09997,290.795796,70.0859477,
839.998207,236.2952704,72.3671757,
844.449625,296.379794,69.6301178,
843.833384,277.6668956,69.8843107,
845.057082,286.78655200000003,69.0982891,
849.924615,326.186039,65.6908,
854.929761,391.274201,61.2255867,
846.505802,282.0104007,67.8665501,
848.524253,291.64295300000003,65.8366801,
856.110975,373.685646,60.5199085,
852.956921,327.468054,61.5870945,
860.669236,401.68084,56.2116323,
850.223938,278.4287876,64.46679280000001,
861.177267,338.714514,54.8891982,
860.26233,320.514095,55.0018542,
873.9735499999999,286.8034369,43.5601537,
823.9725579999999,352.012943,79,FAILED
820.517656,259.1610798,79,FAILED
822.0027709999999,265.3605036,79,FAILED
836.4712890000001,356.19194400000003,76.4131423,
836.580256,347.178756,75.9355721,
836.557735,333.534424,75.8425003,
834.998909,293.571529,77.5509334,
844.294391,400.827595,68.7100706,
842.190132,353.33981700000004,71.318907,
844.8958,380.682777,68.9766508,
843.517914,357.682551,70.465104,
843.835637,331.83423400000004,70.1945824,
847.950883,361.90873,67.3296558,
840.428442,262.8286752,72.8074371,
844.489884,303.996126,68.80084,
842.534143,245.5607607,70.6372562,
843.5079900000001,259.372813,70.1298359,
846.35303,296.021769,67.4843253,
847.431664,273.2351968,67.1667288,
856.423827,380.90608299999997,59.9575539,
858.250978,404.882322,57.9729979,
845.73515,226.0441355,67.3317764,
851.390002,293.455717,63.17109260000001,
856.316997,299.444119,59.508098,
857.5506829999999,319.008111,57.4140092,
850.9207260000001,219.8145305,61.9880405,
859.775445,335.150107,56.0190765,
870.889558,291.19032300000003,45.9549309,
876.390979,340.77824,41.6282675,
819.169094,339.74519499999997,79,FAILED
822.499191,373.900019,79,FAILED
818.416863,312.872633,79,FAILED
822.7741129999999,360.759465,79,FAILED
824.956188,324.024308,79,FAILED
824.2414180000001,299.14162799999997,79,FAILED
831.4830039999999,347.39712199999997,79,FAILED
826.888284,270.6031974,79,FAILED
827.94942,250.2389052,79,FAILED
834.275765,362.400703,77.5577827,
840.041706,410.613068,72.1948729,
840.816376,400.509012,72.3662538,
840.087044,383.042967,73.52711,
840.383064,378.938693,72.8826531,
836.898382,295.734116,75.5314944,
840.306452,333.63534000000004,72.7186504,
845.804626,393.989616,67.9564039,
843.736141,361.49845400000004,69.1905831,
852.7001270000001,388.648349,62.9627827,
848.019099,253.89819,65.8760089,
859.1676669999999,368.81338500000004,57.2350822,
861.167324,364.67049,55.3180884,
865.268986,395.89748099999997,52.0606572,
858.267452,330.869727,55.8230265,
865.47669,334.603568,49.9384143,
817.508474,333.807162,79,FAILED
817.6001650000001,324.05633,79,FAILED
818.256672,320.256349,79,FAILED
820.283124,339.146347,79,FAILED
818.006833,292.551052,79,FAILED
819.937872,321.032487,79,FAILED
821.661547,322.37260000000003,79,FAILED
821.8243,312.854167,79,FAILED
826.774936,321.012067,79,FAILED
830.506043,335.528774,79,FAILED
836.592937,385.651092,75.6462092,
826.9091080000001,264.5991891,79,FAILED
831.553462,301.679102,79,FAILED
833.797323,235.53304459999998,77.3236496,
838.897325,274.275938,73.6252032,
843.930075,322.534313,69.2368529,
846.947805,338.97302,66.82308789999999,
852.4128969999999,405.24334699999997,61.8937109,
851.698248,380.347987,63.4223741,
841.961714,252.0372954,70.9075769,
841.412693,240.67730790000002,70.3990826,
844.5636480000001,242.9553632,68.3391595,
848.740994,237.059606,63.42220019999999,
861.820559,402.81928700000003,54.0780843,
852.78006,222.31003570000001,59.972772,
859.962455,305.477934,53.9125156,
860.58353,233.7888624,54.2112956,
872.091542,351.81345999999996,45.1578584,
868.394487,248.849998,47.9453487,
870.944982,266.978818,46.5030841,
870.61823,276.1149758,45.3600753,
823.683738,369.85391000000004,79,FAILED
819.2722679999999,309.376651,79,FAILED
822.1923810000001,332.130177,79,FAILED
822.420881,303.48695299999997,79,FAILED
832.8580460000001,349.949156,78.4303629,
837.149144,397.925785,73.9631509,
832.298229,273.2764717,78.1086665,
838.1373570000001,340.331546,73.6352975,
839.38665,348.85886700000003,72.7133671,
834.907159,253.0423749,75.9356593,
838.841104,292.762226,73.1555417,
844.491361,365.435122,68.569541,
838.0340610000001,255.18461910000002,74.1684103,
848.044271,386.928905,65.22275450000001,
839.801759,259.41069930000003,72.0443416,
838.154655,231.0333251,72.2405126,
853.306607,399.813788,61.577594,
847.62725,344.197986,65.6928623,
853.230175,384.61061,61.6063432,
853.649853,378.62343699999997,61.2827269,
846.610463,278.4385131,66.1365504,
851.637547,340.704691,62.1270782,
845.8268820000001,233.9233011,66.5456992,
846.497403,225.5787286,65.07483529999999,
850.252971,266.7194903,63.60460230000001,
851.019183,272.1653756,63.0298641,
857.2353840000001,348.473772,58.0437307,
854.385468,319.99961099999996,59.2551612,
854.20925,304.977261,59.2979458,
863.384028,400.823057,52.1670652,
855.642116,281.5536892,58.7801043,
862.316778,361.8215,53.7118148,
857.084195,283.5932619,56.6695541,
859.487491,326.093395,53.9849387,
871.040239,381.8084,46.4935372,
869.041946,326.489893,46.2361239,
864.768016,242.9727489,50.3786193,
875.326469,370.196826,43.0476457,
820.600117,351.00387,79,FAILED
825.303798,368.864366,79,FAILED
824.484357,329.425005,79,FAILED
833.147118,384.760441,77.9304393,
831.2515530000001,366.349974,79,FAILED
834.198073,369.328486,76.6032203,
831.382437,327.529223,79,FAILED
830.925236,286.78794600000003,79,FAILED
829.018508,237.6963276,79,FAILED
841.407425,401.69811100000004,69.9738135,
832.75323,299.434012,77.7485756,
844.032833,386.165713,68.6067609,
841.529766,345.45921599999997,70.717093,
838.187137,270.1458751,72.8816804,
845.096138,348.117618,67.0911371,
847.866536,369.497845,65.7079482,
844.484596,290.87122899999997,67.6823782,
846.9401760000001,297.467284,65.3239534,
846.23264,267.1377137,66.5565661,
845.426468,229.3382674,65.68851000000001,
855.729992,353.891708,58.7038954,
848.317309,243.8194813,64.3579966,
851.196918,289.831458,61.4038832,
858.698798,343.05332599999997,56.1202531,
862.05749,350.862791,52.4996797,
861.601507,302.512161,51.62685,
867.292858,365.260246,49.2618748,
862.232702,299.18075899999997,51.0220222,
860.0273070000001,229.5787042,53.4074703,
870.327912,255.0088789,45.0391132,
819.7892019999999,326.847192,79,FAILED
816.233298,276.1228362,79,FAILED
818.328156,298.538708,79,FAILED
826.729083,358.063034,79,FAILED
827.687485,306.167829,79,FAILED
834.758227,396.36114,75.2123353,
835.215097,364.677781,75.4525413,
835.964954,360.036423,75.2219843,
831.482169,308.864665,78.3796557,
841.558903,389.528026,70.3157839,
833.711125,278.68237550000003,76.343102,
847.6569079999999,382.09389,64.5451073,
842.0805740000001,282.2046577,69.5326531,
848.519434,356.77233,64.6969278,
849.343428,366.14461800000004,63.78621290000001,
845.071157,300.115235,67.121084,
852.82456,395.753717,61.1197408,
849.369452,329.59964,63.7466268,
851.564087,344.61222499999997,61.4910643,
853.788595,360.73017400000003,60.713402,
848.534934,287.7600853,63.620603200000005,
855.772022,304.875692,56.7405163,
860.330721,328.95819,52.5328679,
860.547278,319.826841,52.5656648,
867.957232,350.51575,47.8651315,
864.505593,293.989716,49.5538514,
862.553807,239.4245368,51.487167,
869.408935,298.635104,46.8427857,
868.867834,261.7453033,46.2458159,
869.629396,281.8161867,44.9563166,
872.7602870000001,281.1287477,42.6731703,
816.9894899999999,306.163205,79,FAILED
813.840614,272.6509752,79,FAILED
821.434686,342.754955,79,FAILED
818.15814,252.4582454,79,FAILED
823.592803,304.50802699999997,79,FAILED
829.0066449999999,357.25411099999997,79,FAILED
823.44867,278.885957,79,FAILED
830.111667,341.312746,79,FAILED
832.087655,355.925243,77.7649748,
836.395773,392.52212099999997,74.1227619,
827.380322,251.7692892,79,FAILED
833.48458,328.91888900000004,76.5656942,
829.982325,268.55857779999997,79,FAILED
837.678489,344.168071,72.7831515,
842.9541879999999,375.333253,69.907303,
840.918755,336.18586,70.142038,
836.16572,245.9101738,73.9598201,
844.188052,343.261804,67.7984855,
837.950159,250.9651555,72.7075654,
839.956829,266.6122494,71.0152318,
839.808214,273.57175870000003,70.9868344,
850.3772260000001,375.835051,62.5623943,
847.831471,338.262376,64.15234319999999,
845.14721,262.0114779,66.6557619,
849.303114,324.553578,62.1213499,
849.335477,250.1503418,63.67414389999999,
857.832135,356.25780199999997,56.648212,
854.135252,300.398505,57.7806191,
859.679244,285.17706169999997,53.9636867,
863.789088,347.614559,50.5563947,
861.731013,316.76086599999996,50.808779,
865.519657,300.168412,48.9103042,
865.337739,286.8789288,48.3440564,
873.602514,364.007707,43.1998157,
871.972157,268.7721151,44.3920469,
815.583776,328.71220400000004,79,FAILED
818.976964,305.602707,79,FAILED
818.7634820000001,292.735387,79,FAILED
819.243157,297.808844,79,FAILED
819.818878,279.7199195,79,FAILED
820.5580600000001,260.7130198,79,FAILED
829.392625,372.233901,79,FAILED
827.514754,291.986651,79,FAILED
827.774977,298.714929,79,FAILED
831.65281,332.516076,77.6107301,
827.379173,276.6495014,79,FAILED
829.045795,295.520362,79,FAILED
834.561818,323.621599,76.4511546,
829.960733,251.3499311,79,FAILED
835.89028,336.596654,74.3102096,
833.918059,302.881526,76.1375464,
840.553187,378.102629,70.868208,
830.382822,236.6791398,78.8011785,
841.564479,395.692839,68.9783028,
844.779271,383.530637,66.5273007,
833.98724,230.1303123,74.8864448,
841.99171,330.024955,68.5437383,
847.8639909999999,392.451152,64.1581741,
840.828634,270.3250623,69.7995083,
847.4783199999999,350.409047,64.3356508,
842.622287,264.2634519,68.6151606,
843.749357,268.923982,67.7238263,
846.17174,286.3637723,65.8114542,
850.934782,365.536885,61.7207966,
841.899766,223.0908968,67.9168919,
850.303229,336.444167,61.7367607,
860.701183,367.72484499999996,53.8660753,
855.177841,287.34272169999997,57.12603,
854.601312,226.6308662,57.1107795,
860.390008,296.47927500000003,53.0255714,
872.444843,373.70908299999996,44.5359282,
872.788774,345.658384,42.9810597,
873.8744839999999,353.288048,42.2778625,
820.9826419999999,377.528841,79,FAILED
817.206179,281.8751066,79,FAILED
821.278579,334.696413,79,FAILED
825.127401,364.07937200000003,79,FAILED
824.855753,338.997322,79,FAILED
826.621618,348.669057,79,FAILED
822.846685,290.48246,79,FAILED
825.47853,325.71657,79,FAILED
821.31787,270.4701263,79,FAILED
825.580139,295.26471100000003,79,FAILED
828.062186,328.69656599999996,79,FAILED
824.432854,248.3563518,79,FAILED
838.3147309999999,391.530024,72.4077722,
830.287725,305.091118,78.5960876,
838.595511,384.182389,71.4822061,
829.178302,230.8675823,78.908249,
832.495452,284.3558434,76.5151577,
834.089725,270.6327278,75.6162555,
834.973778,277.1200251,74.5382026,
833.912602,242.0331778,75.7891867,
839.406412,329.43050900000003,70.7454136,
842.671287,355.73484199999996,68.8384508,
844.7641570000001,389.866846,66.2694819,
844.812655,366.407172,66.680001,
839.8543050000001,286.396625,70.2197375,
849.3149080000001,397.341227,62.9296485,
842.259004,248.7527233,68.7470396,
848.020459,297.692361,63.16686899999999,
842.82401,219.7604582,65.9130743,
853.611357,333.476996,59.5506363,
860.877926,291.21238,51.6446922,
867.004328,321.173448,46.1602526,
871.134528,290.807077,42.6739004,
814.971165,355.246805,79,FAILED
817.7998190000001,332.82282499999997,79,FAILED
822.24974,383.19881699999996,79,FAILED
814.827592,284.0555897,79,FAILED
817.197692,287.1050158,79,FAILED
820.621852,327.50399,79,FAILED
815.595053,258.0658745,79,FAILED
826.109662,370.029683,79,FAILED
830.130083,386.905774,79,FAILED
821.521833,283.1176346,79,FAILED
823.821088,310.197171,79,FAILED
825.925267,334.841856,79,FAILED
821.324811,243.39038440000002,79,FAILED
831.210761,373.425883,77.1419199,
823.006762,239.2284187,79,FAILED
830.044754,337.475795,78.1979816,
835.989119,387.61382100000003,73.8776021,
837.124044,396.500579,72.0409064,
829.641972,291.21714199999997,78.6149338,
831.329564,311.708645,77.2997343,
826.805638,232.39660279999998,79,FAILED
840.556813,382.941151,69.5791817,
832.003975,246.3802485,77.2549292,
844.298972,371.366081,67.5935968,
834.163413,249.9250052,74.6417657,
834.591599,235.1565071,74.3518024,
836.410163,265.7561844,72.9831232,
839.104339,291.69782499999997,70.4604793,
846.0226,361.454879,65.5984634,
847.500196,373.62106,64.3313192,
853.189015,403.669532,59.3442694,
850.4753479999999,295.444706,61.0067094,
857.250475,372.034633,55.7687198,
855.647644,325.83196,55.6470706,
857.054607,297.817323,54.4962271,
854.857802,221.9943987,56.0229446,
866.355469,384.138724,48.3049187,
864.55648,325.656926,48.5875335,
865.392928,332.470907,47.4933503,
815.466604,344.068453,79,FAILED
821.039599,358.613094,79,FAILED
813.803979,251.748211,79,FAILED
821.867526,339.56134099999997,79,FAILED
823.200612,351.638606,79,FAILED
816.837132,276.2911879,79,FAILED
832.470296,392.16454999999996,77.0878215,
826.129424,339.781828,79,FAILED
828.089885,353.58820000000003,79,FAILED
822.5816130000001,260.9873386,79,FAILED
825.173943,272.0898944,79,FAILED
827.4551730000001,245.9903514,79,FAILED
830.895761,289.17965300000003,77.0808216,
836.3064870000001,329.554239,73.2924789,
831.27018,250.5824974,77.6619077,
835.058457,305.765256,74.6855025,
842.0737320000001,339.195293,67.8157076,
837.287957,255.8910143,71.5767803,
837.797146,222.6896306,69.9868924,
845.611849,332.972557,64.6702764,
857.208331,402.797545,55.1441927,
846.4032050000001,259.9541811,64.0120347,
850.665194,324.078491,59.7679045,
845.903695,220.5059618,64.56489859999999,
851.840009,329.999103,59.0642867,
862.297483,341.306266,50.0405206,
867.315302,390.107212,47.393843,
855.87031,226.1646941,54.7791846,
864.3841130000001,306.973527,47.5717245,
817.4900660000001,365.71334,79,FAILED
821.939507,374.031756,79,FAILED
819.833722,308.908606,79,FAILED
822.76803,345.19338200000004,79,FAILED
824.676579,374.826351,79,FAILED
819.3463360000001,285.817073,79,FAILED
820.406109,290.813872,79,FAILED
824.322561,308.365458,79,FAILED
824.637616,301.64579000000003,79,FAILED
832.271626,377.84639300000003,75.9694182,
829.977178,344.221835,77.9832083,
835.775189,380.99231,73.4693715,
830.1855,324.948178,77.7188814,
825.670967,240.747979,79,FAILED
824.696308,235.3565475,79,FAILED
826.856821,263.43844160000003,79,FAILED
834.515576,355.685764,74.2245604,
833.617893,322.07968,74.5313407,
837.362417,353.475018,71.8006073,
839.159213,349.41513399999997,70.078984,
830.71884,228.08830319999998,75.8096291,
839.964451,341.19282699999997,69.7650605,
837.432448,296.426045,72.0646251,
837.046473,288.1135806,72.4115672,
837.97037,277.81887589999997,70.9989393,
848.470019,385.819978,62.725627,
842.006949,284.4340325,67.447109,
840.47595,228.9480733,67.6252477,
847.649732,302.235806,62.5286928,
845.463292,223.50340549999999,62.628482,
866.7093110000001,378.062478,48.2105267,
859.023535,274.2698686,53.3002085,
858.383102,237.58767890000001,53.5323134,
869.9167649999999,377.480393,44.8407095,
869.150931,339.04322,43.7003079,
815.137794,350.017049,79,FAILED
820.613397,364.284249,79,FAILED
819.740622,349.203254,79,FAILED
815.6192,265.2774684,79,FAILED
826.158136,388.89675,79,FAILED
826.6055289999999,346.265991,79,FAILED
823.996119,282.7299088,79,FAILED
825.780996,285.9640348,79,FAILED
826.829335,281.52631859999997,79,FAILED
824.543593,259.576792,79,FAILED
825.262851,267.6965862,79,FAILED
831.1456479999999,337.35584900000003,76.4849055,
833.439722,344.37073599999997,74.3497129,
829.392636,277.4325078,78.0399529,
838.890288,358.60737,70.3784141,
837.279513,338.680351,71.5712889,
840.788289,347.42895,68.5038759,
835.512915,261.4542187,72.7604935,
843.163931,355.987987,66.9046736,
836.279387,240.0778049,71.735396,
842.584841,332.264777,66.3667942,
839.8059069999999,274.824814,68.8710628,
846.205624,343.27596900000003,63.765503800000005,
850.4470739999999,372.996173,60.683889,
850.883149,353.33896300000004,59.5028008,
852.02748,358.151501,59.0493744,
852.794248,322.125063,56.7731663,
855.134024,347.613182,55.609329,
854.095878,274.31062199999997,56.8018796,
855.446833,230.9132652,55.6255098,
873.413355,346.449954,40.1681318,
826.5602690000001,303.80674999999997,79,FAILED
836.208156,387.913166,72.1941594,
828.111298,241.9426091,79,FAILED
833.2220649999999,292.86974499999997,74.4356866,
833.907614,287.7614479,73.7599441,
844.851193,398.739688,64.7820308,
842.54268,361.854295,67.1696911,
834.183275,257.5768401,73.301155,
836.840621,282.67193829999997,71.037468,
844.691851,376.865068,64.70353349999999,
833.9555740000001,225.6038272,71.8385793,
842.132873,327.77604299999996,66.5467552,
843.5099,337.71200899999997,65.76084900000001,
838.234342,262.0500632,70.0100621,
849.548685,391.19913299999996,61.7752419,
844.636752,326.148814,64.4546316,
842.528085,275.2175868,66.7499061,
841.554781,225.3705103,65.8971123,
845.276289,219.0775698,62.0874257,
852.074983,221.0166331,57.466966,
869.283411,382.744827,44.471062,
863.758842,245.9359163,48.3894604,
865.709229,251.0746019,46.5875568,
873.876265,367.563111,41.0497539,
812.288327,341.59895700000004,79,FAILED
812.300808,333.87564499999996,79,FAILED
815.569949,360.513544,79,FAILED
816.713738,345.027494,79,FAILED
821.551019,389.656963,79,FAILED
820.6631600000001,299.197971,79,FAILED
822.971931,287.6910538,79,FAILED
822.955473,276.51133930000003,79,FAILED
822.7035089999999,244.8278771,79,FAILED
833.769424,350.186025,73.9794054,
837.851035,397.81046200000003,70.047721,
830.798237,293.983859,76.3583666,
829.994425,242.21626700000002,77.2377847,
838.403798,353.32140400000003,69.8472808,
841.0418099999999,367.95662300000004,67.6779652,
834.485239,283.1892302,72.6040586,
840.215139,334.792414,67.9379414,
847.915533,402.91573900000003,61.6894902,
839.57893,288.4509394,68.6123223,
839.862937,293.922226,68.363632,
846.879687,329.072997,62.2307349,
848.952076,272.5123619,60.783309,
856.00725,341.53946099999996,54.4304702,
858.332043,338.331452,52.8787239,
853.9785489999999,289.994146,55.4954245,
856.3290030000001,289.561563,53.4345769,
867.2934270000001,387.612801,45.3771142,
867.70083,348.062385,44.7155694,
867.704781,334.39849100000004,43.6489988,
864.133887,257.7089934,47.4935374,
866.309354,271.73940170000003,45.1839886,
813.263107,298.111971,79,FAILED
820.11677,368.57112900000004,79,FAILED
822.170013,270.3624114,79,FAILED
827.829841,349.884254,78.0512735,
831.262833,365.01978299999996,75.9014559,
834.238627,325.70446100000004,73.3698117,
832.595073,298.680497,74.5700572,
831.598087,282.83113860000003,74.5389881,
835.252853,301.307207,72.6632668,
837.198656,296.518379,70.0327674,
836.4654439999999,228.0347927,70.0562368,
837.123107,234.4923779,70.0044973,
840.136064,279.1954074,67.5992927,
847.123928,360.64595199999997,62.4536738,
850.349612,382.521392,60.6340524,
848.421696,357.758549,60.7268485,
853.9739460000001,404.884178,56.870026,
844.508932,284.2780221,63.860183000000006,
850.261487,254.2111361,59.3973696,
857.434503,306.405305,52.2557693,
855.287829,278.4683089,54.3274002,
864.172988,297.776169,46.054053,
861.38501,239.6984271,49.1902888,
863.978304,287.0237245,45.8318067,
870.060296,341.619589,41.7132727,
871.630099,277.5958579,41.1374906,
816.754012,353.969199,79,FAILED
817.833843,266.0355051,79,FAILED
830.424112,354.314217,75.4178782,
827.665354,296.055198,78.0463595,
835.159065,359.69235000000003,71.6997913,
827.316183,228.305227,77.3334431,
839.8376430000001,373.05764899999997,68.4318186,
832.4853889999999,274.2888478,73.6300798,
846.797097,380.35782,62.7827474,
849.849544,387.527926,60.4638625,
843.065926,291.305735,65.3572472,
841.632265,280.6858647,65.7454611,
843.232456,299.947273,64.5843751,
847.659095,333.50235399999997,60.4985771,
844.986431,253.2622797,63.79077889999999,
851.7561969999999,346.50273500000003,57.3731809,
846.337477,249.4724697,62.1491224,
847.435842,254.8520729,61.5944931,
850.966155,270.4575401,57.857408,
862.441109,329.01241300000004,47.2400368,
858.0972879999999,242.2658204,51.7450131,
865.561758,302.689701,45.8301433,
865.548185,292.090906,44.4434821,
868.3425609999999,301.664167,43.4384965,
873.0855,352.728989,39.615948,
812.253698,310.737737,79,FAILED
814.218838,324.492711,79,FAILED
812.61217,315.295721,79,FAILED
814.598457,348.67353,79,FAILED
817.646173,370.159061,79,FAILED
816.657205,360.830155,79,FAILED
813.499112,304.203316,79,FAILED
811.786788,262.0390496,79,FAILED
817.454822,337.812363,79,FAILED
822.2975309999999,343.68936299999996,79,FAILED
823.658068,323.607191,79,FAILED
831.8460709999999,385.981004,75.0001049,
825.978224,326.824694,79,FAILED
830.004096,321.612329,76.0145179,
825.230576,273.23074959999997,78.4381901,
831.955276,333.507512,74.3263582,
827.389306,270.1137043,77.5985449,
833.640029,366.424511,71.4477778,
828.132621,234.1291773,77.117652,
835.5516210000001,347.232726,71.2754313,
837.921468,368.093867,68.6236971,
839.153732,361.603909,69.0340906,
834.75879,306.122442,72.6282373,
830.815863,246.1718667,75.1044791,
841.227037,350.867568,66.6692808,
834.241045,236.0016462,72.2853249,
835.541549,269.5067755,70.6010758,
843.023249,357.16179999999997,64.7816924,
842.704508,352.376916,64.67349540000001,
843.213986,347.079785,64.8402901,
845.5932270000001,290.987612,62.5310992,
847.363154,320.47888,60.134054,
849.279801,297.208487,58.529583,
846.41232,219.7719434,60.0967252,
862.014679,392.38750400000004,50.4641962,
855.641453,322.799753,53.1431326,
850.74024,256.69215610000003,57.2917815,
853.000361,263.3810894,55.7253907,
861.379199,318.140843,48.9042442,
858.700814,235.58121979999999,50.8610442,
862.896102,277.0238294,48.2735981,
871.205003,358.520014,41.3796884,
811.3213949999999,304.955182,79,FAILED
813.978441,336.332033,79,FAILED
820.0272170000001,363.528149,79,FAILED
818.771259,330.86302,79,FAILED
816.820251,301.146684,79,FAILED
815.500303,259.75525849999997,79,FAILED
821.006485,314.645471,79,FAILED
821.842549,319.82003599999996,79,FAILED
828.146881,329.398616,77.0002014,
830.621387,359.47162000000003,74.9474238,
829.361219,346.230001,75.1706435,
827.316186,283.9245062,77.8838449,
835.272559,378.254631,71.1261253,
826.501728,244.7913891,78.2318178,
829.109653,275.1365282,75.9744229,
829.56454,251.3884996,76.5892465,
835.1399260000001,323.87683400000003,72.3145306,
834.886768,331.813373,71.2867105,
833.544702,279.0889701,72.6285579,
841.195622,378.05073200000004,65.6619641,
831.236549,229.25290569999999,73.0134065,
834.919629,250.2190773,70.7703066,
844.734642,364.414422,63.32404149999999,
840.253365,295.720862,66.3227329,
853.28337,385.873357,56.3871949,
850.786607,329.149315,57.2242388,
856.397239,372.192607,53.5448294,
854.557555,234.0414657,53.2435626,
862.792564,315.870267,46.8340836,
866.184067,259.2828359,43.9612658,
815.419126,374.16478,79,FAILED
816.684557,381.985189,79,FAILED
811.33758,292.697126,79,FAILED
816.51978,311.850985,79,FAILED
818.5538730000001,323.993247,79,FAILED
818.779452,319.922064,79,FAILED
821.8453939999999,327.62798,79,FAILED
824.55715,364.522896,78.8403238,
824.743934,338.846566,79,FAILED
824.448978,344.98008,78.8816797,
832.212131,397.281682,73.0474986,
823.655485,295.070645,79,FAILED
828.09216,300.632996,77.0191786,
830.1306500000001,304.43555200000003,75.2797735,
837.6161079999999,377.935537,69.1302538,
830.445015,255.88347770000001,74.9645706,
832.232987,253.2070036,73.4779344,
843.788763,369.570294,63.8061979,
835.295122,245.653235,70.0111123,
838.5637340000001,270.626207,67.5597277,
849.176532,362.52792999999997,59.4659204,
841.189075,237.7846072,65.6246024,
856.275883,364.196135,52.9415843,
858.531871,336.885036,49.9632964,
859.154902,305.641382,49.3599606,
861.589834,344.53938600000004,47.9496158,
863.316255,348.090016,46.1850984,
860.420107,296.133889,47.8423075,
870.03468,371.368678,42.6526433,
876.3314290000001,372.240201,35.585422,
810.101561,284.5903639,79,FAILED
809.6699570000001,266.824028,79,FAILED
813.153284,313.401684,79,FAILED
815.498363,321.595694,79,FAILED
815.388644,315.592577,79,FAILED
823.157788,392.416896,79,FAILED
820.8115290000001,348.730003,79,FAILED
822.186629,358.142647,79,FAILED
819.851363,323.387833,79,FAILED
822.390881,352.082187,79,FAILED
822.307443,329.576555,79,FAILED
817.621196,262.93588520000003,79,FAILED
824.857361,333.798655,78.762644,
824.5876880000001,307.91355799999997,79,FAILED
823.369483,244.71622589999998,79,FAILED
822.948549,236.5391686,79,FAILED
830.257696,329.351206,74.7895145,
825.13181,235.9850235,78.7528712,
829.521251,269.3912188,74.8843448,
833.261746,291.808206,71.6123937,
836.313821,278.8868712,68.9543033,
843.670122,321.986677,63.83897400000001,
840.616876,284.9414059,64.9195007,
845.023639,339.908303,61.6539127,
842.632615,304.48398,62.9462744,
841.149593,224.9213492,63.830628399999995,
846.449501,300.633425,60.3813406,
848.396577,318.37382,58.0386888,
848.5926059999999,302.430558,58.0931947,
852.60004,285.5768657,54.7875402,
849.618688,220.3357873,55.8503719,
861.626021,241.1843953,46.8678998,
869.922925,363.07134199999996,41.330394,
866.4477039999999,285.9319684,42.8938569,
810.2606499999999,327.641806,79,FAILED
809.255185,289.289257,79,FAILED
817.124715,376.016115,79,FAILED
814.639372,331.91204200000004,79,FAILED
815.04447,326.227846,79,FAILED
819.224969,380.991871,79,FAILED
818.014577,294.504464,79,FAILED
816.400728,273.6450911,79,FAILED
820.437507,310.162525,79,FAILED
823.93376,358.69237,79,FAILED
817.6909,268.4050907,79,FAILED
820.852097,295.411944,79,FAILED
827.40264,367.62546499999996,76.5600391,
829.588944,377.833853,73.8556699,
823.336335,289.071373,79,FAILED
829.3097270000001,339.048794,75.0065536,
824.10181,249.26812,79,FAILED
835.995851,401.258871,68.7751041,
825.248701,252.6495588,77.9502023,
827.708017,281.5616559,76.0654478,
831.731089,335.58473200000003,72.0824963,
833.199556,342.494974,71.4308212,
836.563665,346.257496,69.2386586,
835.218801,322.211896,70.2395722,
840.831239,372.992077,64.5874826,
844.355197,398.378736,62.0479413,
833.752756,265.0778767,70.9386915,
836.79312,283.2030246,68.27709,
836.7031489999999,266.5146286,68.9135974,
836.501547,223.328148,67.3831689,
844.1696019999999,334.748552,62.0296046,
838.243801,245.2637368,66.78847110000001,
842.398878,294.940977,63.55686639999999,
839.72177,250.1326352,65.8057008,
850.808311,375.540183,57.2439138,
853.256854,377.96626200000003,55.5675623,
852.293666,303.657619,54.7031137,
856.627512,326.036616,49.8647608,
856.410957,285.76138530000003,50.9301394,
868.088733,378.564819,43.0023111,
867.459106,275.5616141,43.3819796,
811.884268,366.701892,79,FAILED
808.4051959999999,276.4649357,79,FAILED
813.332416,309.349994,79,FAILED
811.6599679999999,276.8314472,79,FAILED
814.62744,305.991479,79,FAILED
819.124243,353.807089,79,FAILED
827.406434,385.841791,76.0976016,
826.66368,362.148257,75.9059526,
834.841948,414.314256,69.3189732,
824.290838,286.5862356,78.3833537,
834.449758,412.296892,69.8537315,
822.822199,230.8284769,79,FAILED
829.719298,308.121112,74.3436011,
839.220922,389.396161,65.8140558,
833.678291,327.107682,70.3229266,
831.264001,266.786142,73.1049053,
836.8536320000001,327.020165,68.1877592,
838.6572590000001,345.36460999999997,67.20816640000001,
840.486037,360.747083,65.2286652,
835.123216,274.4290732,69.4651604,
835.6623950000001,255.4625805,68.8039205,
841.563645,330.50026,63.5898993,
842.144008,248.7714403,62.6990307,
848.000449,324.430093,57.5774718,
852.057378,326.434101,54.5201914,
846.719736,219.6869799,57.9486376,
854.328718,322.580105,51.5500515,
853.003618,229.5774462,52.7980387,
867.914945,335.398825,40.6224785,
811.61644,351.85848599999997,79,FAILED
815.9138800000001,357.11501,79,FAILED
810.38811,267.46323010000003,79,FAILED
812.962686,282.5491652,79,FAILED
813.8546249999999,287.4687872,79,FAILED
811.438972,254.9171611,79,FAILED
814.902183,280.3554246,79,FAILED
817.144706,311.707758,79,FAILED
816.437077,286.6098737,79,FAILED
818.5484280000001,290.732468,79,FAILED
827.038645,378.654265,75.9404283,
821.250642,248.5918056,79,FAILED
830.097933,358.91672900000003,73.1737784,
830.32125,339.69296399999996,72.8936215,
829.692707,322.52027599999997,73.7340197,
832.262736,350.444686,71.7414558,
838.282571,397.336026,66.4237991,
834.685595,340.623563,69.5715253,
839.831177,405.66995099999997,64.6841565,
828.837299,250.7033197,74.5259456,
836.194783,355.139637,68.341586,
838.724096,381.26619900000003,66.2355237,
833.1393909999999,297.94829300000004,71.2503141,
837.724746,359.001175,67.2899615,
835.992985,335.2934,68.4551487,
842.009688,402.996297,63.0573248,
832.5989010000001,274.7311074,71.1805029,
833.432057,259.720603,70.9688052,
840.099439,259.2980378,64.3894,
854.659726,403.986564,52.997067,
844.093538,268.73437939999997,60.8751729,
846.089397,258.069574,59.7169178,
850.266915,298.233481,55.7120055,
862.777034,379.053225,46.3950267,
865.364423,270.1437271,43.3834816,
818.055174,343.57705599999997,79,FAILED
818.792521,336.463492,79,FAILED
821.677342,373.042034,79,FAILED
818.056435,302.255713,79,FAILED
817.9325220000001,280.8527613,79,FAILED
825.8591220000001,357.835895,76.5746101,
824.011297,301.413785,78.7894943,
829.139183,364.407792,73.9572019,
835.314905,395.201335,68.0758016,
833.7540300000001,356.135091,70.3324127,
834.667899,372.870127,69.2211554,
828.605128,278.0753088,74.4763757,
832.546549,302.692031,72.6995358,
828.444705,225.161501,74.1927244,
831.753609,243.8118285,71.7565993,
839.552925,342.505722,65.4772739,
837.644492,300.944572,66.77081960000001,
837.571531,287.9726262,66.5011346,
845.03684,326.791925,60.1890875,
839.030378,219.7278519,64.06727240000001,
842.3042,264.38441439999997,62.0827005,
851.245468,343.723475,55.7046427,
849.4321669999999,318.973755,55.7437844,
859.9047,386.580104,48.7604468,
853.611005,296.620905,52.2936828,
855.3705170000001,318.165549,50.142023,
862.493504,388.77754300000004,46.5275563,
859.290123,325.54137000000003,47.7678569,
866.993339,349.462352,41.8197238,
862.645619,298.536223,43.5558887,
862.579189,254.5951556,45.1079819,
811.101189,330.633016,79,FAILED
812.588693,340.039513,79,FAILED
810.3453509999999,286.60773159999997,79,FAILED
811.832433,295.643893,79,FAILED
815.939166,349.192855,79,FAILED
816.299782,338.948529,79,FAILED
822.97673,355.372503,77.8568119,
820.752182,310.746759,79,FAILED
820.033036,304.407802,79,FAILED
819.7742450000001,284.1321153,79,FAILED
824.6506850000001,342.213771,77.1335196,
827.911809,369.661297,74.3242839,
821.150684,270.641701,79,FAILED
830.5024040000001,381.435885,72.7453527,
821.659011,260.7254043,79,FAILED
827.1853659999999,334.506552,75.8040143,
829.870217,353.302646,73.3386564,
830.319215,345.67987700000003,72.1050252,
830.29693,329.867885,72.6246036,
825.703685,247.4270388,76.7273169,
827.246678,233.1708558,73.8975471,
829.673051,262.8902639,72.8742547,
836.291151,340.854693,67.3356545,
833.3593020000001,301.92605000000003,69.8364345,
831.899592,232.0523141,70.4985684,
839.701449,323.841452,64.5572874,
834.161957,240.6313137,69.7048345,
845.739727,395.792935,59.8888246,
847.3320630000001,407.465643,57.8526422,
847.6159230000001,400.831375,58.6215272,
836.227343,241.13827129999999,66.77487550000001,
841.694607,326.792137,61.9959457,
848.70992,352.268689,57.2919438,
845.456411,294.238565,60.0862308,
847.062824,280.1944372,58.0349231,
852.844366,355.322995,53.766964,
852.67431,317.419121,53.1999069,
855.366701,302.099785,50.4033473,
856.489698,267.7518888,50.5114716,
862.980682,315.231429,44.3031916,
865.559136,281.0405439,41.7925208,
809.966448,344.329269,79,FAILED
806.258409,261.2837186,79,FAILED
812.4694509999999,274.3866996,79,FAILED
824.39322,370.98191299999996,76.9945425,
818.365284,270.9486089,79,FAILED
820.2377329999999,275.6895812,79,FAILED
821.627371,281.43837859999996,79,FAILED
822.72468,265.9681213,78.223563,
825.119627,290.270622,76.6477665,
824.8073489999999,277.8735956,76.7975404,
827.612761,288.5057986,74.895335,
829.3144589999999,312.400916,73.6796735,
836.971638,354.447674,66.57667090000001,
833.1039000000001,289.600489,70.0734194,
837.6492920000001,332.409622,66.6679606,
838.271983,337.94896600000004,65.7266893,
844.623955,407.533103,60.0732809,
843.606806,384.243631,61.3363128,
840.646731,337.25780299999997,63.7475656,
845.173292,364.32085,60.4788652,
836.184764,219.7166492,65.61037329999999,
857.713162,334.68874700000003,47.845312,
859.058755,323.61348899999996,46.0400902,
859.535207,248.89320709999998,46.8212289,
864.51372,331.48735899999997,42.0471204,
808.4206,339.42949799999997,79,FAILED
813.608685,336.35769700000003,79,FAILED
814.458511,304.96929,79,FAILED
816.617319,327.710843,79,FAILED
820.452167,367.704034,79,FAILED
817.651809,333.757305,79,FAILED
827.781471,382.67385,74.4083155,
823.914077,347.800457,76.7917132,
819.529735,265.0577257,79,FAILED
821.668198,253.4340965,79,FAILED
836.778631,402.87737300000003,66.8768199,
826.79081,293.579477,74.3188299,
833.071465,363.57462499999997,69.288216,
825.020713,231.2181018,76.0992509,
829.1357390000001,291.719766,72.9952912,
830.210751,285.4902345,72.0709935,
828.4678220000001,272.7445429,72.8796685,
833.061385,332.443765,69.1213216,
834.120568,322.778704,67.92487009999999,
830.7751069999999,255.4488073,71.9170864,
832.1617229999999,283.4006498,70.1966336,
834.6583390000001,298.034341,68.536113,
836.142422,274.61789799999997,66.812106,
848.979903,406.05211199999997,55.9637373,
847.778777,371.587903,57.5771018,
843.787291,273.6597018,60.6995712,
848.386615,305.752027,56.4156543,
844.004407,262.9525878,58.7866645,
857.1111530000001,396.869318,49.9039805,
853.136943,291.8989,52.2927576,
849.350409,228.4492763,54.7171736,
855.937817,329.951719,48.986864,
856.080208,321.291734,48.5604363,
866.977901,373.675784,41.3547679,
810.134636,299.814907,79,FAILED
810.977622,301.982817,79,FAILED
816.505641,368.128552,79,FAILED
819.691828,338.424656,79,FAILED
819.6531239999999,290.458685,79,FAILED
823.47263,326.908689,77.2769382,
821.890619,291.782151,78.3807116,
825.159801,296.82989299999997,76.0128099,
827.785379,299.71664699999997,73.9845308,
824.808221,226.4803426,75.0765836,
829.086639,297.424671,72.5378167,
833.298505,351.30900299999996,68.8340415,
835.918802,364.756242,67.49242240000001,
830.047808,237.3966146,71.4563196,
835.117834,291.896472,67.6937838,
832.60626,228.8141458,68.5591709,
839.449764,241.10338000000002,63.458764599999995,
854.9895710000001,402.07833700000003,50.8632428,
849.521999,340.72556299999997,54.7677775,
847.611675,283.9203433,55.4092581,
859.731139,395.70858799999996,48.1499975,
853.637882,293.97249999999997,50.6593574,
863.988615,383.84952799999996,43.5048387,
854.941977,239.2220427,50.0016562,
857.338918,236.9259632,47.624826,
865.641916,293.490875,41.4385528,
867.29784,286.9804248,39.3554499,
867.918018,274.565373,39.3855985,
807.25099,300.137664,79,FAILED
813.001293,353.142897,79,FAILED
813.6869770000001,327.319697,79,FAILED
817.8417939999999,364.282187,79,FAILED
812.793005,263.1990972,79,FAILED
824.794798,373.738764,75.331208,
826.675198,327.01466400000004,74.1147223,
824.22675,252.2924794,75.8022028,
833.1253790000001,359.660986,68.6499398,
828.664284,276.70575940000003,72.1964367,
827.820336,258.759633,72.9795258,
835.061703,323.82273799999996,66.1363597,
829.906912,224.0649398,70.1033102,
843.276418,378.531182,60.7958891,
844.430731,403.23123499999997,58.570692,
841.856145,361.314173,61.5346609,
844.814481,386.908163,59.2804639,
838.381755,304.334554,64.1719911,
836.2877550000001,225.9750833,64.9629142,
845.182593,329.07004,58.3389378,
839.756171,236.19510309999998,61.8889957,
843.200302,253.2570101,59.8269531,
857.099741,402.30325400000004,48.9018385,
849.912523,293.98455,53.5507228,
848.248075,223.1860554,54.529659,
851.657517,255.96058749999997,52.4709148,
850.484818,224.3807823,52.7432397,
858.979642,353.122456,47.3105347,
855.286134,291.181051,48.7212694,
852.7378160000001,234.4363473,51.2719072,
854.40448,255.52939349999997,50.2269641,
866.582541,341.986587,39.6740147,
861.6251070000001,249.2917334,44.494995,
814.871158,370.61080200000004,79,FAILED
816.809548,359.54271800000004,79,FAILED
817.405247,276.9059148,79,FAILED
821.854766,331.100528,78.2821608,
822.426612,296.88059699999997,77.8435101,
825.468524,305.722659,76.3137278,
827.2791119999999,348.42541700000004,73.4257876,
832.296241,384.294334,69.7307433,
823.1925699999999,269.68579669999997,76.0948429,
826.524633,238.5304264,73.3824437,
830.597422,278.506359,69.9676747,
837.57594,346.654918,65.1539813,
836.623662,328.596471,65.1333527,
833.999933,270.613652,67.8371694,
834.118035,262.862061,67.5328964,
833.177038,237.017682,67.4421845,
837.49703,297.314682,64.5097602,
841.977388,331.344264,60.6874203,
858.589046,329.604156,45.1002192,
854.734802,233.3651039,48.993313,
865.912975,367.104744,41.4511961,
806.201267,333.68744100000004,79,FAILED
808.285139,307.800865,79,FAILED
807.703942,313.561832,79,FAILED
810.822578,324.074843,79,FAILED
813.8079270000001,291.993426,79,FAILED
812.945416,277.09175600000003,79,FAILED
820.852231,323.565285,78.9566881,
821.876439,314.771035,79,FAILED
824.228582,330.83038999999997,75.5199523,
825.68394,319.952047,75.6820873,
827.5034009999999,281.0249486,72.5997687,
827.595925,246.09360379999998,72.8827648,
829.419203,269.0958121,70.944403,
836.701137,364.8465,65.2148554,
832.469365,286.8684938,68.6456113,
839.7449790000001,290.669441,63.1529618,
840.870977,322.686444,60.8638603,
849.89153,374.971885,54.5328894,
848.62405,358.592317,54.9978371,
849.854609,365.709161,54.439297,
847.455735,347.666881,55.4230327,
840.442167,218.13068090000002,60.6974754,
850.761021,341.259226,52.3505964,
845.712653,224.2893121,56.4769129,
861.348417,326.243858,43.0216154,
867.853658,357.09891,39.3259009,
863.0699979999999,266.0325297,42.3325354,
809.779887,352.23494500000004,79,FAILED
802.338577,264.1466605,79,FAILED
811.359101,359.029224,79,FAILED
806.466495,281.2548919,79,FAILED
815.087547,307.851524,79,FAILED
818.85684,300.550398,79,FAILED
822.142952,352.975728,76.424546,
832.134181,378.077727,69.0770376,
821.26683,228.5928223,77.4414995,
833.19825,413.84958800000004,65.1195336,
823.796384,234.9222066,75.4508362,
834.330667,374.12604699999997,66.578555,
829.190425,304.54639099999997,71.1053184,
835.718842,368.764249,65.8397697,
825.993726,228.0208139,72.6637496,
830.152142,292.857888,70.3479452,
834.865537,279.24290310000004,65.85599189999999,
831.643503,221.2478994,67.4735608,
841.413976,304.511658,60.4855406,
840.887117,297.406466,60.6673825,
848.532229,321.227377,53.1782948,
848.715209,279.3146102,53.3376672,
851.521933,304.350301,51.3889809,
857.072192,358.730702,47.4853943,
858.654902,243.68442249999998,45.4752433,
868.193679,345.47661500000004,37.7810578,
805.769642,285.92652929999997,79,FAILED
811.238665,372.477857,79,FAILED
811.683413,342.901711,79,FAILED
808.1976970000001,272.318503,79,FAILED
813.787291,322.439772,79,FAILED
813.85495,333.655978,79,FAILED
815.804123,341.81410900000003,79,FAILED
814.600991,297.539272,79,FAILED
820.577214,310.345183,78.2562371,
824.870617,357.732868,73.6495418,
823.723958,300.986707,75.7576545,
825.425843,304.278089,74.1148085,
828.6522190000001,332.577593,71.0128786,
829.735337,347.37854100000004,69.8591601,
834.036139,390.394598,66.3515433,
836.736802,393.859875,63.7395212,
829.20692,261.9734371,70.7440768,
830.673129,272.5939902,69.2807367,
829.391747,247.4533737,70.3968345,
831.2600600000001,266.3074021,68.7528609,
839.825256,366.66703,62.7151586,
840.491833,292.028259,60.7456208,
837.518901,223.0436032,62.1210593,
843.301784,299.021869,58.4270313,
844.983581,279.34167460000003,56.044334,
849.792806,326.500921,52.8687889,
848.7395329999999,309.714333,53.2913621,
860.356318,394.48686299999997,45.3898511,
852.495153,279.9702926,49.835439,
861.239041,378.626351,44.0989886,
851.264255,227.2704475,50.440474,
857.131204,292.912305,45.7292027,
865.232158,378.428878,41.1219676,
866.0811,332.320671,38.432028,
867.0597270000001,291.551064,38.877812,
805.287465,324.654382,79,FAILED
807.890579,357.123427,79,FAILED
808.914772,343.580105,79,FAILED
812.304636,315.147586,79,FAILED
810.330962,294.036185,79,FAILED
816.431565,371.179797,79,FAILED
815.485546,326.944938,79,FAILED
817.250302,344.422643,79,FAILED
814.8927140000001,285.9518716,79,FAILED
818.266687,327.321995,79,FAILED
820.6333119999999,360.967266,76.4483627,
823.528224,366.412561,75.2354741,
826.911525,377.300745,71.565636,
819.8134729999999,270.8080586,78.0007703,
823.466281,274.8176819,74.8922599,
831.851736,368.34159999999997,68.5773245,
824.65679,254.6042199,73.9732957,
831.358763,328.110827,68.4006196,
835.111304,320.328434,64.82631599999999,
834.003007,295.310381,66.06715030000001,
834.606373,284.0069882,65.53999060000001,
837.228661,286.9819094,63.836930300000006,
842.556377,322.840952,58.503359,
843.682528,338.352693,57.7247224,
842.570631,275.0645695,57.7153489,
849.0961179999999,337.43365,52.8232514,
851.815506,353.95075499999996,51.3814124,
847.350337,262.24515610000003,55.0856656,
851.443111,335.24001799999996,50.1523299,
866.675553,369.42782,39.034275,
866.3786279999999,351.270555,38.8058792,
866.7542080000001,326.090498,38.8101882,
862.9866030000001,275.8559599,40.8360968,
807.313207,334.04445599999997,79,FAILED
809.963402,311.107206,79,FAILED
808.920463,277.6093669,79,FAILED
810.843136,283.1504778,79,FAILED
816.854276,360.37065,79,FAILED
813.175441,281.6595684,79,FAILED
816.470575,322.152241,79,FAILED
819.1029530000001,305.738473,79,FAILED
820.7986089999999,334.179811,76.62527,
817.327956,259.4987509,79,FAILED
823.1511439999999,347.09461999999996,73.8653745,
820.13323,283.072146,77.5608282,
825.623751,335.286061,73.0302047,
828.906154,354.281682,70.0881254,
826.975849,321.54735800000003,71.5974172,
826.521846,307.184519,72.4671061,
824.070058,270.5762092,73.7864475,
825.734519,266.9068114,72.8269838,
832.3840319999999,344.80383900000004,69.3600937,
833.1324079999999,348.86323300000004,66.96799250000001,
836.707983,379.37802,64.17268630000001,
833.173728,336.04202699999996,66.6296359,
833.971074,251.3766071,65.66475940000001,
837.8388649999999,302.482617,62.2293668,
835.351913,246.7384952,64.49032969999999,
848.944231,370.505944,53.5838021,
848.3594860000001,288.6863244,53.1622074,
850.140492,272.5930902,51.378398,
862.092902,316.552913,41.5124008,
861.784863,253.71318150000002,42.242493,
804.7459719999999,336.963159,79,FAILED
803.1119659999999,288.44024790000003,79,FAILED
806.9164000000001,320.42778599999997,79,FAILED
810.625612,333.341589,79,FAILED
816.5304619999999,355.533434,79,FAILED
812.0793209999999,266.329633,79,FAILED
818.224271,341.36375499999997,78.4924692,
820.801923,302.341869,77.6879513,
822.489021,324.818658,75.0322953,
829.604718,419.415561,66.56600660000001,
829.6020550000001,322.769045,68.9712537,
835.920475,387.55834200000004,63.8097585,
834.523766,350.53180299999997,64.8447742,
831.223873,280.9646231,67.67658560000001,
829.970833,261.0030122,68.9080039,
844.020293,297.705475,56.1704558,
846.016436,316.211179,54.8073371,
847.5001070000001,304.533718,53.6267104,
860.162603,388.440721,44.2004819,
855.638134,320.67107999999996,46.1028559,
856.188958,298.01687300000003,45.4373807,
865.084823,362.03222,40.4244078,
860.776652,288.5557652,41.3844861,
802.814714,329.407105,79,FAILED
804.727261,353.102974,79,FAILED
814.011675,349.153484,79,FAILED
812.451048,287.61934610000003,79,FAILED
816.614524,350.919995,79,FAILED
818.822728,335.90820299999996,78.3774473,
820.324771,338.393964,77.0696338,
816.100601,253.49601760000002,79,FAILED
822.186117,352.80541600000004,73.67648,
829.63423,395.4779,67.66440130000001,
821.370905,280.0978959,75.5178942,
831.836499,399.657009,66.3179829,
832.848509,358.601784,66.63955390000001,
829.01478,298.293639,69.9746192,
836.7075580000001,404.947717,62.184642,
840.669816,405.996581,59.2747888,
839.4078079999999,393.767318,60.0411662,
842.160347,397.82624699999997,59.1524811,
831.307359,274.7462403,66.9245673,
836.4825490000001,340.609238,63.43474090000001,
830.891707,256.756837,67.76521600000001,
833.793804,302.006644,65.22793519999999,
844.213336,355.537213,56.4732832,
850.3165349999999,367.099189,52.3332044,
843.526711,266.3100694,56.2536091,
853.428767,298.421128,47.567679,
855.3430470000001,336.39313000000004,45.7764821,
852.2134619999999,271.8002634,49.2158483,
863.031656,383.95656199999996,41.1542941,
807.439775,366.936113,79,FAILED
805.967365,303.272463,79,FAILED
808.113784,330.765359,79,FAILED
806.984244,291.42906,79,FAILED
808.664047,289.476107,79,FAILED
810.996742,309.713275,79,FAILED
815.867375,310.455576,79,FAILED
815.875366,331.713145,79,FAILED
818.348999,346.98290499999996,77.8849855,
821.780446,377.400192,74.7583967,
817.57675,319.43424,79,FAILED
824.874388,377.79330200000004,72.6390229,
818.278858,287.1526224,78.0769894,
825.100934,363.88011700000004,72.6585166,
823.993374,340.350432,73.0658326,
821.176969,306.379195,76.3847089,
825.739465,353.525823,72.169258,
819.343711,274.9232917,77.0929444,
828.9773299999999,337.32129399999997,70.212802,
825.966757,300.805066,72.107845,
833.007973,380.934796,65.4492211,
827.557448,287.0553866,70.5976361,
826.830601,274.4532698,70.4524805,
832.039795,329.02392299999997,66.3985461,
827.719262,257.0634002,70.2203795,
830.206694,292.88321,67.84784429999999,
838.269357,337.260916,62.059658,
836.736744,293.493553,62.2172673,
834.772503,218.2907545,62.6262746,
842.731638,318.579518,57.0530431,
843.855323,307.408251,55.9986177,
855.442841,399.77482299999997,47.233173,
852.440826,266.01282100000003,48.9097637,
853.703493,280.7905305,46.9899306,
853.46765,242.5419464,47.4899054,
865.879972,364.967125,38.6666654,
860.276598,261.7670537,42.4237098,
802.8265,314.71272899999997,79,FAILED
804.599816,343.231888,79,FAILED
801.719837,293.033285,79,FAILED
802.314182,280.90801,79,FAILED
808.080975,348.255728,79,FAILED
806.880722,312.30854,79,FAILED
808.131194,305.604787,79,FAILED
806.210281,282.0762219,79,FAILED
811.92028,355.517347,79,FAILED
812.053583,270.5795178,79,FAILED
813.931917,279.4357238,79,FAILED
814.722226,270.1392105,79,FAILED
825.479239,411.024743,70.6778566,
816.301027,284.9896332,79,FAILED
816.729702,280.2587892,79,FAILED
828.23828,382.631196,69.3161894,
818.400007,253.5610249,77.0758317,
823.418897,288.63968439999996,74.6161979,
823.328952,280.7109327,73.4109533,
829.983669,354.927408,67.8068071,
827.596544,319.084815,70.4667037,
823.339255,250.5456683,73.7435423,
830.638493,300.581722,66.9927873,
836.777978,332.062464,62.5770514,
837.951681,268.8835568,60.615243,
843.674133,301.882523,55.5395504,
844.893124,320.920568,54.5883413,
843.907684,258.2768141,55.382784,
843.904581,219.3423081,54.7830525,
857.711928,382.75241900000003,45.2407468,
855.742419,348.78391899999997,46.2386961,
851.373249,294.924373,48.9037792,
858.022357,364.57039299999997,45.6232999,
861.7834,268.7186923,40.0738019,
801.684903,299.919711,79,FAILED
803.117893,309.997571,79,FAILED
803.8407589999999,336.31113300000004,79,FAILED
802.845512,257.9778,79,FAILED
810.1074189999999,337.57583,79,FAILED
814.465522,292.984576,79,FAILED
812.208294,264.5679416,79,FAILED
816.277695,295.632973,79,FAILED
818.9032,266.5894895,76.2436314,
825.350552,326.074001,72.3485588,
823.009562,289.490835,73.2074662,
821.636753,258.7433832,73.8797312,
831.375053,363.16770399999996,66.940719,
825.434892,293.569805,71.3042522,
831.501677,344.423362,66.436184,
825.706659,252.879388,71.798381,
838.838638,399.868674,59.4838908,
833.9316220000001,334.743512,64.2822896,
840.002536,326.930977,59.0864568,
842.67019,323.44562199999996,56.1893331,
852.966036,362.289607,47.5567878,
849.038296,289.619341,51.0041608,
856.488884,321.502707,43.8875646,
864.990125,339.375634,37.64301,
863.297921,280.7225442,38.5382984,
804.214743,329.605016,79,FAILED
802.954391,304.687209,79,FAILED
807.137185,337.737837,79,FAILED
807.734092,321.31248700000003,79,FAILED
810.414171,343.304753,79,FAILED
811.6612250000001,324.352241,79,FAILED
819.821323,357.20737399999996,75.0755675,
816.213295,266.4959005,78.5637277,
819.3027979999999,291.93102899999997,76.742043,
820.013382,286.5721836,75.8502922,
825.758286,344.025628,70.9626486,
833.175162,407.23641599999996,63.6826866,
821.858161,244.4818664,72.685618,
823.347019,263.1823048,72.3474134,
825.781971,266.0008233,70.6424958,
832.493842,339.575386,64.93251599999999,
833.675838,344.47841700000004,64.68312,
835.645532,346.07260099999996,63.2764724,
835.913088,326.71742,61.8644244,
839.903419,306.355482,58.7957521,
846.749142,383.78084,52.9754021,
851.484835,396.37345300000004,49.7529176,
855.653012,394.993724,46.8536172,
849.490955,322.495615,49.9644902,
845.663533,227.0635318,52.9418574,
850.4428809999999,304.63025500000003,48.8664291,
853.361548,326.67170899999996,45.8488686,
852.536672,304.026171,46.8837558,
855.500716,237.2912831,45.5742303,
858.043543,300.659825,41.9753302,
860.906158,284.1238829,39.7934206,
807.474303,353.049019,79,FAILED
810.86749,329.046624,79,FAILED
814.841914,290.474426,79,FAILED
821.130013,336.207621,74.5861923,
823.622449,331.28783599999997,72.2450681,
825.754062,350.620129,70.6536165,
827.371757,374.529871,68.2667101,
830.60393,405.163401,65.3816741,
828.062218,360.728792,68.6166865,
823.572378,275.2045374,72.1417054,
827.7799259999999,281.8181864,68.7016347,
830.43786,286.8265202,66.3040977,
849.282451,406.13998300000003,50.5085847,
837.938168,218.5696146,58.4338531,
844.044933,275.6221603,53.4725428,
844.824931,221.3934841,52.6611188,
848.342991,233.1960142,50.1646321,
859.397643,349.8142,42.5552302,
857.344047,246.1607163,43.4522007,
861.364517,259.3433662,40.0484241,
802.470199,297.657836,79,FAILED
812.7542100000001,336.19813999999997,79,FAILED
810.5504599999999,276.4547798,79,FAILED
814.30349,300.061495,79,FAILED
818.29958,369.50890200000003,75.8035964,
817.308417,328.997435,77.5334495,
817.3952400000001,343.32642999999996,76.3709784,
821.861033,368.083142,73.2150813,
818.736817,323.58498299999997,76.8280536,
828.069874,387.88759400000004,67.4625848,
822.347645,296.59621500000003,72.9094386,
819.96169,223.6390177,74.1496602,
828.719942,334.02225999999996,67.6056279,
824.546576,283.3322788,70.6810108,
833.106345,375.599102,63.621717200000006,
834.354428,369.65261,62.6764154,
836.51008,319.169034,59.9248057,
833.1543839999999,242.27371540000001,63.218441799999994,
837.535069,301.778702,59.6678545,
835.4985360000001,263.6593809,61.2698358,
850.2271479999999,402.444291,49.6777254,
850.925332,237.99786799999998,47.8616055,
861.164064,371.146978,40.9893127,
864.583179,374.065198,38.9030175,
855.176873,240.8689761,44.2104787,
856.995719,254.3777644,43.4187933,
804.858,298.973696,79,FAILED
810.688153,365.543406,79,FAILED
809.592167,319.771392,79,FAILED
808.098896,276.8963132,79,FAILED
817.351105,298.000923,77.3867678,
822.2764569999999,358.861409,71.5611479,
821.495478,308.650505,73.9394091,
819.581133,295.858227,75.2842416,
825.83473,335.60722599999997,69.6744171,
820.754015,230.9666434,72.5077397,
829.135586,249.079216,65.9825606,
842.321689,375.953349,55.9551633,
842.30963,270.6877737,54.3779603,
847.464837,255.14393919999998,50.4237373,
860.818439,294.922386,39.5398085,
865.36017,277.5128215,37.1422943,
826.729049,400.898728,66.8342787,
821.489902,300.125671,73.7144403,
819.6367720000001,253.47299329999998,74.7627593,
828.084124,371.968137,66.234891,
827.848446,348.90288799999996,67.9226192,
829.260704,366.688586,65.67664239999999,
824.24384,248.325866,71.1866416,
826.601362,288.6458453,68.7513201,
825.375399,269.9041985,68.9543837,
826.894832,276.6444127,67.9510356,
823.844532,227.9520765,69.2206294,
827.971178,270.3288204,67.0633531,
838.075225,377.98837000000003,59.9080755,
826.5609420000001,220.6111671,67.3706277,
834.590853,322.14335900000003,61.6103916,
837.170935,330.539841,59.6025073,
830.673598,218.9446367,64.0139329,
834.533496,297.951301,61.4728415,
837.390125,294.92155,58.8035077,
839.378946,301.80026599999997,57.472376,
840.82645,328.225777,55.9529523,
848.509891,339.966686,49.7110208,
850.399627,330.039453,47.4061368,
853.725251,317.806979,44.474009,
849.516368,230.431626,48.0633037,
859.8769580000001,341.865405,40.4657332,
856.842941,294.993685,42.8818102,
799.529055,319.249962,79,FAILED
802.997534,325.139295,79,FAILED
803.922283,349.282355,79,FAILED
803.1280810000001,284.9743029,79,FAILED
809.272904,349.394991,79,FAILED
809.964043,338.966246,79,FAILED
811.657842,297.30275,79,FAILED
814.144939,308.818035,79,FAILED
814.633424,302.870591,79,FAILED
819.455303,372.215099,73.9898066,
818.0290689999999,349.069616,75.5613952,
818.657302,341.288187,74.8732755,
819.072056,330.79231400000003,74.8962944,
818.323565,271.5548649,75.1855762,
826.955555,367.01529500000004,67.99643879999999,
824.432186,324.501838,70.2683826,
825.645273,294.357324,69.1236861,
822.723437,256.88248550000003,71.4558131,
823.143779,223.04081539999999,69.5276026,
833.232339,287.6743471,62.8004093,
833.248063,246.601978,61.7083998,
838.083502,290.72643800000003,58.4493119,
844.096182,342.812968,53.9214794,
845.9074009999999,325.314519,51.492612,
851.094479,345.235175,47.0741939,
858.375015,386.010577,42.2844776,
850.598758,270.5145786,47.1404431,
858.191236,335.29707199999996,40.4554321,
862.0577089999999,288.0812885,37.4279883,
802.461042,308.965579,79,FAILED
810.6106540000001,358.816693,79,FAILED
806.03026,284.02013420000003,79,FAILED
808.117013,304.695544,79,FAILED
810.355873,308.599146,79,FAILED
812.250936,340.617084,79,FAILED
813.220462,313.799661,79,FAILED
814.42425,323.528554,79,FAILED
812.801879,259.9031668,79,FAILED
815.077861,290.777757,78.0360348,
820.659012,225.7832097,71.372622,
827.773688,296.898721,66.92150670000001,
831.583545,330.024745,63.7953457,
825.623064,243.1906835,68.6375484,
826.07402,248.6230385,67.9795616,
829.468226,277.9572999,65.5197946,
832.20445,304.401259,63.4344966,
834.464347,289.161113,60.5312377,
845.2758200000001,374.958644,52.5411401,
838.488348,248.5334426,57.2613238,
843.339868,283.00358040000003,52.9571804,
848.9334269999999,290.611013,48.0115424,
845.418019,224.6803819,50.5348924,
799.74078,333.095172,79,FAILED
804.242424,294.251412,79,FAILED
809.791924,344.908638,79,FAILED
808.626258,313.621949,79,FAILED
810.9725510000001,320.456092,79,FAILED
817.6728009999999,364.597783,74.817299,
819.6813480000001,362.08646999999996,73.1556745,
817.008951,302.090288,76.4032584,
814.158516,263.2724902,77.3909176,
821.6425360000001,304.427424,72.268844,
824.631531,304.327232,69.8671116,
823.14399,278.093501,69.8290759,
827.814727,323.372796,66.838686,
830.737427,293.049478,64.5790305,
834.783806,336.677259,61.1542505,
832.09654,298.562383,63.04461570000001,
839.399971,365.095508,56.7595603,
842.32605,329.660296,53.8470065,
843.902858,347.08019,52.5970893,
850.309854,400.971605,47.8098178,
845.516072,306.062677,50.7997075,
857.522658,377.22502499999996,42.0710939,
864.268149,353.205022,36.6989295,
860.691146,274.4424663,38.5108051,
806.652905,325.26637800000003,79,FAILED
807.9895710000001,334.216983,79,FAILED
806.821993,288.7350161,79,FAILED
808.547838,296.071471,79,FAILED
810.62902,313.158437,79,FAILED
810.4488289999999,288.2330607,79,FAILED
815.151029,307.207759,77.725314,
814.061959,271.147605,77.760445,
820.430402,327.20221200000003,72.677276,
818.603031,276.2095741,74.3628707,
824.872451,356.870553,68.6888711,
819.401706,270.86724019999997,72.7497237,
825.738592,340.480341,68.2902366,
821.0785940000001,280.7041819,71.5074633,
820.704374,267.8272599,71.1906269,
829.03414,350.31530599999996,65.2540346,
824.295559,260.4844912,69.6586469,
830.511451,281.7708336,64.3509918,
845.743254,337.52982499999996,50.9174371,
848.186992,349.812005,48.4751271,
846.166304,267.5266592,49.9179207,
861.119484,378.383019,39.9982712,
856.6973370000001,320.076451,41.9426557,
861.625176,360.936574,37.7650697,
861.0450490000001,330.539083,37.7935512,
862.1874809999999,334.07138499999996,36.7295194,
799.2205730000001,327.599326,79,FAILED
799.3521929999999,284.0002307,79,FAILED
803.2543450000001,329.87250800000004,79,FAILED
807.12457,361.896326,79,FAILED
810.375149,370.504784,79,FAILED
810.960967,353.685573,79,FAILED
810.771785,306.825485,79,FAILED
811.829652,328.841389,79,FAILED
813.175568,348.259119,77.7381475,
814.161972,353.10256400000003,76.8846436,
820.600174,354.13600299999996,71.3753439,
817.632753,305.246757,74.8839592,
822.087461,308.076964,71.0357726,
825.396742,264.2547778,68.1897539,
831.629811,326.392627,62.7103672,
827.925607,257.949463,64.6625011,
854.593727,392.704518,43.9842068,
852.845494,330.425743,43.3692364,
859.197277,356.020888,39.2777229,
855.945065,259.6839455,41.5969446,
858.51358,264.55195449999997,39.3821275,
800.941927,319.078688,79,FAILED
810.416559,364.385876,79,FAILED
811.231534,287.0949678,79,FAILED
819.703801,363.800524,71.3473077,
815.920868,282.2264745,76.1990538,
818.697642,292.387625,73.7402099,
827.532303,358.078972,66.4206385,
822.3628699999999,300.129448,69.4897995,
825.785947,330.398107,67.03996029999999,
828.98176,322.48508200000003,64.83008480000001,
825.63256,234.8127831,66.98862729999999,
835.891266,374.373477,58.8297847,
832.9221279999999,304.484352,61.3110812,
836.752702,323.125864,58.1130885,
841.213501,317.856049,53.3501833,
849.813,404.993947,46.832839,
842.7895980000001,299.774606,52.4189726,
840.423278,224.0844925,53.3965499,
843.380496,258.3350617,51.2701398,
854.052695,364.070068,43.574881,
856.000693,279.2939759,40.8472585,
863.126886,344.466001,35.9706124,
800.376754,357.064214,79,FAILED
798.872398,322.93719699999997,79,FAILED
802.750178,354.844107,79,FAILED
803.57912,311.68518,79,FAILED
802.121802,306.27669000000003,79,FAILED
805.565859,309.82213,79,FAILED
809.131042,328.3644,79,FAILED
808.509987,283.1275245,79,FAILED
811.008832,281.8032887,79,FAILED
814.844954,337.385448,76.6098931,
810.819339,268.9134111,79,FAILED
818.913562,340.067181,73.1222714,
819.281888,334.662305,72.8967201,
812.639979,253.90460050000002,77.1149177,
819.898917,320.44917399999997,73.0998841,
822.670569,330.53911800000003,69.7525624,
821.834084,300.424618,71.1503576,
820.439765,287.15429819999997,71.4511729,
821.295467,272.3627173,69.9748799,
826.820679,338.73023,65.77972940000001,
826.2390829999999,303.09407799999997,67.0680057,
828.279183,299.19773299999997,64.6269848,
845.346898,367.416929,50.9951956,
840.819989,305.046509,53.7374819,
843.117429,309.559569,52.4008556,
850.895681,398.584463,45.8025012,
845.796031,319.270756,49.4124998,
841.8063950000001,238.0110089,53.0284653,
845.626318,294.185831,49.1901961,
855.057132,388.56065,43.1491556,
855.973792,346.97340299999996,41.0380769,
797.9319419999999,308.939397,79,FAILED
800.807959,333.724833,79,FAILED
801.094644,341.60454200000004,79,FAILED
802.459998,321.451026,79,FAILED
803.716156,345.04902000000004,79,FAILED
804.5811659999999,331.87495,79,FAILED
802.07919,280.18126010000003,79,FAILED
812.708793,336.203892,78.1129947,
809.145391,276.2718799,79,FAILED
815.955598,354.346427,74.3171028,
822.886443,412.812717,68.3233583,
815.865052,310.095182,76.054142,
821.080954,348.898454,70.5994857,
823.0607620000001,344.407221,69.3077912,
824.588925,345.65801999999996,67.2530237,
823.573444,324.108375,68.3866823,
822.139513,289.438146,69.5647861,
827.017,327.987554,65.3656146,
827.56717,334.157374,64.85280829999999,
823.459109,272.7788479,67.5154718,
833.578298,391.697744,59.5837161,
825.30391,291.49972,67.2110236,
835.258089,368.887287,58.4466643,
839.1046670000001,319.56818699999997,54.9348742,
843.609774,341.957406,51.6162833,
848.0059679999999,395.009271,47.9926406,
843.188629,287.4233284,51.0684539,
847.316021,333.29654800000003,48.688132,
846.374957,236.840982,48.4050975,
857.4361,382.871101,40.2894979,
858.314145,362.71682999999996,39.8745036,
856.946238,304.130291,40.8438745,
797.51294,301.023605,79,FAILED
797.500875,278.5534271,79,FAILED
804.389093,351.215399,79,FAILED
809.042102,348.65321,79,FAILED
808.321627,293.010993,79,FAILED
807.246303,270.7213624,79,FAILED
812.872975,319.03878299999997,77.9427605,
812.08191,278.8002288,78.325295,
812.17042,283.9096018,77.9703444,
814.246441,274.9938024,76.1233453,
822.950328,378.37876900000003,67.9327107,
815.304662,266.5054586,75.0989852,
817.277142,280.3763373,73.576498,
825.740699,363.474145,66.6254437,
820.61596,263.1306753,70.725453,
829.273311,343.075833,63.735510500000004,
826.114439,274.0884997,65.2768658,
825.464976,253.5994185,66.5892364,
830.779127,293.505009,61.985217,
833.432056,335.35997699999996,59.1867441,
832.995613,297.34573,59.6723808,
836.244208,318.513549,57.2156553,
848.6576,318.10044800000003,45.9369036,
847.993416,295.295883,46.9000584,
851.116634,299.824157,44.5801981,
855.907427,329.010735,40.0665051,
797.52861,338.033671,79,FAILED
800.3647980000001,300.500839,79,FAILED
806.991392,355.062134,79,FAILED
810.020877,320.054295,79,FAILED
815.494602,345.66321800000003,74.521281,
815.201958,327.527072,75.9265479,
819.249699,375.427333,70.1938852,
821.135034,339.17731200000003,70.1993706,
816.956632,287.66144099999997,73.2782161,
819.081606,322.943781,71.5936472,
823.259082,298.741363,67.98192230000001,
829.013275,334.409038,62.6566684,
825.988068,229.4452335,64.20052419999999,
830.1088110000001,217.5011129,60.5375665,
831.639852,217.6253561,58.6829297,
835.796688,273.3349021,56.3784066,
841.741874,231.1838838,51.225059,
848.362677,267.0611133,45.8785511,
861.286757,365.542034,36.9693394,
853.468853,243.5562451,42.305516,
853.820678,249.7233871,42.2914789,
857.881803,292.567922,37.8176619,
794.7363379999999,294.224132,79,FAILED
802.697999,366.90284399999996,79,FAILED
798.841025,281.3181623,79,FAILED
805.268492,328.587654,79,FAILED
810.626089,296.951238,79,FAILED
813.745301,322.45328900000004,76.0301092,
813.618563,289.476841,76.4846234,
817.07587,325.47193400000003,73.7419854,
821.594507,352.246433,68.4073949,
826.326812,344.73830899999996,64.73590709999999,
825.359516,311.207598,67.453529,
828.826512,288.3741563,62.7679585,
832.981855,324.032597,59.2870832,
843.083305,407.400286,51.4695714,
833.841838,286.7537073,58.4187889,
832.176054,252.2643326,59.508258,
838.599917,333.444165,54.532742,
834.9235639999999,253.6915909,57.4967269,
845.929658,321.27284199999997,47.7004986,
857.188278,374.050922,39.5600457,
851.255909,303.919977,42.7302799,
856.085863,322.70277,39.6552739,
856.927927,298.99793999999997,38.3753881,
854.720788,254.4884695,40.3930964,
858.6513669999999,283.8187707,36.9736759,
794.565981,304.865649,79,FAILED
798.040344,330.77450799999997,79,FAILED
798.218048,311.321333,79,FAILED
805.292687,342.558933,79,FAILED
806.098837,302.633731,79,FAILED
811.3658869999999,325.066684,77.745355,
816.775294,376.651532,73.5444571,
812.508399,312.151799,77.5647481,
815.210903,337.569055,74.3601303,
819.312761,331.144674,71.2385525,
819.744765,295.620425,70.7966515,
822.764878,335.585287,68.320903,
823.293802,351.69485299999997,66.8323886,
823.034263,285.2551994,67.7055074,
831.873705,372.488437,59.7487385,
822.260058,238.6452654,67.2303227,
826.0126769999999,287.3824003,65.0317282,
828.342613,323.11822900000004,62.563171,
831.968822,328.689752,59.5942041,
834.703528,328.281376,57.4471647,
833.973007,301.420025,58.2035756,
841.026287,322.834561,52.0816014,
841.354139,303.73173199999997,51.8746194,
838.859828,219.7377721,52.321278,
845.217261,273.7715878,47.5784618,
851.387728,320.25157,42.6668343,
847.036689,233.21452920000002,46.1096423,
860.756216,338.27066,35.519078199999996,
856.659571,269.0249657,38.7830629,
858.228392,272.9410277,36.6611113,
796.23759,319.11091,79,FAILED
795.454535,288.6043959,79,FAILED
804.090736,364.66449,79,FAILED
804.8598529999999,320.37667899999997,79,FAILED
802.035678,291.25952,79,FAILED
805.65527,308.097941,79,FAILED
805.780733,323.863963,79,FAILED
809.115514,357.538354,78.3048454,
813.011137,356.984213,76.0318188,
811.467274,344.259723,76.7361543,
806.694787,265.03912149999996,79,FAILED
816.342383,367.723524,72.6396428,
807.043715,231.30891780000002,79,FAILED
816.127099,357.4615,72.0496036,
812.9881849999999,297.147787,76.4097151,
815.455485,298.752938,74.3788716,
816.7254419999999,309.632725,73.3877843,
818.5672,274.8962106,71.288095,
817.592498,258.9927317,71.9170369,
821.471357,308.54666299999997,69.1429129,
821.8235090000001,253.39041070000002,67.82763800000001,
825.327913,293.783993,64.8613524,
836.1163,408.73213799999996,55.4252389,
835.2540309999999,379.087984,57.4019964,
836.65661,403.32491500000003,55.5925784,
830.271868,237.03857440000002,59.7867221,
844.568637,407.52443500000004,49.5647702,
845.067646,401.00190499999997,49.1783611,
838.098697,300.34601499999997,54.0765264,
846.177447,303.930113,46.6943637,
853.085605,379.87669,42.564527,
848.881482,305.715953,44.5470616,
848.839714,241.593178,44.2446279,
861.394055,348.752337,34.903684299999995,
793.495868,324.027196,79,FAILED
798.430211,338.214095,79,FAILED
807.058508,340.899609,79,FAILED
808.458394,325.42319399999997,79,FAILED
810.569615,329.902194,78.1312856,
812.513339,350.119306,75.2090674,
814.4422950000001,293.06681000000003,74.3002286,
817.072781,301.206982,72.3182546,
816.787955,295.764078,72.2732895,
814.653526,271.946334,73.914401,
821.351467,366.47895900000003,67.2450179,
821.823027,360.971156,66.3607077,
827.843808,404.857096,62.2137643,
820.649629,244.5643253,68.4471944,
825.185486,280.589401,66.0179197,
832.441198,381.96547899999996,59.0022996,
826.679569,304.714663,64.598356,
831.072716,320.30442800000003,60.8076579,
833.34101,247.7256959,57.9608859,
848.127439,349.561401,45.6962987,
840.658289,225.812097,51.0476554,
844.030553,223.545737,48.2354092,
846.468912,287.8842374,44.947836,
847.9801239999999,236.1665843,44.3747883,
852.915989,296.896666,40.425489,
798.412891,324.330719,79,FAILED
803.520718,302.730037,79,FAILED
812.674787,400.693989,75.1571996,
809.849385,308.590696,79,FAILED
809.962313,292.44584399999997,78.0878593,
812.0911189999999,332.589912,75.968265,
809.305158,261.5525852,77.7738966,
815.525013,330.746756,73.5719705,
810.524772,228.6608908,76.3522082,
820.024997,293.984718,69.0238721,
820.7587100000001,265.1366878,67.918898,
826.168147,339.473921,63.5556275,
832.176184,356.695914,58.5753199,
825.783912,240.42778429999998,62.7081266,
832.212042,218.2256802,56.7187992,
849.464532,324.489549,45.1835166,
855.099002,368.0403,40.3790371,
857.011452,278.3609412,37.595424,
793.811358,281.0429228,79,FAILED
800.161269,357.790579,79,FAILED
800.224312,318.304087,79,FAILED
802.436838,313.201153,79,FAILED
802.242165,277.1314065,79,FAILED
804.789203,296.542492,79,FAILED
808.381822,352.821771,77.6484103,
805.100176,279.0325486,79,FAILED
807.554571,303.07872399999997,79,FAILED
810.976719,361.701418,75.499221,
809.412856,302.966616,78.4291745,
811.145808,301.772676,76.8878536,
812.692055,285.8068485,75.0973669,
816.445907,337.11869,71.683389,
821.950501,407.94405900000004,66.674296,
820.396142,358.040724,67.8855538,
821.691574,302.88767,67.23019260000001,
823.8038300000001,322.94464300000004,65.3768785,
823.792623,300.145459,65.4203114,
829.642865,338.730299,60.6116711,
827.778607,301.783301,61.907891,
825.565499,217.7662692,62.7711114,
830.626965,267.8880466,58.7774965,
835.498733,297.013506,55.3124073,
838.4293720000001,326.267838,53.1693133,
840.784539,335.596069,51.1553786,
834.059019,221.2629464,55.3586235,
849.212747,391.243406,44.4445948,
853.457995,386.16740500000003,41.3614393,
846.946136,254.47792570000001,45.653182,
848.886826,280.66690570000003,43.0169074,
856.749101,346.87166,37.611441,
797.620632,347.82446500000003,79,FAILED
795.782106,304.597156,79,FAILED
800.0848530000001,335.195495,79,FAILED
800.992857,323.338554,79,FAILED
802.33583,346.063559,79,FAILED
803.028146,335.329932,79,FAILED
803.878337,288.3176801,79,FAILED
808.730421,338.948847,78.1814248,
813.778286,363.556574,72.957536,
814.396831,342.593009,72.7866689,
809.845587,242.27333149999998,76.3092724,
818.455138,304.332905,70.6302301,
823.034711,349.32674399999996,65.175558,
822.4883,341.887887,65.57729359999999,
818.805895,280.6738975,69.3632572,
822.334967,326.76119,66.4026768,
825.650858,351.150676,63.91600270000001,
830.028627,361.32413199999996,59.4065564,
831.682888,290.13486,58.1401352,
829.52896,263.23163220000004,59.4468992,
839.7051240000001,352.89336000000003,51.4280041,
847.7482190000001,400.28999699999997,44.8436203,
843.214071,336.412932,49.656386,
841.149286,299.486106,50.321747,
842.778968,303.352443,48.2653425,
850.297757,383.157833,43.6994227,
845.806993,244.5572987,45.885288,
849.861006,323.98854800000004,41.3900863,
856.392473,380.35393,38.257439,
847.702605,271.0919935,43.7743829,
857.025788,354.793777,36.8820437,
793.5734239999999,330.91996800000004,79,FAILED
806.3889409999999,310.929321,79,FAILED
810.323481,271.0851259,75.7073707,
814.447685,276.5837619,72.945064,
817.831322,328.304535,69.7262235,
820.226388,341.84669199999996,68.0434215,
817.924707,285.1214692,69.9111425,
820.246816,330.735819,67.7242522,
821.67384,295.418373,66.6853175,
829.546774,378.562448,61.2484117,
825.661471,328.059039,63.4888507,
826.117033,346.475425,62.4785474,
834.921097,324.34229400000004,55.394001,
830.79642,243.0210027,57.8727215,
837.252167,282.9279209,53.0079547,
846.973613,328.20115,46.0472325,
842.559159,232.3295147,48.0370539,
848.54846,297.096583,42.6933613,
797.797686,351.857668,79,FAILED
795.202977,283.2876183,79,FAILED
798.450504,327.180544,79,FAILED
804.738069,351.983123,79,FAILED
804.530744,306.357216,79,FAILED
806.366358,283.1820202,79,FAILED
806.214596,269.3587853,79,FAILED
812.1953570000001,349.408419,73.3739123,
808.50517,276.3705748,77.3227254,
817.365172,350.218621,69.2124315,
816.099717,307.127186,71.6233885,
818.664929,334.339679,68.8919226,
813.394513,259.7203475,72.695093,
812.8920439999999,233.6513041,72.0731393,
816.2506579999999,264.3383797,70.7029595,
821.980811,289.185222,65.7516851,
820.533776,248.250485,67.30303570000001,
821.5414000000001,269.8230668,65.7224745,
828.779308,333.236938,59.9545572,
821.771511,218.544404,64.9224449,
831.66419,319.840188,57.4285879,
833.105412,304.122551,56.1723269,
841.013153,323.26695,49.2151615,
843.753009,333.18749,46.9547163,
840.330802,283.36539600000003,48.5728784,
839.8145930000001,221.0836315,49.6852213,
850.16832,333.708173,40.833534,
857.7901850000001,331.916346,34.989245,
794.414582,326.365878,79,FAILED
800.9635069999999,309.355619,79,FAILED
800.208357,286.9879034,79,FAILED
801.038668,282.0964307,79,FAILED
810.029614,308.87255,76.8569621,
811.2180020000001,326.529801,75.437527,
814.786373,290.501865,71.6982433,
819.3762340000001,346.981713,67.2556353,
817.442055,300.5682,69.6621643,
815.633188,268.8338129,70.8772764,
821.274786,336.757987,66.4907865,
817.47694,274.6848778,69.3903848,
815.5428890000001,231.5434128,69.3532743,
818.763173,269.7716759,67.9853046,
843.590981,399.644202,47.0076913,
845.907953,394.94566399999997,45.7702033,
848.457391,349.40155,42.9018625,
846.711643,326.170636,43.1237105,
850.6225870000001,301.16155100000003,40.4560227,
854.835499,327.294986,37.6811687,
852.084203,286.8957308,39.1743451,
791.958057,311.073982,79,FAILED
795.691215,293.115849,79,FAILED
798.984675,311.909732,79,FAILED
797.450191,297.27871600000003,79,FAILED
801.569354,359.70845099999997,79,FAILED
803.894866,346.22044700000004,79,FAILED
805.780395,296.38349800000003,79,FAILED
806.242403,288.0416499,78.7948521,
810.065427,355.77342,74.8295531,
808.678403,287.9250881,76.8984464,
811.790136,312.19726,74.71123,
811.539816,306.095334,74.9865322,
809.507079,281.1930784,75.7524409,
808.946134,265.9085348,75.7016188,
816.197623,341.563897,70.4923316,
816.432097,345.949119,69.3742586,
817.50382,310.441028,69.8293098,
815.661594,278.6550719,70.909502,
820.8869589999999,356.630016,65.6396159,
819.537862,290.165175,67.3736984,
823.318279,333.600104,63.791741099999996,
825.7072880000001,353.62235699999997,62.0231057,
820.937142,275.0029508,65.4124577,
818.006261,220.8353914,66.7559026,
827.6603299999999,347.558715,60.1290186,
821.308982,227.8593381,64.2769457,
826.5234399999999,289.023642,61.1322282,
843.799041,407.280354,46.462538,
837.767604,306.77288699999997,51.715438,
840.400112,304.846966,49.3714542,
850.598038,391.229629,40.8422575,
842.772359,291.5233,46.579395,
843.088478,227.6222328,46.6098143,
851.859428,250.1791727,39.8531748,
792.395698,344.012201,79,FAILED
793.301235,314.300617,79,FAILED
795.574456,301.319845,79,FAILED
796.61905,320.229789,79,FAILED
798.531376,342.974719,79,FAILED
797.17523,308.13149599999997,79,FAILED
799.650568,332.248056,79,FAILED
805.110501,343.71016599999996,78.3489455,
802.507619,283.4035694,79,FAILED
808.018354,335.426942,77.1321695,
807.284599,313.297515,78.4981702,
809.360954,319.371236,76.4378315,
811.526849,354.552936,72.8523023,
810.3450760000001,299.989284,75.4541269,
813.641856,326.944436,71.8530302,
811.1925229999999,267.6167391,73.764155,
818.373782,322.87615,68.8311012,
824.546083,304.177643,63.15148909999999,
823.743874,295.26854000000003,62.8260712,
833.981483,380.672542,54.8712832,
828.788057,320.016588,58.9734392,
827.442334,294.093451,59.5042362,
830.806873,332.85245399999997,57.4107129,
833.5451869999999,360.71903199999997,54.8504581,
829.433747,258.3060693,57.7945623,
851.2300319999999,319.325743,39.3269132,
855.001334,337.134631,36.8179267,
858.368611,363.583846,34.554717100000005,
854.45181,296.60883,36.4625344,
795.771747,329.63919699999997,79,FAILED
796.8418810000001,348.078827,79,FAILED
798.243612,302.929188,79,FAILED
800.20883,316.76498200000003,79,FAILED
802.992653,328.330011,79,FAILED
803.740692,321.042354,79,FAILED
807.342894,348.238562,76.7965412,
803.753454,291.519741,79,FAILED
811.947168,335.539374,73.1706241,
808.094571,234.5605408,76.0677686,
819.579774,323.157917,66.95823229999999,
825.061443,382.556852,60.8678326,
818.556878,282.7982133,67.187563,
823.728599,360.020858,62.2176514,
826.860497,376.559277,60.0694619,
827.861787,300.796567,59.5617538,
834.8468760000001,355.008331,52.767767,
841.514898,404.343209,48.2770476,
834.240954,317.92526699999996,54.0875021,
841.097857,365.154819,48.4989557,
844.490054,403.495745,45.4212207,
834.94997,250.8219739,53.7638422,
847.9830959999999,387.584673,42.8738567,
851.404068,264.7283853,39.261831,
859.076413,342.384645,34.524272100000005,
791.752043,300.504268,79,FAILED
808.022332,340.934386,75.8733595,
809.109879,337.52999,74.5358169,
810.68797,293.844609,74.6018077,
813.017593,331.901813,71.6569153,
815.314623,323.604109,70.6159867,
815.190097,337.123518,69.4626608,
828.538223,384.464273,58.3049848,
825.399676,342.93713,60.7751151,
823.774098,285.9692935,62.5077909,
825.693094,328.65054,60.5280359,
825.437235,321.45012299999996,61.0916051,
833.590462,352.33295799999996,54.6857459,
847.757296,398.347313,43.1999718,
843.533052,353.2107,46.5684965,
837.161132,279.1149444,50.0102468,
848.093502,375.50771499999996,42.7661275,
844.767492,319.611395,43.9862692,
839.661883,225.3858543,47.913278,
850.78192,377.101136,40.048157,
845.072823,301.411339,43.7285271,
859.142305,353.02828999999997,33.7854343,
855.096265,323.13655900000003,34.7306497,
851.141791,257.7091158,38.9011769,
854.849106,290.19126900000003,35.839110000000005,
791.4572860000001,309.29725,79,FAILED
793.858035,334.326306,79,FAILED
797.167895,353.772328,79,FAILED
800.47552,302.945976,79,FAILED
806.489932,357.628326,76.4384234,
803.019166,277.2223941,79,FAILED
806.875823,327.732252,76.6861798,
806.545072,281.1922456,77.4341932,
816.950755,326.55978500000003,67.9628196,
823.3248639999999,388.858784,63.0939353,
817.865587,305.075217,68.3796413,
812.1333070000001,228.4264275,70.8603137,
814.838258,244.6559703,69.3280375,
826.410221,390.121307,59.2876023,
827.3850150000001,324.32941700000003,59.3017383,
829.658892,325.291977,57.2796822,
827.375441,306.027354,58.6766658,
829.128372,302.582442,57.3583221,
828.904203,296.82354,57.6628391,
839.916521,409.383246,48.6525044,
839.587849,360.547812,49.0067713,
832.4576509999999,220.62425819999999,53.4123811,
837.074349,284.5125772,51.2004576,
838.925063,287.8347342,49.4548084,
835.866885,226.5664126,50.876351,
836.772193,266.39389189999997,50.0189164,
842.97912,321.74352899999997,46.2233217,
842.158768,299.655135,46.8293625,
851.714336,385.262251,38.9742684,
850.98304,365.040999,39.4699969,
842.299022,233.8680084,45.8568728,
848.385836,305.490367,40.9315876,
854.521649,371.471044,37.1971142,
855.37386,366.777196,36.5121716,
856.104713,376.131084,36.0413127,
850.323144,273.1756143,38.8381125,
792.733888,340.31881799999996,79,FAILED
793.528623,322.877473,79,FAILED
795.10931,312.493171,79,FAILED
799.464991,350.754318,79,FAILED
800.360282,341.488318,79,FAILED
801.89724,355.589572,79,FAILED
801.048056,311.988874,79,FAILED
800.179306,292.142874,79,FAILED
804.26356,330.41312,78.516852,
804.975135,318.96981800000003,78.5778492,
805.723622,322.998134,77.2750383,
809.9326120000001,368.934038,73.0317617,
809.62403,322.312624,74.4330361,
807.4804,292.216403,75.7229874,
812.903467,355.243043,70.3552473,
812.022997,302.898007,72.611023,
812.938391,297.409192,72.0293305,
816.1039969999999,332.828575,70.4696444,
812.038733,274.2118016,71.3317404,
814.606321,294.22866999999997,69.9241268,
818.7041380000001,351.266597,65.45722810000001,
816.133201,289.918504,68.7782647,
819.096355,332.548462,65.3923494,
829.09836,376.620139,57.5116241,
820.558373,218.2612264,63.083601,
831.607011,329.144174,54.9940295,
832.374838,308.980664,54.2312595,
834.145539,328.244591,53.1474873,
834.6763100000001,322.834536,52.4419271,
833.856172,303.560958,53.2657913,
836.640312,326.790526,50.8459684,
836.0183910000001,301.391651,51.3834739,
835.596868,218.398823,49.7007212,
845.793281,344.84801,43.0972036,
847.140835,260.5508552,41.7735624,
795.251759,337.88886,79,FAILED
792.0011509999999,288.6226531,79,FAILED
797.086738,297.502033,79,FAILED
798.861136,333.467219,79,FAILED
798.700754,307.093258,79,FAILED
806.210766,306.582247,77.6789002,
802.9015469999999,265.4322888,78.0270084,
809.236542,344.211357,73.5597456,
811.842785,360.880809,71.1295599,
809.28298,332.212765,74.0807076,
818.252932,415.750986,65.5506056,
804.428983,225.3431954,76.5100554,
810.938161,279.9681176,72.1856686,
808.8751589999999,236.3630611,73.5358714,
812.832317,222.5480588,69.5159855,
823.345628,333.32473,61.5960407,
820.945501,291.154339,63.57007709999999,
823.813712,296.435736,60.9636843,
826.511452,288.9572839,59.0464522,
828.336375,307.789103,56.7666244,
831.825846,294.23452199999997,54.1459835,
843.279015,326.866036,45.2177762,
846.77283,269.12180290000003,41.5294136,
855.082103,347.22204899999997,34.8917784,
854.997262,268.4047141,36.2270869,
790.344214,321.02113199999997,79,FAILED
788.688462,294.376373,79,FAILED
794.357366,356.088848,79,FAILED
798.5093919999999,321.78826000000004,79,FAILED
799.477449,345.944862,79,FAILED
801.481077,337.021732,79,FAILED
799.42894,296.775012,79,FAILED
802.568322,313.185053,79,FAILED
803.67012,308.236391,79,FAILED
807.132868,347.243381,75.0885234,
805.450053,261.8984928,77.2502001,
807.204217,276.1874102,75.2231308,
810.573116,285.2692961,72.4383534,
815.844389,356.434438,66.9479139,
815.231867,321.160392,69.5852047,
816.940977,342.27664300000004,66.8045069,
816.54665,295.798828,67.7727134,
817.556158,305.430885,66.2398456,
820.427544,323.163094,63.8168364,
827.3280609999999,330.100902,58.207018,
823.45402,271.841208,60.0528775,
824.3417910000001,217.2742584,59.9482722,
834.931619,310.43203800000003,52.5213643,
838.109255,319.298153,48.2854236,
835.233202,255.0189502,50.809222,
840.134188,304.989051,47.1494234,
840.755581,295.838342,46.0141888,
853.001079,275.9132124,36.1419759,
788.722459,325.38057200000003,79,FAILED
797.637107,337.941075,79,FAILED
803.471132,325.421738,79,FAILED
801.644049,285.6648138,79,FAILED
805.886703,332.43525,76.2510468,
803.255628,228.976071,77.6019558,
809.453843,272.5912492,73.3181259,
812.367573,302.702927,70.624565,
814.519637,352.604143,67.25089729999999,
816.365245,360.787935,66.10565030000001,
813.374596,281.77107639999997,69.6126715,
819.626523,360.134377,63.8055303,
820.341037,339.126329,63.23540220000001,
816.044406,255.77890809999997,66.9571478,
818.365076,293.692534,65.4358148,
819.224548,278.2497847,64.2246199,
817.786486,252.46058349999998,65.5067842,
823.655885,338.74183400000004,60.2717561,
820.358975,282.5631217,63.0972271,
824.203545,304.38195,60.6145873,
834.563881,410.463837,49.360975,
789.416981,314.836478,79,FAILED
790.9506759999999,303.380344,79,FAILED
792.336774,318.209176,79,FAILED
795.535184,337.76271399999996,79,FAILED
795.790675,311.796089,79,FAILED
800.494729,301.672796,79,FAILED
803.140467,301.718865,78.6130834,
808.8652,297.786044,73.8662512,
811.160286,345.732688,70.141836,
813.674181,254.7213821,68.0311006,
820.854851,349.910883,62.2181272,
814.8033829999999,249.19817410000002,67.4600845,
818.226739,300.54477199999997,65.4290417,
821.555607,327.759905,62.1423646,
832.988103,279.9609086,51.7802176,
843.800016,237.5237405,43.1237352,
786.997849,302.03216299999997,79,FAILED
802.024861,351.217292,78.0187674,
803.7201230000001,338.475632,77.5554604,
809.28261,345.252361,71.6786557,
807.197165,286.2487494,74.464565,
810.9958770000001,339.13228300000003,71.2174009,
810.806607,308.550429,71.7590859,
815.262344,366.065916,66.5297176,
813.263069,341.587314,68.6944112,
814.093308,348.05900199999996,67.7989424,
815.517006,336.778919,67.1126776,
809.501316,223.3651055,71.3615232,
818.424769,327.012859,65.0676847,
819.222453,329.763007,63.4522929,
818.140527,287.5728461,64.5845432,
823.482445,260.4306571,59.2950314,
830.095705,321.64164500000004,54.4223282,
831.760933,332.846595,53.2205648,
828.528681,218.369273,55.0871696,
837.709487,268.3797521,47.4954679,
847.634718,395.653866,40.3825483,
850.834828,376.187544,37.6500616,
855.397564,333.649411,32.6237633,
787.361915,308.174534,79,FAILED
789.346315,298.036553,79,FAILED
792.946693,293.459124,79,FAILED
791.808314,237.4286492,79,FAILED
798.952753,324.72810200000004,79,FAILED
804.227316,352.302168,75.7424857,
805.853938,362.162634,74.7422709,
803.029631,293.42706,77.965967,
816.761045,396.810527,65.2652528,
816.975473,402.003217,64.7799053,
819.96052,408.018526,63.829970599999996,
805.894211,240.6208532,74.7132249,
811.22772,289.343525,70.1950561,
812.2742880000001,298.39083700000003,69.2054775,
813.419009,276.3040934,69.1607113,
817.5680649999999,339.413626,64.9472757,
815.469374,300.915215,67.3539878,
814.18217,279.0241614,67.5598405,
816.871883,320.7108,65.7836749,
825.87896,403.139595,57.1760611,
819.630075,306.700798,64.108273,
822.518416,348.421788,60.2802042,
822.559461,353.646699,60.0872865,
834.012802,337.840236,50.6709208,
837.019011,300.575,49.2484758,
832.34073,219.2200128,51.1341355,
846.885124,379.654805,40.9307625,
836.962655,230.1756155,47.790762,
844.82015,319.10535600000003,41.2920779,
844.2835729999999,274.88835489999997,41.3316916,
846.945631,245.7867684,39.4205035,
854.9942639999999,359.064596,33.234422699999996,
789.0899890000001,332.55143599999997,79,FAILED
791.662145,298.40396,79,FAILED
794.5543250000001,324.092038,79,FAILED
798.193763,279.6686109,79,FAILED
801.426473,280.6592711,78.0052338,
803.87305,300.195789,76.3687683,
808.099189,365.068128,72.0170117,
807.563666,327.97296900000003,74.0325608,
806.35055,303.276964,74.9104957,
813.195055,286.4088286,68.6791119,
821.47555,388.104868,60.5568235,
815.041234,287.3920498,66.7088109,
819.2659659999999,298.376321,64.1702741,
820.384234,301.150762,61.7630306,
824.084724,335.305631,59.2546772,
829.320883,406.710396,53.6442778,
819.527869,249.1349633,62.3332667,
826.874539,319.184534,57.0473061,
830.708752,299.013454,53.3692672,
838.120447,356.073889,47.3639817,
837.192794,289.287878,47.1379889,
845.416538,344.846029,40.6199086,
849.836059,328.84223499999996,37.2142291,
850.624489,264.6892282,36.7755071,
790.415293,329.55679799999996,79,FAILED
792.431711,326.393428,79,FAILED
793.025263,332.672273,79,FAILED
791.808901,304.069563,79,FAILED
796.45557,317.038679,79,FAILED
799.862723,296.909736,79,FAILED
805.084082,356.457402,74.1554036,
803.021699,276.5926665,76.590008,
803.810659,285.71342219999997,76.1181484,
808.016677,290.952204,72.8909219,
813.372885,331.87908500000003,68.3625418,
814.541924,310.689013,68.5460729,
810.910882,268.73172950000003,69.5219447,
811.6505500000001,272.6018493,68.6650242,
827.711245,357.559491,54.975775,
826.297049,254.030719,56.2634171,
832.313457,318.005428,52.0328265,
838.827845,337.912246,45.9380351,
838.302195,319.37989400000004,45.8050058,
845.312433,385.33055,40.716763,
840.576125,292.530508,43.9238917,
838.446016,229.0667793,45.6181993,
843.979983,242.297305,41.2857236,
848.125023,298.036521,38.2974062,
852.889345,340.033151,34.1510544,
848.379642,251.7322187,38.3183509,
853.487985,327.8307,33.5081062,
855.606279,340.934915,32.1542357,
791.748752,309.639308,79,FAILED
792.377187,318.982328,79,FAILED
797.285587,318.149091,79,FAILED
799.664721,317.686183,79,FAILED
802.289687,313.729188,77.9641988,
803.8905090000001,337.21903,75.4810508,
803.468898,309.678367,76.8231797,
807.994245,358.112441,71.8679638,
811.042517,327.44300999999996,69.305909,
816.693174,364.356544,63.9795221,
814.705791,329.43793400000004,66.5112189,
816.07385,344.877792,64.4587898,
821.194999,323.23428,61.3337893,
821.052174,289.578296,60.9572662,
825.036161,292.56602,57.0486543,
833.826912,405.173971,49.9304301,
828.64634,306.022307,54.0424128,
833.327645,320.485864,50.0991108,
835.675232,305.622523,49.0060296,
837.196857,323.866108,46.7423268,
838.8185980000001,314.593251,46.6873537,
840.078846,300.396661,45.0265884,
835.299538,223.4296712,47.624451,
841.497555,232.9512529,44.4385277,
852.420888,285.7105425,34.2048744,
789.247303,312.169844,79,FAILED
789.016351,293.578131,79,FAILED
791.783877,315.840789,79,FAILED
798.924655,328.710833,79,FAILED
799.2123369999999,306.98168599999997,79,FAILED
801.378922,346.928585,76.8157522,
806.797196,352.251386,72.204174,
807.165857,339.430474,72.3025518,
807.026648,307.35260800000003,73.4032712,
805.339316,268.0409426,73.7655015,
815.945345,356.68047,64.78892350000001,
820.372521,378.471568,60.7709667,
817.882141,343.499935,62.5368643,
814.475781,275.3764717,66.1895451,
823.248713,295.992412,58.6789998,
824.763476,299.212022,57.2309005,
831.595973,306.364352,51.7644386,
840.28903,400.740908,44.640729,
830.4304999999999,224.2459821,51.2858117,
849.803147,334.459476,35.7166865,
853.8169379999999,353.597468,33.7561768,
850.691046,294.610145,35.3649446,
849.398371,257.2688366,36.591883,
784.53824,330.697474,79,FAILED
787.374049,341.654488,79,FAILED
786.045393,319.126133,79,FAILED
793.503515,306.56124,79,FAILED
814.247424,346.668281,65.8240122,
809.31532,245.7766583,69.2416384,
808.287356,233.8691606,69.6113876,
816.848079,334.99804,63.754398699999996,
815.9041090000001,311.033327,64.9914629,
822.313626,379.851529,58.767331,
820.181656,342.464164,60.7822132,
823.039224,326.679394,58.6718351,
823.00445,320.255519,58.9591924,
826.043836,302.995103,55.6781962,
833.646063,368.29149,49.6934265,
827.871418,224.3600591,53.5282906,
834.525975,284.83837800000003,48.2182722,
840.028004,328.95783700000004,43.4694679,
843.151517,298.397903,40.6914724,
845.260362,306.10134700000003,38.7937854,
848.565499,285.7554842,36.5153669,
794.409996,350.82413299999996,79,FAILED
794.5758559999999,301.542552,79,FAILED
798.222671,340.75744499999996,78.8723038,
798.655757,322.712869,79,FAILED
797.360845,284.9904267,79,FAILED
800.670214,333.070674,77.4849,
798.57095,290.54981,78.9207347,
804.230928,367.611178,73.5960835,
802.474319,342.399609,75.7591427,
804.0619360000001,341.02892399999996,74.0031216,
809.995216,378.565671,70.4575197,
804.915508,320.915668,74.4142342,
804.1834650000001,296.81316,75.0314824,
803.772925,281.4259637,74.7233976,
806.9990270000001,302.975196,72.7503056,
808.167216,298.304694,71.5501774,
806.757879,260.1208253,70.893858,
813.007556,291.654882,66.7691369,
819.460882,306.694069,61.7565023,
818.21428,294.453979,61.9067551,
821.836083,316.19129,60.0399816,
816.296867,268.92876060000003,62.1369152,
830.711996,407.617939,51.3250648,
837.0607219999999,406.655592,47.3980772,
826.729417,265.4909765,54.0278389,
839.934793,406.430152,44.4893547,
834.791183,324.332223,48.4776098,
843.88866,392.450877,41.1463679,
838.745189,304.294839,44.5358937,
842.799897,252.6685568,40.743227,
845.315664,255.8992606,38.9578876,
848.124023,271.6756226,36.8131853,
787.488032,325.526139,79,FAILED
791.732577,340.783031,79,FAILED
792.712838,345.742383,79,FAILED
793.406218,294.83725400000003,79,FAILED
795.569494,329.12851,79,FAILED
795.4646270000001,306.778259,79,FAILED
800.413279,356.049842,76.3227152,
793.581295,232.5187559,79,FAILED
801.465695,305.099459,77.1975796,
802.229319,271.7581612,74.6617848,
806.585149,313.044233,73.0339,
808.007107,358.206737,69.4881568,
807.246163,330.936471,71.7356756,
807.904509,351.61089300000003,69.7173972,
807.043097,324.232262,72.114119,
806.320617,276.4716333,71.8116251,
808.587899,293.477355,70.6565081,
817.530499,383.817866,61.7943093,
808.761115,227.5421936,69.4143707,
816.26306,302.347828,63.4857349,
822.688654,365.209209,57.2665959,
818.655038,281.7450831,60.15689,
821.616587,301.617005,58.9327458,
823.996065,246.9018118,56.3275097,
830.615483,325.356651,51.9337322,
831.107247,300.549152,51.3947599,
839.762474,394.041227,44.6876592,
842.52196,400.63966400000004,41.8035632,
837.684996,316.625684,44.0493874,
841.420179,302.320072,41.7494552,
851.87817,363.771531,34.0257828,
845.304696,261.4622196,39.1827414,
787.118559,319.231531,79,FAILED
789.0552700000001,336.502743,79,FAILED
796.089995,312.879142,79,FAILED
800.791605,327.843491,76.5452472,
803.60857,310.963711,74.3842645,
804.599573,294.70413,73.5041327,
817.492152,391.17073400000004,61.1265382,
815.20641,283.0980352,63.9565772,
815.225922,261.2744166,63.2072325,
817.359734,286.9980798,61.9193086,
825.820714,363.579856,54.4484072,
821.788515,289.316283,58.2340626,
823.997475,307.39063899999996,57.3122993,
819.2197229999999,248.0014465,59.9674487,
826.3795279999999,326.101535,54.9919556,
825.895941,297.574164,54.7211919,
829.623619,341.407024,51.7979258,
826.473336,217.3757318,53.1053184,
831.849037,225.5655659,49.2023739,
849.060103,280.93482059999997,34.6333576,
784.9772820000001,333.68017299999997,79,FAILED
784.842176,291.378575,79,FAILED
784.781511,238.9499501,79,FAILED
792.151096,331.633283,79,FAILED
794.524843,344.95705599999997,79,FAILED
791.080317,298.490401,79,FAILED
797.475952,335.62244599999997,79,FAILED
793.613134,287.7794977,79,FAILED
800.217373,289.50181299999997,76.7532363,
803.062091,326.179324,74.6408419,
796.881295,229.434438,78.5337848,
804.258516,333.30144,73.5463781,
810.834015,344.73611800000003,67.54791900000001,
806.365858,285.318045,71.4275041,
810.391873,306.405274,68.9580842,
815.643495,377.09251,62.6677785,
812.337944,282.6347735,66.65101390000001,
813.530294,297.185973,65.8240175,
820.6727040000001,385.092514,58.8703935,
810.868391,245.6890752,67.055701,
824.741201,410.30242599999997,56.6262065,
823.508301,331.39667099999997,56.6342677,
830.068257,383.574521,51.725111,
834.272844,300.81552899999997,47.2265646,
845.544129,379.71369100000004,38.599967,
847.297363,301.437105,36.7914428,
851.093671,292.45774900000004,33.3329059,
784.274736,297.071547,79,FAILED
786.08449,308.413371,79,FAILED
787.989266,324.83993799999996,79,FAILED
793.863454,322.57917599999996,79,FAILED
795.160483,340.24699,79,FAILED
794.967072,293.115163,79,FAILED
799.723628,362.891252,75.946987,
798.942841,318.54853,78.1134353,
798.520708,310.268882,78.2131745,
801.146416,319.21175400000004,76.1395656,
807.775249,333.945602,69.8215037,
809.3367880000001,336.967974,68.2003819,
815.67217,406.55778,62.4941354,
807.251521,275.1793966,69.6074758,
813.429108,349.602508,64.0120062,
813.484003,336.33396700000003,65.2022415,
814.120199,323.98393599999997,65.0391724,
814.482529,304.23899,64.749405,
816.643565,320.122055,63.28240919999999,
816.836012,333.14523199999996,61.5811003,
815.5408,291.255125,63.5310535,
820.6865740000001,331.785912,58.6894737,
822.802327,324.44284300000004,56.975489,
824.358967,256.64604610000004,54.0681405,
844.278966,398.570385,39.34054,
845.7999580000001,386.827972,38.0338141,
840.9491869999999,259.0764243,41.3695212,
849.949205,275.8091478,34.145641499999996,
791.477142,313.53180399999997,79,FAILED
792.939606,310.554475,79,FAILED
793.639535,277.0867563,79,FAILED
801.759953,348.97828000000004,74.2746133,
807.200979,342.037205,69.4794322,
809.310161,294.41933,68.5636409,
817.040062,323.820236,61.9293474,
812.398877,257.4500041,64.5080304,
830.8185550000001,304.258038,49.6604866,
834.232619,341.990093,46.8185652,
834.2400749999999,334.369484,46.0765138,
831.235824,279.4354917,48.9193051,
828.155389,215.941305,51.3072463,
838.1463679999999,320.00458100000003,42.4295028,
847.882735,297.388127,35.761820900000004,
785.15624,314.101172,79,FAILED
796.297153,280.02814,78.6749983,
803.597357,347.05599,71.9218147,
809.7521340000001,350.87927,66.9771393,
811.152306,341.271497,65.3749492,
815.2846480000001,351.726603,61.9875245,
814.408504,329.879371,63.89787150000001,
822.874954,373.57599700000003,55.3661215,
817.864503,295.592451,59.7666664,
822.218558,217.7137784,55.1098772,
840.663595,324.86128299999996,40.4206181,
843.601669,321.141729,38.9362743,
839.036728,235.61644330000001,42.006933,
842.433533,275.5815155,38.5370385,
849.871091,276.3626378,33.0065371,
782.115011,291.111105,79,FAILED
782.75416,315.415236,79,FAILED
786.442796,299.463399,79,FAILED
797.494186,350.876885,77.2902534,
796.732792,301.860486,78.4949439,
801.341456,305.631546,74.5464143,
802.979091,271.6249858,71.9758146,
809.024726,321.718967,68.8858418,
810.061453,299.03548,67.15952709999999,
811.4179750000001,302.86471,65.754358,
813.213477,341.04938000000004,63.5877282,
814.631018,338.07408399999997,62.0117285,
819.320397,369.800797,58.0202136,
820.769098,342.752179,57.1896902,
818.035623,286.4111521,59.5473133,
823.8956909999999,318.249058,55.3518253,
817.191332,214.1602368,60.4495065,
832.540694,403.53600700000004,47.8607516,
825.2609640000001,302.302632,53.3135671,
835.414115,403.97164499999997,45.3726496,
828.671779,290.443794,50.3542502,
838.691167,404.622963,42.3214526,
838.545653,393.40694199999996,42.3770512,
830.063724,259.7885735,49.0738832,
836.062502,322.01835,44.187936,
830.566187,218.8286264,48.633909,
848.306257,386.022893,35.7153809,
848.119492,368.51118099999997,35.017677899999995,
850.865763,345.74924799999997,32.7489089,
788.069173,313.134431,79,FAILED
794.670635,319.23099,79,FAILED
797.356145,325.86551299999996,77.3747928,
799.921248,313.324427,75.6865793,
803.703275,328.54219,72.4679916,
799.131477,228.2141177,76.3236081,
810.0538,332.705088,66.70668359999999,
808.427135,284.3821142,68.3148531,
807.700732,278.92092460000003,68.2462556,
809.232475,275.5328235,66.5068824,
814.133422,347.288052,62.2318442,
814.647441,307.197514,62.9067203,
813.3674,277.2750357,63.1572283,
817.380903,339.053532,59.8044275,
817.70305,305.161534,59.8716556,
823.606811,307.387135,55.244787,
825.732434,321.260828,53.2782367,
823.097068,276.9532768,54.2993191,
829.2667739999999,364.122289,48.7171896,
834.354988,385.657567,46.6840626,
835.2999179999999,395.641487,44.925027,
829.515948,325.35799099999997,49.6951252,
834.8303109999999,352.605928,45.5803311,
828.116651,253.2412373,50.3117584,
832.140182,318.70468900000003,47.0762194,
833.064304,278.7171405,46.3516985,
833.090038,227.81410019999998,45.8353491,
839.204537,316.658306,40.5324719,
843.304128,248.26023800000002,38.2009033,
845.167057,262.36822870000003,36.5377036,
783.574101,324.638015,79,FAILED
788.03666,332.703339,79,FAILED
789.0605860000001,304.11923,79,FAILED
796.785149,336.563761,77.0331133,
799.531897,360.086914,74.1295515,
797.954396,300.279604,76.7596205,
798.602223,295.676825,76.0335443,
804.08776,360.85305,70.6725429,
802.84784,299.969801,72.4578038,
803.356205,280.8945279,71.2675103,
810.457917,364.370478,65.3711432,
811.047894,359.70273,64.9973799,
809.665099,271.051446,66.4038956,
812.550258,287.37771499999997,63.60202480000001,
817.061694,329.19651,59.8385582,
826.0074070000001,378.64799700000003,52.5105555,
820.960746,303.270228,56.7905745,
832.083377,399.482308,46.1189417,
826.847375,304.84882600000003,51.3716719,
830.243089,316.460473,50.4545846,
828.984667,232.7904513,48.99102,
835.71618,231.57407990000002,43.6940311,
847.692808,377.963081,35.1277467,
841.587269,295.35251800000003,38.5933497,
845.531192,347.16146100000003,36.3594264,
844.560637,329.480231,35.8014378,
840.800087,243.9022173,39.5248779,
782.565314,309.83634,79,FAILED
787.085824,321.382585,79,FAILED
794.3945180000001,325.566931,79,FAILED
789.800112,233.01301,79,FAILED
793.6378119999999,304.485735,79,FAILED
793.410324,299.112131,79,FAILED
794.847089,293.744106,78.6467196,
799.6574430000001,331.560303,74.7365922,
799.92198,292.817119,74.6379561,
800.685953,288.2243185,73.5314243,
799.568754,277.353482,74.5497466,
805.212773,285.2370193,69.7269464,
809.45857,351.55030899999997,64.75862910000001,
807.288344,289.164693,67.9831604,
810.008001,308.07764099999997,66.5713348,
810.983028,329.781756,65.1182199,
810.191304,278.8572835,64.768838,
812.9641770000001,295.69034999999997,63.7177415,
810.825499,234.6472902,63.859599599999996,
818.212896,324.027714,59.1046142,
821.1457330000001,296.507629,55.7494155,
827.294877,369.163842,50.5797552,
819.407918,216.981785,56.6710308,
827.31952,319.018473,51.0892969,
827.452239,349.163703,49.9387384,
829.875706,337.657334,49.5373729,
830.02513,307.579955,48.0699214,
841.541995,389.18326,39.3853528,
840.330457,319.426043,39.3924482,
840.039846,305.201551,40.0425975,
846.523597,354.48089100000004,34.9711567,
840.7063390000001,239.309577,40.2052825,
780.930573,320.573778,79,FAILED
782.5373549999999,337.62003000000004,79,FAILED
784.971641,291.25759800000003,79,FAILED
789.119587,341.080194,79,FAILED
788.438618,293.032154,79,FAILED
798.756693,401.08303,75.9843249,
790.53787,305.06086,79,FAILED
795.884306,344.147054,76.9963574,
802.473761,365.093577,71.7500278,
802.536665,352.057025,70.9649792,
803.6456880000001,346.382965,70.0365812,
797.906332,222.9526114,75.0237991,
803.14609,293.446547,71.2565756,
804.658047,300.70842500000003,70.2141238,
806.99297,330.702214,68.3461676,
804.3366579999999,290.33894,69.7764205,
801.2937870000001,222.2321515,72.0861194,
816.986481,348.559298,58.1055957,
820.696762,336.975688,57.0509273,
818.004757,278.5185323,56.8141198,
822.85958,293.107944,53.7358886,
831.174467,358.799123,47.0485895,
828.4352220000001,298.472705,49.8104416,
837.283324,398.681129,42.5078555,
825.6848669999999,220.8108528,50.7400382,
832.350109,324.036636,46.1327707,
835.152658,290.938897,43.4533014,
842.229293,339.3003,37.6663151,
850.591857,324.957153,32.8450663,
850.734866,336.253941,31.6471909,
845.684453,271.7676515,34.5052216,
848.343116,285.2929844,32.4374464,
779.297142,311.156205,79,FAILED
783.837739,343.273396,79,FAILED
782.9646740000001,294.69532300000003,79,FAILED
787.680828,328.287961,79,FAILED
788.611877,336.373645,79,FAILED
788.5239750000001,316.260816,79,FAILED
789.105219,321.662381,79,FAILED
790.867848,318.56314199999997,79,FAILED
792.1589690000001,324.32572400000004,79,FAILED
793.469747,288.5026148,79,FAILED
796.430901,304.568524,76.8458662,
800.2442570000001,336.70848,73.9489541,
800.1109690000001,298.885744,74.3041602,
804.714823,308.562176,70.8526532,
801.899363,244.4587039,71.7619502,
808.521868,345.572387,66.2036246,
807.280351,303.066436,67.71695940000001,
808.376017,293.54269899999997,66.6485433,
809.092761,287.8371208,66.00338070000001,
812.859881,324.40308400000004,62.9972545,
809.778829,283.46043,64.5853853,
814.416755,302.01554899999996,61.4686451,
819.814208,318.878063,57.4710231,
832.685866,408.138093,44.9796325,
825.0008359999999,269.5078145,50.964346,
831.807982,304.421701,45.6573645,
833.186917,286.6008093,45.2093044,
830.426636,222.5137858,46.7860628,
836.591115,303.893557,42.2520581,
849.730994,354.070694,32.0964046,
779.2200310000001,273.9290265,79,FAILED
786.026711,305.56138,79,FAILED
785.6560010000001,296.49566400000003,79,FAILED
790.361731,297.334233,79,FAILED
793.043122,343.85503,78.74447,
795.005372,330.635988,77.836658,
797.367854,338.055708,75.2231072,
800.444173,357.23053,72.8193626,
797.608431,308.278996,75.9370204,
795.850358,283.54789189999997,76.4727053,
800.600228,318.91067899999996,73.9209373,
801.657407,339.795444,72.0754448,
803.106756,337.478301,70.3375588,
804.717536,324.977536,69.5087456,
808.387217,327.512706,66.8558898,
807.794115,337.79387399999996,66.1861325,
810.211847,345.618737,64.1000882,
810.889999,312.089501,64.5974789,
807.803238,259.48385410000003,66.8109177,
813.725452,343.09495400000003,61.1091903,
815.672204,344.00160800000003,59.1942856,
813.2014770000001,282.7735132,61.7102411,
813.48995,276.8935882,60.8667902,
815.183209,290.043762,60.2402879,
817.093256,258.8126904,57.7886001,
824.978023,328.123435,51.3036053,
823.859163,287.7198256,51.7426783,
826.837126,280.31841380000003,50.4054815,
839.540656,398.627159,39.9627317,
834.395116,307.350856,44.0215794,
834.134845,301.191914,43.9776618,
832.850504,226.0883113,43.8116718,
840.2773099999999,334.114994,37.9631366,
847.25296,372.521995,33.6666996,
849.267497,368.06453799999997,32.3660011,
842.004204,252.8790723,37.3403523,
847.789491,341.423658,32.6803098,
789.7408829999999,346.664254,79,FAILED
794.616345,399.774039,77.0091783,
791.964718,281.78306480000003,78.7746045,
794.79696,226.3330783,77.3095433,
801.985662,313.746331,72.0361969,
806.2112549999999,267.82853520000003,67.28034840000001,
810.820228,334.30460800000003,63.76782510000001,
809.95714,291.75407,64.55860630000001,
818.757544,329.036247,57.4494611,
817.18696,297.88298199999997,57.6463979,
821.09411,329.90374499999996,55.0157972,
827.528687,405.52952400000004,49.0102826,
822.457343,340.037468,52.7363361,
836.1336269999999,407.477731,43.2831408,
826.682388,223.1921072,48.9496029,
835.71351,328.348245,41.6781314,
842.533158,322.6359,36.1545959,
836.530025,231.2384184,40.8694338,
847.267374,349.49425299999996,33.2417719,
843.984012,286.133787,34.742302800000004,
845.907704,295.190002,33.935395,
780.995736,330.426694,79,FAILED
784.208907,316.261986,79,FAILED
786.884204,309.422634,79,FAILED
789.194042,337.93989899999997,79,FAILED
792.194941,338.70423900000003,79,FAILED
790.822619,309.192177,79,FAILED
791.962129,275.483884,78.0487358,
797.249229,285.9948026,74.8119032,
800.140453,323.94730300000003,72.3224151,
798.2739369999999,281.30021220000003,73.4156878,
804.77378,342.141355,67.975605,
810.339789,381.06491900000003,62.7674484,
823.795754,407.744678,51.7118012,
826.539606,410.032683,50.3433496,
820.178662,321.486376,55.3715087,
817.5332539999999,287.5985915,56.7489305,
818.360531,292.721029,56.5241865,
830.447511,410.374104,46.7868939,
822.209885,298.135284,53.2355458,
822.904765,273.7206258,52.7379748,
828.105014,319.304277,48.2096812,
828.946814,283.3116012,46.3445847,
836.916057,330.57994199999996,39.7876404,
835.085309,239.9852186,42.4735523,
844.246961,301.696535,34.9810473,
780.876653,317.38811499999997,79,FAILED
779.601847,289.408107,79,FAILED
780.3269319999999,297.83529699999997,79,FAILED
784.634052,338.739398,79,FAILED
788.062368,331.711028,79,FAILED
790.502168,329.620448,79,FAILED
789.09385,291.570162,79,FAILED
793.2792489999999,319.80289500000003,78.683534,
795.660774,321.76649399999997,76.4386524,
796.727461,343.02509399999997,74.6952057,
797.271305,322.247183,74.5192353,
795.163818,275.0692753,75.5014821,
802.227652,308.195241,72.5431012,
801.950008,237.942626,70.8942262,
809.895034,354.171923,63.0505663,
809.171601,325.839958,64.8612347,
809.374421,309.066911,64.7558788,
810.341172,300.149422,63.35940479999999,
811.62778,296.328176,61.9061261,
809.826276,269.5761065,62.767581,
808.12347,215.2314667,64.4029032,
828.023867,411.918795,48.2950491,
824.475661,374.98864100000003,50.6883617,
822.094895,264.7530292,51.910563,
828.161595,324.772491,47.7179157,
782.44908,327.94061899999997,79,FAILED
785.369817,345.29375,79,FAILED
798.252223,327.503249,73.8131076,
799.679946,335.15181,71.9627263,
799.000984,294.744011,72.6946054,
802.2141,331.874375,70.2046747,
802.569381,297.209591,69.2489337,
806.072298,279.7686575,66.0882134,
807.734282,296.849666,65.0115531,
812.462128,347.615537,59.8072216,
811.9044289999999,273.10570029999997,60.7716267,
815.577715,302.490322,58.0664353,
817.127699,308.160609,57.7829157,
812.093938,219.4199821,59.7696607,
821.964371,333.72716,53.1341724,
821.735439,326.226278,53.3863704,
814.589567,214.5107763,58.3835936,
825.068053,332.8249,50.11856,
823.451042,292.65808300000003,51.2524393,
827.242883,334.290444,47.4706334,
825.447821,216.9902248,48.8174858,
848.4992970000001,363.184502,32.397737899999996,
780.132392,287.06902049999997,79,FAILED
793.039094,339.33692099999996,76.9117795,
792.541161,310.010017,78.4383238,
794.185858,311.916817,76.4244508,
798.251066,345.61961299999996,72.4349648,
798.044072,313.260346,73.5604615,
794.751595,227.4463814,74.7419207,
801.300611,321.490849,70.9814325,
806.720606,357.80884000000003,64.81360839999999,
804.511307,321.679867,67.7616551,
804.554093,272.2224809,66.8009024,
808.759319,321.000633,64.5523959,
810.220371,304.695893,63.389882400000005,
815.913365,338.25983299999996,57.5457104,
809.883822,236.2066448,61.529875,
823.351591,323.598785,51.2116432,
818.702492,243.26658559999998,54.1934522,
823.576669,283.5969434,50.0245933,
822.177151,217.7377503,51.654499,
834.02359,249.531372,42.1776258,
835.655029,293.257639,39.2877041,
838.478785,292.272069,37.4337385,
842.523429,267.2123914,34.732399099999995,
781.872239,320.831817,79,FAILED
786.155373,300.747882,79,FAILED
804.440569,306.836697,68.1472338,
803.625129,248.55370870000002,68.4896675,
805.098928,284.5882538,66.0549623,
804.879338,247.4926421,65.53902690000001,
819.518965,407.663277,54.8359692,
812.912385,321.818689,60.4999026,
807.010873,230.2217695,62.9310237,
816.165572,345.00732400000004,56.851589,
817.9424730000001,300.590348,55.0382413,
820.896481,319.429076,53.4518168,
824.667824,338.456063,49.5486231,
825.2401,306.21262,49.1745376,
822.516223,250.4998198,50.7565842,
825.07042,291.12901,48.840636,
827.782734,301.17472,46.8385212,
842.390915,388.64896799999997,35.537339,
843.778386,382.283357,34.4493876,
835.78244,235.3271925,39.4730769,
845.0201999999999,276.48733749999997,32.451101,
776.963161,316.796945,79,FAILED
775.753154,300.211635,79,FAILED
780.545095,307.71930399999997,79,FAILED
778.428621,281.6898209,79,FAILED
783.188208,331.853515,79,FAILED
784.76919,324.934956,79,FAILED
787.57052,309.442703,79,FAILED
786.671823,313.187311,79,FAILED
799.841815,388.941758,70.7625619,
792.534541,295.801698,77.1085135,
790.361917,228.28777589999999,78.3522997,
801.520498,354.035668,68.9779583,
800.497896,304.716513,71.6390021,
799.608346,276.6764372,70.2952307,
796.170665,220.4113957,72.4712046,
803.234071,293.378901,67.7903027,
809.638953,329.31715199999996,62.8976806,
812.070024,362.40842399999997,59.1120248,
810.376902,307.988155,62.3802619,
805.689677,252.8247923,64.7063569,
812.850962,336.102925,60.1044684,
817.220247,362.577094,56.1008825,
817.058493,325.227856,56.5628452,
819.712258,305.309307,53.6558138,
832.442636,338.894864,43.3746951,
828.096136,267.3078913,46.1099919,
837.432288,323.647885,37.4397465,
840.2632169999999,317.190977,36.7724207,
844.2006269999999,358.360323,33.4985157,
840.877312,296.34250199999997,35.1782052,
846.211133,332.224626,31.303743999999995,
782.430897,310.491511,79,FAILED
784.203135,319.523729,79,FAILED
787.5393280000001,325.534065,79,FAILED
788.956501,319.365355,79,FAILED
791.128785,334.25223900000003,78.0989501,
795.98164,365.60564999999997,73.048899,
792.821123,289.717645,76.2619615,
800.702318,304.008962,69.925971,
802.632775,334.72121400000003,67.95611790000001,
804.141322,298.284482,67.0951984,
810.8913709999999,351.184608,60.8853118,
805.852082,274.5369491,64.84675,
813.073978,306.435843,59.8873212,
811.4708929999999,294.148534,60.2972454,
814.432687,333.02254800000003,58.1131459,
811.974935,286.7708807,60.2479312,
816.396196,335.87632099999996,55.6509346,
824.0550880000001,403.54550800000004,50.4293418,
818.1286660000001,349.68515,53.9904798,
833.147116,391.015154,42.4092716,
835.197486,241.0916026,39.557454,
838.9030270000001,243.4672953,37.115081,
841.315957,254.59801950000002,35.248717299999996,
845.332494,292.32779,31.6642517,
779.750397,314.986766,79,FAILED
788.872839,343.38682,79,FAILED
788.942361,294.194792,79,FAILED
790.589837,301.17582600000003,78.1878615,
792.210597,305.614658,76.8057199,
787.596414,230.7194265,79,FAILED
796.197156,308.57955200000004,73.4568076,
798.656495,329.22281399999997,71.8277858,
798.993968,341.64741100000003,70.6070421,
798.412808,290.14766199999997,71.2860882,
804.947301,353.07085,65.7347501,
804.081293,347.658613,65.82326950000001,
800.189585,279.7474452,68.4171792,
798.7140400000001,235.9838073,70.2983894,
802.0381179999999,276.3402029,67.5679964,
808.1224070000001,348.996722,62.4260311,
809.320063,339.242688,61.5138042,
812.576157,367.701509,57.8648944,
808.37162,275.11283530000003,62.2098134,
811.738787,281.3430927,59.0147899,
813.434533,293.63833,58.1416088,
822.966917,360.762076,50.1937941,
821.930371,317.65587700000003,51.1360934,
818.34903,278.9120239,52.8656272,
822.4319869999999,306.235734,51.291474,
824.18101,314.910453,49.456305,
832.392526,401.02185,43.0035913,
838.4423429999999,394.090859,38.4475071,
837.039316,304.005699,38.1609064,
844.35839,337.220167,31.776286900000002,
779.835898,297.77838099999997,79,FAILED
783.269591,300.341806,79,FAILED
791.939192,279.360689,75.4467956,
798.4132970000001,310.135766,71.4717045,
801.837966,351.483566,67.23747689999999,
801.6337080000001,285.5908826,68.3538787,
804.768742,304.97963,66.1561162,
806.873831,300.503397,65.725567,
808.667224,344.493643,61.9639502,
808.045973,288.901011,62.3914223,
813.470067,327.53551600000003,58.451621,
811.5971099999999,299.5648,59.7809398,
810.0859399999999,212.5185599,59.3176921,
814.463156,264.0827096,56.8491392,
817.487304,293.81077,54.1970404,
814.578081,215.8869184,55.9598559,
824.944758,357.784941,48.0327623,
824.052367,264.9937849,47.6059124,
832.331291,335.684075,41.5868386,
827.298301,224.1138856,45.6214028,
838.805774,249.0459763,36.5504003,
845.884309,346.296812,30.4959269,
776.895576,307.351476,79,FAILED
783.2843809999999,313.982729,79,FAILED
784.259598,295.777803,79,FAILED
790.971571,325.061096,77.181126,
794.561816,304.40468599999997,74.5716168,
793.893926,293.855711,74.324124,
798.126769,298.49530400000003,71.3196614,
803.18394,340.923673,65.8877033,
804.945868,324.663652,66.4260538,
804.328829,333.77344500000004,65.761021,
806.165362,337.88418,64.26102420000001,
805.755341,311.633414,64.6111917,
806.045472,288.212371,64.395179,
812.425125,381.3515,57.618677,
822.78782,412.96088199999997,50.7723331,
817.462291,316.112611,54.6297438,
817.7693429999999,217.2328213,53.2970385,
828.180014,340.822308,44.3653563,
828.945044,349.310972,43.7284205,
824.77201,220.2365384,46.9304438,
831.3331909999999,306.822976,42.4196378,
831.841192,318.31796499999996,41.0886933,
828.590812,253.12422279999998,44.4753416,
828.821734,244.770704,44.4668605,
833.680918,304.527901,40.296499,
831.084616,229.1266841,41.913136,
842.607738,280.8326734,32.942243399999995,
775.24745,286.0013817,79,FAILED
783.632657,305.445871,79,FAILED
785.299905,317.11042299999997,79,FAILED
787.252192,304.09799,79,FAILED
787.655292,288.8508792,79,FAILED
792.37955,327.73602800000003,75.673453,
793.026721,317.651286,75.3863949,
795.698768,340.929881,72.5148818,
795.7126069999999,301.90972,72.6650379,
795.344587,288.8030207,72.8538412,
805.175628,391.565271,64.44808660000001,
798.301211,283.3082641,70.5442591,
806.50536,357.065679,62.773156,
803.36095,290.75509,66.273088,
809.501832,370.558382,59.5801903,
800.88636,221.16957159999998,67.08791049999999,
803.928301,269.54498820000003,64.79570939999999,
806.842183,293.959076,62.6221282,
809.379711,325.13406399999997,61.3545911,
810.523949,341.011032,59.3748566,
810.920282,331.13935200000003,59.803968,
818.676555,407.453347,52.4225264,
818.227437,378.20529999999997,52.7014078,
817.6439399999999,283.59697470000003,52.581836,
820.601724,274.2006222,50.1025364,
830.476029,321.81818,43.2490059,
839.068447,391.170745,36.4976678,
841.264635,376.203261,34.3925245,
836.519064,237.3286987,37.3920335,
774.247213,307.492276,79,FAILED
777.304754,322.06451400000003,79,FAILED
780.146604,305.018776,79,FAILED
785.7361539999999,342.48177499999997,79,FAILED
787.911341,324.911401,79,FAILED
792.714109,287.7421036,74.7808807,
795.422355,332.400612,72.9608538,
797.109767,352.584719,70.5672226,
801.890763,387.917355,66.9731546,
790.957199,225.23696710000002,76.1099094,
793.790302,278.0614619,73.6890185,
792.9650819999999,222.5867125,74.147322,
795.829902,274.3372982,71.0910632,
799.013678,291.74958100000003,69.2160615,
802.53429,329.245443,66.9983103,
805.05128,350.859144,63.88625690000001,
808.278059,394.977103,60.0906164,
814.76491,411.888984,55.8729506,
813.212885,286.1450141,57.8478842,
816.672046,304.793866,55.5906535,
818.668418,354.782552,51.665413,
820.803332,300.204706,50.2123513,
822.0081279999999,292.928475,49.0883122,
825.482124,348.026184,45.8062879,
836.372163,341.810089,37.9350435,
837.066082,297.258809,36.6539326,
842.1200200000001,354.21979799999997,32.916347,
840.206921,289.442726,34.1097059,
776.042783,327.680524,79,FAILED
777.796708,332.62547900000004,79,FAILED
782.018645,337.617073,79,FAILED
781.101374,305.045777,79,FAILED
780.1297010000001,291.404945,79,FAILED
783.175799,332.48788,79,FAILED
788.7783890000001,329.258688,77.9178135,
790.507464,319.952533,76.7600447,
795.825485,357.24253999999996,72.0568336,
804.964109,343.72244,63.74701160000001,
803.897532,319.52734599999997,65.5306799,
807.506696,378.89006,60.7007415,
801.60218,265.6656326,66.76540399999999,
808.475957,259.8938824,61.5113289,
808.275339,251.0417627,60.523973,
809.994811,253.60705910000001,58.471527,
819.034819,302.743581,51.6832942,
831.60877,406.886892,42.2384435,
825.896699,326.1592,45.4587245,
833.555823,399.913055,40.1232925,
825.020062,246.5816509,46.6800057,
829.522426,279.894206,41.6482266,
776.059716,314.163223,79,FAILED
780.2370129999999,326.092153,79,FAILED
780.0313590000001,319.941414,79,FAILED
796.1396520000001,388.80046,70.6748525,
798.59595,335.91344100000003,69.4717008,
804.589546,329.67653,64.4611814,
804.4872740000001,283.3897972,63.5008797,
808.277952,277.98802209999997,59.78611,
814.909275,361.949802,53.7752079,
808.229164,263.7473122,59.5107147,
812.6330330000001,307.03954699999997,57.2129786,
813.9320339999999,319.99787000000003,56.4970688,
821.4077,366.155523,48.6519568,
818.146868,291.415768,51.006093,
828.40822,299.947662,42.8210973,
836.518072,272.8607799,36.3448582,
841.290486,302.749141,33.9699625,
842.437261,287.768986,31.296839500000004,
788.742464,341.871183,77.387049,
788.179266,320.368131,78.1331933,
788.903761,284.701113,75.8361288,
801.347237,393.62971500000003,67.1088713,
798.93443,321.849383,69.1525534,
800.354544,301.354522,67.59662610000001,
806.208079,334.458567,62.7637759,
804.343657,302.600667,64.2616332,
803.735005,292.139214,64.0159112,
805.812459,312.785535,63.0978592,
805.709767,309.213662,63.013344700000005,
803.623799,278.9473475,63.83232129999999,
808.211598,303.584979,60.8314666,
811.708698,321.979726,58.3972574,
814.443251,369.298083,54.382502,
814.360457,330.576989,55.5269045,
816.379993,327.901719,54.1810749,
816.2790640000001,322.89086,53.9194217,
818.229022,296.788523,51.7162455,
816.321645,225.0161284,52.5983655,
821.012111,219.4477017,48.9102803,
833.730298,390.027917,39.7714124,
835.518414,398.504018,38.1330406,
828.669756,289.858273,43.1038867,
826.34771,229.8979519,44.0632445,
833.723731,319.009072,38.2548194,
837.589322,357.733346,35.6428333,
840.532888,387.264322,33.414282,
837.23217,318.06679199999996,35.3125033,
842.940801,366.00660500000004,32.0098073,
844.030332,370.00912400000004,30.4917398,
841.148039,271.714945,32.2303518,
776.412155,296.023575,79,FAILED
783.268016,353.713952,79,FAILED
783.099806,337.49012400000004,79,FAILED
784.24161,351.511688,79,FAILED
789.975223,401.008216,75.968282,
789.855368,333.545925,76.163027,
792.504006,335.97445700000003,73.789046,
794.4512609999999,321.515333,72.8934976,
792.781304,273.055941,72.7112132,
797.982625,327.426631,69.5456095,
797.799905,308.156813,69.6012282,
801.147899,281.2064385,65.89471019999999,
806.816522,354.162039,60.8061045,
804.548357,269.9550466,62.5053744,
805.076648,279.9700904,61.9538752,
809.395372,290.351678,58.8078355,
813.386506,292.601127,55.4105931,
810.977939,259.9297736,56.8358144,
824.539506,368.46322399999997,46.0163395,
822.360716,352.44725800000003,47.0518436,
821.719679,227.3370144,47.8774694,
825.727353,287.61398859999997,44.7292724,
826.685109,222.9454083,43.1356951,
839.857252,362.74008000000003,33.4169217,
833.8336899999999,266.2584582,37.9825179,
838.6146630000001,283.19784730000003,33.7076337,
773.765086,298.02301,79,FAILED
772.596486,240.6526018,79,FAILED
778.893162,314.053365,79,FAILED
780.2506040000001,296.07811100000004,79,FAILED
785.369171,329.92721900000004,79,FAILED
790.577216,341.46792500000004,74.7043383,
792.693554,347.482617,73.2249614,
796.8156730000001,346.982118,69.4185602,
802.025144,316.362574,66.3101448,
802.949427,307.946725,64.6562878,
810.993525,343.090858,57.2618967,
810.0179909999999,303.99399,58.3688108,
811.024619,298.421305,57.3079797,
819.013109,405.391806,50.4080153,
813.57149,297.924173,55.0304523,
814.886574,307.270516,54.4942516,
822.048618,399.08061499999997,47.1363154,
810.649082,241.1174661,56.6518369,
824.500589,410.688963,45.9980624,
821.257131,327.05280700000003,49.116107,
813.366999,214.9489342,53.9032975,
819.7750120000001,307.810869,49.4130466,
823.549534,338.478814,46.832645,
818.453613,216.010151,50.4449938,
841.727522,374.789136,32.212315000000004,
839.141068,328.080426,33.4626729,
771.098173,314.871878,79,FAILED
770.583959,297.610744,79,FAILED
781.868019,319.818801,79,FAILED
785.855765,309.592529,78.1694322,
781.948295,231.3886607,79,FAILED
788.5837329999999,295.121739,76.335307,
797.7393529999999,403.143013,69.9408102,
790.430507,301.24395300000003,74.5328821,
794.60133,337.621601,71.2168128,
793.148827,296.063862,72.0898551,
795.379406,332.148324,70.5481517,
799.173176,344.82448999999997,66.5719345,
804.834904,324.717851,64.33767610000001,
799.398551,249.6545366,65.3388502,
808.008906,333.18190100000004,60.7888995,
806.766693,297.818122,61.0804051,
811.0402320000001,336.192474,56.6056729,
804.80592,246.2459628,60.6705805,
815.620617,334.13484500000004,53.1427486,
830.15913,403.509406,40.76865,
821.6904440000001,294.487307,47.2494418,
831.298819,327.548829,39.9725197,
836.4955199999999,384.95815500000003,36.1245694,
832.004501,232.1719352,39.6798031,
837.452571,308.475508,34.6279032,
836.985306,322.33565,34.2726212,
844.235558,362.627424,29.7105587,
839.4857529999999,294.746584,32.089885800000005,
779.049078,331.461089,79,FAILED
786.630706,304.26575,77.647021,
788.881371,311.85871,77.3220014,
790.29063,322.724246,74.8496901,
792.4455330000001,328.248728,73.259329,
793.7714980000001,306.33313499999997,71.58442,
795.17148,302.001476,70.3502622,
799.271069,296.598008,67.2069334,
800.648279,299.95845099999997,65.56212020000001,
799.3230590000001,271.2026014,65.8198665,
803.982792,340.46664899999996,62.2733777,
809.495716,391.297308,57.7842372,
806.592951,349.899386,59.857871,
805.713406,302.383944,61.9829183,
808.381042,337.60472100000004,58.3939585,
804.05354,260.6810752,60.95039,
806.337228,273.1826961,59.7747234,
807.6770349999999,285.46594749999997,58.7832213,
811.189172,287.7773689,55.864883,
815.167202,303.008505,53.1778807,
813.016978,259.980689,53.7448124,
827.700932,409.10724,43.108087,
826.678371,304.650681,43.2795031,
775.263379,311.947421,79,FAILED
783.413334,306.703942,79,FAILED
793.355949,312.39626699999997,72.2421023,
801.222195,354.177463,64.3873371,
799.899414,276.5626793,64.910188,
804.949366,324.963931,62.3573542,
809.44773,282.1112741,56.7106376,
811.747069,302.20338300000003,55.6677476,
817.279327,321.45045300000004,51.4986666,
820.056626,319.29360199999996,48.7433704,
819.714783,299.569744,48.1966881,
825.156101,283.2042946,43.3561888,
832.923241,368.048452,37.9357115,
776.292921,322.644138,79,FAILED
775.1217320000001,306.214271,79,FAILED
779.7167959999999,310.07006,79,FAILED
781.358283,326.368777,79,FAILED
785.8176530000001,334.52929,77.832629,
788.187187,309.80523800000003,75.3264693,
788.54559,276.2582959,74.5351264,
796.811205,351.517106,67.3079569,
794.3450809999999,293.716744,70.2026294,
796.722096,296.921271,68.7715699,
799.242764,322.616739,67.3663614,
802.159407,358.54032,63.16075480000001,
797.467783,290.440592,67.0112639,
793.440666,218.974777,70.3438112,
798.706758,285.3806369,65.9725841,
804.419078,346.197454,61.7185344,
806.202916,343.80802600000004,59.7954453,
802.690099,274.1030348,62.7936287,
811.098157,326.311758,56.6366983,
820.970806,411.768548,47.9592047,
820.669798,322.14903400000003,46.7009878,
822.951875,298.924781,45.5152241,
822.400748,281.8763569,46.0557252,
834.20562,304.139928,36.0159407,
834.322452,290.82874,35.1613451,
839.888211,266.92734210000003,31.350715899999997,
770.613746,310.666262,79,FAILED
794.8794310000001,341.433201,69.2285297,
789.563905,236.6761433,73.1165718,
793.706148,283.12809649999997,70.0466145,
796.4829990000001,339.43003,67.31226989999999,
797.723346,333.637822,66.8707472,
797.003399,304.90906,67.9243989,
803.413843,320.603217,62.7429828,
800.096098,285.41997879999997,64.3026549,
802.033558,297.646478,63.571669,
805.061634,330.16741,61.5088837,
808.198018,326.732131,59.298376,
819.673695,372.42163700000003,47.4969396,
813.250295,267.59715900000003,52.5066139,
821.817174,361.921223,46.0469129,
822.322734,307.090574,45.7702744,
822.694126,320.995982,44.9282394,
826.07664,324.17464,42.6766137,
822.107485,223.6324598,45.6013929,
825.986205,260.8027891,42.6038495,
827.849446,300.650214,40.5334759,
831.427652,303.752227,38.1835685,
833.2487590000001,295.760142,35.0507723,
835.277925,251.3136852,34.9090248,
836.795253,264.6189439,33.6807978,
771.640928,307.09707000000003,79,FAILED
774.725103,317.697867,79,FAILED
775.8290910000001,301.56782599999997,79,FAILED
777.576271,291.575519,79,FAILED
782.61823,321.668458,79,FAILED
783.676662,340.600955,78.1033316,
783.6537470000001,292.079074,78.4731514,
784.297881,228.03384979999998,78.3524185,
795.91167,372.17535399999997,67.6358908,
793.7701529999999,239.4354352,69.5045743,
796.147827,285.6222067,67.3312602,
796.610095,263.9950975,66.0338744,
804.8303510000001,255.5825858,59.096039,
807.464077,265.2437282,56.6609252,
811.84279,318.368328,54.3354367,
807.9405810000001,212.9789171,57.1241964,
830.123592,291.629766,37.9413737,
830.082896,238.4898116,38.5357362,
835.315921,313.813,34.3694675,
838.49908,334.137642,31.4987731,
833.1797,266.7141011,35.5403932,
834.348881,245.491076,35.6596983,
775.638516,308.621904,79,FAILED
790.44548,318.715273,73.4130287,
788.577167,295.738651,73.8709472,
789.7577200000001,307.553614,73.3775589,
788.896486,290.366461,73.2205386,
787.015137,224.5337834,75.0208357,
790.035612,278.417222,72.0301286,
798.31459,337.487715,65.4953624,
802.256029,352.428357,62.0388025,
803.795058,336.61656800000003,60.9862073,
805.5214579999999,321.039319,60.3879901,
800.831102,255.7592697,61.9638575,
808.591947,293.195499,56.9710378,
820.4580559999999,407.397868,46.8418677,
815.224431,330.185556,51.2658541,
818.266836,356.98281299999996,48.7653969,
823.768297,408.053631,44.2933043,
824.625592,399.483988,43.8043132,
814.614899,264.3722911,50.5482388,
828.32606,408.574843,41.1296353,
816.253206,256.9985446,49.5763567,
828.240256,293.461451,39.4139781,
830.732303,257.62557549999997,37.4926876,
839.788529,341.81052,30.4964662,
767.817438,305.098783,79,FAILED
771.348929,319.533764,79,FAILED
778.25218,321.61999000000003,79,FAILED
779.036201,302.244228,79,FAILED
780.099786,333.648888,79,FAILED
784.551862,298.437222,76.8412432,
786.516367,303.385816,75.3353109,
790.18213,353.557131,71.5259031,
791.73314,343.622702,71.0733405,
792.0637429999999,349.08909,70.4177441,
792.592769,325.841413,70.8497227,
796.143782,329.605963,67.8206213,
798.121674,329.427618,66.03168500000001,
799.3431,341.458958,64.1887925,
794.64669,249.94473399999998,67.7352652,
802.571083,289.806378,61.7944123,
807.402299,318.42487900000003,58.2289131,
805.6885110000001,277.9300187,57.1500091,
816.682388,348.905805,48.8978973,
818.493912,222.7107623,47.3541615,
830.503248,393.10823400000004,38.2991562,
821.4991640000001,260.8143292,44.7323531,
831.004749,344.716426,37.614862,
836.253571,257.8815476,33.7670362,
787.779961,317.3193,75.0941507,
790.759241,335.025684,71.6870363,
790.465656,290.029981,71.4033599,
793.065722,310.75808,70.2168595,
798.325829,349.056061,64.7768499,
794.223069,278.1959719,67.95071949999999,
800.329644,346.38329799999997,63.1711308,
799.271367,325.662018,64.56105099999999,
798.950723,304.605957,64.94943520000001,
797.613384,267.4739494,64.8139052,
808.368019,346.373442,56.5977985,
807.160885,332.998686,57.4536546,
815.41322,244.2457298,49.4082231,
825.490805,320.47634300000004,41.3200021,
833.022775,394.29970000000003,35.8375823,
825.032179,228.0426309,41.7440589,
826.712721,231.1044351,40.0396105,
837.082689,352.41621299999997,32.350715199999996,
834.0725649999999,300.57800199999997,34.0860253,
772.2018889999999,323.73938,79,FAILED
781.763542,326.960824,78.9278893,
783.508729,325.408974,77.4896355,
788.368015,344.105003,73.304546,
789.4021789999999,339.665834,72.4558049,
782.79884,225.945728,76.3318803,
789.520983,301.526339,72.2815494,
801.920934,401.607844,61.6379702,
789.435683,220.2246305,71.6646963,
790.475441,223.3122282,70.2302608,
799.371025,332.363769,64.15825720000001,
798.3453440000001,291.285705,64.390995,
801.560918,275.6853011,60.8571224,
804.036845,283.14226429999997,59.1364878,
810.539835,337.470331,54.0073232,
810.584285,324.48116,54.6367564,
813.102483,318.29654400000004,52.1087591,
808.4280610000001,215.4391619,55.0969559,
811.441147,252.3961965,52.6504367,
812.124358,217.9211761,51.814409,
813.988233,214.5769301,50.600969,
824.361531,372.333567,42.2223516,
819.9111780000001,303.045045,45.3970169,
829.085697,403.960264,38.6554972,
823.011835,339.96015,42.6765634,
820.45306,294.98918100000003,45.0922626,
822.9807989999999,317.193086,43.1520386,
817.207193,216.5966805,47.9688273,
831.182114,399.64540999999997,36.8686337,
819.901125,218.370511,45.3882846,
824.7758269999999,288.8926675,41.9132547,
829.563183,328.79362100000003,37.375528,
836.808449,379.43025,32.5838593,
834.255354,333.048136,33.9022066,
777.629279,315.556384,79,FAILED
782.360271,315.660206,78.9724049,
783.0401380000001,319.164943,77.7108988,
784.6515919999999,329.958434,76.0781322,
786.605733,336.15474900000004,74.4983419,
786.735058,326.266581,74.7502057,
793.357513,322.156965,69.2903851,
787.0299660000001,228.3300928,72.9784924,
800.857094,396.267228,62.5699758,
793.4924579999999,292.069081,68.0435846,
793.251763,286.3560375,67.5948877,
801.537458,333.451572,62.380692,
798.978818,280.8057409,62.701738,
808.618771,340.971787,55.3144819,
809.520322,295.963466,54.8828664,
814.382724,305.287411,50.6313015,
815.492974,326.69680500000004,49.8473484,
819.9370670000001,345.155028,45.7297986,
826.011421,335.624153,41.2091091,
824.553182,316.802084,41.2691906,
826.504383,304.87345,39.8180513,
826.704909,282.0828844,39.070814,
831.165789,320.258646,36.2893198,
834.677598,359.50075100000004,32.9712906,
838.3174260000001,363.386926,30.6848559,
835.385098,286.3125067,32.6046322,
770.111797,313.488346,79,FAILED
767.532481,241.6125802,79,FAILED
774.998429,316.977244,79,FAILED
777.099416,336.1829,79,FAILED
770.2339440000001,239.991502,79,FAILED
790.751479,319.378742,71.4923987,
794.358754,308.917846,67.115324,
794.9294,295.10333,66.4179503,
792.127751,226.2938707,68.6224892,
796.963844,296.173253,64.500028,
802.946058,372.02581699999996,58.9339788,
800.2214779999999,305.579473,62.5582379,
799.329262,285.7303306,62.290488,
802.532638,305.677014,60.7782975,
803.407558,293.301359,59.9221917,
809.554276,331.19696999999996,55.1280536,
806.257163,286.19589310000003,56.7636155,
817.276615,306.262987,47.5800023,
818.93847,330.76269,45.879481,
821.924095,298.83592899999996,43.1965411,
820.853673,227.5340479,43.7549364,
829.317213,232.1821639,37.8495305,
829.987912,242.5045237,36.6535913,
833.703715,280.8033093,32.4454059,
776.274446,326.858828,79,FAILED
779.12132,313.145767,79,FAILED
784.266837,321.902713,76.0974789,
783.8577769999999,292.764791,75.7840259,
779.377646,230.0200378,79,FAILED
792.482973,336.97529499999996,69.0555519,
793.731177,346.371748,67.01756929999999,
793.3187419999999,299.348775,67.5179483,
795.7290820000001,280.10144379999997,65.15326730000001,
797.625119,271.6178286,62.9578934,
801.014253,295.617027,61.4834439,
811.5281689999999,328.694637,52.8583705,
816.1075960000001,322.774066,48.4262567,
817.3061680000001,327.984983,47.6165651,
815.18114,301.9994,48.4444886,
814.241454,297.762058,49.5057263,
824.890285,256.6246679,40.5161209,
833.610442,307.810197,34.5665104,
839.939451,345.821642,28.4427007,
774.358377,324.38676699999996,79,FAILED
778.372946,329.079589,79,FAILED
781.330797,304.56928600000003,77.6756323,
785.0000170000001,342.04789700000003,74.4648569,
788.461535,325.01685299999997,72.5861216,
789.703572,280.3581327,69.6640087,
792.497901,306.000203,68.5227614,
795.153105,320.730343,66.9497025,
794.892781,274.5630084,65.43450419999999,
800.243727,328.11708899999996,62.5206974,
803.081763,298.524535,59.2924078,
804.406518,323.701237,58.3626825,
802.427017,276.3787046,58.4427324,
810.0033530000001,301.995426,53.2300709,
815.5484739999999,353.697417,48.1035248,
824.048826,398.9764,41.7183169,
814.1875,221.9642921,48.5437814,
821.361792,324.834283,43.1843073,
826.0644560000001,326.70975899999996,39.4782252,
834.69352,387.376182,33.0069188,
837.92743,376.052739,30.4022732,
840.706182,367.30313,28.8507589,
841.452909,327.841762,27.6801573,
768.8651600000001,297.488294,79,FAILED
771.84286,327.44967299999996,79,FAILED
791.965961,386.931474,69.2907044,
787.706363,284.6465379,71.114624,
790.24445,296.3924,69.7987177,
800.616122,281.8427444,60.2391989,
805.229571,304.402642,57.213313,
807.3865069999999,321.00739599999997,56.031862,
811.506857,323.46380999999997,52.4332765,
807.3094659999999,258.73679400000003,54.0822377,
811.732706,301.445108,51.3854219,
814.8045480000001,309.683232,48.9630655,
825.655444,391.948461,39.5125786,
823.003073,302.256138,41.7770947,
826.16752,332.19615,39.7692052,
821.010331,221.35051529999998,42.8958059,
838.673164,371.732204,28.9815743,
769.190339,302.873452,79,FAILED
771.098425,314.347282,79,FAILED
777.491908,322.550261,79,FAILED
782.190785,336.69345799999996,76.4449903,
790.276843,302.984885,69.9323419,
791.722865,331.919351,68.533001,
793.241308,325.858602,66.8940441,
797.224615,299.649631,63.1758401,
799.951683,300.93589,61.2192205,
801.213392,324.367507,60.9662986,
803.593073,347.240186,58.0085418,
802.960859,308.10107700000003,58.7144062,
799.818818,213.3486791,60.2439581,
810.68487,287.43146179999997,51.5131011,
821.1911680000001,412.630947,42.7690998,
817.224555,357.867055,45.5939135,
823.692572,409.674485,41.5931161,
819.878679,284.4562677,43.7706344,
828.53368,353.622743,36.9161341,
831.544623,326.161349,33.4722122,
833.81382,315.59020499999997,32.0423723,
838.997532,358.16857400000004,28.889248,
784.014368,299.152402,74.2425994,
787.487603,312.71187299999997,72.031785,
797.135082,356.124797,63.5112522,
797.538047,349.990074,62.3499599,
795.241371,300.72736,65.2032192,
804.823365,350.215953,55.7798463,
810.345687,394.177936,51.8444365,
805.011782,297.791273,56.1942012,
814.076022,409.744857,48.3166783,
819.4065860000001,402.78983600000004,44.4188337,
810.7716310000001,296.553073,51.4687014,
814.048631,331.908212,48.0568033,
819.838128,371.045117,43.7925837,
820.341275,306.753154,42.8670141,
815.5400999999999,214.9946058,46.19718,
826.346868,301.238418,38.0905475,
828.925432,302.045304,35.7125608,
831.8923139999999,246.0307578,33.8785996,
838.490957,336.49952099999996,28.3874502,
835.510838,274.3868632,30.1553331,
771.102572,303.712592,79,FAILED
775.051212,307.238157,79,FAILED
779.420365,293.798683,77.6668209,
782.327783,309.329511,76.2329428,
785.694992,329.85373500000003,72.7817202,
790.351539,346.52182,68.9132786,
787.10928,306.45262,71.3566384,
787.034609,295.078511,71.50269,
788.968233,290.116871,69.0905241,
797.259869,336.74573,62.4706751,
799.269178,344.358199,61.18801,
796.15077,276.6855958,63.0117123,
799.367264,310.268507,62.0688041,
805.203751,375.514267,56.4259004,
799.7470969999999,287.3888361,59.7197645,
803.922561,354.37636399999997,56.7323539,
802.505055,293.568832,57.0954515,
810.939505,336.827157,51.0414094,
821.560125,404.10431800000003,42.2665491,
811.2897399999999,281.6291536,49.1229315,
816.324955,298.106703,46.1517723,
813.065336,214.2324556,48.8202559,
814.4704360000001,226.66230960000001,47.2776471,
822.875168,324.26245,40.5608095,
820.403534,286.2389053,41.31913,
766.492598,322.510951,79,FAILED
771.268466,320.41589,79,FAILED
773.011619,304.443441,79,FAILED
789.25424,398.652013,69.0495657,
784.403579,303.792716,73.0987703,
784.862102,288.2960208,72.2452677,
797.803184,321.986158,62.5605583,
802.453656,391.30906100000004,57.0205628,
796.8052700000001,293.721866,62.5020265,
802.689563,328.620953,60.0586324,
795.493253,257.0873225,62.1617579,
802.995405,343.444018,56.6010141,
805.521837,345.342965,54.3148701,
806.05697,302.560753,54.8699188,
804.82218,240.0983678,54.892786,
806.5867900000001,219.05395049999998,53.6615071,
807.274569,214.034084,52.7719548,
818.7090000000001,333.63750200000004,43.7314005,
822.572172,362.556685,40.867654,
823.771771,290.79604,39.7427544,
820.403899,261.0434562,41.6380743,
831.679396,294.380355,31.9819211,
837.339784,330.914283,28.9199588,
834.002336,256.8509996,31.2347921,
834.758105,280.1218884,29.8130302,
766.457955,306.81451300000003,79,FAILED
768.221124,319.661491,79,FAILED
771.684244,312.029144,79,FAILED
783.454756,399.336699,74.6577414,
776.963932,306.576602,79,FAILED
778.947424,311.523162,78.1751913,
782.828652,318.610898,75.1391939,
777.922064,228.76850009999998,77.3668743,
787.481423,330.63034,70.5170181,
795.171693,412.250288,64.7835845,
789.929249,326.980257,68.4507707,
792.753039,287.23766639999997,65.272134,
799.276101,339.04965300000003,60.2749687,
801.139368,351.712852,58.2448026,
801.501006,289.541036,57.8422284,
805.2722180000001,326.112323,56.1081935,
807.1786079999999,343.038052,52.7538885,
804.389944,289.109996,55.518281,
808.140115,332.97612100000003,52.6727467,
814.856284,404.272451,46.866152,
815.835409,409.838184,46.2043851,
817.894083,409.560059,44.3316487,
814.841239,348.81057799999996,46.1057174,
823.849141,407.38536999999997,39.5954792,
826.83262,390.543679,37.3247492,
830.848132,391.648342,33.8348291,
822.402721,226.678182,39.4894935,
831.997508,306.520723,32.594882299999995,
829.300266,275.05245279999997,34.1526039,
837.772958,352.290842,27.5617835,
765.344731,311.98276,79,FAILED
768.5772039999999,309.660691,79,FAILED
778.380922,323.381083,77.6470426,
780.577997,299.795699,76.0765586,
783.2321059999999,292.619881,73.3844724,
787.879509,337.73970299999996,70.0000146,
789.1711,318.47938999999997,69.3602039,
792.636724,333.01203499999997,66.4777211,
800.1039940000001,412.624332,60.6913812,
785.4466150000001,224.7276673,71.1584891,
797.21672,358.569769,61.0239653,
794.978511,307.16524,63.75339890000001,
799.990241,334.232703,59.8099313,
801.0319979999999,309.40774799999997,59.7218755,
807.317736,412.61042,52.5630019,
807.060931,404.415776,52.6665585,
797.95426,260.9329091,60.1103007,
807.328857,297.893704,53.5184177,
810.295824,353.291117,49.3736495,
803.034628,212.5212138,56.2511929,
818.4726900000001,359.289217,42.6756019,
814.6711359999999,221.4104243,45.9563212,
830.358642,386.337751,34.1606912,
824.545667,317.232178,38.6831092,
825.978593,319.322,36.6004195,
819.60817,225.7328503,41.4826963,
831.5422599999999,366.974191,32.7437101,
831.155946,252.07369979999999,32.930558399999995,
832.527682,264.4053572,31.4930508,
835.242265,269.290053,29.5840968,
765.417118,317.060589,79,FAILED
779.497785,328.91695200000004,76.6834767,
776.080413,235.1477907,79,FAILED
783.927046,316.853564,72.9723379,
796.214555,412.796443,62.7581293,
790.373827,309.091561,68.0142224,
790.581122,321.17324099999996,67.50656380000001,
789.034253,294.518821,67.6793518,
791.865954,303.919264,65.9681044,
796.928347,353.937807,61.2711136,
794.314477,283.5971834,63.241716800000006,
800.410511,303.573022,58.7581872,
801.831277,282.3549566,56.4496028,
800.5079900000001,267.7540231,57.3670386,
804.4362570000001,293.848224,54.6095147,
810.814179,335.35002399999996,49.0577713,
819.0231679999999,398.820414,42.9223546,
826.816115,402.13002900000004,36.5199899,
817.204648,270.8508263,42.6817792,
827.251391,346.468821,35.5012167,
820.1799550000001,231.60522550000002,41.1351257,
832.361274,382.126612,32.0913621,
822.149923,238.0594548,39.8582102,
827.0092,236.0532054,35.719466,
833.560511,290.791829,30.2085272,
777.538892,317.60098500000004,78.8504431,
783.4444169999999,308.867081,73.0886196,
786.090964,291.738539,70.2585012,
788.491007,312.930056,68.773666,
793.948292,334.376807,64.4315651,
798.209909,373.198169,60.2383144,
794.783444,327.831705,63.6176732,
792.753473,269.30153129999997,63.891552700000005,
804.197501,381.078891,54.5762285,
800.0305,320.191771,59.1310541,
802.052292,329.417035,57.3557097,
804.186378,339.171778,54.9873244,
804.470501,334.459125,54.3682619,
810.368462,329.37771699999996,50.2390381,
822.900474,399.370477,39.0345447,
823.615286,232.6547505,38.0956165,
833.3037850000001,348.26578,30.3232845,
837.221957,341.005943,27.0044291,
764.699292,216.4832224,79,FAILED
774.414609,317.443799,79,FAILED
779.643399,315.072264,76.492561,
781.967884,328.791579,73.6044396,
786.157094,350.531513,70.534827,
786.800107,323.979162,70.3684957,
793.325483,339.855799,65.3541431,
789.443405,288.6887115,66.7387329,
793.82962,339.906812,63.22078260000001,
788.193456,218.31244279999999,69.2033292,
796.0135720000001,331.612218,61.969542,
794.064041,290.064625,63.3194601,
805.571607,413.554169,55.0140463,
800.468683,367.674206,56.8218555,
800.853916,319.536139,59.9681983,
799.9383780000001,339.930223,57.8082813,
797.641665,278.3536045,59.423784,
807.120088,388.44937100000004,51.4022876,
808.66785,377.762965,50.2190321,
805.800975,328.349578,53.9686344,
805.7461020000001,294.315153,52.3712693,
824.358976,294.24289799999997,37.478297,
826.018702,328.84945600000003,35.0000863,
832.17788,356.76057000000003,30.4892673,
833.762953,286.4550157,28.8656035,
784.747359,341.02614500000004,71.2368827,
783.49364,323.09166300000004,72.9015428,
783.421323,298.97691399999997,72.1410026,
785.457979,318.69050300000004,71.0753523,
787.545348,342.217721,69.0757214,
780.729475,229.2623902,74.1171357,
789.0529799999999,336.60925199999997,67.6497268,
787.134244,282.3485977,67.59244240000001,
795.88171,362.29670999999996,60.7891511,
802.471771,310.238633,56.4797783,
810.101028,304.39018,49.5384615,
814.452404,303.851796,45.3619018,
815.767745,320.506637,44.3497883,
811.544865,212.8398618,47.3558579,
824.013568,324.04472499999997,37.1341703,
829.580149,300.48161500000003,32.1952808,
835.141159,362.88466700000004,28.0411966,
835.922067,325.443446,28.1853469,
766.99598,324.316947,79,FAILED
771.476417,314.561888,79,FAILED
772.467254,321.468445,79,FAILED
776.424687,302.769297,77.3194228,
784.5472629999999,302.604071,70.5913694,
784.817798,241.9379953,70.0671884,
791.164813,296.60817299999997,65.44299380000001,
794.371499,345.308512,62.6668811,
796.9252779999999,307.075723,60.9861166,
803.30389,318.272792,55.0910513,
806.408781,338.850946,52.0380716,
805.030143,288.3169306,52.6610611,
809.764329,324.753378,49.8873484,
809.795752,299.911942,49.2478854,
812.891673,344.434923,45.7243148,
805.542604,219.30649879999999,51.6341431,
815.55004,311.08315,45.3649016,
817.236663,321.297548,41.9546483,
827.566183,397.72238600000003,34.5324512,
820.2984309999999,302.65832,39.735707,
815.8737169999999,220.0666396,43.8388503,
823.3664,331.23042399999997,37.3686667,
822.153019,279.3419241,37.3877705,
831.044667,327.569983,30.9508566,
832.8824999999999,342.691246,29.5044736,
829.586222,283.723282,32.0244649,
826.9700829999999,248.87005870000002,33.9472274,
826.69241,242.3179504,34.070983999999996,
836.576528,331.785305,26.2258226,
765.977776,313.58405600000003,79,FAILED
779.542024,303.797221,74.8732326,
784.151879,335.745424,71.0186804,
786.8137790000001,305.162429,68.7020675,
790.735043,278.0871198,64.64817959999999,
798.518914,364.20444499999996,58.2137669,
797.6559609999999,328.278049,60.1227744,
797.695143,345.749827,58.7288514,
795.39748,297.659373,61.1051502,
800.9997989999999,335.531288,56.245136,
805.587232,323.19012499999997,52.8813641,
812.144391,322.19730500000003,47.0812985,
812.948429,335.415004,45.8031144,
813.417477,326.506007,45.8914662,
809.208125,243.159954,49.0546149,
820.44614,394.05748700000004,39.9031736,
813.149518,294.198785,45.1222658,
812.753871,272.3127839,44.5610275,
815.544932,297.765825,43.3586507,
821.742039,321.737679,38.4538704,
832.678334,377.936143,30.1277339,
826.193692,291.12003400000003,33.918806700000005,
828.527072,270.4445061,33.1204916,
780.44749,334.928609,73.4562382,
782.381719,228.1248848,71.0110347,
787.935973,299.87146,66.74806190000001,
794.890083,340.251925,61.0536602,
795.17702,325.86159299999997,61.5212402,
794.058932,303.332488,62.0146873,
796.905125,352.859491,58.8895946,
792.933798,279.49730769999996,62.0580536,
796.7736130000001,299.261085,58.9514383,
797.495933,293.47735,58.4635134,
799.228437,297.586887,56.8853049,
806.931623,327.50204099999996,51.4640462,
808.420685,319.335561,50.8423679,
814.681945,404.853438,44.4543305,
811.755977,365.62325999999996,45.6499201,
802.356081,214.7365362,54.2658437,
810.453102,327.295159,47.8584148,
807.229686,217.7155265,50.069551,
810.50122,254.0009356,47.4263574,
822.79524,404.864665,37.7057418,
810.439466,217.78390389999998,47.2737228,
818.522203,298.867109,40.9172592,
819.17607,319.37201200000004,39.6603064,
823.51546,240.5465295,36.1967542,
831.9321219999999,260.95196020000003,29.924674,
773.50397,312.096457,79,FAILED
773.7539360000001,322.253782,78.606945,
777.05742,308.545819,76.1805893,
787.954783,410.17937800000004,66.8545106,
782.046416,312.427785,71.9119362,
790.5306909999999,412.715554,65.8042299,
784.0125009999999,309.940967,70.1496725,
785.301322,297.308266,68.4671784,
797.2709629999999,407.301701,59.8219649,
796.444247,321.864301,60.2592523,
793.774805,288.07695,61.2330409,
795.105546,292.614732,60.0774523,
800.867225,322.487709,56.0430885,
801.674857,304.443604,55.5580034,
804.815889,302.254804,52.4049634,
810.7353009999999,309.38833,47.9716013,
807.989104,249.1960657,48.9127475,
813.349009,215.958553,44.3401174,
820.782295,290.053947,37.2054262,
826.031748,304.907645,33.8609784,
768.766397,322.93077,79,FAILED
766.565566,305.754713,79,FAILED
775.890039,319.457808,76.953722,
782.289596,327.380136,71.3671652,
787.8322499999999,386.351761,66.38618120000001,
788.402167,339.92066,66.0773909,
779.990779,223.23552039999998,72.1825975,
790.181786,344.68622600000003,64.2944203,
791.552977,299.861776,63.6994976,
797.296495,369.16339500000004,58.8115168,
794.657183,348.084884,60.1037281,
795.835464,282.8848171,59.1548315,
806.700441,300.270474,50.4478094,
819.122608,410.855077,40.3388726,
810.595667,290.76892399999997,46.8640099,
819.9475219999999,364.84593,38.694621,
823.759145,396.55251799999996,36.2698085,
832.940528,373.840436,28.6551367,
834.038891,368.103121,28.2202963,
767.3466080000001,317.126356,79,FAILED
768.83368,308.421915,79,FAILED
781.2769940000001,392.411829,71.519608,
770.332684,230.9791529,79,FAILED
777.918265,321.23551699999996,75.243918,
778.9669739999999,310.15840000000003,74.1093575,
784.780912,346.95680400000003,69.1640399,
785.309683,333.873802,68.3233224,
789.847377,386.29027199999996,64.5499762,
791.706263,387.603564,63.061729299999996,
788.99442,333.961906,65.281056,
780.839512,219.6876487,71.2151442,
789.147267,283.3637127,64.4417942,
795.390657,303.106771,59.8244867,
796.862,287.2232599,57.7024457,
798.3475080000001,271.91670980000004,56.1771624,
818.5017310000001,400.035118,40.6690399,
812.668098,287.8857545,43.7211883,
819.576714,360.18658600000003,38.6653364,
818.317303,315.994116,41.1655278,
817.689945,324.32693,40.4088821,
820.1238040000001,306.871543,37.8254866,
816.106841,221.6730862,41.617546,
821.880424,302.29682,35.9051557,
830.854208,333.196619,29.2212474,
778.3326099999999,366.59726,73.2676324,
779.577496,317.01191900000003,73.8830679,
781.3012180000001,291.33561,70.6861083,
782.4599450000001,296.560078,70.313685,
785.581754,322.081134,68.2552466,
794.676685,414.331359,60.7398198,
791.679451,323.45612800000004,63.25027829999999,
791.826332,310.658923,63.4110642,
798.443803,361.639119,56.1176767,
798.4347740000001,347.640796,56.8063096,
795.881543,308.003266,58.7564386,
801.048536,352.870836,54.0698964,
798.309853,308.17731000000003,57.0087117,
805.594005,332.74792,50.305717,
807.402199,293.711902,48.5722996,
814.148371,324.982106,43.3937452,
815.049586,302.901646,41.8613157,
825.436726,315.546833,33.981149200000004,
822.068381,231.8994418,35.7433212,
825.46361,262.8878315,34.401915599999995,
829.303381,315.017767,30.4088581,
777.921632,298.62509,73.7419006,
788.797044,308.795175,65.6692003,
793.232047,335.423732,61.66245,
798.345462,352.393291,56.4697453,
793.875143,287.8290028,59.3552278,
797.322886,324.86620300000004,57.4792096,
808.994943,408.984875,46.9657729,
808.374138,331.905925,47.7037467,
805.102153,277.9173992,48.8103073,
817.573625,406.535609,40.8271065,
810.866548,289.537118,44.9039677,
817.3116259999999,223.2879042,39.32916,
828.052272,256.7056139,31.668644900000004,
774.674446,314.283547,77.2135721,
777.204865,330.087384,74.1502053,
779.907423,319.631303,72.3271083,
779.652448,303.792407,72.2788919,
775.953462,231.4445213,74.6063706,
783.47957,328.635945,69.1875043,
789.7762250000001,413.52090999999996,63.05512139999999,
788.959702,305.139598,64.11075869999999,
782.8737639999999,218.7210205,69.0460648,
788.527242,290.411954,64.0085993,
789.687329,295.926158,63.0517186,
797.572807,333.023823,57.3549332,
792.557531,260.9742332,60.2886249,
795.1616759999999,263.9435297,57.7606362,
801.187189,362.44640200000003,52.4913637,
801.330435,297.300888,53.6823774,
798.650894,272.6446839,53.8726846,
813.233898,414.25550899999996,43.8058167,
806.937118,308.073807,50.0798704,
816.467793,414.834679,42.2349438,
815.1681550000001,402.466876,42.4913842,
809.857647,303.545905,46.3096637,
820.280653,392.69606999999996,37.8691231,
810.101859,212.9223658,45.4572177,
826.970764,354.575143,32.205597,
832.446912,337.73292000000004,27.5638515,
826.758992,245.02213799999998,31.473380500000005,
830.255687,267.8862831,28.9183944,
771.6875,305.708353,78.2300281,
776.40532,313.95484,74.9369371,
779.448037,332.775736,71.840081,
798.9409009999999,346.380808,54.8610811,
807.3792550000001,410.032761,48.6304463,
797.595333,287.00852380000003,55.367511,
810.357523,331.25525400000004,46.1118285,
812.877081,317.128214,43.2133665,
812.541458,282.41178990000003,42.1420409,
815.470579,285.8847739,39.8543124,
826.7110270000001,393.06287399999997,33.309950400000005,
822.526325,320.47503800000004,34.666613999999996,
828.1247490000001,379.360835,31.1395645,
832.734455,345.679008,27.076317,
831.308686,274.8297275,27.7473661,
763.475789,318.503478,79,FAILED
774.642698,324.172526,76.2403485,
772.412095,230.45906300000001,78.3863947,
784.284854,308.545841,67.7522608,
786.630208,322.096084,66.0132531,
785.3193229999999,304.718937,66.23072719999999,
787.426219,338.96438,64.0888266,
793.717024,373.947263,58.5414864,
790.949071,307.350772,62.0957387,
790.756286,291.649471,61.7691483,
798.524686,328.114683,55.665118,
805.517205,399.98219900000004,48.8429385,
792.012772,228.6025926,59.0121352,
803.399038,372.87187800000004,50.1131498,
801.760639,331.69948899999997,52.74283,
794.7230950000001,223.8390353,57.5758925,
799.4558480000001,289.548584,53.4084767,
822.739879,403.48570900000004,35.7091888,
819.224642,336.100188,37.3620574,
824.7964959999999,386.918133,33.902739499999996,
827.0885069999999,384.602979,32.042607700000005,
764.000915,313.063922,79,FAILED
783.312464,318.280286,68.2907324,
784.699238,327.083168,67.3019607,
783.208894,302.26385700000003,67.9890317,
785.774197,295.619588,65.4797945,
787.783622,328.724939,63.88144869999999,
789.625644,347.06577300000004,62.1150645,
792.367838,330.234215,60.5011113,
796.372055,303.085283,57.5692776,
796.074501,292.494582,56.496099,
797.216736,252.0745932,55.0773915,
804.9536479999999,321.15180599999997,50.4671307,
803.899386,290.050884,49.6304194,
806.914002,320.008514,48.4239636,
805.757939,287.3231902,47.3367992,
810.608873,323.010805,44.6555704,
803.410284,214.2591739,50.0799217,
813.056229,334.177965,43.0956942,
810.747532,306.262695,43.4227471,
824.766732,295.600498,32.6259417,
821.019995,247.2224517,35.1014029,
824.989492,275.4400066,32.038921200000004,
780.820603,322.407007,70.2738678,
774.072375,225.5003477,74.375328,
783.7947859999999,340.11116100000004,67.1548344,
777.5867499999999,228.9857735,72.7102874,
783.038046,289.633214,66.7093639,
788.745813,334.064147,62.6551831,
789.21914,319.603591,63.256225900000004,
789.62207,340.350596,61.8076328,
792.610935,355.13283,59.3661293,
790.310661,300.114263,61.3547373,
793.024998,341.455321,59.3049392,
793.572141,326.003606,59.0810414,
789.381855,276.2344533,61.2452556,
790.699795,282.9631825,60.2187527,
797.260857,339.52911900000004,55.3779233,
799.997359,342.76635799999997,53.378603,
801.996388,357.82158400000003,51.5372048,
800.415388,338.702317,52.8303619,
799.566043,302.28087700000003,53.6009859,
799.498424,306.979061,53.2938723,
801.269133,292.672814,51.7561468,
797.3574619999999,211.4592604,54.8232016,
806.915553,298.583729,47.4095961,
810.6046699999999,338.65527499999996,44.044336,
818.060997,406.628447,38.5035489,
810.866187,301.759711,43.5045047,
819.048348,369.631538,37.4429322,
817.31515,300.885309,38.0441483,
811.71744,218.795214,42.3827105,
816.445925,238.0893523,38.8376753,
831.959818,355.773134,27.4092182,
825.082583,269.5131316,31.074224900000004,
826.071699,252.1462519,31.2068079,
777.5707199999999,308.16380100000003,71.9809118,
776.901918,292.035236,71.9368442,
782.329488,312.949591,68.3487102,
786.426271,300.16334,64.3990903,
789.446699,327.994399,62.2144698,
804.224123,413.72052099999996,49.4562343,
794.584151,282.7249127,56.7470977,
799.201177,328.05382,53.7977182,
795.923569,266.8532585,55.062896,
796.8137360000001,229.8489558,54.4125203,
804.9619230000001,272.9723325,46.9031551,
819.481851,321.257196,36.4357473,
813.792144,227.4021037,40.6920724,
816.451279,228.4890909,38.2087913,
826.134298,320.492726,30.1478965,
832.128138,355.788971,26.7940494,
829.501488,290.545384,27.6797977,
829.559074,283.1654912,27.61009,
773.094476,302.53247799999997,75.229802,
791.530381,359.91388,59.6936522,
794.677671,343.315406,57.2146679,
796.69435,299.31136,54.9210786,
797.7019319999999,319.448799,54.5571893,
795.3031599999999,281.7875798,54.5844939,
802.020668,336.675024,50.9223562,
801.608523,305.096604,51.512834,
798.397513,267.4694394,52.6071554,
804.72682,220.7968657,48.0745281,
805.31551,216.0000936,47.6355612,
814.1889209999999,343.04915,40.4550084,
813.351533,316.00064399999997,41.1102044,
814.378551,303.360572,39.4773084,
824.337977,292.172861,30.788307,
768.304814,233.9985754,79,FAILED
782.661031,397.972009,67.5677293,
777.054085,327.568402,72.3504123,
779.008821,338.060876,69.9954932,
780.387602,333.849197,69.1026416,
777.759883,288.2226659,70.5324001,
779.8065799999999,305.71277,68.8523974,
784.658717,326.523639,65.2563648,
784.538124,286.53503,64.63671930000001,
781.141715,217.1866757,67.3915782,
794.056024,370.434987,56.8378163,
793.601763,350.757632,57.7804904,
790.812425,305.357096,60.0353542,
791.389287,296.622018,59.6762285,
790.600312,279.4260081,59.1345939,
797.404466,366.972154,53.50763,
797.409112,333.48962,54.1805605,
807.243565,404.219526,45.9984004,
802.411789,325.86903,51.0938039,
794.297008,226.64681910000002,56.0077474,
806.303628,335.88931,46.6616804,
807.402685,297.847846,44.9356275,
825.081085,360.20178699999997,31.2470912,
822.740711,329.38676899999996,32.4636277,
817.386879,235.0105054,36.8368931,
820.688745,235.6336597,34.7462612,
822.337927,239.7155514,33.3831042,
770.2851880000001,316.587763,77.3707498,
770.292162,310.09805900000003,76.922697,
778.185948,406.890937,70.8542995,
779.247035,300.78806199999997,69.7203598,
780.666347,276.4905892,67.2696018,
793.949695,365.94197199999996,55.7637026,
797.201229,216.607261,53.3688193,
806.5740940000001,322.967962,46.7231322,
810.6277210000001,330.41374099999996,42.6552781,
805.980656,255.46745909999999,45.2397792,
807.24459,218.716331,45.7057371,
820.6113,398.789394,34.7504176,
810.592994,229.0536201,42.6616923,
820.224221,316.613089,34.6657819,
783.9525590000001,336.66180199999997,65.41935670000001,
790.074993,350.42257900000004,60.8195036,
789.91115,345.661327,60.2623917,
790.192303,336.480011,60.0764151,
786.309624,279.1151256,62.6312912,
789.054976,323.428321,61.0927246,
786.931591,284.6291168,62.105699,
793.229758,335.530422,57.1835546,
791.7516430000001,290.84745399999997,58.1175212,
791.711729,295.56208200000003,57.6481652,
808.690956,403.912418,44.0262379,
802.787467,304.81406200000004,48.9688653,
804.342764,301.97084,47.3084921,
808.565899,328.221958,44.8626271,
807.769884,319.71846500000004,44.4166548,
808.101862,220.6044429,44.015178,
823.284056,303.008232,30.9993763,
827.053461,364.957448,28.335885,
828.12928,327.07403899999997,27.2132349,
830.7103930000001,350.6847,26.1515934,
830.35263,330.856516,25.884231,
826.457866,280.0865022,27.4097586,
772.777004,319.47328300000004,74.6581431,
775.032833,322.265649,73.0300793,
779.651854,393.372833,68.7171108,
776.885404,313.107597,70.8006643,
779.807372,294.466541,68.2653705,
781.9639500000001,298.232464,66.4432012,
785.232621,333.261529,63.99407389999999,
785.808741,343.792857,62.9069288,
786.324874,303.261895,62.7772781,
785.964088,273.137209,61.9608835,
793.247793,298.51730499999996,56.5871282,
795.542118,305.449449,54.8790137,
798.052063,322.48192700000004,52.9228873,
792.5589620000001,218.8773814,56.9765623,
813.385314,412.343879,40.4707424,
805.737851,305.656681,45.7533571,
814.953422,409.623804,39.236169,
806.62269,276.286876,44.1814986,
818.9128430000001,332.68341899999996,34.5207463,
819.967907,290.787977,33.396957799999996,
820.762714,279.6271914,32.7249381,
826.805037,322.184788,27.8397583,
822.5858880000001,259.0651427,32.559825700000005,
774.587451,222.75192140000001,72.372665,
786.942421,311.069914,62.5038976,
791.904733,343.446362,58.2109659,
790.240046,331.942852,58.388223,
788.5107439999999,289.16814,60.1773473,
793.337907,330.181034,56.8567702,
791.455826,302.53995199999997,58.324441,
794.9131130000001,361.58682899999997,53.9139341,
794.293736,310.502336,57.5188775,
792.555418,277.240671,55.4826908,
798.20925,259.512129,51.1337008,
810.828044,415.13187400000004,42.1847897,
807.965279,344.342668,43.8220376,
804.47237,263.8842253,45.7558474,
808.029227,293.609326,43.3273921,
819.033984,306.53680099999997,34.6759342,
823.813807,337.49985300000003,30.3891822,
828.334985,314.505013,28.3143277,
825.330532,248.3798101,29.507868,
772.294549,308.543579,74.1255278,
780.965344,323.021889,67.8077368,
780.511854,330.94458099999997,67.2530715,
777.468172,218.9449908,69.4759056,
779.145122,222.9473257,68.163047,
787.147192,295.733337,60.5869186,
787.310574,257.5942328,61.1618653,
799.067363,373.725015,50.6811164,
801.817155,322.75984600000004,48.1212554,
810.845469,404.956001,41.6360661,
807.882239,308.951666,44.7460543,
817.0404599999999,402.517295,36.8363361,
810.485912,297.674896,41.9369108,
809.387133,288.568965,41.7014338,
823.98138,328.910836,29.7304217,
825.4229,274.41096419999997,28.6715849,
771.15562,313.955191,75.3369671,
773.687465,312.53156,72.3664674,
775.818606,324.004107,70.9437089,
774.548005,300.330227,71.74258,
776.769374,329.99992,70.1539373,
780.817389,358.995358,66.2212132,
785.322419,290.410517,62.114313,
792.006576,305.954222,56.8682309,
790.381973,283.6405977,57.2059257,
799.8090500000001,330.399739,50.8996927,
800.611343,299.923984,49.9085976,
809.662823,320.93323899999996,41.8697124,
814.303359,288.2791456,37.3406128,
812.458937,257.50065159999997,38.3426256,
828.00987,341.115265,26.3457224,
772.301728,303.39076,73.0038697,
775.742586,296.606401,70.2849096,
788.464237,260.3576752,59.7539238,
795.86722,357.014705,51.870999,
803.487113,412.609402,47.2936137,
792.813725,217.2948704,55.210131,
793.69018,222.4762108,54.2657017,
803.970046,365.052344,45.5374828,
804.800544,308.960527,43.6975551,
805.139678,214.1472157,45.530797,
813.816495,321.177783,38.4385285,
813.923083,297.892922,37.288905,
822.675283,393.84819,31.267346700000004,
781.589651,401.150393,65.03315190000001,
769.7274150000001,227.1501029,75.2399403,
775.741171,291.967103,69.316635,
787.550576,352.89191,59.7513031,
784.194485,297.220047,62.3522781,
788.394282,341.531167,59.1092524,
792.945704,389.70900800000004,55.713818,
791.991082,347.071442,55.9831126,
797.913857,368.368942,51.2872422,
793.244103,293.353997,54.1439948,
799.062646,322.647647,50.4563071,
800.409275,294.095004,48.4126681,
795.391754,223.4855025,52.1271594,
805.351507,315.085303,46.0027653,
812.125314,404.765584,39.6219137,
801.996228,225.52961340000002,47.2550757,
810.541671,327.084633,40.4910863,
808.951573,302.5899,41.0428819,
813.92018,347.289455,38.214063,
807.400891,223.7268908,42.3958494,
809.946678,223.3691822,40.5290157,
816.060301,301.524545,35.4662006,
819.65219,318.276859,32.480725899999996,
826.796933,373.15749900000003,27.3709072,
824.729154,294.147464,28.1294856,
774.601733,318.30663300000003,70.6037123,
786.443592,412.781655,62.8368692,
780.755071,309.748666,66.5343927,
786.919888,332.369916,60.6920232,
786.282152,319.352236,61.6270226,
786.42003,308.017255,60.8611209,
790.677406,341.121145,56.7315378,
789.381194,308.845772,58.5966545,
788.06701,286.5145991,58.2377293,
792.480544,321.186997,56.1175098,
794.856786,339.272134,53.2989952,
797.063722,334.123896,51.3854898,
795.047208,272.5611737,51.3571831,
800.923052,327.076674,48.6743895,
805.363638,334.418254,44.5364379,
807.661087,335.250503,42.609242,
801.533229,213.7297711,47.9421821,
806.1660039999999,214.8897595,43.1406142,
813.8136509999999,306.026008,36.6235028,
819.041748,324.362772,33.567516,
823.626449,374.201106,29.9772692,
824.61319,286.55059,27.7838262,
775.733907,396.239105,69.2532972,
780.486506,341.05285100000003,64.9027006,
781.399129,297.036421,64.24736630000001,
788.191899,326.726051,59.1191737,
788.921686,348.03686300000004,57.8584043,
787.343648,300.832401,59.4646076,
790.6695119999999,325.93368599999997,57.1347893,
788.621259,264.027957,57.4427933,
802.527211,406.020533,47.1137375,
795.298119,295.863342,52.3704424,
799.718989,317.31886199999997,50.3305625,
801.142572,359.757559,47.113978,
797.7620039999999,297.899114,50.9887191,
801.652111,296.936684,47.1585567,
798.8642609999999,249.6962046,48.5680996,
808.9966850000001,373.78472899999997,41.1359868,
811.028269,283.7770236,38.3484313,
816.63526,350.48371199999997,34.2865563,
820.925958,383.663635,31.9618203,
812.331307,233.19598100000002,37.8130039,
821.786942,262.9624243,30.3235084,
779.194672,337.63102000000003,66.6992987,
774.544714,227.5678117,70.3939191,
783.801114,348.905753,61.8386143,
782.733971,309.56359199999997,64.2557141,
781.662069,302.987197,63.405119299999996,
788.654762,336.246228,58.279949,
784.878999,279.9122492,60.5496148,
791.524012,337.230867,55.0280836,
793.334028,324.105528,54.0291444,
798.218357,308.266433,50.144426,
804.205696,348.577468,44.0824882,
796.49717,220.631598,50.376978,
806.277668,357.47578,42.4300637,
811.9523369999999,352.290695,37.6413322,
817.565439,403.065602,34.4103306,
809.558507,299.252933,39.5287434,
815.573291,289.348873,35.3233194,
823.84761,389.96133399999997,29.3364497,
811.785663,226.24803459999998,37.9140425,
818.196961,305.729713,32.140749299999996,
823.7504240000001,267.2264515,28.0431698,
773.050876,404.76909,71.8800984,
778.144578,319.455366,66.91464529999999,
779.8656129999999,326.192131,66.0003631,
778.575516,291.656332,65.5128245,
783.550534,338.174484,62.6430439,
787.0027190000001,293.07452,58.3178779,
796.1386669999999,304.079657,51.2343547,
800.753456,306.358279,46.7434206,
813.678707,409.098653,37.2329298,
812.738191,391.21666400000004,37.7437083,
819.572401,389.654321,31.9348915,
816.201649,266.63057879999997,34.0014952,
819.82429,287.55883240000003,30.9748503,
826.403301,346.632432,26.546284,
819.1832019999999,241.0918944,31.447305999999998,
778.380323,302.10015,67.07415850000001,
779.508066,306.088484,65.188709,
783.176996,329.25613699999997,62.1087754,
780.7176440000001,291.188484,63.2466993,
777.991433,221.2021016,65.6972898,
786.4917780000001,319.16267,59.4116566,
785.707943,276.6787678,59.2329108,
789.098068,288.8759012,56.0949625,
791.84305,331.03387299999997,54.7220526,
796.528737,292.671245,50.2449027,
805.298087,301.637934,43.1102903,
818.694162,399.96016099999997,32.6036079,
814.942914,320.48005,35.116166,
815.036801,298.931396,33.713457500000004,
820.913647,343.188625,29.8955751,
817.040377,249.971004,33.5478721,
816.53655,238.9729408,33.333369399999995,
775.531659,334.46031700000003,68.6496072,
775.196579,322.675974,69.1222821,
781.931828,318.740867,62.6041759,
776.59069,216.8200419,67.0437591,
783.635906,302.352375,60.8131174,
784.531437,285.2300342,59.4700311,
791.434574,300.387934,54.5977444,
806.737788,409.139253,42.3286792,
806.127888,307.026126,41.6051116,
802.14049,218.9958048,45.0801638,
808.858565,319.40410499999996,39.708045,
807.415906,282.0314359,40.5884701,
819.7705100000001,313.36674800000003,30.2035273,
826.748589,367.15739099999996,25.6791475,
757.776472,235.779143,79,FAILED
774.201023,303.267443,68.9900826,
776.395492,312.341877,66.84746150000001,
776.5531599999999,296.668973,66.7607147,
780.8211200000001,323.07973300000003,63.75287420000001,
784.940442,348.759587,59.6839288,
784.589986,326.930811,60.5247509,
781.476418,282.10690999999997,62.2260291,
799.899038,411.523912,48.5580724,
791.236103,319.357982,54.4072186,
797.758938,356.90865299999996,48.3039423,
798.509523,333.563532,48.7388509,
809.239302,413.947517,40.2829788,
806.8407139999999,324.968037,41.720357,
806.880562,337.608337,40.6631824,
806.57046,342.450826,40.5859857,
801.511647,235.5395337,45.2053004,
805.043733,219.2669707,42.3203939,
813.550823,335.655884,35.0240369,
815.261981,271.9704753,33.3394726,
821.400742,323.10110499999996,28.6230287,
771.909497,308.688087,70.9013804,
774.212207,297.67994899999997,68.046376,
777.796702,299.80853,64.8649425,
773.516945,219.5688364,69.7338469,
775.597206,255.7769938,65.9485819,
784.5396000000001,337.61062400000003,59.7243649,
779.975814,249.5304794,63.3880932,
784.7713610000001,312.273144,59.392523,
785.114823,305.18618100000003,59.0783407,
787.310472,322.25606700000003,57.6757767,
788.168414,331.36321599999997,56.7957316,
788.3104,301.90925500000003,56.4434044,
801.354748,325.698667,46.0493763,
800.593602,319.721739,46.0958684,
810.19976,324.478701,38.1321387,
807.1455550000001,266.5562983,39.2793702,
811.084823,302.372573,36.9749702,
821.7920349999999,381.380893,28.824185,
813.06145,228.9989644,36.2914825,
822.819259,368.61200199999996,27.5003717,
813.9866039999999,234.4110057,34.3338326,
824.785001,352.85078999999996,26.2689845,
825.370267,334.609758,25.1682137,
774.707905,327.911167,67.6755033,
775.437401,306.57858,67.2679852,
778.889785,336.21831399999996,63.9703202,
771.722275,221.1950227,71.4086873,
780.806608,344.560112,62.4030994,
785.756221,281.3868493,57.9669722,
793.643349,327.25512000000003,51.9120143,
796.166638,328.328933,49.938191,
798.478492,300.78556100000003,47.6737956,
793.238662,217.3647113,51.868176,
806.401195,218.93372540000001,40.4101773,
819.323691,318.888966,29.3529957,
818.553486,274.3632546,30.6951098,
826.459451,358.221537,24.8343532,
779.701189,332.269322,63.5127913,
781.975265,334.050969,61.2154314,
785.084247,331.21117300000003,58.6148119,
785.85528,339.912779,57.615756,
788.013674,294.813404,56.0470975,
790.441567,305.81033,54.0364773,
792.497976,291.250079,51.2866811,
802.125359,405.564041,44.7675709,
798.9647649999999,353.488514,46.0337168,
806.460586,397.218891,40.7503064,
801.114596,302.887473,44.3010259,
809.109022,371.915326,38.0675693,
798.71775,216.7047502,46.3533297,
813.109731,406.074496,35.181785000000005,
806.8062239999999,306.815106,39.6807434,
818.268054,329.990927,30.403115,
818.863397,303.83774800000003,29.8332599,
769.4387790000001,230.1613297,71.4419964,
774.560751,222.7950036,67.389747,
775.812353,233.4025411,66.0750384,
780.745619,286.7118474,60.8670539,
785.561452,352.20086100000003,57.5105184,
783.137335,257.0829843,59.6225509,
784.873882,260.6133069,58.590797,
788.044398,219.5403393,56.0527469,
801.044117,277.2222529,43.6339519,
797.758275,211.70656639999999,47.6922207,
808.949299,318.616109,37.854696,
819.500537,386.266432,29.6173971,
816.041144,321.897872,31.7446129,
816.0251949999999,315.501855,31.664878700000003,
777.193272,378.358482,64.7443757,
768.054168,222.6802199,73.4287008,
778.229424,327.94701499999996,64.0229044,
772.478036,230.6678731,68.8153928,
773.416918,236.4394565,67.95863729999999,
781.961141,297.112738,60.3597592,
798.993743,409.799961,46.3127316,
792.597878,321.14613099999997,51.9696819,
802.8154509999999,412.864939,43.2614831,
795.8661079999999,304.142969,48.8129673,
789.641736,215.595734,53.6702875,
800.613989,213.0779424,44.6604422,
811.008844,319.632254,35.837102900000005,
811.411039,286.40002300000003,34.1284871,
814.212413,291.629587,33.2095734,
816.487704,301.404095,32.0784719,
778.540616,308.583268,62.8103215,
782.007738,342.10981200000003,59.7553179,
783.506268,325.133023,58.8949077,
791.884467,334.738268,52.4115352,
792.5285690000001,317.17702499999996,51.267604,
792.5191199999999,301.152774,51.5575756,
795.477571,320.462769,48.4547994,
794.350905,216.2510054,49.6741455,
805.119781,317.304266,42.1825826,
807.0703129999999,222.7216386,38.8455655,
814.885732,334.268274,32.2460871,
813.779718,243.4932857,32.7364227,
815.8919989999999,251.577925,30.9263709,
823.409223,328.909128,25.5052515,
820.671483,291.515989,26.4643714,
770.538202,323.394584,70.4855466,
769.573811,313.599608,70.7925218,
775.868864,324.239526,65.6136559,
771.580281,224.5580382,68.6577712,
783.735696,344.914087,58.0179852,
787.058035,386.866327,55.0634846,
780.262475,277.1393169,60.3240907,
783.088196,292.381624,58.573838,
787.045828,343.70579699999996,55.4121318,
786.762865,337.37011,55.8325187,
788.169344,326.704961,55.3530753,
791.928328,389.936694,51.5916694,
785.89922,284.7215475,55.9452453,
788.475824,225.8016519,54.4853402,
794.293213,298.633833,49.3778785,
798.553589,368.83439599999997,44.5013375,
805.520025,328.34808699999996,39.9158096,
822.426637,364.055252,26.0080878,
819.894734,314.520923,27.3783005,
816.3177009999999,245.1645069,30.6749699,
819.507016,278.125674,27.5515907,
823.938496,342.942237,24.3371836,
820.219033,262.9942113,27.2874093,
774.871793,335.145992,65.4298481,
775.288701,308.719775,65.2414864,
777.855636,295.431896,63.0732471,
789.018354,388.86417700000004,53.4583071,
785.747505,348.173608,56.2535116,
787.197701,321.43072900000004,55.6466007,
785.886733,275.2777196,54.4363703,
794.800427,363.14795000000004,48.0139847,
789.762106,224.1893136,52.2714051,
797.615692,327.223842,46.7896396,
805.192715,358.21772899999996,39.2401815,
802.094022,299.1306,42.3006488,
797.625767,225.7789128,45.8576469,
813.332092,395.82315,34.4721531,
816.3729539999999,381.083639,30.545987,
817.560697,375.086565,29.4259289,
821.602871,322.36257,26.1372931,
820.189569,271.0498353,26.8911538,
755.8621009999999,233.2082039,79,FAILED
773.364236,322.564003,67.0385087,
769.4532810000001,234.502671,70.4485423,
778.1937829999999,339.620055,62.1602242,
783.86243,403.085758,58.3500831,
777.872707,299.795144,62.2851703,
780.247411,306.481788,60.4735024,
784.124999,309.503962,57.2192949,
784.487424,290.235561,56.8155982,
789.443363,329.559863,52.8293349,
782.614057,238.3769476,57.9037365,
787.834297,220.7491833,54.0252864,
800.042126,323.22565399999996,44.3124649,
802.251962,323.301837,41.7928385,
810.237227,399.316101,35.8577906,
820.537099,376.84427600000004,26.9464622,
810.210318,241.3990312,34.0394472,
770.938593,218.7574079,68.1970625,
777.21137,285.1148981,62.5169474,
773.2739799999999,230.2285937,65.6679403,
792.904297,390.121915,49.2233377,
788.98873,317.433318,52.712439,
800.8271119999999,408.576815,42.7548071,
798.909017,347.338217,43.6432719,
793.828023,254.4404531,47.8066132,
806.739372,413.78339500000004,38.731803,
801.6731130000001,372.61832200000003,41.0408515,
798.500843,294.507914,44.15744,
808.217055,410.13771399999996,37.3023991,
800.113769,217.5263691,43.0681104,
811.55,383.73195899999996,33.4711635,
806.417331,302.848146,37.7678535,
807.165377,298.596118,37.1737532,
802.575072,223.2640391,41.5802742,
813.75992,390.906449,31.785926000000003,
809.492703,300.645651,34.9807494,
805.918169,236.54331150000002,38.1030443,
811.3357570000001,317.428774,33.220638,
806.948792,225.931188,36.9764265,
808.945986,227.0655807,35.1795246,
820.861982,349.393344,26.1238044,
750.255797,239.448069,79,FAILED
770.1751790000001,319.98976500000003,68.4762643,
770.710896,308.536341,68.296456,
768.429026,221.8711183,70.4556477,
773.637656,301.450909,65.64088480000001,
769.449197,225.991006,70.4442287,
771.938346,228.7415082,67.2306342,
774.057893,217.8647462,65.4171705,
778.903609,291.724323,59.9133317,
782.055425,321.524537,58.7507105,
784.27869,326.76171899999997,56.8682539,
785.902514,308.192944,56.1184578,
796.800292,413.535624,47.5992806,
787.200527,294.294949,53.1924364,
788.441826,299.752273,52.872165,
790.741319,295.615478,51.0904322,
794.292491,324.666336,48.4719673,
787.678011,242.2050975,52.2476575,
802.465668,405.307325,41.4533758,
793.334939,270.9749264,47.0517412,
797.63947,281.7029548,44.0134889,
809.147887,406.689155,35.8548945,
811.2214730000001,303.155686,32.6704292,
815.313411,282.6884071,29.6762545,
816.271511,289.808216,28.5636323,
821.460521,276.5365247,25.3926346,
771.097855,302.921499,67.1955274,
765.352633,225.4619305,72.2715175,
774.083942,329.138444,64.8633025,
782.755178,335.116086,57.5498406,
779.966664,282.4719806,59.0482382,
781.56395,277.9670394,58.1557548,
783.1513170000001,296.648634,56.6097669,
786.755137,333.03756899999996,54.4438066,
804.407134,416.41893400000004,40.3784753,
798.564697,330.099701,44.7510343,
789.8845,213.5116743,50.8213138,
807.767244,401.105034,36.9109323,
804.249962,322.26189,39.3985466,
798.452042,229.37041390000002,43.8298031,
812.393169,401.646385,33.2499045,
813.3455240000001,397.73618999999997,32.2659247,
816.082947,358.455637,29.2818447,
812.562441,287.7171948,31.0278968,
820.85194,339.189685,25.3449054,
818.531846,285.2094702,26.2838255,
764.495433,400.473756,73.9541274,
775.677587,304.668102,63.4308877,
774.094737,292.722247,63.9069236,
778.714758,318.99462800000003,62.2682539,
777.574597,328.748655,61.6393075,
780.3657499999999,329.483255,59.6294161,
789.3048,382.70468,51.4246296,
784.59531,299.586256,55.2933932,
782.530163,212.8413856,57.2098315,
786.584348,249.5782987,53.2427512,
797.1016979999999,304.425337,44.8256552,
805.798315,405.530654,38.3757635,
793.114922,214.3741932,47.601744,
800.58854,305.631608,41.9419553,
803.1501069999999,301.544911,39.3725375,
807.971508,305.614113,34.8670879,
806.2447589999999,238.8484431,36.080349,
813.340668,304.655061,30.2109542,
820.118076,357.33214799999996,25.4554762,
812.60991,235.1120167,32.3283009,
821.589188,367.634527,24.5135303,
816.370259,267.5982483,28.0730345,
778.670508,346.72220300000004,59.4806719,
780.619608,299.927593,58.2364685,
780.219466,287.8218126,58.1343684,
782.094521,304.956293,57.3826711,
787.7158890000001,338.451009,52.5504432,
791.332019,353.875513,48.4502351,
790.6574889999999,331.488837,50.4753126,
800.59346,416.747391,42.1103264,
800.657065,343.826769,40.9968358,
797.495712,288.5713049,42.8208965,
805.77477,341.614236,36.5673566,
800.913996,216.1228772,40.8375244,
808.199341,313.090244,34.2413204,
817.301605,364.50163299999997,27.8376536,
815.893155,341.07167100000004,28.4171425,
809.338979,230.9364635,33.5247276,
816.528546,332.52152,27.9971899,
762.8159860000001,257.1683962,71.9427402,
770.754647,333.238254,66.5283451,
768.342791,298.745547,67.4778805,
780.556282,339.790923,57.9835472,
774.836794,218.8254322,63.3982233,
783.6637020000001,290.278454,54.690674,
788.675209,324.874528,51.4280702,
792.262925,308.475793,49.7546412,
793.493457,306.57897,47.0962807,
792.0278040000001,226.4236719,48.2474072,
798.9157270000001,318.855719,42.5805666,
802.22684,333.400892,39.4020565,
815.823183,390.364217,29.2758939,
766.685593,309.570981,69.8339947,
771.960946,313.519684,65.6658365,
775.51675,333.824965,62.3729704,
780.197505,378.64194299999997,58.9272857,
776.177884,312.956495,62.0196663,
778.968483,335.18041800000003,59.393874,
782.669315,341.62852499999997,56.1606288,
783.951628,305.282778,54.3399936,
787.707765,304.068721,51.9048015,
785.681358,278.5929288,52.1743018,
787.2941040000001,218.39889349999999,51.9941293,
794.634503,291.079212,45.0774975,
795.549244,221.0095639,45.2749854,
805.639443,323.873011,36.9924923,
810.0805829999999,262.9189565,32.772036,
816.044148,273.1050278,28.1437891,
770.865222,308.64146,65.9332039,
769.134892,234.4140059,66.9599958,
774.524623,292.459955,61.0685174,
779.164814,308.673919,58.968139,
780.659124,314.42354,59.1772365,
782.798705,330.470315,55.5383997,
780.839053,281.9198085,56.6895209,
793.554711,350.18793500000004,46.022041,
794.153534,301.746572,45.9742655,
794.984775,215.728199,45.2806026,
805.903808,318.27649299999996,36.2390031,
801.274943,280.4569457,38.6240706,
801.812125,220.9300761,39.4694666,
810.2709609999999,298.761464,31.6335876,
811.629091,318.351098,30.9316011,
814.496165,318.664424,28.5405154,
772.2286369999999,321.410162,64.62684709999999,
765.369751,233.4495011,70.4791346,
774.503097,324.513235,62.8871068,
775.918703,343.457154,61.3290975,
778.1720789999999,382.146443,59.9837569,
776.692543,297.179672,59.9237467,
777.919041,303.550487,59.1311795,
782.226627,235.578917,56.0102927,
790.124133,327.92449899999997,49.2713566,
788.046827,224.1714918,49.8024145,
795.877954,211.2220022,44.3438321,
800.282899,289.456086,38.6996017,
803.851895,307.780695,36.8875676,
805.687592,278.50989730000003,35.7838776,
816.397048,385.273047,27.6582007,
810.138885,247.9788988,31.788032299999998,
772.715549,338.86875299999997,63.5417777,
775.280492,302.911636,61.1553902,
779.5654440000001,349.77376100000004,57.6865039,
775.4123950000001,282.9286871,60.2379448,
782.969366,347.951438,54.9075658,
788.749989,308.201965,50.6436896,
789.736337,322.408806,49.5462687,
788.970375,298.971181,49.6045679,
784.191659,228.2357251,53.9804991,
790.647949,302.696486,48.367263,
807.797759,396.49097900000004,33.987892200000005,
808.045023,336.267085,33.6945579,
810.631157,323.567085,31.149273899999997,
811.948749,333.056456,30.0848922,
824.052175,418.67913599999997,21.2187533,
817.03814,258.8396563,26.7604694,
766.862203,237.3444376,68.2755853,
767.165256,230.09353529999998,67.0774746,
772.575138,297.553296,62.4722217,
779.5368,330.88597300000004,57.3803675,
780.520217,354.277432,56.2398457,
782.9646339999999,324.012355,54.8668044,
785.045527,320.336746,52.9198508,
794.808489,326.945902,44.8764582,
796.101014,300.854277,42.906053,
798.024456,279.8168753,41.1574169,
798.40679,249.6475529,40.2803805,
796.734104,213.81463589999998,42.3628612,
806.643684,319.892203,34.319159299999995,
809.492414,307.16785600000003,31.0095738,
812.971067,327.271024,29.4363702,
814.174815,305.17316800000003,27.6721227,
768.92644,324.571607,66.1717443,
767.371682,311.742794,67.3315642,
771.303403,332.53234699999996,63.67021249999999,
772.004758,308.54026799999997,63.3691965,
776.545249,340.54767300000003,59.3613356,
774.923216,308.249127,60.7970453,
773.359636,286.8060471,61.3784663,
778.848732,325.587511,57.6639192,
778.270591,295.991984,57.5085458,
782.3475149999999,337.390267,54.8047707,
784.312374,384.020616,52.3989878,
779.811208,292.156502,56.2380401,
780.782466,285.67809669999997,55.4692984,
785.1139029999999,308.654991,52.3629522,
781.556606,217.039788,55.5565539,
801.708422,415.536856,39.045288,
801.111769,407.144667,39.3233293,
797.445635,300.709589,40.9990104,
806.375818,381.963522,34.8234346,
797.580018,227.3666197,41.1545632,
812.195568,395.266481,30.2461792,
802.206915,223.86573959999998,37.8004775,
815.792567,345.599918,26.1084673,
816.930935,319.109746,25.5040592,
814.090183,254.3862303,26.7981431,
760.3870420000001,396.477256,74.0520656,
774.164362,382.418625,61.9601012,
778.294818,413.93755799999997,59.8687072,
765.401956,233.1976583,68.4920795,
769.576827,226.4180668,65.40289899999999,
776.944303,278.698785,58.2732944,
783.869801,327.70590400000003,53.2318518,
782.865706,299.480519,53.3397809,
785.62754,296.768537,51.1959406,
796.8024829999999,413.11056099999996,43.5659017,
791.557266,322.735853,47.112909,
792.205784,260.2877661,44.9099178,
790.423597,223.547757,46.8493202,
806.4773299999999,403.08567700000003,34.254632,
799.3129710000001,316.312791,39.1831593,
806.542601,389.359445,34.0236031,
809.702595,356.288522,31.114785600000005,
811.637286,262.5378758,29.464229,
815.173153,294.148984,26.3210762,
745.963603,240.2515277,79,FAILED
755.031413,233.9146068,77.1379487,
765.438682,313.31842,68.9889421,
767.226192,329.540167,66.76957089999999,
766.353221,305.064197,67.3528705,
774.85533,323.37483,60.4380217,
786.899138,393.63478599999996,49.7066329,
793.880095,411.300005,45.7004426,
793.321916,416.417062,44.8057625,
792.172431,395.98721,45.7955994,
792.478863,323.308764,45.1453155,
803.261033,412.92254,36.9743126,
794.499991,218.5830603,43.2580762,
797.665423,221.06428499999998,41.1199099,
803.580677,299.942155,35.7652731,
810.752639,375.979387,30.132842,
806.119748,300.459005,33.5011222,
808.3948780000001,330.890497,31.7235253,
816.590694,369.701487,25.9034438,
813.6090810000001,282.193986,27.3970785,
742.698527,224.9955913,79,FAILED
752.970115,231.5848313,78.9590251,
768.99897,294.305434,64.17130370000001,
771.015209,312.744419,63.185457799999995,
774.013029,337.914119,61.0572078,
779.154089,345.885722,56.3536313,
780.865647,342.52356,54.4764111,
778.8035669999999,302.572541,56.0698204,
786.105067,335.282431,50.6126225,
789.642182,295.196668,46.8134081,
793.062272,318.846024,44.225916,
787.7915390000001,215.0598498,48.9250972,
794.748628,295.612341,43.0228641,
804.1318,404.736558,35.8971002,
789.8619140000001,218.1432965,46.9084595,
798.076674,320.804313,40.1746477,
809.073948,421.202766,32.5468762,
794.304189,223.7732481,43.0041602,
806.677811,286.0868642,31.8500802,
813.782168,374.073016,27.2008805,
803.01333,224.3429274,35.4983656,
818.505733,337.26311899999996,22.521462,
816.624401,281.5318841,24.7119684,
767.491338,300.818164,65.3902748,
770.2171559999999,327.642264,63.67370510000001,
770.242932,304.06037000000003,62.9687328,
780.204465,412.261726,55.2175118,
774.4414429999999,287.6585781,58.8923958,
776.811071,311.66687,57.4220183,
782.621178,293.711785,51.9547495,
788.753425,316.909354,48.0153167,
797.521382,408.654291,40.836424,
798.60393,383.27592300000003,39.6401584,
798.0460820000001,306.36512500000003,39.9457775,
799.790394,298.425518,37.9122515,
800.734502,304.797803,37.2891278,
801.985178,282.3529254,35.2335734,
804.167473,234.5953826,33.8701111,
815.714808,351.411048,25.2667591,
808.35158,242.65691809999998,30.9449676,
811.48711,247.5867473,28.8242852,
755.7882979999999,257.5465611,74.9519782,
764.856177,324.248654,67.3647243,
764.532225,318.060493,67.8886324,
772.97448,401.77755,60.853308,
777.718944,410.522164,57.2914368,
773.711548,329.723838,60.4473293,
774.695455,313.402585,59.2583753,
779.374698,320.14808600000003,56.6046411,
778.360892,307.759888,56.3930099,
776.452049,286.0501455,56.92136,
781.488966,333.550799,53.4254389,
779.086821,297.959395,55.0596999,
780.540427,311.813976,53.9713563,
799.387313,417.264322,40.4106701,
804.5777009999999,409.400035,35.232019199999996,
791.35433,223.7629863,44.7911611,
800.480157,320.833736,37.6445672,
808.251892,399.14919699999996,31.692491500000003,
804.784911,343.262163,34.193260699999996,
800.237306,230.3034901,37.0856412,
812.467541,380.437505,28.0519522,
817.608287,363.84055,23.6114604,
809.142419,237.6760796,30.4211583,
767.754477,306.25113,64.7853193,
770.950079,321.50681299999997,62.2760057,
775.048483,334.589836,58.7267812,
779.03566,325.669675,55.6015151,
775.622756,275.2279771,57.5985285,
776.508381,263.0116122,56.6182775,
784.578682,370.10314700000004,49.9305482,
782.133789,303.563421,52.1459063,
780.077981,233.11264599999998,53.7411975,
784.168372,235.8995343,49.8404421,
790.621517,298.607075,45.1765602,
803.448956,398.713399,35.5015699,
804.16639,305.029187,33.4944537,
806.44051,343.91450599999996,31.3048333,
812.435386,323.18593999999996,26.2060527,
810.137979,256.32590070000003,28.9118452,
815.293708,273.9814784,25.0583736,
738.670238,310.640885,79,FAILED
762.475884,308.398476,68.3136587,
769.357674,290.951857,62.3746439,
777.828726,339.985498,56.1717532,
778.292765,333.816535,55.3315693,
789.4191040000001,317.655404,45.881547,
793.426604,322.23073,42.6804831,
811.01471,388.244127,28.4058868,
803.634663,267.9469908,33.864383700000005,
815.236709,379.70622000000003,26.4676664,
812.499784,328.531098,26.0807187,
810.343573,286.4787931,27.9085365,
761.177781,399.80044,70.3409302,
766.762813,334.552328,65.2554411,
767.229296,312.856827,64.83931770000001,
770.23847,335.39345000000003,62.0679971,
772.65094,345.65801799999997,59.5245975,
773.980957,328.931417,58.2981616,
780.702593,384.083078,53.5837157,
780.24546,345.894357,53.0742007,
771.994855,241.7782906,59.4713357,
789.077533,380.013219,45.4692189,
791.142752,331.572806,44.5915625,
792.528865,303.749686,43.480429,
794.814968,325.36756,40.6792308,
790.267068,213.8790042,45.8094935,
790.800104,217.9651982,44.5852572,
802.151536,322.059015,35.601851499999995,
806.846458,388.413747,30.9473375,
806.780843,336.922109,31.071273599999998,
808.327397,326.971064,29.9232037,
811.369551,277.3379726,26.8431945,
775.054666,392.55733499999997,57.9280998,
764.877525,220.5729501,66.9211145,
773.723469,300.839584,58.1341764,
775.245185,292.97755,56.9130538,
778.600294,350.041915,54.4217843,
778.982082,292.907792,53.4667874,
783.273416,324.269598,51.1271269,
783.627213,339.977144,50.2850316,
784.7341690000001,330.81089499999996,49.5072477,
785.810836,335.886205,48.2787684,
784.1324099999999,301.22571,49.9757881,
785.546061,315.625086,50.0451224,
785.90858,326.167192,48.6951516,
780.122039,247.9101166,52.5965714,
800.397393,405.65268100000003,37.3769752,
803.134971,315.763051,34.4273115,
808.882614,320.62121,29.2432936,
808.002761,232.1209,31.3116069,
813.739034,339.666236,24.9594668,
812.769702,268.6871582,25.2930758,
745.92133,318.865638,79,FAILED
771.006302,393.76142600000003,61.0267402,
771.65556,299.021998,60.0160809,
772.724428,304.767176,59.1866331,
774.357244,322.917596,58.1942722,
793.703003,412.64806699999997,41.6116711,
781.284793,230.142156,52.3383511,
788.1279930000001,304.03145,46.4123859,
794.092439,345.237848,40.6420279,
800.013649,354.071858,35.5291285,
794.673355,276.2936437,39.6301724,
812.68954,362.015106,26.0160303,
806.071545,283.243956,29.8588238,
740.554821,310.825566,79,FAILED
741.08968,324.112802,79,FAILED
773.793509,396.766951,59.1796425,
769.5432069999999,330.023486,61.4549958,
779.052457,338.721444,53.3030394,
787.514958,324.588235,46.9751768,
800.142293,343.02484100000004,35.251909,
807.509035,267.1467989,29.5987906,
812.393292,325.614159,24.2080138,
738.229628,320.745453,79,FAILED
744.915028,313.13802499999997,79,FAILED
755.64882,402.250715,73.9957143,
765.189567,320.89578800000004,64.8792555,
766.58623,338.301686,63.2481832,
759.824869,224.9513726,70.5499055,
762.653106,236.5345419,67.50143990000001,
772.329214,296.14673600000003,58.1474135,
774.050445,305.633559,57.1887304,
774.4648139999999,280.557536,56.6256349,
776.023818,289.957457,55.0744464,
781.609916,321.77666,52.9995426,
781.0051080000001,307.830287,52.8563577,
784.854541,320.455331,49.2467222,
792.8135609999999,394.97182,41.8066813,
792.5250080000001,309.355494,43.850499,
791.308027,327.17197699999997,42.6862072,
793.097203,259.0299854,40.7994162,
797.487076,292.185578,36.5802945,
793.938776,215.499946,40.5666709,
794.793195,223.4305105,39.443559,
802.827907,319.006884,32.8569672,
805.772105,318.446911,30.2568413,
737.551647,306.031025,79,FAILED
743.7849180000001,239.0216269,79,FAILED
745.858715,250.5916867,79,FAILED
765.377945,299.209271,63.435019100000005,
768.894946,302.861756,61.0765206,
769.888021,312.804409,60.4124232,
774.049649,338.26248899999996,57.188786,
775.585961,321.284046,56.2368621,
778.0406820000001,327.56940299999997,53.4879496,
775.693109,284.1022056,54.9527784,
781.74861,310.975947,51.1758697,
798.561954,368.569439,36.0419225,
789.382159,235.7347496,43.2481761,
795.092757,262.6074865,38.3443959,
795.426252,236.1280816,38.9785005,
803.1175029999999,302.009616,31.979447300000004,
812.564526,356.36463000000003,25.0841082,
809.228476,263.3293952,27.4147763,
744.344202,324.3443,79,FAILED
758.524995,403.882245,71.0001166,
749.897099,234.5897627,77.4846951,
765.087779,328.56218,64.817362,
766.111409,332.390607,63.16655639999999,
766.423466,323.16352,63.06008940000001,
771.133285,339.90918999999997,59.174431,
770.860246,325.35024699999997,59.3536136,
769.417292,294.014069,60.4138902,
769.868456,287.02556,60.320175,
775.175461,345.733963,55.6968746,
774.2180960000001,331.427959,56.484304,
776.363126,304.34288100000003,54.1079338,
777.002459,287.3919071,53.0161866,
782.754633,305.251423,49.1843013,
787.459291,336.084722,44.4961069,
791.079142,333.874231,41.7420764,
792.922091,303.757499,40.624233,
796.169216,320.897913,38.1793813,
803.159004,399.396333,33.0989181,
797.177691,317.121628,36.9427363,
802.39994,285.6070299,32.9089562,
807.966152,335.233047,28.132624,
804.032608,237.373785,31.0645818,
806.2336740000001,279.131456,28.7247306,
810.1977400000001,318.623855,26.2904877,
812.482397,297.940793,24.9988183,
740.461453,307.62989500000003,79,FAILED
745.645823,312.743291,79,FAILED
761.927894,320.05919,66.619337,
762.909398,307.362566,65.7421061,
757.850167,243.1148351,70.4013975,
769.5400500000001,335.033582,60.0388733,
767.105044,297.326927,61.6817097,
770.295356,309.266259,59.3347783,
771.171415,290.782103,57.9171296,
776.673153,322.077336,53.8811537,
778.160108,298.540746,52.9528069,
779.404664,330.435124,51.2768366,
785.872429,298.64646600000003,46.6904387,
802.664413,405.71567300000004,33.0588926,
794.6072360000001,301.764405,38.8549297,
797.149675,301.368739,36.3782053,
795.9929930000001,283.1390463,37.1666003,
807.011714,384.773346,28.8052834,
795.811069,224.913856,37.2582857,
809.532842,367.612554,26.6941393,
814.544353,332.69563500000004,22.5863556,
764.719372,309.443819,63.7255392,
760.726433,222.3964355,68.1736525,
776.797073,354.54154,54.3620497,
773.882308,299.78650500000003,55.941052,
781.827888,296.220376,49.7182225,
790.826151,411.365164,43.5176882,
785.467072,308.61977,47.9021276,
794.184526,416.565699,40.5110684,
795.682378,408.629725,38.4985687,
789.969164,316.063158,43.3047106,
799.512655,364.71369400000003,34.175381200000004,
796.962438,278.125665,35.9089972,
798.299132,265.3917161,35.7449389,
810.037876,384.514236,25.85617,
805.096168,302.98668299999997,29.9257115,
806.722229,245.0369478,28.6126212,
811.185518,291.11470199999997,24.9603631,
807.524059,250.4464987,27.8975279,
813.087037,343.378895,22.7497072,
751.244784,233.5478996,75.228721,
758.730319,312.670257,68.196479,
754.066363,230.1571321,73.5368057,
764.376488,293.16398100000004,62.9238979,
770.121493,320.790444,59.135836,
771.824334,285.885521,56.7290143,
781.363637,335.814011,49.3551806,
792.669502,407.008293,40.7421649,
794.022257,400.695583,38.5986937,
783.562323,234.2678434,47.5228438,
798.311822,411.850863,35.4061892,
791.973492,316.402082,40.9440354,
799.123661,402.65007,35.4413974,
786.253456,218.8840246,45.4374752,
790.743919,214.4282331,42.58278,
795.435369,296.441007,37.012552,
801.53661,339.520262,32.1323679,
804.379444,331.668623,29.8752513,
797.916399,228.6613822,35.1196609,
806.994288,290.739113,28.3997957,
812.103393,373.831431,24.0217593,
812.840822,367.49023,23.8349444,
804.834104,254.8458126,29.3454525,
807.603312,269.9030358,27.0469602,
740.755419,327.227963,79,FAILED
742.928892,307.302624,79,FAILED
765.805215,327.55554,62.3187697,
774.326046,326.17762300000004,55.720222,
774.735175,337.125564,54.8705388,
770.68494,275.9130217,57.4673506,
774.324136,296.60773,54.3374628,
779.284752,346.501809,49.9715985,
788.303885,382.141354,42.7251121,
792.802337,399.41461000000004,40.439623,
786.9616570000001,307.562268,44.4563161,
788.653832,299.863913,42.9829547,
788.014781,220.7302583,43.3228923,
799.106678,222.5198642,34.5678969,
803.097163,243.7330602,30.8262861,
808.823323,282.5015161,25.1813773,
745.834401,318.73287400000004,78.4633589,
761.816818,325.760457,65.53004279999999,
758.230206,235.121493,68.5459209,
767.20539,323.42499399999997,61.0888679,
761.680881,253.5900686,65.0967581,
770.796214,334.382824,58.0804223,
762.595392,220.9751083,65.5792515,
771.136449,346.84044800000004,57.7241567,
765.259825,220.1034637,63.3546295,
778.831809,306.07579599999997,50.3521966,
773.600131,210.3066594,56.4027351,
784.225633,319.535505,46.3513775,
788.345724,324.053695,43.1808135,
791.501325,329.742147,40.1127496,
786.4515,210.4098664,45.3971153,
802.440961,395.34157200000004,31.177292800000004,
797.955303,320.886729,35.2394845,
790.616221,219.2333538,40.3938134,
805.452828,361.799748,28.511797,
798.829725,234.4642912,33.9174765,
805.566998,316.620225,27.8567125,
801.642132,231.59731490000001,31.150251999999995,
813.451942,359.921113,22.6170743,
812.16933,349.218372,23.1951962,
738.69823,316.049971,79,FAILED
758.112247,319.435689,68.1252231,
762.028729,312.991131,64.25353150000001,
760.499641,230.2861523,65.9753988,
771.895718,342.465738,56.0017516,
775.949529,333.80703500000004,53.1229954,
776.152593,348.363135,51.8947354,
772.922435,276.5854247,55.2176926,
778.0559969999999,324.00064399999997,51.6242224,
781.000112,326.151049,49.2087406,
782.617561,300.77306699999997,47.6908365,
783.669977,210.471301,46.9965442,
799.235803,408.727449,34.2589414,
794.50559,306.811913,37.3527691,
795.399578,235.3824727,36.0751074,
805.207326,259.835393,28.3941793,
738.923524,313.237799,79,FAILED
736.858225,303.707904,79,FAILED
758.289637,324.560183,67.32536759999999,
765.746621,308.271741,61.1152629,
768.278078,286.2254469,58.4040407,
771.642603,293.067127,55.8910773,
772.103498,252.05434350000002,55.5670206,
776.354724,301.67362,51.4450757,
777.243719,294.357332,50.5724767,
780.740456,238.8608194,47.7960702,
795.597559,403.79256399999997,36.9411571,
792.514307,345.265802,37.8148247,
798.195185,393.18357000000003,34.0376524,
788.089204,224.5808178,41.5019325,
797.304097,306.54341999999997,33.7951977,
797.514094,301.239133,34.1831239,
806.156119,392.455733,27.4550512,
807.474634,379.74726999999996,26.7227601,
802.965874,287.4976436,29.5531627,
730.170643,292.684212,79,FAILED
759.861906,301.59535,65.8664676,
778.8618280000001,340.815064,49.0283083,
782.524045,322.57021599999996,47.43741,
781.441534,308.698284,48.1632684,
782.590739,329.33261,46.7045142,
784.554347,325.956676,45.2634768,
782.314632,225.9600172,46.6806485,
789.999093,322.170768,41.1472849,
798.985792,399.905713,33.708959300000004,
805.022138,325.71194,27.8207914,
806.017996,303.082733,26.2330864,
807.221692,288.402872,25.8796374,
808.491385,274.7532599,24.6461421,
810.346712,295.605054,22.6960253,
735.122987,312.157598,79,FAILED
736.6018300000001,331.364865,79,FAILED
741.023738,317.479821,79,FAILED
758.9930870000001,223.6603555,66.6145651,
764.6063770000001,287.78590429999997,60.9982285,
767.9635040000001,303.285999,58.2132678,
770.166243,309.139905,56.842994,
771.26298,322.325719,56.1675113,
773.304535,330.857801,54.464935,
772.373248,307.452782,54.8475893,
771.157883,263.3639245,56.0828343,
775.836943,288.9116544,50.920985,
788.067483,343.661046,41.0458607,
791.27932,334.207132,39.0438464,
799.532966,361.98458600000004,32.0649923,
795.873103,283.430072,33.962372,
793.803427,252.7162084,36.290887,
794.166938,220.2882131,36.200496,
798.974597,282.8869974,31.6611447,
807.640613,337.28099299999997,24.8095673,
732.169704,301.484955,79,FAILED
732.845871,296.169441,79,FAILED
736.148447,319.54866100000004,79,FAILED
740.102599,330.034448,79,FAILED
742.3939780000001,326.534726,79,FAILED
763.945783,373.151962,62.0490995,
765.025321,332.75451799999996,60.8141332,
759.373686,241.5657161,66.3539736,
768.416255,343.132837,58.0390415,
767.157937,298.154066,58.5766701,
773.157451,350.830269,53.9311909,
774.818621,339.352392,52.1990521,
774.330106,293.050693,52.6095241,
780.949644,295.409215,47.1154813,
777.325727,235.7613658,50.5023075,
783.525892,303.327271,45.1326268,
786.9062220000001,305.911291,42.5766693,
784.400661,241.18976229999998,44.2204033,
791.447507,320.497346,38.7723339,
785.633343,228.53597100000002,43.4129709,
800.705162,319.12509,30.6437668,
800.56984,302.509887,30.7512602,
802.552294,249.6227562,29.0329785,
805.864675,294.975657,26.0410352,
762.751848,398.30730700000004,62.9471642,
757.992561,310.163853,65.98342790000001,
760.371553,332.544714,64.23102850000001,
760.102266,320.38651500000003,64.3221819,
765.597206,394.57554400000004,60.2989304,
762.517891,319.14196200000004,62.3492199,
767.607458,327.75964999999997,58.6926169,
766.144458,292.545224,58.944017,
774.686762,353.448303,51.8495929,
778.762909,332.155952,48.254565,
778.753655,300.242729,48.996516,
786.733668,291.84880499999997,40.8633488,
797.501255,357.989327,33.924616400000005,
806.835621,258.2878175,25.2159888,
742.006793,315.620951,79,FAILED
763.706036,340.03470300000004,61.6641479,
770.141417,412.51011700000004,58.0126005,
760.733999,229.0604756,63.8851909,
769.895653,337.626714,55.9911949,
761.9074410000001,223.6841678,63.603436,
771.885078,346.187675,54.2377515,
766.047291,239.397574,59.7053218,
769.622242,280.1539415,55.7964899,
783.158514,396.157592,45.1126998,
784.712302,394.43864099999996,43.3342643,
791.490984,410.844793,38.662401,
780.630101,207.3998658,48.081393,
782.081734,221.381193,45.6898118,
784.484173,214.6669771,44.3355678,
786.259006,216.8992153,42.0084963,
801.8136010000001,401.250775,29.8263188,
803.693336,397.016158,28.505011,
797.07187,321.774307,33.0345977,
805.815842,387.814189,26.1112542,
805.436272,351.182204,26.2479389,
797.872413,237.8938482,31.925776499999998,
807.154936,267.8311154,24.5177082,
733.158772,302.30177100000003,79,FAILED
757.578348,318.93483000000003,65.95556690000001,
761.110771,325.129727,63.222416100000004,
755.183318,223.2873577,68.6176567,
757.348747,233.7108556,66.91606999999999,
769.555378,326.953521,55.9604464,
768.7370129999999,298.28168900000003,56.632829,
773.146177,355.373209,53.6305259,
768.851876,303.796452,56.102276,
769.133638,312.753307,56.0393154,
766.529189,249.0096094,58.5045274,
771.095733,301.93763,54.5660931,
771.292582,258.4420219,54.2513654,
790.197392,394.256161,39.2924427,
781.559743,236.9082524,45.5304327,
787.8241350000001,302.966389,40.7482403,
787.1451959999999,287.91705609999997,39.8592911,
790.190351,298.748853,38.1378372,
791.81321,302.534179,36.8016699,
790.552939,280.4730276,36.904652,
802.994663,388.931979,28.2475055,
803.946132,283.4580517,26.3200875,
808.983369,354.18206,23.4593943,
807.778919,323.85040200000003,23.5205446,
734.235123,324.337985,79,FAILED
743.683589,314.85252,76.974558,
754.017722,307.57761,67.614082,
761.555309,392.497874,62.0330495,
752.896669,229.7626233,70.3266248,
764.184838,326.569707,60.0365296,
767.6879759999999,373.695676,57.9309115,
764.058333,297.714606,60.2868625,
767.050975,311.760619,58.6865329,
773.725839,327.755908,51.9818407,
776.7593400000001,312.447835,49.4602281,
779.697448,304.415442,47.1736764,
787.7978860000001,400.75804800000003,40.9621213,
783.836524,322.408762,43.6550221,
780.786388,242.9082662,45.6546802,
790.792107,389.966327,37.3297146,
800.1127710000001,388.753315,30.4534051,
790.100924,222.1900383,37.9879996,
801.100764,336.244289,29.2135603,
802.808696,340.133716,27.1794732,
802.1139499999999,300.075994,28.5747996,
805.825893,330.83543399999996,24.7753114,
733.991455,309.116689,79,FAILED
736.518493,322.89236,79,FAILED
758.888285,306.28506400000003,64.0613936,
760.744424,304.135585,62.1024852,
761.84092,309.632608,62.0821372,
766.983061,291.623476,56.8567999,
774.8016660000001,333.792264,50.770564,
772.569001,305.83763899999997,52.2241419,
776.164531,320.81449599999996,50.1726102,
786.2311589999999,394.175453,41.312585,
780.969885,299.104457,45.8568948,
777.250166,230.3202136,48.1268157,
783.05702,299.100783,43.6690113,
793.371439,299.585783,34.8899246,
801.7291319999999,331.856791,27.5433433,
795.439037,228.4972853,32.592985999999996,
805.66864,319.283571,24.8500428,
807.403269,344.73170200000004,23.1693755,
803.4274379999999,253.26436030000002,26.8844497,
737.524805,303.636608,79,FAILED
747.155589,232.7400501,73.5588014,
750.740459,224.7208051,70.7478261,
753.778949,249.2468713,67.9219085,
761.805276,334.304043,62.0658701,
759.113049,298.705038,63.254749000000004,
767.670123,331.894416,56.9546291,
760.373289,218.5013506,63.61616889999999,
771.483344,324.850104,53.5931669,
790.109837,406.81211099999996,38.6316705,
797.477352,397.172603,31.4025357,
795.912167,337.74087,33.3182019,
800.135793,283.2496939,28.6383189,
802.842683,289.843949,26.9420577,
804.731366,312.871599,24.900235,
808.68047,362.37466,22.6982655,
803.042717,264.2428707,26.8105595,
802.7034590000001,245.2663516,27.3847145,
806.074595,291.07993899999997,24.2488108,
810.020796,329.361906,22.2619139,
729.1292980000001,305.958593,79,FAILED
732.398929,328.52128,79,FAILED
740.849768,306.167162,78.0469015,
764.401352,405.42519400000003,59.6964157,
755.167149,229.7162241,68.6106821,
756.6263739999999,280.9653791,64.6822497,
765.246037,338.889942,57.8677636,
758.658844,221.609309,64.7211437,
768.666714,289.514895,54.7086286,
770.984053,299.595011,52.8623171,
769.9788550000001,279.60077590000003,53.8589178,
783.0002059999999,385.451905,43.31255,
793.0148859999999,397.384582,35.4924131,
793.620979,378.58561199999997,33.1742821,
791.050102,320.864916,36.6141839,
792.62463,231.1757898,34.9833365,
793.428587,224.0297702,34.003993,
802.890278,298.373589,26.0039367,
810.169055,339.15222700000004,20.6921294,
736.475022,328.619362,79,FAILED
749.072987,235.920932,71.4334079,
758.269037,337.865313,63.4895343,
753.093625,234.1765169,68.5992564,
763.396054,304.042732,59.3032186,
767.031807,345.838553,56.3531519,
768.074701,295.746331,54.9078553,
777.7453419999999,321.724827,47.9996647,
780.1091220000001,323.992998,45.5736884,
788.875848,417.79864499999996,39.5511879,
777.111954,234.743448,48.115074,
794.809755,411.994308,34.3654101,
788.112614,304.974113,38.4932035,
786.3881289999999,274.5351276,39.3642846,
794.873604,296.633431,32.4105613,
801.330427,385.09335999999996,27.6253745,
801.169353,368.794868,28.1629176,
800.23678,315.418831,28.007708,
804.190526,373.43535099999997,25.0064593,
801.876941,319.11852799999997,27.2428993,
808.506089,369.780493,22.4998413,
809.504574,355.653133,20.6167703,
728.7846348,225.67212130000001,79,FAILED
744.20037,233.4295177,75.3898569,
753.605857,312.818685,67.0110255,
748.950644,229.5183346,71.5966656,
761.598658,322.611917,60.8391129,
760.053883,294.49771,61.1696132,
763.409905,285.888335,58.9034449,
767.735647,275.4710443,55.2790144,
780.715996,318.25393399999996,44.385088,
790.2226479999999,416.358074,37.6044774,
784.664992,323.27065400000004,41.6038232,
788.604059,324.99586999999997,38.8067317,
793.818338,403.121899,34.2241923,
782.662194,225.2261643,42.5045902,
782.5233479999999,243.7452182,41.5012813,
783.996519,234.09243850000001,40.6396102,
786.232518,220.922706,39.9087804,
800.033448,393.727847,28.9103375,
795.5383919999999,301.623534,31.217646799999997,
790.265913,223.7221772,35.9444496,
799.274114,303.447698,28.4748764,
805.78896,380.032189,23.6271068,
799.26617,232.9759146,29.3177976,
730.441314,318.67864,79,FAILED
734.282369,319.219542,79,FAILED
733.107271,299.270077,79,FAILED
737.674004,324.48486,79,FAILED
737.699324,314.225236,79,FAILED
743.995875,238.339348,75.5110253,
762.229303,402.53029300000003,61.3708493,
763.011062,399.26871,59.9636306,
760.209777,329.52176199999997,61.5752793,
766.42088,403.90817100000004,58.223684,
768.7291319999999,342.047416,54.3023618,
769.378333,330.191325,54.0254722,
771.06426,333.287103,52.0750805,
765.112622,264.2749569,56.3195277,
768.415361,267.7613351,54.7485572,
773.573916,326.93400099999997,49.7333082,
773.7096349999999,305.251758,50.0745669,
777.77554,350.107023,45.4538097,
777.942797,328.694214,46.5676919,
778.833457,318.311963,45.7629266,
781.94308,306.815005,43.3838562,
774.801544,207.2700646,49.8087117,
783.821459,297.948662,41.028566,
789.529818,334.858558,36.2691882,
792.493645,318.87296000000003,34.2005516,
796.77891,341.003088,30.851779,
792.567361,266.28577110000003,34.0711005,
801.4393729999999,359.51882,26.7920947,
803.354023,326.18404899999996,25.8189524,
798.821,242.3470159,29.1476993,
739.799638,327.878142,77.8402483,
753.033201,321.76637,67.00236340000001,
756.235803,326.328178,64.48016,
757.2150320000001,310.927239,63.19907599999999,
761.975912,336.815021,59.6444634,
768.935052,335.323375,53.9804564,
771.24361,344.02221099999997,51.7509297,
770.93003,262.01958179999997,51.7165112,
774.999672,317.16762600000004,48.2197136,
786.75846,412.739453,40.7834914,
777.340389,229.348221,45.991516,
791.651548,406.420496,35.6623185,
785.38568,321.236449,39.5905046,
793.96174,386.21555,33.0646538,
794.744833,357.654771,31.847555400000005,
793.1744679999999,307.918991,34.2562903,
791.969793,304.13383699999997,33.633961299999996,
788.4955600000001,227.837219,37.1459948,
796.2328170000001,319.307209,30.8089223,
802.4965119999999,381.95878700000003,25.5677106,
799.5776109999999,328.411095,28.1389102,
796.304449,230.1236515,30.3628158,
800.008648,259.5948912,26.9620833,
732.2520039999999,312.12276099999997,79,FAILED
733.657287,306.977898,79,FAILED
755.2014790000001,331.827266,64.6375133,
758.80745,312.62782,61.1957647,
752.861708,223.4364102,67.11414429999999,
762.84395,296.31086600000003,58.0840145,
767.286962,309.911266,54.5101788,
766.4213520000001,261.1130968,55.1665778,
769.690137,275.8219227,52.9095721,
772.839778,299.166401,50.4779667,
775.901245,297.45328,47.2210938,
774.365513,240.1356072,48.9984239,
781.556596,291.070136,41.9973577,
783.579617,308.016586,40.8144897,
780.971102,236.4814873,42.8311828,
795.833878,409.58466599999997,32.4490759,
793.041771,241.2625615,32.730501000000004,
797.7262499999999,268.3113846,28.5682856,
726.3591837,296.401222,79,FAILED
736.847884,304.572974,78.9140142,
744.715389,238.4691991,73.1834003,
751.048797,317.706859,68.4759921,
753.62118,306.346931,65.2187475,
768.1448760000001,413.551728,55.0852288,
760.835844,290.36499200000003,59.762412,
764.775899,308.691165,56.8591393,
763.578915,301.601086,57.0873658,
764.051227,287.15095759999997,56.8017645,
767.603429,322.713239,54.5705486,
769.325119,338.92616399999997,52.5081006,
770.752059,348.883726,51.3763048,
768.1269589999999,305.864838,53.2075983,
771.525388,323.029546,51.379462,
777.266837,426.63210100000003,44.8247946,
781.444066,326.915103,42.6970862,
784.591873,328.63239699999997,39.7962916,
781.434704,230.582248,42.3935269,
788.943692,315.041915,36.1221388,
797.758093,287.2719175,29.3231325,
803.430927,276.67824129999997,24.6979809,
724.8744306,292.529906,79,FAILED
738.257031,234.7655239,78.4865984,
755.23724,408.924334,66.0874183,
748.963764,233.012505,69.6194641,
753.430915,231.46621629999999,66.7613664,
755.38986,227.9154077,64.67232709999999,
767.963313,347.6663,53.584276,
758.268696,225.9687754,62.1289561,
765.627851,300.49188,54.9978787,
767.316257,283.4162807,53.6303672,
777.341514,417.422814,46.9526299,
766.463166,272.1886248,54.3797255,
773.8068900000001,337.10751300000004,47.9728748,
773.117197,292.052687,48.5660785,
778.144776,295.78998,44.1956644,
776.167539,209.3487829,46.8197026,
780.937589,215.2003533,43.0299699,
805.90907,349.53504399999997,22.0185756,
728.5112962000001,306.953635,79,FAILED
730.944702,319.975915,79,FAILED
731.349284,305.33162400000003,79,FAILED
733.433706,332.849792,79,FAILED
726.2661129,230.0117787,79,FAILED
732.315428,311.878151,79,FAILED
740.28623,318.632979,76.2743868,
749.223485,312.995937,68.4067053,
757.455026,321.51446,61.8247438,
758.014936,338.28249400000004,61.1384884,
759.931507,299.644623,59.4895031,
763.550331,325.324932,57.2634247,
775.926965,418.213525,48.9353014,
761.367596,245.4839402,58.5850131,
770.517975,359.828978,50.5796095,
770.9714690000001,338.933763,50.5327215,
767.822113,251.2469736,53.4852487,
779.033001,300.781155,43.8246498,
777.686964,222.191422,45.5404128,
786.13309,318.823711,37.7168853,
779.089256,223.5453537,43.6267901,
793.291597,393.797558,32.5722521,
784.3416520000001,280.4295221,38.729298,
781.8540849999999,221.3126145,41.3408911,
804.81772,356.02865099999997,22.236141,
803.280364,271.132314,23.7312174,
758.127026,398.856177,61.7692126,
757.312764,220.1474432,62.5770312,
765.052782,329.219586,55.0445691,
776.264195,301.096628,45.629868,
789.65924,414.473168,36.2046551,
786.101824,343.260068,37.0711922,
784.861764,300.18039799999997,38.0136895,
793.875556,388.884904,31.0345576,
790.333194,323.93775600000004,34.173713,
789.013117,296.426355,34.094030000000004,
784.292342,224.83607560000002,38.978774,
788.779599,258.8212888,34.6849539,
790.285518,269.943102,32.9736446,
801.28363,367.29074,25.1543838,
797.370957,250.3566429,27.5330395,
732.885028,316.215687,79,FAILED
735.533437,311.47346,78.9030762,
757.26365,406.441596,63.1889487,
753.303134,321.771435,64.7682928,
750.30754,227.4509214,67.66893060000001,
757.604028,307.353356,60.9764532,
761.119211,307.181717,57.551224,
767.012165,287.98185390000003,52.9159138,
766.314838,245.3811189,54.1308277,
772.626152,204.4043169,48.2076724,
776.0756289999999,236.0533553,46.004606,
785.333189,332.166014,37.3670234,
779.220764,219.3295254,43.1741585,
792.569702,400.755712,32.5830458,
783.431108,215.1613961,40.315807,
794.098526,314.92127,29.9995619,
796.233403,333.796869,29.0102068,
792.831694,282.9557429,30.7809169,
799.529568,288.2287005,26.061661,
726.0539194,302.069547,79,FAILED
730.645379,328.92906400000004,79,FAILED
749.012467,325.835798,67.5699111,
755.687235,333.74825799999996,62.2368573,
754.455904,301.072806,63.1720753,
758.1931500000001,332.223346,60.0877418,
756.300851,298.062826,61.5771036,
758.395497,304.106376,59.5866317,
768.7217840000001,411.26046199999996,52.4983753,
762.285171,296.464587,56.2590176,
766.88833,325.935224,52.9826069,
766.900074,321.24213499999996,52.3599567,
764.28571,278.84973990000003,54.6554778,
766.25983,293.101667,53.0258106,
772.697411,323.832472,47.9659672,
774.417238,290.551655,45.880724,
783.971115,382.35211000000004,38.3798345,
773.878969,239.6211689,46.9469909,
789.551791,411.194068,34.6838773,
777.646152,242.4787655,43.5302809,
777.178147,215.3288239,44.5267402,
787.63796,307.507088,35.167659,
796.070119,386.414978,29.2669533,
788.747656,226.772626,34.0215992,
798.085716,336.294169,26.3000338,
803.624953,373.350135,22.4507608,
803.671593,361.218165,22.0813014,
803.959103,319.138121,21.7125153,
802.752209,258.1720178,23.3324985,
732.154665,301.445886,79,FAILED
734.370149,318.714651,78.642036,
739.960606,327.356384,74.5752101,
739.809371,307.379386,74.4454432,
747.437204,306.907946,68.2902882,
751.054014,327.16049899999996,65.4009197,
758.876111,326.605374,59.2707002,
767.536032,279.5470536,51.9504942,
770.543902,320.167662,49.2359273,
778.010948,356.368264,43.4412975,
770.571357,204.8370071,50.3056023,
789.752213,394.377818,33.7661083,
783.454095,229.78585329999999,38.1606882,
791.516981,340.34985,31.4414581,
786.553553,253.8125585,34.9471035,
798.950438,246.675864,26.028236,
799.916583,252.2617581,25.3074788,
727.6925166,298.632257,79,FAILED
736.640065,323.061979,77.4082469,
743.986931,321.44748300000003,71.8166299,
750.088878,242.3421061,66.0621032,
760.261049,329.582049,58.0358053,
762.460459,336.325759,56.1172823,
755.362228,233.6952618,62.6441603,
760.017929,291.983175,57.2535043,
764.847377,338.57173,53.9562943,
770.625407,375.335501,49.8110994,
768.316231,327.908389,50.666463,
771.525049,309.771775,48.9138359,
773.69935,331.478521,46.3638062,
782.895311,398.72281799999996,40.0347164,
776.193579,306.47533699999997,44.1814525,
786.442377,405.768126,36.9105907,
780.243674,300.02982299999996,41.0318609,
787.770894,320.127803,35.3094003,
784.627465,248.2364233,37.00303,
797.402779,373.29364499999997,26.8596173,
800.496807,339.92900499999996,23.7879907,
799.695994,307.376863,24.5715148,
803.883058,344.326287,21.1145894,
731.694712,327.727628,79,FAILED
734.177083,328.367276,78.8363773,
744.896434,311.684795,71.1381803,
754.052044,396.11859000000004,63.388616600000006,
749.907553,317.642274,66.3544672,
744.477314,234.79568030000001,71.3716014,
749.466226,310.32392600000003,66.2195419,
746.924587,227.8716273,69.055132,
763.8069370000001,333.580803,54.4235977,
763.118744,290.066752,54.9377239,
765.615619,330.253648,52.6423877,
768.6202499999999,369.875152,50.6123443,
767.516382,302.91940999999997,51.0365848,
765.775223,265.5430539,52.2999474,
774.532702,326.09421599999996,45.8715307,
780.853873,394.414512,41.6317934,
777.190189,324.337916,43.8564835,
782.349096,406.612367,39.1663831,
786.526083,395.54592,35.694664,
776.4646250000001,235.5863296,43.7895827,
789.6214239999999,316.26298099999997,32.6738298,
786.564514,243.2372777,35.119796,
791.5246520000001,306.962856,30.8522959,
787.780297,232.9004027,34.184939299999996,
793.880885,248.2112702,28.9135757,
800.548488,323.795805,23.6891198,
798.180636,283.51796260000003,25.1229055,
802.984453,324.875696,21.6301437,
800.612583,263.6948964,22.7374745,
732.244526,311.487472,79,FAILED
732.939021,299.279283,79,FAILED
735.217561,312.270144,76.9005245,
739.664101,232.48221519999998,74.8442883,
745.882475,320.94748000000004,68.8400701,
741.936123,230.0574528,72.957468,
754.624174,328.584005,62.0112915,
752.112645,223.45664440000002,64.1274416,
761.93147,282.52337520000003,55.4900109,
765.119981,299.399321,52.6837333,
768.524367,334.43757700000003,49.9363585,
764.7696530000001,270.7587716,52.7538974,
770.237023,330.765563,48.4914082,
774.0325829999999,321.299303,45.6376432,
781.955505,393.281879,39.8657705,
784.811847,413.514624,38.7774454,
778.53495,304.710434,41.7753319,
783.986545,324.90585899999996,37.9656457,
774.888559,205.2460763,45.0993192,
779.562462,279.2728574,40.5499645,
787.090818,300.11471,34.950893199999996,
790.8994680000001,320.87582199999997,31.630586899999997,
789.7020620000001,300.316282,31.968282799999997,
794.442134,339.87166,28.3263958,
794.191504,319.54400499999997,28.8531032,
792.541621,302.605681,29.2575161,
794.699934,284.7155484,27.6236789,
726.0881417,332.21500000000003,79,FAILED
753.313483,339.46810700000003,62.5295488,
747.338992,243.817338,67.5783258,
755.749755,289.83325,60.009056,
765.405046,344.330486,52.4816213,
777.28255,316.88397199999997,42.6780195,
783.379126,310.018783,38.6662201,
796.280778,390.76835500000004,27.06864,
784.961962,230.025202,35.851629200000005,
796.219154,378.715243,26.7472567,
798.996063,376.65803500000004,24.5609514,
793.910298,272.3072417,27.7631929,
723.425165,306.768016,79,FAILED
724.2956226,322.013486,79,FAILED
727.2704511,324.554836,79,FAILED
731.438308,322.122859,79,FAILED
731.4014119999999,306.979881,79,FAILED
735.1135879999999,306.598879,76.6052101,
736.359566,303.219441,75.6651376,
740.214421,317.43557599999997,73.9570633,
742.925942,307.841812,71.6325767,
744.310953,314.284709,69.8259273,
748.954717,305.41477299999997,65.6812462,
744.791024,223.1314002,69.4558645,
752.6582530000001,319.472241,62.7141137,
752.091231,305.65352,62.7654069,
750.251351,228.7986151,65.18080950000001,
756.402281,295.36105399999997,59.1938014,
760.517076,331.506268,55.9817418,
762.32185,343.976654,55.0096781,
762.60654,296.100115,54.258577,
763.593215,275.714577,52.9958495,
766.591681,308.583837,50.2511311,
765.603777,274.5216483,50.8226821,
767.891237,281.9534101,48.7956121,
767.245734,248.2453141,50.0471053,
778.085054,387.960579,42.4277369,
769.551239,207.870614,49.3486216,
776.530677,211.7458279,43.3293249,
777.203987,227.5665181,42.3420609,
782.124964,220.298308,38.2204167,
784.41695,223.9820105,35.9927677,
798.928812,387.156473,25.4440088,
793.060315,256.9927174,28.9976715,
790.578677,241.0467462,30.1720784,
798.759903,319.138056,25.2374312,
794.5081680000001,243.7826806,27.8676612,
799.107685,293.015336,23.9665213,
796.7471909999999,262.8454455,25.164513,
726.4257821,318.22958,79,FAILED
728.9411682,323.38282100000004,79,FAILED
734.405268,318.054104,76.7074277,
736.091625,326.381704,75.6030953,
756.124424,395.39553,60.060851,
751.163088,325.600802,62.9063486,
752.183929,311.475777,62.7246946,
760.2236379999999,325.942688,56.0597882,
757.410822,287.1017589,58.2591869,
765.21105,359.957428,51.8659053,
762.5518529999999,305.765508,53.5994956,
768.784477,298.860789,48.1159553,
783.449551,388.25714600000003,36.3581645,
786.989048,403.79504499999996,34.8602315,
781.483846,315.620471,38.6613911,
782.640262,306.11593700000003,37.7864779,
778.12189,214.6019474,41.4813391,
779.1565909999999,229.6186892,39.9677389,
786.724397,341.749052,33.0142053,
784.476842,280.6921691,34.8851538,
795.572634,383.733045,27.0282286,
789.472599,229.2827183,31.6028522,
791.576689,233.2873818,30.8809267,
798.447118,277.2249487,23.7302147,
804.00827,353.791826,19.4374438,
799.9279750000001,289.242935,22.9978494,
724.4018201,311.763143,79,FAILED
727.5177510999999,301.377992,79,FAILED
728.7341722,318.00601900000004,79,FAILED
745.034877,328.042824,68.1136604,
756.313053,404.636397,60.4082381,
755.498939,321.74627699999996,59.3062455,
757.577698,336.540976,58.2178504,
754.801827,231.4800325,61.1285752,
754.723993,225.8109045,61.0752857,
760.5335680000001,301.733808,55.1285645,
764.027025,289.96227899999997,51.6933033,
764.607323,284.8630941,50.9708857,
769.261276,305.517678,47.9778025,
762.945882,209.6364536,54.4896724,
771.648679,298.780503,46.0263966,
785.92496,378.079483,34.168001000000004,
777.100966,239.6758675,41.9054573,
792.4109109999999,297.351337,28.077612,
799.140995,331.337258,23.0467516,
801.038913,293.566608,21.6045044,
726.2005287,312.835258,79,FAILED
734.007937,330.763308,77.0117912,
738.783908,326.11598200000003,72.6329994,
748.391622,321.76146600000004,65.15867610000001,
741.733117,225.3662311,70.9852374,
753.894065,310.277172,60.4063092,
757.071504,308.256437,58.0512698,
757.846616,298.649261,56.9843502,
759.777032,308.378938,55.1036421,
764.507854,337.289365,51.9303947,
767.906154,324.036655,48.8112964,
774.198223,383.136735,44.1043734,
773.241838,316.695435,44.4246638,
763.446733,199.8981287,49.9962256,
774.226353,223.2592849,44.0315247,
791.297943,399.204979,30.2725243,
778.299268,218.6329145,40.3558682,
800.299692,367.773319,22.3615964,
726.1383766,307.759105,79,FAILED
735.798075,311.950451,74.4561119,
751.200538,293.507503,62.1729054,
758.312276,286.7831341,56.4804397,
771.759606,420.12976100000003,47.7735532,
766.553887,293.745564,48.876824,
777.856136,381.664648,39.9959819,
784.723634,412.870455,36.7447867,
781.027107,391.089601,37.9339843,
770.931588,203.4193848,46.5042947,
787.408662,399.14858300000003,32.7705,
772.652822,208.6331232,43.1426969,
788.3563320000001,390.363788,32.1277841,
783.663136,316.933194,35.226942300000005,
786.530783,321.362123,33.0852507,
786.816911,235.3372096,32.067237899999995,
793.100521,236.8139076,27.5131446,
799.167594,273.4864692,22.2771975,
724.1673756,305.060096,79,FAILED
732.787954,299.609924,77.1432138,
735.572415,319.396819,74.9839352,
748.841099,337.3909,63.7964643,
754.207769,300.622605,59.3610049,
757.71636,340.726763,56.6915768,
757.371745,322.07278099999996,57.1845184,
769.251395,418.614482,50.0266274,
758.907344,248.109991,56.319685,
773.446106,421.84142099999997,45.3778742,
763.6054750000001,294.937688,50.9513274,
776.540319,421.34808699999996,42.8317229,
770.030571,335.604555,46.4144973,
763.451968,206.65729579999999,52.4449679,
775.85856,299.0003,42.0598671,
778.068363,323.863275,39.8781757,
787.566333,410.276843,32.9381585,
789.572282,394.457319,30.2522318,
787.430546,284.1226036,31.681126899999995,
793.715745,315.085881,26.7377572,
795.416819,249.9711294,24.8563926,
731.242437,304.77227700000003,78.0536705,
737.061428,320.59166600000003,73.2926583,
744.802135,398.710013,68.1742917,
737.857454,306.88667599999997,72.3953647,
744.430349,311.781743,67.15682240000001,
742.740991,232.2216989,69.1497189,
743.718294,244.8830366,68.5196478,
751.362128,298.315547,61.2230631,
754.258682,328.610996,59.0978229,
761.225302,327.39108999999996,53.3715175,
765.953332,361.733705,49.6074307,
766.480681,339.13163099999997,49.6692552,
773.904198,320.863319,42.976271,
780.126614,300.355075,37.1916702,
783.114084,303.025035,35.0650161,
778.846131,224.05535,39.214344,
802.393156,358.16276300000004,19.9015321,
798.274101,268.0247834,22.1809149,
720.4549576,295.552225,79,FAILED
722.1873902,299.611176,79,FAILED
729.483802,375.152322,79,FAILED
731.573663,323.223407,77.6096016,
731.036236,311.468166,77.676537,
735.71332,333.358943,74.8239424,
744.679108,320.973665,66.5584407,
747.722565,311.414785,63.800819399999995,
751.953393,322.433949,60.8472211,
752.64842,305.829322,60.1218507,
763.210176,414.41062999999997,52.8386395,
750.436636,229.845383,62.8816561,
764.268365,332.779083,50.6886426,
771.753738,308.56892,44.0819565,
767.169335,204.6024008,48.2965335,
772.6435779999999,239.0965579,44.2006431,
778.037828,307.97343,39.5839842,
791.824521,335.222513,28.7146644,
790.243551,285.99722859999997,28.915762,
726.5655872,310.672531,79,FAILED
727.6457084,299.633597,79,FAILED
731.932937,234.130888,77.4765118,
739.67392,234.729304,71.8515786,
752.179029,394.946375,61.7657943,
750.745333,335.055694,61.7941952,
756.142025,303.261941,56.8244807,
751.439809,218.8853449,62.1226229,
760.136663,322.98677399999997,54.2373884,
757.812763,293.834865,55.4623308,
760.653557,293.052047,52.9394575,
763.8155879999999,323.688712,50.8709012,
765.441223,350.150641,49.3342428,
761.066999,282.1891521,52.4121559,
769.639095,317.579478,47.0524728,
764.2764119999999,261.2378824,50.359358,
772.512646,302.854922,43.449281,
777.325916,301.774118,39.6543406,
777.649553,281.0056719,38.1145998,
791.402003,374.24748999999997,28.1996181,
787.348433,314.696709,30.7275947,
779.987586,209.6208463,36.8381404,
784.54035,229.27400790000002,33.223086800000004,
795.4199659999999,288.6500356,25.086977,
800.470291,336.565919,20.7093285,
729.094596,318.181395,79,FAILED
742.400808,305.854611,67.4784554,
752.4511239999999,333.67550700000004,59.0975958,
756.5320810000001,330.361204,56.3963868,
757.661227,335.68158500000004,55.8083419,
758.546205,284.5640242,54.2929345,
762.878283,299.597107,50.3359574,
764.867163,205.2781394,50.3833822,
773.076723,326.585575,42.6520392,
779.9953869999999,319.18895699999996,36.8108789,
786.820605,403.231225,32.2665033,
774.141346,222.27260139999999,41.7862207,
796.66709,383.07461,23.0926242,
791.437864,280.49761490000003,26.609771,
718.7615224,285.2606522,79,FAILED
720.2052856,310.564137,79,FAILED
726.7880051,332.110445,79,FAILED
735.116858,302.924267,73.5249267,
737.511919,317.356876,71.9885693,
739.746733,304.504925,69.7709377,
752.322392,338.735608,60.0487058,
755.532386,402.594084,57.1929741,
754.329137,293.43499199999997,57.2394902,
759.672726,287.9178821,52.8484941,
770.7847859999999,327.47862799999996,45.0745639,
768.676683,291.941493,45.8264405,
781.954872,408.330431,37.1140151,
780.71579,344.94757100000004,35.7657047,
780.559585,325.303051,36.082282,
782.674743,308.378933,34.1690225,
785.074192,299.927655,32.7800765,
785.137,305.748204,32.2981487,
781.517982,233.1564239,34.2162014,
791.93988,335.380474,26.4756634,
796.704895,344.74737300000004,22.1143974,
792.362691,246.15032680000002,25.8307916,
799.760633,348.366628,20.0696152,
797.125405,258.73420799999997,22.2892243,
721.1125344,329.523321,79,FAILED
723.7737048,334.64599999999996,79,FAILED
723.0538224,297.823689,79,FAILED
740.661244,318.62676899999997,69.9738188,
741.182453,310.674807,68.3458227,
736.961596,229.9306428,73.5634126,
762.57958,341.698962,50.7060746,
764.371764,251.9398745,49.6052262,
783.1997650000001,391.684853,34.511021400000004,
778.022428,323.77101,37.629493,
794.220496,392.36788,24.9796739,
787.62811,281.2998875,28.8012157,
792.644759,298.656715,24.8219486,
793.307337,255.3078913,24.2207346,
721.2376856,317.421333,79,FAILED
724.024853,318.653346,79,FAILED
749.203831,395.234214,63.73207959999999,
743.486335,326.866859,65.9699136,
765.15886,418.554826,50.0886745,
757.801327,298.741764,54.0459069,
758.436477,279.0425402,53.8401585,
760.31123,298.329026,52.2171464,
772.375552,417.648417,44.1717138,
761.610219,278.6633204,50.6155399,
769.15167,377.80715599999996,46.0018366,
773.557715,386.31354699999997,41.8511579,
766.405664,273.3118086,46.4620115,
771.125515,215.9050622,43.4218941,
777.277098,229.9222524,37.8261094,
779.351827,229.099095,36.0270639,
779.846429,210.2212495,35.8181498,
787.735602,305.745659,29.7119311,
718.4460222,301.12118399999997,79,FAILED
722.4985172,323.836227,79,FAILED
722.9579193,328.516238,79,FAILED
725.2170476,305.699686,79,FAILED
728.4301752,327.263645,78.7203616,
732.29471,307.07719,74.5637986,
748.253235,319.725927,62.3313166,
749.53567,328.100682,60.8808652,
747.83694,307.623409,62.1486355,
742.585493,235.84078060000002,67.0223387,
750.655794,293.486868,59.6086052,
757.227716,330.209807,54.3216123,
755.011581,308.604122,56.1716514,
753.639228,241.0990176,57.5573797,
767.480718,419.336506,48.0476122,
769.138338,421.375485,46.1174964,
759.76173,303.36422600000003,52.2027842,
762.578492,327.788178,49.8503329,
765.006929,333.48201,47.9355646,
769.310928,425.880499,42.7020027,
762.382126,304.03912,49.6807734,
777.9652189999999,417.911447,39.1322654,
768.030456,304.259763,44.8387231,
773.382191,217.8216818,41.3171215,
790.1641070000001,397.891304,28.6205288,
779.703178,223.8379589,36.0348513,
788.003884,340.525527,28.9370045,
783.822214,281.4905452,31.5462419,
793.0588319999999,386.52671699999996,25.0275235,
791.958937,304.053292,25.6241908,
793.922235,336.590227,24.257561,
794.894607,328.376432,23.36509,
791.018202,252.8491907,26.2980767,
723.7397196,324.390904,79,FAILED
728.0647407,312.683495,78.8837336,
731.187197,323.371919,75.3073888,
737.00138,321.61564,70.5012938,
736.908184,226.5381342,71.220684,
742.816071,306.590456,65.8585516,
747.798987,340.18002,61.9369028,
745.084511,305.534917,63.9773543,
759.622473,332.53282,52.5711326,
763.400609,358.460798,49.5348431,
759.933265,307.51157,50.9642018,
767.450333,318.372101,45.5680554,
766.6197050000001,295.313766,46.5619144,
769.007933,323.21675,44.0583309,
764.356848,229.73654299999998,48.8928123,
769.118373,298.142705,43.4428214,
773.655529,321.78432499999997,40.3444699,
773.230109,304.368346,40.9189517,
782.489766,399.74809200000004,34.2800539,
777.255599,304.606872,37.2860316,
778.274384,243.1076871,36.1074841,
790.9435579999999,397.124217,26.3257591,
782.825709,250.6152358,32.3832841,
789.410764,318.610735,27.6208978,
793.594914,286.0025097,22.9461154,
718.9298378,307.113603,79,FAILED
721.083723,311.405378,79,FAILED
730.636388,312.401524,75.2732491,
730.932336,300.978566,75.1519688,
733.785256,324.398668,73.1987957,
734.709497,330.343214,72.616209,
751.128535,401.47215800000004,60.6472339,
744.302957,319.62884299999996,64.5835236,
751.990465,297.86749399999997,57.9949141,
756.605538,340.768111,54.370362,
758.873695,339.246245,52.4154724,
759.619343,273.0196773,51.6013915,
757.330388,211.3110553,55.572256,
765.783919,338.821592,45.5390485,
765.909163,325.50061500000004,46.6463566,
758.3599389999999,208.27033169999999,54.5149962,
778.181022,371.399626,37.2314688,
784.696996,395.65821700000004,31.4895433,
780.927371,320.685376,33.9680309,
793.3514250000001,378.733678,23.8496367,
784.983119,237.2479247,30.0559961,
794.146057,302.957801,22.3981727,
794.05956,280.3676279,22.6775623,
715.808058,291.460887,79,FAILED
724.5832531,320.473004,79,FAILED
729.124513,307.107401,75.9827646,
733.835519,313.626496,72.9512769,
740.490352,322.411481,67.55796889999999,
739.60851,244.7298758,68.2132265,
752.342264,288.0106303,57.0352103,
756.467046,303.256016,54.2354129,
762.183182,323.239712,48.8519346,
761.480455,311.76721399999997,49.2117014,
762.022329,254.8844559,49.6616647,
767.327575,331.666646,44.5713892,
762.785009,247.3969495,48.7246324,
771.916882,297.769677,41.0165596,
778.056333,315.244129,35.588858900000005,
771.997874,211.7545073,41.7459923,
780.659157,298.950701,34.5823379,
782.802891,318.973742,32.1328873,
784.580793,322.011236,30.605942,
787.317214,322.957626,28.2509417,
790.327703,287.3472202,25.6079861,
794.350182,319.30369099999996,22.4781926,
726.402642,303.515074,78.3201887,
732.732355,286.9150963,72.8909496,
748.325478,406.939769,61.9631275,
744.618555,326.059253,63.40346410000001,
746.607356,295.651269,61.8814317,
751.608646,323.00453500000003,58.0429471,
744.39612,230.0495931,64.19441760000001,
753.444581,327.05498,56.3629193,
746.999755,221.1305741,62.7555034,
747.536681,216.5702832,61.7094917,
762.582085,353.630215,48.9506968,
771.388639,420.824829,41.9771739,
761.070726,284.6404112,49.2494319,
762.08852,199.3012392,46.9352047,
774.723806,316.434942,38.0822529,
784.47556,342.271296,30.7222789,
788.432407,303.088768,27.3362325,
783.500451,227.7624461,30.9953563,
786.793821,240.5242223,28.5421082,
795.308046,365.080557,21.3403863,
789.006585,241.1870716,26.1340573,
718.3782613,322.908825,79,FAILED
727.7131824,326.84306100000003,76.5690802,
728.0249525,320.43235300000003,76.8385363,
725.8215185,236.2689736,79,FAILED
755.643904,405.749555,55.6069016,
749.544839,319.059257,59.5064465,
749.934378,309.396589,59.0403398,
752.4257230000001,336.211764,56.3371816,
750.483149,303.617089,58.3471748,
753.795917,321.926628,55.9666506,
761.164476,416.892339,51.2237241,
753.483084,298.643705,55.6227185,
754.65937,288.7122939,54.722459,
761.109407,336.052872,50.0282527,
760.210244,290.185661,50.3015561,
762.6331,298.861167,48.1069352,
765.070691,299.42861,45.9942028,
771.266098,317.013173,41.5734597,
765.25537,204.47303540000001,47.1276389,
780.204335,386.859804,34.171355399999996,
783.082402,408.32791399999996,31.1698297,
782.558933,390.021619,32.2691679,
770.43443,207.3104064,42.103047,
785.867088,401.274531,29.7075782,
781.165472,240.2722066,32.8630658,
792.344109,373.948326,23.203143,
793.933074,370.11798699999997,22.2297004,
786.961446,246.5239397,26.8690277,
796.486589,355.577269,20.855864,
796.6406420000001,360.95554100000004,20.1386965,
788.510308,235.3321116,27.2842028,
796.293736,333.43638799999997,21.153216,
795.6107480000001,290.94527700000003,21.4104971,
714.7785197000001,296.86787400000003,79,FAILED
721.5250838,304.461466,79,FAILED
728.6543193,332.039439,75.626806,
730.464615,329.100704,73.7913194,
737.325944,313.974409,68.9456443,
736.0927389999999,233.241862,71.5828337,
736.629071,236.1814173,69.5140931,
738.287372,230.5297128,69.6368383,
743.8849270000001,224.4787996,65.7247954,
761.542203,339.13361399999997,48.4280946,
756.13235,252.0656328,53.2398123,
777.18904,416.064417,36.959301,
777.54337,388.527397,36.6952834,
765.993462,204.8265825,45.163417,
769.159017,220.9451628,43.0507598,
772.623599,225.4196012,39.221738,
786.097746,367.19469000000004,28.0015494,
788.4628250000001,314.830774,25.9413369,
721.3609223,312.065434,79,FAILED
724.0902056,332.175411,79,FAILED
731.922305,309.369848,72.9057453,
732.934592,304.072838,71.3967483,
744.669749,397.085963,63.547989,
747.427046,335.29541,60.5558379,
751.99599,342.02646400000003,56.8642114,
745.503612,225.8144813,62.4118663,
755.472135,335.02631199999996,53.8217807,
755.774979,326.15991399999996,53.0831436,
750.594279,214.993128,58.8562967,
762.399347,349.059396,47.9174548,
767.70545,316.136098,44.0312567,
771.008322,309.141374,40.897877,
774.291516,321.048312,37.5047328,
780.708677,395.321156,33.4560237,
768.675263,211.2823205,43.4437576,
773.8199950000001,216.06750590000001,38.8342728,
788.8523680000001,389.10247200000003,26.1921786,
790.482631,381.91801899999996,25.3486297,
778.645239,227.6823951,33.5873448,
789.012491,321.63667499999997,24.6557007,
719.3028477,302.989494,79,FAILED
724.0032969,310.750712,78.7265888,
726.4312716,311.617799,76.9029113,
732.989547,311.894229,71.021367,
745.3793000000001,395.578537,62.4502525,
742.873697,311.569787,64.05498209999999,
756.698021,347.12758299999996,52.3764188,
753.8152680000001,293.409745,55.0264766,
754.090666,280.8797215,54.5967333,
756.83949,328.436156,51.3698329,
754.543015,293.488658,53.6054214,
759.463171,330.957961,49.8316768,
752.39255,212.0656801,56.6402898,
762.4479650000001,292.20729900000003,46.978151,
769.287432,323.054041,41.5338444,
768.587759,304.446598,42.054281,
777.6722589999999,412.41063099999997,35.4739058,
777.523691,406.363586,36.4075408,
775.016649,224.4718858,36.9995965,
780.943846,303.279786,32.5383657,
776.808637,218.3949361,36.8934192,
787.805886,364.06366,25.6640224,
785.092661,315.529674,27.9113936,
783.6456049999999,251.1146746,29.1320506,
791.2098080000001,249.18846489999999,23.2146367,
713.3302459,286.308584,79,FAILED
719.3659324,318.245337,79,FAILED
719.0827713,296.275237,79,FAILED
723.3643758000001,315.109907,79,FAILED
723.7089176,324.394368,78.9203841,
726.3388279,336.988465,75.9617566,
733.330431,325.43298200000004,70.8307371,
734.98616,330.45124999999996,69.7358679,
734.837635,305.343349,69.5162832,
736.26971,321.70548099999996,68.1286358,
743.764626,320.59552099999996,62.5078327,
744.066423,312.191155,62.1478645,
743.033538,292.9112,62.9408629,
753.772068,322.97526500000004,54.1351652,
756.555727,293.674536,51.7118125,
757.804056,301.288996,50.5857055,
757.011668,285.5035324,51.4206745,
761.281355,328.799627,47.6475739,
760.954367,306.63115700000003,47.3894092,
759.713444,258.978584,49.9767848,
770.48271,417.13538500000004,41.3571911,
763.000348,304.95493799999997,46.035538,
766.7322360000001,328.18444,42.5595362,
775.656008,420.039125,37.8369455,
765.251955,270.6426033,44.3130601,
772.983393,303.157237,38.2888923,
786.753296,372.71668,27.1584333,
776.903582,239.5747347,33.931528799999995,
789.504087,376.40006700000004,25.0323729,
780.173139,232.0830168,31.7515335,
783.935514,230.8425791,28.4168329,
721.9477431,299.108904,79,FAILED
730.038911,319.54924500000004,73.5901326,
731.613245,319.059059,71.5813847,
752.805523,410.033545,57.372675,
738.909059,240.8036778,66.488996,
747.113308,322.935651,59.5806415,
748.361976,336.571186,58.4353708,
746.465618,297.893572,59.8436287,
762.789258,419.88277700000003,49.1063832,
755.067263,280.0824482,52.7775935,
758.737027,295.64189,49.7521521,
767.299357,377.823723,43.145286,
776.402114,321.85790299999996,34.995483,
775.201638,297.677767,36.0401322,
715.032662,310.841968,79,FAILED
728.2433585,232.3279209,75.4703267,
732.507279,228.19352609999999,71.9576211,
738.078886,314.21521,66.7723135,
748.694501,409.050739,59.4925991,
742.499563,220.8157425,63.96726509999999,
749.433385,292.958416,57.1458955,
750.974006,305.24522,55.6748995,
745.856791,213.3790574,60.1404278,
764.527985,421.603424,46.3301253,
758.85329,355.597417,49.3668562,
761.555642,362.26117,47.5850675,
772.461696,419.360653,39.2590707,
763.771,293.004133,44.6821214,
761.424923,205.0988366,49.3568282,
766.945826,217.0594179,43.763678,
781.941952,399.40808300000003,31.842111200000005,
769.61479,215.61518089999998,40.9360494,
786.274366,339.06827599999997,26.3643616,
780.2154869999999,242.6583178,30.9839645,
783.261872,243.9740763,28.5572057,
790.8821849999999,268.6194171,22.8046673,
714.5806255,288.3857111,79,FAILED
723.9750611,333.85553500000003,77.1898756,
722.4139158,294.76376500000003,78.3893658,
724.6203369,295.56608,76.4237357,
725.4538786,302.257099,76.2502964,
729.267821,302.87345500000004,73.2455344,
740.232495,392.93269499999997,65.9237822,
732.147552,290.259291,70.497495,
735.545709,297.326978,67.2942424,
744.552424,402.95629299999996,62.2817062,
736.655799,226.7639263,68.1841488,
743.945722,324.525758,61.2554511,
755.356168,415.777772,53.3118004,
759.14411,344.11692600000003,48.9031918,
760.481636,333.66294700000003,47.4691438,
761.2286750000001,343.655847,46.5159381,
764.820993,376.19678899999997,45.2899203,
760.841558,321.879268,46.9658921,
762.9621999999999,326.56615899999997,44.8206528,
759.704885,258.6511536,47.964806,
760.4162719999999,261.9592905,46.1362328,
769.625086,327.71999600000004,39.4710291,
764.961786,240.780619,43.9833358,
768.121001,275.1964641,40.3019274,
779.61963,409.12712799999997,33.518951,
774.062623,328.787661,35.9307638,
777.381374,342.79834500000004,33.2510594,
769.026149,220.6802312,40.787235,
779.587662,298.02812,32.0272032,
786.526061,384.337755,26.5427229,
781.901194,315.812162,29.8571175,
782.478201,255.55427559999998,28.7002961,
791.451494,358.11537799999996,21.3359965,
785.107723,255.30131699999998,26.5121526,
787.750983,263.4323648,25.3469477,
791.1721190000001,274.5111591,21.745154,
790.757467,259.6053787,22.2886692,
716.4847164,327.671641,79,FAILED
736.1338920000001,333.011532,67.7490629,
743.039912,305.251443,61.6537561,
747.525274,219.564672,59.7908526,
755.700153,334.048141,51.0216268,
756.819313,340.143591,50.3653113,
753.993732,305.069938,52.3572127,
755.667426,271.6659115,52.0079604,
756.359204,281.652267,50.4948275,
754.707069,263.6532065,52.0555159,
770.195759,347.94327599999997,39.1899476,
783.434205,405.691641,29.8416378,
774.948909,282.1684937,35.0105607,
778.210145,322.899,32.478646600000005,
785.504694,398.817069,27.7647514,
772.036191,220.8800154,37.6968089,
789.808907,391.89505199999996,23.8978795,
790.839077,386.035442,23.3032278,
783.580951,299.290363,27.7090324,
788.186177,336.995049,24.5173696,
786.5451860000001,282.0298236,25.6446966,
792.0122719999999,323.943764,21.2068893,
793.769198,351.120633,19.543300600000002,
792.808888,282.7085166,19.105462199999998,
715.8085007,316.893753,79,FAILED
730.711592,332.037969,72.1898701,
733.638263,311.432223,68.7740044,
735.430004,310.498965,67.1465082,
731.985053,237.1678049,71.0240583,
736.840496,307.317978,65.91790040000001,
738.716858,312.080381,64.9207113,
738.787667,235.8603125,65.304643,
744.94956,308.36663,60.0028457,
745.436117,291.208222,58.9607439,
748.76039,300.628876,56.6446291,
751.340011,309.78337,54.7859913,
753.891795,340.811483,52.2747092,
757.535618,305.587168,49.1939409,
752.189536,208.3936827,54.5596289,
765.655875,321.721116,42.8770143,
757.5064130000001,205.88605619999998,50.4651774,
782.436729,395.26614,29.3508219,
774.477897,226.6685364,34.8956321,
780.641021,297.264149,29.7556403,
778.080833,223.3763743,31.995264300000002,
790.823111,273.2151442,22.2329289,
714.2567951,304.959418,79,FAILED
718.7145249,319.179296,79,FAILED
726.0195122,319.023567,75.078041,
739.859582,323.234334,63.7949244,
746.9729580000001,295.704896,57.8881869,
755.176927,355.300752,50.4829786,
753.287454,299.203069,52.3631014,
754.315426,258.4540921,51.8935104,
761.426522,319.19131,45.3480839,
770.100204,297.268568,38.3387043,
777.279679,369.669289,31.828162,
780.156524,302.205822,29.9747544,
781.52764,282.09641139999997,28.5732637,
793.098442,344.059099,19.9600164,
717.1346231,313.055953,79,FAILED
712.9679788,283.8653609,79,FAILED
717.7817988,308.36292000000003,79,FAILED
718.9689287,311.871136,79,FAILED
730.575071,299.503738,70.3787213,
747.100175,401.659817,58.6127608,
745.321556,341.261608,58.779068,
746.90389,308.790566,57.6250918,
750.448556,300.89261799999997,54.0716219,
752.766171,288.175994,52.5208535,
754.721282,312.343595,50.6941113,
758.132778,300.565162,48.0484244,
771.618131,414.87225,38.2446376,
769.2777550000001,319.07815400000004,39.0200135,
768.159231,301.60555899999997,39.9825212,
770.7201239999999,334.019358,37.0510826,
770.160071,314.591109,38.5787908,
779.279029,404.69165799999996,32.162545800000004,
773.344294,315.992382,35.5637721,
775.780964,297.458717,33.537757400000004,
778.359292,315.904214,31.7780311,
772.1800969999999,229.2687765,36.9590777,
782.733882,320.798987,27.8012533,
783.347342,304.690173,26.9119836,
780.183552,237.71216090000001,30.4341331,
790.0192030000001,334.97763299999997,21.18242,
713.3579537,326.00248799999997,79,FAILED
711.3408673,292.245918,79,FAILED
716.5667505,322.735521,79,FAILED
722.2967445,328.008059,77.4048593,
721.2388515,304.327386,78.1258458,
722.9810308,322.614039,76.6735524,
725.658104,325.455327,74.4821145,
725.2196369,311.302027,74.8198988,
727.5046884,313.168402,73.1716455,
730.452579,331.896724,70.8012518,
737.545554,320.826796,65.1988616,
732.620233,225.4806584,69.6103303,
742.029194,292.224652,60.6514196,
750.600536,344.54895799999997,53.8833779,
750.754698,328.311276,54.5092709,
750.022587,295.651274,54.982483,
750.014467,288.32685730000003,55.1144733,
758.966083,357.348774,46.961658,
755.772711,289.753037,49.9647984,
755.827141,274.9567419,49.7418382,
767.051593,347.57075,40.1642175,
764.866406,237.73639930000002,42.5454362,
779.356845,341.38030100000003,30.3121714,
780.694823,307.284429,29.0887287,
778.686781,281.8040733,30.8359402,
789.08277,382.24267399999997,21.9662345,
785.860935,302.211992,25.2335155,
709.5159221,283.696197,79,FAILED
712.8778311,315.658795,79,FAILED
717.0518983,300.930176,79,FAILED
720.2975832,318.119681,78.4992421,
728.7186352,324.355408,72.1048181,
741.994902,407.595058,62.9206782,
737.791868,328.082277,64.55991879999999,
744.428864,411.57288500000004,59.8841058,
740.566062,340.922956,61.6208595,
742.763671,318.257159,60.3237699,
738.026338,222.9789545,64.8242353,
747.900576,337.003412,56.3850436,
754.361474,408.88883599999997,52.9003414,
748.734865,323.699424,55.9396023,
749.48018,337.498398,54.5318284,
751.775151,336.197622,52.9412685,
755.4871880000001,348.650281,49.9237724,
755.946956,324.453391,49.7507098,
760.35544,350.35774200000003,45.6342702,
761.516876,302.75567,44.1707193,
763.8136460000001,298.03988,42.7432315,
759.889568,206.0410588,47.3467373,
779.238533,394.46995400000003,31.0204673,
774.422999,316.20027600000003,33.1428347,
778.923505,320.808001,30.2415553,
791.243569,373.69867,20.6505927,
713.4955402,310.615619,79,FAILED
718.7474826,327.366847,79,FAILED
718.6531257,305.465866,79,FAILED
722.4075181000001,307.393107,76.2027915,
725.3748998,297.69873,74.2330463,
739.249745,397.316948,64.6690451,
734.499842,321.58657600000004,66.4083315,
737.9580109999999,339.793471,63.6302369,
736.906434,292.97087899999997,63.93344260000001,
738.8164409999999,301.642252,63.1593752,
741.968722,337.06424200000004,60.5565806,
741.883873,298.12584400000003,60.4221464,
738.570997,231.2667662,64.0400303,
746.332474,288.9498429,56.9341961,
756.472037,335.998028,48.3842327,
760.887335,308.452635,44.880939,
762.8243620000001,314.583375,42.6924044,
762.450707,204.8068835,45.1539716,
775.131452,392.76338,34.0294295,
765.712127,213.1397949,42.4204908,
773.388924,307.610338,34.196856600000004,
781.561196,341.609188,28.1198414,
785.774238,288.7842335,24.2217753,
792.729883,327.550226,20.4004576,
786.216579,243.2832097,23.6000276,
790.120738,291.130943,20.0740543,
709.3621692,301.65744,79,FAILED
715.1868676,334.141345,79,FAILED
714.6401267,305.926518,79,FAILED
736.328903,402.650192,66.49657400000001,
730.592861,319.964978,69.4037747,
744.290572,401.182905,60.1651458,
750.1268709999999,416.183243,55.3253113,
743.162751,335.854827,58.7422768,
748.039733,216.5796751,56.7857588,
757.674762,348.81737799999996,47.346154,
758.633373,337.35751,46.4767155,
767.467531,378.488288,39.8804574,
763.863026,305.484559,42.1132642,
768.033379,308.151531,39.5987404,
773.653636,388.537095,34.6132508,
776.976613,412.095427,32.8654201,
768.607618,306.152755,37.4987972,
778.768654,409.320672,31.4819276,
776.763091,388.11622,31.9779074,
765.480485,218.2639627,41.4592956,
769.884238,216.4150096,37.8501779,
777.235023,304.42391399999997,31.833102499999995,
772.31786,221.89129739999998,35.1639629,
790.213877,369.258213,20.5547376,
788.7635760000001,281.5080197,21.7638095,
712.7019348,299.81190200000003,79,FAILED
717.191018,291.759914,79,FAILED
723.7279206000001,305.08944099999997,74.4538579,
727.1763393,310.130658,71.6533932,
731.370365,302.966189,68.3274119,
731.595604,240.4188217,69.5296213,
736.9549010000001,307.875264,63.8352072,
738.1471300000001,312.37035000000003,62.8665428,
741.816577,312.018013,60.2570889,
741.129386,216.8586032,60.9813739,
743.0464,222.1277883,60.3142485,
752.156919,326.99366499999996,51.6346426,
753.353015,343.779722,50.75159,
750.847497,293.993654,52.9100347,
754.155332,308.353401,48.7502639,
754.3467459999999,271.1819379,49.4435348,
761.8284659999999,274.9507272,43.2089109,
772.285205,345.627317,34.841832100000005,
784.931862,373.439894,24.2583265,
778.06931,233.5631124,29.666624,
786.990879,286.2348981,21.6164613,
785.839185,260.3390597,22.9221982,
710.2723412,309.12258199999997,79,FAILED
709.8216276,287.57348460000003,79,FAILED
719.1720190999999,322.93165799999997,78.4085681,
722.0393208,313.174485,76.8375708,
726.3899971,332.74749499999996,72.5447251,
731.720285,324.61226899999997,67.75705880000001,
732.919317,329.897762,66.9208017,
735.368647,338.716998,64.6002493,
733.412426,223.6181353,67.0582405,
746.723179,405.031975,56.8366112,
742.66006,328.72096999999997,58.8670168,
743.779913,321.83642699999996,58.3380896,
756.002337,418.06985099999997,50.3396574,
760.086046,421.05019500000003,47.194072,
751.763294,283.3980564,51.6518507,
752.580111,295.634241,50.5155624,
754.172932,299.16888,49.29593,
757.057575,326.01461900000004,47.7120123,
754.3081540000001,285.541719,49.0990422,
759.975741,339.56607399999996,44.2786577,
755.897878,294.935001,47.2231933,
758.8928989999999,298.359648,45.6461468,
764.262609,318.193697,41.0310804,
774.053457,407.828103,34.2469618,
760.959326,229.5184664,43.6409836,
776.062715,396.34427700000003,32.536943300000004,
779.5039409999999,401.38018999999997,29.5407977,
782.862659,314.982698,25.4819603,
785.840883,255.46384360000002,22.2966522,
712.1321965,321.221567,79,FAILED
716.6792052,335.275549,79,FAILED
717.823776,298.5828,78.4645839,
723.7989186,331.78626099999997,74.5967745,
730.519671,333.441101,68.7967058,
732.211172,229.6961263,68.4101146,
733.928705,235.68312459999999,66.7984629,
738.714083,307.098494,61.6959771,
738.653402,290.48724300000003,62.3037873,
744.317891,326.64626,57.04802,
746.051962,342.295453,55.4279962,
739.167968,226.2791844,62.7985082,
740.305423,222.08845689999998,61.8021872,
752.766281,304.104821,49.9516167,
757.23781,309.771181,47.6759109,
761.378282,336.668713,42.1823533,
770.090233,419.078082,36.9009317,
763.2207040000001,269.5584859,42.7140258,
768.880225,327.77961500000004,37.2145422,
766.414331,287.7931979,37.8679538,
769.878158,304.0355,35.75741,
768.500869,292.390461,36.3902511,
767.4988109999999,231.61127720000002,38.2881753,
767.740665,223.4829359,38.4627338,
773.885248,293.849894,32.0254516,
773.730711,281.1033698,31.853845,
785.0671130000001,378.41040499999997,24.6638025,
773.328907,223.4675938,32.9189964,
786.551471,377.03504599999997,22.3018152,
778.685365,251.2612711,28.1332471,
785.1574009999999,250.58543079999998,22.883677,
712.4382733,294.25187900000003,79,FAILED
725.1152096,319.902806,72.7861484,
740.016579,401.672373,62.474016,
731.993457,306.986827,66.50751869999999,
728.7965655,227.7077303,70.9498488,
743.743182,333.229926,56.9937508,
742.486996,296.988737,58.352698,
753.281804,416.594671,51.3944814,
745.936467,320.75149,55.9192175,
746.179542,291.640609,55.2981629,
751.692044,336.879887,50.9152637,
751.886918,274.32968719999997,51.1037379,
751.247944,268.7223387,51.2622567,
752.75046,261.4459251,50.1979454,
754.038105,266.57454740000003,48.9836883,
761.461287,373.81908799999997,43.6417736,
753.868615,206.6000814,50.5006071,
769.466167,381.303994,37.479757,
760.063075,243.7535816,43.8835777,
773.422006,414.772834,33.8817755,
760.573883,234.017717,43.9578882,
759.36978,210.5032097,45.5269706,
769.400238,320.817478,36.1529156,
763.497877,208.7825153,43.2777197,
782.384511,323.542481,25.1594365,
782.118161,284.889852,25.0655021,
781.2295,242.1440058,24.6864792,
790.6213250000001,355.641708,18.6693376,
705.888533,288.1737859,79,FAILED
709.6590756,302.396577,79,FAILED
717.3293312,331.44494399999996,78.0805999,
725.9021444,302.894325,71.3107562,
727.6393245,327.52056,69.9934218,
727.4375844,314.074381,70.3663281,
727.4645677,321.439742,70.3373857,
730.755309,296.861469,67.56420370000001,
739.022253,321.062402,60.9228774,
743.92704,339.20691899999997,57.1025799,
745.283866,308.732557,55.802752,
745.648722,297.63736900000004,55.6925234,
748.955969,323.98826399999996,53.2933342,
747.472908,209.9088764,54.8374437,
757.57341,324.548792,45.6192759,
758.528496,315.955737,45.5700466,
760.4601299999999,353.291688,43.1737791,
760.898413,323.773063,43.0242142,
767.5890449999999,420.498514,38.9251406,
759.761074,287.7369648,44.4650908,
764.195076,328.02487099999996,39.4948502,
771.073895,403.142877,36.0433995,
762.69368,217.6027563,42.7221279,
772.723654,322.493698,33.070234299999996,
768.244471,279.9407738,35.8261427,
765.914482,218.7204184,39.040374,
768.2287220000001,227.3277583,36.615822,
779.051487,315.428251,28.019699,
778.7921289999999,302.29256399999997,27.5705574,
785.8328759999999,388.574981,22.7084093,
786.024765,338.777125,22.2533194,
785.718552,319.720513,23.3528266,
786.623191,324.548043,21.7804677,
790.136973,364.57770500000004,19.2862528,
783.943298,277.8265943,24.2957473,
787.697743,270.6018955,20.5359111,
788.309103,277.4378564,19.233745300000002,
719.5693636999999,296.433834,76.2774955,
723.6425342,307.691363,72.6501839,
728.5458904,310.202245,69.0066494,
732.476451,301.894667,65.4597814,
736.461967,319.45785,62.849874,
739.96767,306.417738,59.9039818,
736.696711,218.6394187,63.30311230000001,
745.8293189999999,327.383243,54.5271817,
744.076907,211.7250653,57.6832328,
754.089484,356.803439,48.2809323,
755.513452,320.031583,46.794304,
758.615079,360.059057,44.8864656,
753.519965,290.820249,48.4911227,
757.129964,292.01712299999997,45.6954602,
760.926108,213.4174602,43.307965,
769.686025,298.68037400000003,35.3006752,
777.960555,407.20065,29.740947,
782.707192,338.974379,24.5611887,
778.804926,257.2084713,27.420288,
780.923993,260.7148791,25.0333882,
714.1303919,295.772603,79,FAILED
717.800095,310.907071,77.2543861,
726.9301105,304.348911,69.4830673,
732.164336,358.56483000000003,66.49264070000001,
733.273015,311.930568,64.93170380000001,
736.460682,337.19893,61.4882283,
729.92285,236.6945378,68.2120796,
739.94087,323.131394,59.1030495,
741.78297,310.366266,58.2310196,
748.865795,320.136413,53.8499969,
752.590857,324.714925,49.2143328,
754.580692,344.511371,47.5426179,
759.735378,328.362729,42.8201191,
771.345453,408.146317,35.5250085,
763.844341,304.82765,38.6276495,
774.34252,403.912474,32.9245045,
770.042027,330.246963,34.4614873,
765.389603,214.0301411,39.2681193,
772.273779,302.902856,33.1037008,
774.122882,301.013708,30.6888054,
775.366388,297.497302,29.9473537,
782.933595,390.217365,24.6326176,
777.983783,323.277603,27.8704671,
779.505223,246.1047149,26.4767981,
786.291661,301.289601,21.2640596,
786.117757,264.0620246,21.3122605,
712.3332072000001,327.029414,79,FAILED
719.2346846,331.265558,75.6442504,
720.4391909,318.476604,75.2387534,
730.985669,313.33553,67.52752000000001,
732.440471,326.356215,65.359336,
733.884608,301.16952200000003,63.53051859999999,
738.101413,301.190436,60.7930624,
739.151972,289.31659,59.390675,
740.960135,215.0545597,59.1034905,
749.32218,305.74003700000003,51.4601401,
749.438148,300.666925,51.1895985,
759.611285,421.548271,44.6984619,
755.4696260000001,339.887573,46.0100588,
766.4938030000001,414.721791,39.3412893,
762.984408,373.179314,40.0011604,
759.459528,255.3673816,42.3682809,
775.150626,399.535758,31.1539664,
773.714368,343.897452,31.376227799999995,
773.223002,319.0928,31.131490400000004,
772.611938,307.73866,31.630792799999995,
767.993593,219.8995645,36.3557519,
774.2180490000001,225.7057635,30.6686766,
781.623049,255.02212280000003,24.921301,
711.2950871,317.046833,79,FAILED
704.9372276,231.74046429999999,79,FAILED
713.8054647,329.78951900000004,79,FAILED
723.3900059,327.868601,72.4789486,
737.263043,396.535166,62.2424604,
732.736259,317.027334,64.7828382,
740.2664,401.77063499999997,59.7499194,
736.163466,326.122045,62.1958565,
752.098148,342.040485,48.6531936,
756.4420230000001,344.839184,45.2276139,
764.21847,419.583996,41.6659174,
760.636139,424.79797099999996,39.8350653,
754.098915,303.94401600000003,47.3146721,
766.220132,419.715906,40.0584227,
757.89787,293.507089,43.6497332,
758.833301,289.201027,42.0241569,
769.468331,411.684912,35.0643106,
764.320219,320.41835000000003,38.806596,
762.869828,301.082408,39.5044815,
776.457863,345.36288,28.73121,
783.082656,396.35429899999997,23.803941,
774.398344,280.84691499999997,29.0164548,
779.300097,338.060382,26.2709262,
784.588838,370.169208,22.1445353,
785.8357599999999,346.761905,20.5820588,
705.8372325,296.202245,79,FAILED
707.697217,295.659927,79,FAILED
714.1520481,312.068281,79,FAILED
713.5659971,322.53343,79,FAILED
712.8889651,303.972208,79,FAILED
720.1087951,325.049973,74.7962609,
725.0313975,229.3429673,71.8126623,
730.116729,319.89117999999996,66.5636374,
737.9125300000001,405.856694,60.803894,
728.7786075,242.025213,68.7452457,
735.210167,296.740091,62.1119763,
731.487283,228.5984516,66.06855759999999,
745.207305,410.08457,55.3473963,
732.966173,223.1117367,64.9678609,
743.616495,331.21438,54.8464317,
748.739829,343.235027,51.3295023,
746.403108,290.288021,53.3761716,
751.936111,348.381576,48.3642675,
750.123665,292.18595,50.1443017,
754.940695,352.451726,46.2024872,
756.038933,304.534518,45.2302279,
759.780527,319.534743,42.0789997,
754.8960529999999,255.60126359999998,46.11663,
757.2021119999999,248.5935259,45.1667917,
761.808442,309.381264,40.0361494,
758.762885,248.0754806,42.5228585,
757.3038280000001,204.3109723,45.2232096,
764.390141,302.652981,37.4061699,
768.637917,314.244483,34.7265345,
776.999356,396.162661,29.001789,
778.8337300000001,318.415868,26.1744925,
785.378074,364.80915,21.7487921,
786.5480239999999,359.942819,19.2903934,
709.7384963,306.519875,79,FAILED
714.7636215,309.003043,79,FAILED
714.9084836,318.266205,78.8047536,
719.1881754999999,312.027156,75.1693001,
719.248338,291.896201,74.5316293,
721.0612236,312.305731,73.4226969,
721.8757611999999,302.439922,72.5067093,
722.0594192,296.372569,72.2803907,
734.085164,329.95983,62.7037164,
731.810684,296.138281,64.0829241,
729.128676,225.3873762,68.4538732,
744.882321,416.16913,56.0928831,
736.735035,312.139247,60.7766321,
746.563643,417.15689499999996,54.0394865,
744.483426,363.803431,54.6918648,
743.606726,335.72520599999996,55.0428726,
740.639329,292.450491,57.0223632,
746.251636,341.799019,53.282424,
754.491858,419.08217,48.4058378,
747.02143,327.367477,52.3086622,
745.559884,296.812613,53.4060536,
747.176959,295.696842,51.7535129,
754.920079,329.895311,45.8571552,
752.913575,273.7270782,47.2238348,
753.996506,265.5167214,46.1955939,
757.572303,298.271895,42.8747079,
759.130865,303.487519,42.0223008,
769.501833,416.620219,34.8619685,
760.146547,296.756581,40.8496972,
754.156542,205.7782655,46.3772374,
773.431564,391.388641,31.7577634,
760.611003,209.3067933,41.7292299,
762.5510810000001,211.4580771,40.0277008,
770.56188,297.681752,32.8422968,
780.0861600000001,398.830521,26.1127667,
777.315831,283.1434406,26.7154484,
706.6423899,318.81641,79,FAILED
716.6260899,320.579436,76.7696383,
718.1080243,302.431624,75.3145759,
727.4863369,233.29136499999998,69.4209086,
739.882153,317.414016,58.4940778,
739.2728970000001,301.32867899999997,58.0937197,
741.234745,298.33135500000003,56.4495909,
745.597979,334.830248,52.8423629,
751.587544,329.14646500000003,48.0028929,
749.62154,286.2561955,49.5390624,
759.12919,274.4267469,41.2993527,
773.932086,409.398139,31.079396200000005,
777.1396159999999,231.86538769999999,27.0335028,
710.039464,337.94863799999996,79,FAILED
710.291654,271.1913805,79,FAILED
715.8177231,304.079944,77.1798421,
721.142709,321.83291399999996,73.2838223,
723.8687904,323.660476,70.9182549,
726.0940872,331.714631,68.6715868,
732.123733,402.721777,64.60152529999999,
728.5711787,334.55076299999996,66.63885719999999,
737.583974,340.866674,59.6384169,
734.3813250000001,290.932862,61.8336628,
736.752783,296.857473,59.6960234,
741.914608,319.622866,56.4827398,
743.696972,322.202988,54.2408511,
752.961257,335.976551,46.8409724,
751.8367029999999,295.455057,48.052678,
753.2479,299.81300799999997,46.3011593,
758.18826,367.517786,42.755027,
755.78759,319.271573,43.9891212,
759.820951,324.466725,40.7340865,
766.009368,396.105103,37.096557,
765.248223,319.528072,36.6097533,
771.31776,396.404949,32.435077199999995,
766.8888870000001,324.654135,35.2042613,
761.748369,235.3082322,39.5136147,
761.809141,218.3319648,40.2400954,
768.003507,307.946151,34.0031684,
763.143457,223.041292,38.8846604,
763.645741,227.9116663,37.9105886,
765.2511509999999,213.6950982,36.6835143,
774.504331,321.264472,29.2253039,
768.436275,223.3912834,33.9303303,
778.322318,343.853157,26.1297902,
774.051457,229.4774464,28.696636,
782.735724,289.178163,22.235618,
781.3408919999999,264.5859975,23.3921055,
784.547215,341.731889,18.6542612,
786.878514,350.613582,18.008033400000002,
787.62223,334.536833,18.7086121,
705.7111391,301.228931,79,FAILED
714.6175413999999,325.305005,77.9446849,
726.3956448,325.72808699999996,67.8221722,
732.227536,393.44176500000003,64.09730909999999,
727.1301817,299.61153,67.9558849,
732.573567,322.791207,63.42283760000001,
729.013562,232.79333789999998,66.8411282,
738.156687,332.215166,58.4931507,
734.5198379999999,228.4789389,63.1725582,
736.1012929999999,227.17182780000002,60.9190151,
742.814795,305.348127,55.024128,
747.651096,366.58061399999997,51.2804138,
756.051399,420.417285,45.6272377,
749.7357010000001,336.96832,48.695626,
756.106496,364.844405,44.6067026,
749.485465,274.9624139,49.1640369,
758.771925,340.77361099999996,41.403672,
759.515544,331.99125200000003,39.9581907,
759.572663,285.6120921,40.2943643,
764.391612,324.91162099999997,37.3652911,
759.827508,269.86913,40.2083063,
770.650435,406.361038,33.0869281,
761.702228,290.213066,38.2225238,
774.0223080000001,394.807681,30.0913138,
762.492129,206.5686158,38.9499863,
775.415821,340.542678,28.6600107,
767.891031,258.0096338,32.3076419,
781.23665,318.415114,23.3496267,
706.1733501,309.47648200000003,79,FAILED
707.7261735,323.076056,79,FAILED
708.7707653,330.329188,79,FAILED
712.5372061,301.323915,78.8599511,
716.2227722,326.43014,76.2785231,
722.0553497,312.002945,71.3846034,
729.488449,381.668503,66.5944696,
738.326782,409.970274,59.524033,
732.556709,308.714742,63.4084747,
740.943071,409.125967,57.9316737,
742.514412,210.9417217,55.6367733,
754.011835,335.856202,44.3434604,
751.178744,258.4909929,47.5390884,
764.528067,298.45307,36.1954504,
772.300657,405.20795599999997,30.4407906,
779.78586,296.503697,23.2861761,
778.99817,249.55022209999998,23.8242978,
782.0313160000001,280.6834318,21.188714,
708.9667777,312.101151,79,FAILED
718.6345662,307.588609,73.7117034,
725.594512,319.781113,68.0777298,
726.9749769,311.300495,67.0311184,
731.290652,335.68230700000004,63.5135619,
740.109754,414.589288,57.9289221,
739.254847,336.265239,57.2045113,
745.719364,320.744591,52.6540692,
740.176525,216.4204642,56.9351208,
759.649464,419.97666300000003,42.2650129,
749.978978,300.912107,48.209667,
754.400304,348.7529,44.1051059,
761.529213,417.313075,40.450272,
753.82014,275.793206,43.7350393,
765.116812,381.226967,36.9864366,
782.921604,385.009643,21.9787254,
781.517197,321.69115999999997,22.5893308,
709.2268247,321.954607,79,FAILED
707.9871258000001,294.777666,79,FAILED
713.3114166,296.256615,77.5273427,
718.0944088,300.561389,73.3581098,
728.2028868,326.88307199999997,66.1251035,
734.032364,403.41960900000004,62.231113,
726.7538152,305.410564,66.6389461,
723.2740135,234.5641047,70.2998239,
734.586643,306.108491,60.7325308,
746.825754,416.118553,52.4726078,
741.975237,292.329822,54.8879683,
746.05506,336.920925,50.7345894,
747.944422,332.503547,49.178775,
746.01363,286.3048374,51.3019508,
751.575414,307.873189,47.8329579,
754.238627,360.23569599999996,44.2031218,
754.520625,324.428766,43.938832,
763.880112,418.934733,37.9872847,
766.16367,418.887525,35.7830105,
768.627595,389.427331,33.7808065,
756.339838,216.2799956,43.5533735,
756.572778,206.6708453,43.2468669,
759.160126,214.2558634,41.2431844,
766.41214,320.297245,33.903767,
772.194059,316.562886,28.6974379,
773.934546,304.36954000000003,28.4621141,
769.687216,224.6265123,31.7598628,
783.122973,381.223318,20.3996891,
775.737538,252.553119,26.114426,
783.059877,328.73075700000004,20.4933576,
708.6015614,299.382991,79,FAILED
720.828991,318.92544399999997,71.2325545,
722.6572736,309.60684100000003,69.8791963,
721.3868412,300.032435,70.2039475,
728.2956492,331.38357099999996,64.8303387,
726.6328041,297.33608,66.35968059999999,
729.102275,308.927188,64.8134494,
730.806191,291.079523,63.0006891,
736.283466,310.987201,58.7905142,
739.17041,330.85733200000004,56.4529984,
737.560752,306.992555,57.726044,
733.340582,222.4016708,61.7708201,
741.462187,299.744031,54.6956418,
737.200824,213.0918909,58.9279263,
749.007451,321.679418,48.882939,
752.003951,357.268961,46.0921584,
748.233405,305.497628,49.0104076,
752.125762,365.07255399999997,46.4881927,
755.989732,376.33261600000003,43.0003459,
752.670372,315.99089100000003,45.1599679,
749.760866,264.6612733,48.252764,
757.395811,371.977953,41.5321544,
762.755702,279.0870325,36.249894,
760.162249,229.1337267,39.7897048,
768.9589060000001,347.449578,32.1070145,
763.3030610000001,219.0427096,37.4262586,
764.386074,224.9652845,35.737252999999995,
779.644277,334.742217,23.6735582,
780.532859,259.07025980000003,21.833805,
702.8694976,288.674,79,FAILED
710.8857433000001,311.512489,79,FAILED
714.9206127,308.805933,75.3843075,
721.4172745,230.5806688,71.6702426,
728.2174113,320.20001,65.0545659,
726.4164338,240.6131216,67.4893285,
734.281113,333.836706,59.7655506,
735.019643,323.555043,59.6372694,
734.593022,289.997053,59.7576071,
740.385767,307.489591,56.1393197,
750.989341,341.834653,46.2056872,
748.167758,279.5022919,48.7548846,
752.007634,321.049723,45.5410638,
758.271192,319.796443,40.0535805,
766.702844,402.515361,34.5263615,
768.413879,414.99577899999997,32.762050099999996,
757.827859,233.0845838,42.3695156,
762.57887,307.363534,36.0197001,
765.136152,293.688806,33.6720855,
768.618211,321.905217,31.7263976,
777.608661,314.800292,23.9894328,
777.677712,287.98525340000003,23.9025865,
781.199641,285.96752100000003,20.6469082,
706.7424712,317.747319,79,FAILED
706.6637527,302.272836,79,FAILED
713.7491927,339.81050500000003,76.4405028,
716.5125402,336.22202400000003,74.268055,
721.6366864,329.808086,69.8791693,
722.5782767000001,318.598771,69.6181063,
735.1779329999999,410.05284,61.514141,
724.4698385,237.44370179999999,68.646623,
723.0432972,228.9646424,69.1487807,
737.2991939999999,397.26198999999997,58.35423,
741.390429,340.493537,53.8003292,
746.023979,281.984378,50.1774735,
748.13921,289.614403,48.4605407,
752.937259,342.78518399999996,43.4890572,
761.593327,414.402776,39.4013739,
750.9584179999999,269.762794,46.4071256,
762.544813,375.00461,37.0008394,
757.447129,242.8289672,41.1817839,
756.243562,210.9918165,42.4893102,
762.211675,293.787754,36.0989665,
763.1106130000001,273.5783077,35.5201926,
764.759481,303.877945,34.1376267,
776.151291,403.785418,27.7899319,
761.391882,209.858846,37.3848396,
780.459662,338.55948,21.7697856,
777.057416,282.8341766,23.3168589,
784.41275,325.10790399999996,18.9845708,
708.1117799,328.05235500000003,79,FAILED
708.0799458,306.396966,79,FAILED
709.1998146,316.730589,79,FAILED
711.7534134,312.422302,77.434058,
715.2925059,318.36219900000003,74.4047025,
730.706402,398.349673,64.0317072,
726.8573106,316.672731,67.0896261,
729.455437,327.844958,63.4555874,
734.144534,302.26862800000004,59.4956268,
737.243801,322.456764,57.286907,
736.901377,296.535262,57.3617638,
739.681375,327.197498,54.6247431,
734.679399,221.6379744,59.933234,
744.967211,303.98634300000003,51.2328141,
756.1939179999999,419.25106800000003,43.7072875,
747.9393,270.8275766,48.9411819,
758.921794,368.084572,39.6257227,
764.047021,413.533542,37.1790356,
749.011701,199.3370632,46.7391655,
764.5459069999999,391.774429,36.3457699,
755.991303,266.8996423,41.3846304,
772.173234,400.740388,28.8563739,
759.566943,214.89016900000001,38.8384908,
773.810432,398.37348,27.1900773,
769.574791,297.283853,30.0077807,
779.855279,389.400295,22.0682324,
777.77535,340.845733,23.6589284,
704.2307832,304.679629,79,FAILED
708.8662528,335.343478,79,FAILED
710.2963442,325.02986599999997,78.7049138,
728.7085265000001,305.20043,62.9642844,
726.5768085,227.3607313,65.8244892,
728.5828765,221.6233761,64.95493619999999,
732.999365,294.874791,60.1595009,
734.940552,318.412462,58.5373368,
730.492826,223.5736009,62.8293867,
748.662706,332.017332,47.1972867,
750.30864,347.617659,46.1438101,
751.865842,367.87591,44.6855677,
750.275473,332.13083700000004,45.3824407,
750.191872,308.179849,45.8884585,
754.792971,321.177462,42.0235909,
766.160161,418.944102,33.6030868,
765.620133,393.005084,33.8600469,
762.670654,329.294793,35.1728329,
757.968221,261.0610411,39.104905,
764.793147,299.470093,33.1596924,
768.569155,304.48276799999996,30.8050844,
773.7816339999999,316.765788,26.1299814,
780.925915,351.51304700000003,20.415844,
780.721119,269.35884,21.3508622,
701.0624954,306.141327,79,FAILED
704.0393196,328.57581700000003,79,FAILED
711.4645897,306.504061,76.7081542,
716.3492396,330.44759899999997,73.432061,
718.7797501,332.238881,71.3151951,
723.2362612,308.239425,68.029169,
729.785544,385.95561,63.17200969999999,
727.9001681,300.711022,64.0730907,
724.1397947,226.0828946,67.5685718,
731.389946,320.257529,61.1502961,
738.55379,302.42562399999997,55.5610859,
742.325914,329.990939,52.4186617,
733.823684,215.3068598,59.7148725,
741.093429,303.518842,52.6960948,
746.739309,353.3716,48.5191586,
746.447079,341.07739200000003,48.9193254,
747.632008,345.80588,48.179221,
737.527126,211.0702939,56.5410126,
744.658778,292.945211,50.2625742,
742.997189,209.0595865,53.6521339,
755.119453,364.034815,41.7032289,
751.679935,296.36159,44.4280565,
759.009287,327.28060700000003,37.6143781,
769.3255369999999,400.138428,30.6149005,
757.7519159999999,219.5942027,40.6628334,
764.918996,278.87448670000003,33.639223,
765.895279,274.62026760000003,33.1365419,
763.622559,216.3906459,34.9855312,
778.44661,394.669374,23.4599062,
781.747389,376.182857,19.9668141,
776.666054,256.3722019,23.5451675,
706.3192332,340.34461899999997,79,FAILED
705.068038,308.861947,79,FAILED
709.2848365,307.111636,78.3570492,
717.3093282,324.50736900000004,72.3929943,
712.6730486,236.8430309,76.8250089,
718.9516189999999,303.880826,70.4979479,
721.257578,324.514342,68.8871681,
727.2494884,393.82306900000003,65.2038044,
727.1754837,337.15284399999996,64.3803946,
725.3552418,313.147536,65.242148,
731.65548,327.164292,60.7503695,
732.429972,339.196947,59.693843,
730.439318,302.21290899999997,61.2727146,
733.040929,328.352396,58.7554219,
735.200362,341.045995,57.5372538,
737.607402,338.68778699999996,55.3889193,
738.349749,322.26473699999997,54.7558143,
742.095812,339.919029,51.4961482,
742.115024,283.4662548,52.2621824,
747.998182,357.28114,47.922102,
749.7522289999999,326.561382,46.0406929,
749.484726,304.090464,46.0834224,
754.542009,327.59214399999996,41.181542,
757.593471,301.077466,39.2100743,
761.2092299999999,317.01505,35.906447,
764.162694,325.468699,33.7393011,
757.412226,209.8335408,39.4941303,
770.547563,343.836725,28.9592464,
775.675758,397.817454,25.0811935,
773.039121,346.821931,26.5267468,
772.126237,321.690714,27.5035217,
768.986581,225.8972377,29.7242773,
775.743482,324.102714,24.4793772,
779.9991660000001,365.492289,21.2395902,
773.7719979999999,279.5473893,25.0086476,
781.209551,335.711429,19.1107529,
784.083987,355.70115899999996,18.1492183,
700.9775298,299.26502,79,FAILED
710.6772683,335.630113,77.413097,
708.9295343,295.503966,78.4196643,
712.4835908,332.849762,75.3799172,
714.1686598,323.18945299999996,74.8112437,
715.2793849,311.594641,73.6615469,
717.2665085,306.571802,71.8313663,
718.5396595,235.18873109999998,70.8036211,
729.229913,297.74260200000003,62.0928695,
731.5575,311.571139,60.427882,
726.8545795,234.6165413,64.9212929,
739.958849,336.054794,52.6723191,
748.858438,418.981538,47.5029889,
740.8121160000001,297.379255,53.0081921,
744.662256,323.346853,50.9898236,
745.884982,311.40526,49.0132245,
750.869086,373.642835,44.6601108,
753.738922,370.97790299999997,42.8377682,
753.546794,354.802982,41.326672,
750.918757,306.856944,43.8448661,
753.173037,337.540129,42.0402198,
755.81431,306.423886,40.7696349,
759.9048339999999,371.901566,37.9981671,
760.732373,302.068377,35.9477544,
765.241544,316.204159,32.1315273,
759.469658,225.4637903,37.7197685,
760.64296,230.8747793,36.4052868,
769.225963,325.161393,29.1281595,
765.981735,279.0304067,31.124629499999998,
767.908912,254.8645186,29.6319647,
779.8141029999999,262.8888232,19.3654985,
701.5045003,293.91697899999997,79,FAILED
724.772689,396.166971,67.5872801,
726.1467956,399.06039799999996,65.30669040000001,
726.6235823,294.564661,63.796071100000006,
730.370397,333.42672,62.0454075,
747.940393,299.022235,46.8436184,
747.633486,256.6406836,47.3897847,
761.983916,408.94611599999996,36.3187171,
765.082793,406.96745,32.9960782,
763.776826,397.96583799999996,34.1496387,
761.054982,323.2386,35.7246873,
756.697934,254.4146529,39.437892,
768.534595,394.983656,30.3319154,
757.525961,232.0622509,38.304971,
769.377428,277.7522395,29.5650112,
770.723104,297.897191,26.8713403,
781.554924,363.38865899999996,18.990234299999997,
704.9854406,333.08085,79,FAILED
706.9426471,320.305497,79,FAILED
711.0756538,327.443815,76.2502217,
713.6506678,304.773294,73.6142395,
716.0432128,318.751475,72.3060546,
727.4387246,404.52817,64.3121259,
722.640149,300.600272,67.2486203,
724.2731541,322.391683,65.8383905,
732.7422300000001,402.21788200000003,59.8887885,
726.7962675,322.937221,63.1799482,
727.7428203,311.835592,63.089753,
728.1140538,318.158222,62.5659414,
735.258249,401.567446,58.0776136,
738.594547,332.309325,53.9204065,
737.109538,296.016374,55.4457388,
734.547617,220.3640773,58.1171352,
748.714884,337.432086,45.8758102,
740.011663,209.917341,53.9713286,
751.096165,328.056063,43.5002439,
746.285622,276.1825937,47.6380963,
764.094272,411.136473,33.6221964,
758.6245289999999,321.04207099999996,37.578998,
767.788555,406.25592,30.7026143,
767.399942,315.06311700000003,29.5992343,
769.1220920000001,302.80462,28.4691936,
763.236037,221.1374559,33.6181039,
770.138014,312.657691,27.8825696,
765.5969640000001,222.388475,31.355151500000005,
770.13558,280.7632238,27.1029416,
779.755952,300.032877,20.8832701,
780.0242450000001,323.248067,19.3701288,
704.4382285,324.235716,79,FAILED
707.2698417,330.564745,78.6280246,
718.7713089,315.087306,71.8708123,
721.0410611,337.322543,67.8928903,
721.7738874,332.04726,67.4697031,
723.7304169,238.8201182,66.14356240000001,
741.210672,416.58761000000004,53.4920918,
746.1329499999999,411.91852,49.6458964,
741.075328,296.104485,51.0549101,
745.237562,336.37864,48.1959326,
745.502663,300.93781,48.3323415,
746.433872,321.748944,47.0847915,
748.105838,292.061827,45.3894732,
752.38947,299.63101,42.6381493,
762.422281,419.598124,34.924089800000004,
762.7008040000001,414.619435,35.6164229,
752.065283,210.0608383,43.486788,
754.009419,217.9314225,41.7488301,
754.723714,231.2535347,40.6601284,
757.5052459999999,221.6433827,38.7531875,
774.659694,297.564957,24.38401,
777.560174,317.85637199999996,21.4605703,
780.122087,344.988091,19.171230100000002,
711.8399282,298.433445,74.4541022,
717.4953820000001,309.123417,70.3740085,
720.6766383,320.27556500000003,67.9440288,
722.8197697,329.248062,66.06554969999999,
721.61034,246.0021001,67.7203397,
720.8056473,235.71494239999998,68.271545,
730.343429,217.9563957,60.9903032,
742.354406,332.589652,50.2379771,
740.2136869999999,291.145855,52.2620116,
745.891521,360.737253,46.5812362,
742.737742,302.080262,50.0130469,
746.981893,267.5979747,46.994399,
751.358504,204.4220288,43.301597,
769.4893910000001,258.9022898,27.6262523,
773.010456,285.3257249,24.8458606,
768.2825760000001,228.1225315,28.2415002,
696.0156244,284.6167896,79,FAILED
701.1823691,310.30758000000003,79,FAILED
704.9364426,311.549516,79,FAILED
706.803964,311.90218600000003,78.6002795,
709.0059625,321.844605,76.9590474,
714.944198,311.912728,71.4819379,
715.7626372,295.396178,71.1501741,
719.8284279,349.49696,68.2116882,
714.6890072,236.54279350000002,72.5039727,
719.4602269,303.663817,68.356884,
717.3822137,241.7645226,70.3621893,
723.0694628,307.176655,66.0828995,
724.878582,327.53128100000004,64.0436133,
723.3340054,293.552344,65.3569516,
724.6302826,305.22686,63.905527500000005,
728.0758377,338.50055599999996,61.8033837,
728.0483932,324.35211200000003,61.4481635,
721.966805,232.1751054,66.3396917,
728.3333621,308.26083,61.2994442,
738.114487,416.58126100000004,55.4660026,
723.9870382,222.638759,65.0011471,
732.774264,332.66362000000004,57.4145187,
733.944131,328.662957,56.4588074,
732.419877,299.834739,57.9013317,
735.616674,332.979099,55.3429958,
751.633804,418.98240999999996,44.5070203,
743.95762,325.970396,48.797933,
749.360493,359.990855,44.857901,
745.081705,294.984016,47.7214359,
756.624721,420.57032000000004,40.1967071,
746.911067,272.8156386,46.4053333,
749.45023,318.11728800000003,43.5619904,
749.053941,301.843587,44.3970889,
751.443344,264.541556,42.2923002,
761.900532,389.976721,34.8603413,
763.5821559999999,385.337619,33.5879197,
757.577378,295.854309,36.8953944,
765.606348,391.08908299999996,31.628113900000002,
758.081524,275.7932162,36.180621,
760.172961,298.619066,34.4309146,
756.313747,206.6286333,39.0302801,
760.278243,226.1275597,35.0111475,
769.952598,231.53555790000001,26.6060701,
706.3120717,301.262931,78.9602365,
708.2759463,301.24818700000003,77.0123706,
717.1639265,321.97202300000004,70.205749,
717.9390735,334.402071,69.4423835,
719.7030445,230.8414261,69.2549957,
733.372582,410.672254,59.5782518,
732.560669,323.39857900000004,57.4890268,
734.065862,303.802393,56.7120149,
733.326062,214.8367973,57.9848056,
754.109007,417.867053,42.5156158,
745.25483,289.338863,47.0822594,
741.720919,207.5067354,51.3639367,
748.2778519999999,322.39536899999996,44.1128319,
751.719661,359.329515,41.5285712,
751.959525,306.373283,41.5255724,
747.914874,243.4578529,45.1249138,
754.715531,325.98682299999996,39.074558,
749.651449,212.0235702,44.6469455,
763.973267,402.395581,33.274412600000005,
761.540154,380.512872,34.2417406,
764.765543,396.024589,31.856316300000003,
761.146532,319.131909,33.988605199999995,
768.5252350000001,396.301538,27.8278498,
759.672871,220.8203491,35.6990213,
762.143495,272.6552769,32.2335153,
776.072805,272.255219,21.2092327,
736.647792,403.354058,55.623008,
738.101422,410.131896,53.9255874,
742.0351009999999,408.322184,51.6065011,
743.7040930000001,331.991228,47.5635127,
746.214365,342.52414999999996,46.0985744,
747.705095,355.22137,45.0489676,
749.301337,331.48062100000004,43.0279852,
752.764838,372.14771099999996,40.8579501,
758.701483,387.207186,36.626348,
754.423884,317.891326,39.1101946,
761.253892,395.60506499999997,35.3390435,
763.066278,388.256085,32.743333899999996,
754.868237,243.0490188,39.4825268,
755.319557,227.542064,39.0048831,
758.593665,270.7709869,34.8777468,
777.442056,360.3046,21.1351674,
775.343827,320.729133,23.4138747,
773.1640150000001,251.1040174,23.5408297,
776.2905499999999,281.4214299,20.2607753,
701.2972518,333.884147,79,FAILED
708.461861,339.69763,76.3416002,
713.1709066,299.62361699999997,72.141429,
711.7962825,235.6551671,73.6688671,
718.3864533,310.660137,68.6420913,
716.7070713,257.4966776,70.2464711,
715.3739948,232.009632,71.4025108,
727.2159346,396.342319,62.7268425,
722.9186794,337.483114,64.7238473,
722.6622734,300.365341,64.9969882,
719.3350250999999,241.7481395,67.8171129,
735.007345,414.362364,57.0236409,
722.2205287,248.731225,64.9886348,
729.565638,305.200086,59.3709707,
732.55179,337.195172,56.5016046,
725.5148205,226.1179162,63.37208269999999,
745.768286,352.14910599999996,45.9735137,
744.393776,305.898503,47.4077082,
747.858372,346.09034399999996,44.1217907,
744.828986,280.6248604,47.3553307,
749.41319,363.3924,43.0649473,
755.823412,416.65141800000004,40.2334986,
746.704502,297.136553,45.0392795,
748.831964,240.4431122,44.1139166,
756.297045,364.67112499999996,37.2706394,
759.965742,379.218119,35.6555925,
754.387105,216.0067675,39.3049759,
756.675161,235.1602842,37.2082526,
764.146561,323.37093,30.9128856,
765.395023,345.97831199999996,29.8959259,
756.900438,217.3395583,37.3806037,
772.2918,341.505248,23.9658379,
776.614585,383.381079,20.9793395,
699.0622392,313.894878,79,FAILED
709.9417156,319.263096,74.9635891,
720.6030761,311.971128,66.60675359999999,
716.1030154,230.1329751,70.1276489,
734.609575,407.91180099999997,57.0910987,
728.195617,329.63491899999997,60.2149317,
730.215556,321.05546300000003,59.0994979,
736.03742,317.603797,54.8335275,
729.904582,225.94832259999998,59.8863733,
738.925259,331.8,51.4276651,
737.9075809999999,306.640245,53.0243256,
747.354364,340.36186299999997,44.108635,
747.383017,246.8370871,45.4476458,
756.406744,374.490745,37.1998246,
752.768435,301.940686,39.8847904,
759.579097,400.017976,35.784458099999995,
749.258734,235.5941876,43.5694548,
753.034807,250.1803193,40.2293667,
756.051722,300.585078,36.9676167,
757.94524,264.8003554,34.5855583,
756.193062,212.37933329999998,37.4719632,
772.2063009999999,394.915183,24.0278086,
775.129876,390.644202,22.409716,
773.436972,345.37426600000003,22.3787362,
777.785042,379.847991,19.3877463,
777.068226,287.330727,20.6399262,
700.6675959,321.619209,79,FAILED
700.3759246,296.000725,79,FAILED
702.2043559,303.708937,79,FAILED
704.4699369,338.90946099999996,78.120036,
711.5946303000001,319.258403,73.3074938,
720.2106977,395.373165,68.5102324,
719.1575714,326.452861,67.365212,
729.012922,401.45629299999996,61.7211254,
728.0898884000001,392.62426700000003,60.8543582,
727.6359027,335.56733399999996,59.6655146,
728.5441721,296.500278,59.7750929,
730.942799,313.492656,58.2758176,
736.833115,299.845488,53.3891013,
733.281141,214.2677978,56.2609845,
746.248822,364.53141400000004,44.9142928,
745.519093,333.216867,45.4701148,
743.453038,259.2731232,47.6095414,
751.756918,366.647825,40.7975331,
755.528338,369.664873,37.6705864,
753.455936,296.587385,39.0916479,
754.522472,305.287527,37.8750863,
760.037044,293.751071,33.160836700000004,
761.757282,303.333584,31.5027526,
765.40724,299.13259700000003,29.6729908,
774.279949,304.234854,22.3076974,
700.7859144,344.88480500000003,79,FAILED
699.5772883,305.00918,79,FAILED
704.3553889,296.35409400000003,78.1107372,
709.1717015,313.96056699999997,76.5351208,
707.2505979,309.634747,76.2523155,
710.5194742,325.63478299999997,73.9778789,
709.0736179,309.242105,74.2538288,
708.1238189000001,292.662674,75.2171151,
706.2150515,239.8829054,77.6411581,
716.3539122,326.7813,69.0465103,
718.8498969,227.4761569,67.5551697,
725.3456727,293.424325,61.725803,
732.936284,297.647539,56.0248397,
743.482389,339.49111600000003,46.990165,
741.423255,290.163881,48.6428361,
742.771803,284.7995795,47.2093523,
741.682803,269.0795026,48.1942222,
746.8956929999999,335.173402,43.6768451,
749.74642,335.261385,41.146246,
747.5920590000001,293.6176,42.9144343,
746.594135,214.1682601,45.8770164,
758.062141,368.993073,35.492407299999996,
757.29216,360.65083200000004,35.324152999999995,
755.604249,260.1073442,36.3489164,
760.381294,328.479984,32.495283400000005,
763.762287,318.39835500000004,30.0726509,
766.993119,347.585289,27.4687848,
769.882303,316.249004,25.0444785,
764.997145,223.0490013,29.0229726,
775.557703,256.7951871,20.7810795,
704.6323957,324.002706,78.5571938,
711.5274105,293.160273,72.115341,
714.7217454,317.201197,70.332892,
722.2345332,401.94480899999996,65.01501780000001,
722.3462694,299.897946,62.950196,
736.00635,327.740384,53.2127632,
735.98005,311.78797099999997,53.493899,
736.924925,324.419598,51.7043764,
739.665782,328.265708,50.0559387,
743.756715,325.36790099999996,46.2471127,
745.857174,328.145311,44.4310149,
745.847082,319.19796199999996,45.0211704,
750.451005,322.147354,41.1518185,
760.021558,413.07909,33.9794744,
758.353433,382.85569799999996,34.944483500000004,
758.9947589999999,352.593278,33.9192521,
763.854739,408.44734800000003,30.6555122,
766.274577,400.823174,27.9839846,
755.747275,228.9043062,36.7382788,
765.282123,305.800189,28.9949917,
759.481076,216.4375536,33.9699437,
760.964853,217.9398654,31.5124651,
764.87707,250.9895982,28.023508,
773.679168,322.09574399999997,21.413709,
702.1634486,326.913188,79,FAILED
712.0877484,336.498851,72.3100888,
712.7243163,306.569338,71.2131322,
721.1185697,394.076905,65.6311215,
719.8741527,333.435811,65.1889182,
714.716242,236.45849040000002,69.9784793,
720.8683176,318.46144300000003,64.7177705,
724.6957365,389.96188,61.7686116,
729.266957,394.940003,58.8164642,
724.49349,302.161322,61.4944492,
720.1725160999999,224.9342931,65.6216728,
722.5985667,233.519615,63.8666357,
739.181591,417.740337,52.3425661,
733.936884,337.01037299999996,53.9230542,
733.792208,303.023398,54.6143104,
736.6098039999999,294.365448,51.9792775,
739.941993,284.9322345,49.2218491,
737.292606,208.6794479,52.7125222,
748.3515649999999,369.85222,42.6974695,
738.430662,211.7209881,51.1980053,
743.296375,206.2727263,47.0570268,
751.74274,220.3715795,40.556154,
759.76872,277.2714466,32.9317876,
769.249068,400.55325700000003,25.7806953,
765.780841,318.14772700000003,27.450521,
763.925618,274.6851776,29.0498191,
768.228856,322.718909,25.9147594,
775.379923,345.896408,20.4522925,
774.936312,339.979874,19.7302809,
779.5214100000001,359.73121100000003,17.3257892,
772.487304,246.5249874,21.9832095,
694.90153,295.642176,79,FAILED
695.9291086000001,308.761843,79,FAILED
700.5785891,309.519289,79,FAILED
703.0337191,334.185769,78.9785147,
702.803331,308.17776100000003,78.4915473,
705.0638588,318.670506,77.1485998,
702.2561994,245.036775,79,FAILED
707.7550438,304.13723400000003,74.6412807,
711.7214242,330.18609200000003,72.0466519,
711.723212,322.069482,71.5295257,
713.9465966,331.881657,70.2051639,
713.3607507,326.37305100000003,70.30885,
715.9596807,349.158701,68.4538436,
715.5848544,320.501217,68.1236381,
722.3449623,393.228812,63.6503508,
719.1702862,321.581708,66.0124076,
716.7987255,294.289608,66.6174981,
724.4595248,333.568794,61.4391913,
723.7108752,307.993675,62.0975253,
726.6228214,312.799794,59.7913784,
728.4921426,334.91772000000003,57.7132553,
730.362089,311.377002,56.6597467,
732.35436,324.10269,55.3718312,
731.372667,288.133233,55.627799,
741.857844,301.763052,47.6280335,
744.213891,303.479722,45.328626,
742.961246,251.9002912,47.0895479,
746.97157,310.437286,42.9880572,
741.511339,208.231743,48.6310985,
750.001114,329.460999,40.1115605,
745.767096,205.6553859,44.591143,
754.004297,289.512001,35.975149,
752.732433,233.4314451,38.9336288,
754.60477,239.8327148,37.2757966,
759.46663,267.9849476,32.0462007,
777.695304,374.662511,18.361452,
693.4997207,281.5463579,79,FAILED
693.7755247,290.807663,79,FAILED
700.9544779,336.954278,79,FAILED
705.2184773,332.951588,76.7265784,
713.1235755,301.246221,69.9246689,
710.7667531,240.605664,72.4209511,
717.5389329,301.782797,66.5610722,
730.08422,404.416477,57.9460037,
718.1807845,237.5592547,65.9516053,
724.5835762,313.173848,61.3516458,
737.124406,416.571412,53.5236143,
724.6561074,217.230717,61.5567603,
726.3410457,222.0029945,60.3838112,
739.500951,307.80467799999997,48.9933473,
751.543688,420.123779,40.3153231,
743.469596,269.22939510000003,46.1522165,
756.797381,419.41018399999996,35.9496258,
748.014373,305.058172,42.1823054,
746.495863,262.6347072,43.772151,
742.361225,212.1184092,47.5680179,
749.847547,257.8910191,40.6003378,
761.331216,411.76883799999996,31.7427834,
747.471695,214.8726518,43.0212121,
753.385382,276.1517538,37.8528234,
749.148543,210.7775137,41.3746846,
753.702652,209.7131571,38.140143,
756.240301,213.408733,35.102320399999996,
768.156403,352.621662,26.8656663,
769.266822,300.68496700000003,23.720464,
767.557478,274.7693545,25.0973594,
709.3098432,333.413706,73.3604714,
710.0279636,245.452081,72.4541855,
724.3959285,407.687023,63.6099107,
716.8337993,307.875198,67.028633,
720.1998301,324.283912,64.244286,
720.4599936,308.874151,64.26779830000001,
717.9605385,291.828546,64.9046813,
721.7576162,312.285826,62.9736489,
723.3672552,327.97418200000004,61.870717,
722.0485949,242.3272821,62.2468586,
729.132872,326.755349,57.4727314,
728.5519604,305.97371699999997,57.1535617,
729.891815,318.71342000000004,56.7059375,
728.4945067,221.22829389999998,58.7470932,
737.0388379999999,302.644602,50.8900159,
747.932484,418.443304,42.9986103,
745.234574,374.966825,44.2976793,
752.32654,410.856982,40.5225557,
745.849541,325.159512,43.0881024,
747.645994,341.086141,41.2538706,
743.920481,248.4153627,46.3649995,
757.601166,410.195474,36.5400366,
742.782734,217.346531,46.9412048,
759.115965,408.605871,34.3460263,
751.153906,254.2625089,39.4902664,
746.872175,207.0915305,42.6946833,
751.995948,247.1908261,38.1420896,
763.390216,393.691563,29.4419195,
755.731032,293.59195,34.4609413,
757.125353,288.1350996,33.174260700000005,
756.385443,231.3265194,34.5903523,
764.4934069999999,322.833447,28.1058075,
764.874865,327.92571699999996,27.2434973,
765.989817,304.134265,26.7956646,
767.49731,295.475771,25.3027614,
776.083957,365.773255,20.083678,
773.662059,352.02105700000004,20.4819855,
696.3103791,301.423366,79,FAILED
704.3559423,325.895555,76.4866163,
706.0325169,298.12172599999997,74.4866775,
709.934229,312.175797,72.1063585,
707.3290773,236.9126713,74.3125871,
714.1133674,305.180529,68.4267495,
716.1543669,331.023236,67.32757190000001,
710.6211875,233.0395615,71.9230418,
712.9788705999999,254.9591725,70.1162902,
724.7761295,401.541662,61.8151249,
723.9008017,320.23064999999997,61.4448913,
726.3625213,318.163723,60.2479655,
726.3999534,302.180998,58.8777417,
727.0313151,291.60134700000003,58.2818731,
732.732967,330.372347,53.6504855,
741.726599,411.043729,49.8040983,
742.189957,412.232893,48.817051,
734.673297,333.937292,52.1577403,
742.817788,418.600817,47.6969073,
739.33649,335.633754,48.3850426,
733.290991,219.1804222,54.1063119,
740.044984,295.459024,47.605293,
742.817756,294.466427,45.9689108,
743.967268,289.03099199999997,44.9736273,
738.758278,214.7995904,50.004969,
744.989878,267.3987967,43.4644536,
748.756138,299.42248,40.644713,
755.951105,374.764284,35.2191068,
760.554374,399.795095,31.4028705,
756.6301109999999,329.725168,34.2740162,
760.848862,390.788775,31.407517400000003,
760.10795,348.75043400000004,31.775440599999996,
752.251079,251.3796056,37.4841666,
753.656456,223.9913324,36.9991987,
758.242072,224.3910095,32.336370099999996,
767.968747,346.41366500000004,24.4150346,
770.856612,324.550025,23.5031686,
768.247599,283.00100199999997,24.6353567,
769.6636980000001,287.6250339,23.1554186,
769.208614,278.960953,23.4044167,
771.6182699999999,283.2442732,21.4604156,
700.7902275,300.068351,79,FAILED
715.759629,336.899207,67.3850343,
720.9807172,334.516624,63.16054199999999,
722.8469473,320.374352,63.179698900000005,
714.9228393,236.6999279,67.8370353,
724.8677784,324.46261300000003,59.9601493,
730.460309,334.241935,55.3370571,
728.1937457,216.0182174,57.9213857,
741.010426,346.610014,46.2132759,
741.373514,334.951328,46.2526027,
753.830033,417.719427,37.4339387,
750.219532,323.52437599999996,39.0261739,
748.285612,293.968959,40.4532729,
749.625863,235.6349183,40.7954948,
755.200815,319.33227,34.596931600000005,
752.692775,264.3454469,36.3518498,
761.895976,350.411141,29.2115184,
761.445714,300.143482,29.5727385,
759.131674,263.18211180000003,32.1178818,
768.80161,254.1097867,23.1408068,
702.4023457,241.535846,77.7765017,
708.7259922,306.198006,72.5647814,
718.1945556000001,297.908306,65.02552969999999,
720.0681313,294.252481,63.0379951,
726.0231964,329.491467,58.7511661,
720.5248371,227.7986522,63.7921815,
735.4312620000001,406.401271,52.623399,
736.973732,295.81613400000003,50.0022474,
741.386044,316.471713,44.9324477,
738.967584,264.8114673,48.0178804,
746.330318,359.01626,42.444835,
745.69753,301.114159,42.9477287,
757.602361,416.626895,34.9781409,
754.7457919999999,384.606311,36.4084312,
756.904328,362.433532,33.078987600000005,
758.902844,366.03374299999996,31.3924782,
756.859322,319.416453,32.6267356,
757.2388530000001,306.144989,32.2794749,
752.736436,218.2419397,37.4467702,
754.618869,218.2970098,35.2957488,
771.911789,358.73737600000004,20.993681,
697.3564265,324.663836,79,FAILED
698.5610925999999,290.923633,79,FAILED
701.4062571,313.88237,79,FAILED
709.5778269,387.86269200000004,73.1556187,
702.5973284,303.325989,77.1504634,
705.8882169999999,329.420157,74.4654637,
703.9198717,300.6673,75.8236715,
713.0442396,336.60319000000004,69.2544754,
713.1010166,241.998467,69.0738393,
713.7686636,229.39505789999998,67.7902746,
725.8463795,308.776,58.4869251,
728.054629,295.802448,55.9689406,
731.626512,297.782842,54.1410356,
741.634832,409.44642899999997,47.7556714,
742.517751,263.2745263,45.88876,
755.452203,370.176628,33.1019208,
750.593166,212.9158734,38.7160574,
758.3580870000001,321.087564,30.6082274,
755.557313,223.5906855,34.850814,
760.249525,277.9566521,30.6682277,
760.91327,222.0958962,30.037075,
764.7651089999999,278.413587,26.2228365,
770.7634410000001,259.6493368,21.1679208,
701.1160182,328.425503,77.8614565,
702.6180559,311.008893,76.6208139,
704.6513285,322.801826,75.0268746,
717.1386775999999,327.293279,65.4898402,
715.512952,312.907984,66.25489759999999,
711.3713111,231.0583236,70.144434,
723.65847,295.465158,59.8072168,
719.6785199,221.68330939999998,63.387549199999995,
729.581959,304.21229900000003,55.2115527,
737.167319,290.028843,49.2325321,
741.0527950000001,327.665529,45.9460697,
743.157372,296.74357299999997,43.8890873,
745.099696,319.203613,42.2304208,
748.771476,317.15047400000003,38.4474311,
749.112648,307.209251,39.3349812,
743.759808,215.5786919,44.4427784,
757.381957,378.26242,33.8779758,
757.478411,382.392612,32.5910217,
750.469682,227.0035217,38.577639,
750.488743,222.56133690000001,38.3845295,
751.315966,230.6410484,37.4956097,
756.196987,301.455069,32.6847676,
754.359574,236.117117,35.1695269,
760.953856,291.335089,28.9070067,
768.409135,350.969042,23.1563063,
707.2967436,392.084789,74.0990147,
708.4020545,382.55502,72.1263402,
701.0928277,250.7879676,78.4963918,
706.4429044999999,317.721583,73.2319354,
706.7249389,300.61343999999997,72.6565664,
704.047377,248.5520701,74.5841628,
708.2541180000001,298.182134,71.5018003,
717.2749507999999,402.73850400000003,66.5371143,
711.0569597,312.765802,69.9187732,
716.7895524,391.647623,66.2348284,
718.889694,303.236617,63.14128289999999,
726.0403703,319.227284,57.9818654,
724.7075093,296.628809,58.0909377,
728.4216937,330.371045,55.791439,
726.8582665,300.95079499999997,56.6327662,
722.4020115,224.2696906,61.2301617,
724.6874310000001,216.760777,59.3238123,
739.029883,387.36827400000004,48.8537281,
734.2993759999999,329.547029,50.759352,
734.012527,306.745838,51.2058583,
736.240615,324.310794,49.3232707,
738.054214,319.21723299999996,48.1763159,
741.541039,377.461798,44.726647,
742.562748,350.07932800000003,44.2030324,
747.230622,369.409088,40.5292663,
742.946637,244.3231847,45.2852797,
749.95445,303.081539,37.9548033,
746.186543,237.6769235,42.3229956,
752.099182,324.139448,35.691787399999996,
756.347539,333.274131,32.3446718,
762.534382,397.871894,29.1917805,
771.40407,386.407279,20.9072066,
772.6006669999999,381.20435399999997,19.464862699999998,
770.685698,292.297134,21.4005831,
697.454131,298.417707,79,FAILED
703.765562,377.694805,76.0286671,
705.7626421,376.50730999999996,74.3441448,
705.3139144,312.745049,74.1574978,
715.810195,395.64182500000004,67.45301359999999,
706.4135064,245.0685339,73.6910245,
707.3399439,235.4456428,72.4100375,
714.0749719,325.88906499999996,67.0927542,
719.2868478,328.966839,63.123725500000006,
714.3308372,243.3634948,66.7293432,
720.8549898,296.458815,61.0664237,
723.2454723,305.60344,59.5992142,
734.578405,412.61303799999996,52.6424909,
735.705522,417.0946,51.3933365,
722.9850829,234.7195643,60.711292,
735.234446,408.03447900000003,50.8101143,
723.5096711,227.9039307,59.8635762,
735.472548,318.07284500000003,50.7382205,
737.846365,338.76808,47.3983291,
738.065078,328.895209,47.612559,
741.761694,337.392721,44.2496244,
740.029628,299.912354,46.0156214,
743.50265,337.998715,42.5034472,
738.738544,212.1094375,48.3943735,
755.716978,400.85257,34.8119133,
746.217023,254.581641,40.8157984,
749.6124159999999,240.0119813,38.9060446,
763.171154,397.851589,27.1195801,
758.572663,325.268596,30.0814915,
762.079843,351.871582,27.0234097,
756.758481,216.4029236,32.9256395,
765.793655,317.458343,25.1090447,
760.940964,226.8445774,27.8323231,
692.1095928,301.50939,79,FAILED
694.6053523,297.266451,79,FAILED
695.1759706,302.963771,79,FAILED
703.2508721,337.613359,75.7045324,
702.4318553,294.697795,75.5816461,
711.926557,329.47540200000003,68.3291675,
710.2443798,296.506671,69.2741939,
709.4878713,243.89164970000002,70.2384356,
715.3125881999999,307.75528099999997,65.0998409,
711.1363263,233.98417940000002,68.7124549,
730.829194,398.764931,54.4349062,
724.8572733999999,230.6968207,58.3464195,
738.412454,290.777353,46.6617499,
743.405759,333.097036,42.0814431,
748.232949,360.946057,38.3899644,
748.941942,298.129455,37.7361819,
750.712136,329.354709,35.769815699999995,
750.855275,307.222064,36.0645625,
752.323553,301.78103,35.888055300000005,
758.1834739999999,386.71318199999996,31.442700099999996,
749.280962,243.9675061,37.0760867,
760.456398,388.366353,29.0828766,
749.013046,206.753601,39.2272965,
756.04098,271.8956534,32.8458067,
768.9551289999999,397.83855800000003,23.5968251,
761.841194,296.95171600000003,27.5892706,
768.481278,389.504747,22.9487542,
764.437763,303.8047,25.4662366,
766.666523,239.7602832,23.7685906,
766.568356,258.8083908,22.5725173,
689.0762864,286.7626256,79,FAILED
694.8630057,308.306204,79,FAILED
698.0458075,325.804982,79,FAILED
697.6046253,306.87597,79,FAILED
702.6566246,307.45797500000003,75.0593459,
706.255934,328.16222700000003,72.3552262,
713.8954827,386.817763,67.02525130000001,
709.0720779,307.121616,70.7030563,
710.9850018,318.609967,68.7833307,
710.4971046000001,307.917394,68.9704674,
711.877683,299.59567,67.50820110000001,
715.3940405,335.16258600000003,65.2939751,
720.392246,323.764804,61.1144011,
727.8063659,395.958123,56.1311379,
732.139858,300.79731,52.1090806,
734.586955,331.56926699999997,49.0341751,
735.295532,301.091198,49.0018704,
738.156187,304.919484,47.5298914,
743.550386,369.166491,42.3235253,
738.123568,258.5881096,47.5968334,
750.971454,423.881,35.8385503,
738.369942,206.9233712,47.5911201,
748.370034,329.07228499999997,38.1663668,
754.206684,380.341796,35.8528749,
755.925023,352.982237,32.249338,
758.731324,363.723862,29.0128661,
754.6418630000001,260.1285648,32.4549521,
758.64715,270.5792317,29.0029236,
769.960879,364.997793,20.4430874,
762.71455,265.4405158,25.5690295,
691.5415664,288.2563143,79,FAILED
698.2159584,342.393542,78.456076,
697.4174066,250.990374,79,FAILED
705.9281478,322.60310400000003,72.4180934,
712.3247652,391.999526,69.302262,
708.2239203,325.509467,70.8769725,
705.6340727,291.505362,71.9799997,
717.1555689,398.021588,64.9489505,
705.2442816,241.379109,72.443704,
722.4677459,331.887571,59.4960433,
721.9422896,310.580413,59.7231893,
719.8779612,237.9907481,61.9332791,
732.494748,324.888323,50.9800704,
746.754002,419.06045700000004,40.7338236,
743.476076,306.567919,42.6744473,
756.847678,412.756297,31.8846948,
749.337819,320.808497,36.8417353,
758.865474,396.312145,31.210412599999998,
765.524078,292.181771,23.5151571,
772.900283,376.694237,18.1204796,
693.4795384,323.371395,79,FAILED
693.4288466,319.212255,79,FAILED
694.758601,333.175308,79,FAILED
695.3960399,328.662962,79,FAILED
698.0041646,332.89778,78.728409,
695.9271373,311.321791,79,FAILED
708.0204925,337.864688,71.173465,
703.9926473,292.827864,73.4290704,
709.3017911,331.114626,69.8163899,
703.1069425000001,238.2009845,74.7833318,
718.7708848,404.619056,63.612631300000004,
707.5422120000001,254.757476,70.4658453,
718.1261953000001,320.867569,62.6110925,
715.9210413,226.98624610000002,65.4742849,
716.5403109,234.0152384,63.8267769,
716.445244,246.0312518,63.005265699999995,
724.5223982,324.959974,57.5691029,
728.9760676,325.53047000000004,53.7440376,
726.0348319,223.03820530000002,57.7037954,
740.831845,319.874189,43.3331069,
751.150301,413.91758100000004,37.5151995,
741.940627,291.967931,42.8609113,
752.367781,418.567085,35.0844111,
745.892793,214.5098988,40.7182322,
751.5854400000001,244.27814130000002,34.726150700000005,
751.637889,231.848364,35.0858576,
760.4189670000001,318.255332,27.6697116,
773.0536050000001,371.05859699999996,17.0646248,
766.494089,245.2000004,21.8934586,
689.8432261,296.010276,79,FAILED
692.5816666,311.891791,79,FAILED
697.1938329,289.13013,78.1738233,
703.8197192,334.10567100000003,73.605857,
705.6421685,310.522626,71.9889271,
708.4380243,320.14491799999996,70.051513,
715.8975591,319.561769,64.3199269,
717.2831171,309.044505,62.6606076,
724.2710148,397.32358999999997,58.3749178,
719.315186,303.753278,61.0568454,
721.6922192,321.063003,59.0294117,
720.7471816,301.128797,59.5398423,
724.7246496,331.016594,56.8212222,
726.0676762,321.81255999999996,55.8837555,
729.977984,307.481473,53.2786742,
730.961958,295.37108,51.1698063,
728.7488529,221.3369731,55.8073226,
739.743345,324.50996599999996,44.0034407,
748.224066,411.282619,38.6457511,
739.274567,246.4641259,45.9112485,
744.6707710000001,326.261821,39.8855941,
751.716259,368.21662000000003,34.8301615,
754.242313,374.81351,32.459341699999996,
746.091528,223.05723849999998,39.5018294,
755.274614,325.031209,32.6323796,
751.494447,249.3157055,35.3193821,
759.943557,346.47909000000004,28.8000906,
751.92558,239.4272153,34.5811228,
756.8604330000001,286.7669659,29.8705802,
694.0293893,340.956685,79,FAILED
689.7074893,281.4461314,79,FAILED
693.4371451,293.536977,79,FAILED
696.2582639,295.70475799999997,78.6064709,
697.8761792,305.90102,77.6008933,
706.4802303,246.25792,71.1867933,
721.5030445,405.701943,61.270438,
715.1099637,331.28315599999996,64.13189729999999,
713.2167727,301.515128,65.5191069,
718.9142288,333.100874,61.2953487,
718.9137443,232.2961638,61.1310103,
739.347483,372.106466,44.8095841,
737.135233,331.455083,45.9744065,
742.51617,394.087604,42.201509,
739.850984,331.63329699999997,43.3864003,
741.609559,327.99821099999997,42.2694735,
740.05916,301.324009,43.6483093,
745.686699,291.144352,38.6182561,
747.818009,235.0916525,38.2465989,
750.839301,225.9737785,35.3436544,
752.648326,219.8530491,33.2860343,
762.766796,345.63426300000003,25.0267364,
759.587752,277.5546497,27.6542625,
764.1827450000001,321.22758,23.2580678,
687.5275134,276.761298,79,FAILED
692.2766098,306.001774,79,FAILED
698.1524449,311.337727,77.2889667,
701.0599062,331.62222499999996,75.0091029,
698.1577521,296.673881,76.7662726,
697.8106821,242.2850757,78.2443232,
708.3055704,387.775602,70.2567664,
700.650625,249.4591244,75.9108807,
708.4386568,337.96322299999997,69.3122517,
713.1237249,375.029723,65.7505864,
710.5729013,323.04789600000004,67.5949445,
706.1596244,268.7364036,70.4155557,
712.26465,319.954134,66.4163214,
711.5482453,309.93629,66.5217422,
706.3896763,240.0936957,70.5986895,
717.8558491,394.391303,62.1771167,
719.7050591,398.538383,60.947327,
709.7770305,239.8887476,68.3656108,
716.9011061,298.39545699999996,62.09541,
722.9458627,305.29492,56.9981684,
731.01435,403.15086199999996,52.5278554,
727.1978340000001,332.602854,53.7488118,
741.602567,420.241929,43.9407206,
741.530133,349.07534499999997,41.9291893,
734.717843,249.8028272,47.4003014,
735.6416,254.6348302,46.7670027,
750.304439,395.10195999999996,35.9591109,
744.798902,303.67668100000003,39.641576,
744.364053,284.3111834,39.7192401,
756.306139,401.64572,31.553578900000005,
744.715746,239.8290997,40.220578,
750.121631,305.537952,34.3898449,
756.43228,351.472976,29.7001874,
748.674983,216.6966304,36.117321,
757.098217,292.038313,28.5598168,
763.551573,363.16461200000003,23.8207591,
755.082691,220.21843760000002,30.5007109,
765.187412,316.85092199999997,22.4418602,
767.200094,344.065002,20.8295127,
762.8456610000001,235.1468913,24.8997533,
687.3877879,281.703064,79,FAILED
702.6396078,305.290256,72.8953366,
712.505194,392.046598,66.895738,
707.4816962,302.585815,69.362598,
707.4791679,233.2231843,69.7678088,
715.6717964,325.569819,63.34817670000001,
715.7392789,314.061759,64.024753,
717.010075,225.5029117,61.9849651,
718.0148156,219.0748638,61.3852488,
728.8318391,332.853015,51.7595674,
730.275744,336.31651,50.8411642,
725.9003633,226.5101955,55.4337977,
732.203234,293.973087,49.3234618,
733.155735,307.356389,48.8937147,
734.649995,296.02513,46.9428845,
738.795467,346.592182,43.7024901,
737.587359,296.632607,44.9427639,
738.10146,292.237801,44.3442328,
742.863753,335.80392800000004,40.2397143,
743.695944,330.98254199999997,39.6834532,
752.06736,409.421931,35.0840368,
755.281954,369.85881,30.7602097,
751.81183,298.589614,33.349124,
754.518066,298.068805,30.7949501,
755.405047,306.33474,30.1491724,
750.148378,221.0568146,35.0941703,
757.077756,315.214757,28.536221,
752.777715,229.7422748,32.5800584,
752.533889,212.987482,33.8858238,
761.458488,317.85471,25.3653621,
762.537853,295.933107,24.1888612,
769.755658,368.923532,18.410924100000003,
767.866927,282.2517075,19.1343012,
702.0379152,388.354757,74.9162455,
701.5289759,319.696036,73.7598759,
705.7787781,331.74956,70.6074709,
711.0045104,396.686663,67.940764,
704.6889891,304.917241,71.0790577,
715.7920369999999,404.306372,64.46153369999999,
702.9271456,235.9600618,72.843988,
711.219262,331.588673,66.530956,
721.9554021,406.58049700000004,59.5665706,
726.4142829,301.03709200000003,54.1612076,
733.285484,334.293539,48.1170643,
727.5374903,219.4639961,53.7755316,
747.066957,417.32516,39.271379,
737.744899,265.18051909999997,44.8125646,
745.696888,322.426521,38.2564589,
753.30601,417.738662,32.9776364,
747.547145,290.094466,36.7055451,
749.968169,319.006393,34.3810031,
755.275484,379.211463,30.7476815,
757.206113,384.32453899999996,29.2726838,
746.442747,214.3908913,38.1022889,
752.352945,253.1927837,32.9019024,
759.448972,345.498504,26.8145293,
766.053186,369.473065,22.0073866,
756.155943,224.7225665,29.0853003,
767.457128,320.615503,20.7186675,
693.9598197,322.10868300000004,79,FAILED
699.6013417,326.86445100000003,75.6811785,
703.0596797000001,380.029923,73.9531511,
705.0109901,377.503325,71.5336322,
697.388867,251.3023966,77.2997116,
702.975572,341.711948,72.3366896,
712.9222691,403.073956,65.83728959999999,
712.7505695,398.386123,65.78728559999999,
706.0861087,310.654967,69.712074,
712.6329029,370.287383,65.9767344,
708.527103,312.848641,67.8911603,
715.7103683,392.200014,63.52869849999999,
713.7457505,299.717554,63.31582040000001,
711.0743979,239.3347754,65.9107145,
728.9456978000001,414.33786399999997,53.501787,
726.2569217,320.894627,53.7257125,
726.4082606,311.444235,54.3147494,
735.150483,405.16918599999997,48.8358367,
728.8464141,327.928403,51.6007876,
728.5424349,322.221833,51.7308061,
738.323955,409.744561,46.0922859,
733.620246,327.105211,47.4576864,
743.410897,415.455141,43.3429572,
726.7813604,211.76799,54.4488818,
742.984588,420.197371,41.9824227,
735.38971,310.145102,45.9476219,
740.1661320000001,373.54655,42.67769,
739.275261,305.221769,44.2229298,
732.587229,214.8886822,49.1686406,
740.422056,316.230647,42.1415173,
748.982299,419.50966500000004,36.328866,
740.1818949999999,296.457007,42.209065,
737.045123,215.2884927,46.7808645,
742.959322,297.359878,40.1440188,
741.920602,215.6190069,41.8490099,
756.175426,411.06289400000003,29.9723157,
741.641786,210.1417203,41.8316465,
745.0821,235.0514602,39.677643,
750.852927,328.256569,33.1919956,
757.2501110000001,392.04607,30.139721,
751.227069,322.878638,32.9964861,
758.457595,396.452669,28.416528,
748.161698,240.247609,36.2399852,
754.078394,322.764567,30.7123065,
758.840625,391.59880599999997,27.101394,
758.411957,322.595993,27.0217185,
754.941176,256.3638276,30.5858544,
762.539628,352.394748,24.2603284,
768.562702,376.8664,19.253629699999998,
761.147908,274.86429269999996,24.6041426,
764.553806,300.813113,22.8482151,
762.677216,282.9016705,23.3867747,
765.845652,284.0924452,21.4941397,
769.390359,287.75266799999997,18.5528824,
696.1752819,324.725683,77.1920186,
701.8132353999999,324.97035800000003,73.0272804,
702.5605311,335.470832,71.5123843,
708.9784287,390.092984,68.1217143,
705.2222426,295.25160700000004,69.9046576,
708.4760834,334.947668,67.5645567,
709.0821634,305.23800900000003,67.12914889999999,
717.9607056,390.293001,60.4711296,
709.407402,233.9336537,66.7400868,
722.4271413,391.84573,57.4626141,
718.3926838,328.52077399999996,59.8559038,
712.2495872,231.2131657,64.8028942,
712.722302,237.8854015,64.0231066,
715.1853239,230.0087316,62.7765839,
720.7672383,298.348719,57.7025425,
723.3323494,312.21004,56.3739474,
725.3083446,327.178278,54.5113835,
722.5872454,296.304778,56.2934196,
734.25774,410.629168,49.7696914,
721.2305461,225.7111893,57.9229147,
730.871225,318.198206,51.2840411,
729.607598,304.88974,50.95087,
723.9739677,215.0100092,56.5684255,
732.172418,320.858044,48.3848811,
729.826072,220.8524979,51.9920867,
731.998774,256.6646725,48.4418058,
733.8176530000001,263.7100147,46.7784329,
740.334433,323.22533,41.4262153,
737.848062,287.7409249,43.4005293,
741.267461,305.252495,41.1946286,
745.036846,306.416314,37.5171579,
754.272581,397.743252,31.802565799999996,
744.818142,284.9770967,37.4317297,
747.464459,301.827025,36.0211439,
745.7532209999999,219.4861841,38.0280962,
748.8077940000001,254.1537502,34.539161,
751.509279,235.5549894,34.113542100000004,
761.3917759999999,358.57152199999996,24.333952,
752.630347,226.5719255,31.0337544,
764.994146,356.071846,20.6503522,
762.859051,245.8187754,22.9862407,
764.3558350000001,249.5248204,21.0049269,
688.0782495,293.855101,79,FAILED
696.3253648,337.419269,77.0096643,
695.8684109,331.06417799999997,76.867728,
716.1951851,325.580779,61.1978501,
713.355308,225.3351949,63.840550199999996,
715.1872759,242.1569208,61.8383197,
733.426211,416.17699200000004,49.585904,
719.9930551,230.9780135,59.0455588,
724.3189979,221.0420736,55.1027702,
742.2151690000001,414.090201,41.8909548,
733.86924,301.203354,46.8542768,
735.067392,284.9458269,45.4648471,
749.929497,403.610903,35.3425504,
735.7521389999999,209.7877468,46.7701553,
748.686226,383.14343299999996,35.4809349,
742.597919,219.9298844,40.6374864,
760.146177,395.17379700000004,25.0478489,
763.731092,394.760809,23.8550387,
755.255773,274.71145260000003,28.715188,
762.118352,325.97757,23.1775678,
767.613609,387.455295,19.6111524,
765.352358,328.94793500000003,20.1184474,
766.239212,296.715086,19.909709499999998,
766.317946,254.3586365,19.6674248,
689.4042902,301.756872,79,FAILED
700.1926954,376.159445,74.5660377,
701.7537816,312.171784,72.3002538,
703.5409521,322.369237,70.8221016,
698.5772803,238.0057503,75.0249337,
709.638246,384.366442,66.89917679999999,
702.4968383,247.3266665,71.8100672,
706.8510418,298.273298,68.0311521,
715.4687411,400.710519,62.4246409,
703.4174162,234.30090810000002,70.9277864,
708.0072742,229.1155396,67.4588555,
718.2456786,307.85278700000003,59.01841,
725.5154195,393.839609,54.2065179,
719.9380161,311.421877,57.565158,
718.5771444,220.810042,59.8133435,
723.7088053,306.458042,54.7882497,
720.20117,216.9349159,58.4461305,
726.6348428,308.206617,52.5119864,
728.355182,318.005804,51.5585701,
738.7140440000001,417.50624400000004,45.7759975,
726.2525924,229.2136027,53.3262848,
732.890544,318.026138,46.8515075,
728.0725092,226.0739084,52.1684865,
735.824831,326.037672,44.8394072,
736.650301,319.398126,44.5639735,
738.130202,335.916158,42.4072888,
729.82334,210.4293937,50.6883099,
743.9323420000001,299.964449,37.8537726,
752.995921,355.936738,30.8532589,
756.805066,399.774006,29.149459,
746.692002,224.0072359,36.1742508,
747.3788059999999,212.8090464,35.2014626,
759.214549,364.64581499999997,24.8532539,
762.572094,347.344399,22.2959339,
687.9382123,306.71310800000003,79,FAILED
692.692419,344.584013,79,FAILED
693.741504,305.201745,78.0722611,
699.0361789,342.54418,74.227808,
697.5271964,309.02374199999997,75.6297258,
699.0017142,300.32439999999997,73.8196236,
700.1792299,247.7758194,73.6092814,
713.1876938,398.820551,63.94895819999999,
709.9997253,325.726697,65.5260965,
704.5110187,244.6743279,69.5893698,
711.5189723,312.205687,64.4170927,
713.567872,310.860297,62.7441804,
718.2554051,334.376266,58.8731997,
718.3437544,324.73150699999997,58.3020411,
720.8584107,319.885402,56.7706628,
721.153334,232.3293266,57.0899244,
727.1966695,300.928788,51.9936019,
735.218507,405.25615600000003,46.8822876,
729.681725,299.325407,49.5559043,
730.171786,304.762875,48.5679906,
727.7087473,212.710908,52.4137514,
738.120345,350.306309,42.3863391,
737.66868,207.2763594,43.9972625,
738.138905,213.6269435,44.0577492,
750.2022010000001,247.8977183,32.7346315,
749.976651,222.8732255,32.136919500000005,
754.755869,250.7940151,29.1241948,
757.285324,271.4050037,25.5859692,
761.082983,258.8798116,23.318504,
763.721332,287.48544300000003,21.5241817,
761.277924,240.9139472,23.0311601,
686.622065,300.157818,79,FAILED
689.8533442,289.53309,79,FAILED
696.2195713,320.40365399999996,76.2758567,
692.4834054,245.2072094,78.3371178,
704.7208869,389.493157,69.8751643,
701.8242636,318.37669600000004,71.8487073,
696.7602182,249.6286298,75.3264877,
705.4370276,323.97589300000004,69.0386789,
707.0327014,328.776144,67.83759599999999,
711.5676367,388.184838,65.34600900000001,
712.1332042,392.168252,64.6455603,
711.1997019,320.664453,64.3975168,
710.3931078,305.846818,64.47879979999999,
710.0773322,298.327591,64.5878492,
706.7003393,236.9365367,68.0817982,
715.9270977,319.208299,60.8234944,
720.4458162,335.015372,56.5829142,
715.1766984,237.2331989,61.6020585,
729.644848,415.816397,51.6549596,
722.5260938,333.07099500000004,55.0552043,
716.9937486,239.8875854,59.5130669,
729.856816,325.274185,48.7160232,
733.618401,334.60024999999996,45.6991654,
734.8400369999999,304.476278,44.9664728,
736.524515,309.551585,44.2804844,
740.44129,348.30404699999997,39.7738363,
746.869801,323.274907,35.0134267,
742.076557,245.4819964,39.5256148,
745.033374,239.5293877,37.8540716,
757.4707060000001,399.04215899999997,26.4945903,
745.472502,205.7411688,37.1928259,
764.359155,390.049999,21.4661455,
756.037959,259.9630697,26.3594596,
759.270784,300.820568,24.0550211,
759.432727,246.5676017,24.4044199,
761.4864,278.7364549,22.0072746,
764.985054,271.6118939,20.0045332,
684.0418953,286.2813501,79,FAILED
685.088098,291.433177,79,FAILED
685.4079239,277.6974984,79,FAILED
690.5303755,335.626266,79,FAILED
688.6510775,296.36752,79,FAILED
691.674166,300.130742,79,FAILED
696.3596045,302.218855,75.2981861,
703.3450809999999,393.485945,70.9053611,
699.0527104,295.500768,73.0422906,
701.7612717,327.09605,71.1497196,
702.7444821,298.598197,70.4851866,
714.9364451,406.089073,62.4426592,
711.5645912,304.56271200000003,62.9407936,
715.2306216,316.971454,62.0987817,
714.4506478,306.70237199999997,61.3085646,
722.5087819,395.248581,56.0498318,
724.9907865,409.67810399999996,54.0871592,
719.7543666,328.66609700000004,57.4181378,
721.6656498,325.456928,55.6789606,
726.4595423,397.31944799999997,52.5400169,
721.0713820999999,302.07805,55.4709013,
725.4145917,294.844718,51.7224791,
734.538598,375.71925799999997,45.4394977,
731.8327850000001,259.29155860000003,47.0264332,
746.722648,412.016967,36.4748191,
743.481422,326.824258,37.6237348,
751.031968,412.96123,33.207127,
748.614163,361.19467399999996,33.4716495,
752.7921269999999,373.20377099999996,30.036654,
750.337029,337.332474,30.9565087,
754.68651,368.17949999999996,28.0443914,
754.294045,322.076769,28.0926869,
749.610674,241.1852681,32.387288999999996,
748.300569,216.4803785,33.5455033,
763.716183,384.460589,21.0956098,
757.667715,294.89525000000003,24.9682583,
764.669619,372.408843,20.2595005,
765.477033,381.212765,19.3365983,
764.314052,324.25778,20.0498883,
684.0855235,295.688193,79,FAILED
693.4540003,312.461781,77.6722248,
698.7336763,335.98308099999997,73.2213793,
696.5186313,293.287191,74.7420665,
700.3243897,329.776157,72.6557747,
698.589082,306.474463,73.5897671,
698.3326824,242.4926414,74.005351,
706.1276904,319.17348300000003,67.8820643,
711.0798002,335.439036,62.8106813,
713.1905332,331.011098,62.1919176,
718.4258603,388.42544,58.2458075,
721.7746811,412.04121299999997,57.0451018,
716.7270473,321.161884,59.2790956,
715.5918083,300.849925,59.7752921,
718.1904102,302.959369,57.6904331,
727.5474267,405.035211,52.068899,
731.552225,400.91447900000003,48.9127654,
721.1768622,226.5350195,55.9792079,
728.6191136,330.866393,49.3424283,
728.2354041,308.949158,49.3019418,
738.007025,414.54636600000003,43.2363638,
732.182606,322.602594,46.5454452,
742.669215,419.16851099999997,39.3956582,
744.415377,391.04951600000004,38.2507596,
734.225485,228.377333,46.4385498,
747.165511,399.843984,35.925598199999996,
754.366024,405.92897800000003,30.3916176,
741.771135,224.7758872,39.514675,
750.561512,301.427313,30.8877861,
756.3553469999999,387.375747,27.0996033,
748.831271,231.7812389,33.1305283,
765.317494,351.61687,19.0707038,
766.490757,359.673792,18.2478831,
767.380945,372.720031,17.3034375,
762.1302029999999,293.851595,21.3782978,
690.0666425,311.527376,79,FAILED
700.8794548,384.34936500000003,72.6423438,
693.6636519,301.483707,76.8394199,
706.9194692,396.816435,67.7954858,
698.8869371,237.0771111,73.0024299,
705.3743866,307.622248,67.9123611,
711.9835955,325.96179900000004,63.2575209,
714.7644092,334.97466,60.2213104,
722.3733052,297.544932,54.0748868,
724.6068676,329.712036,52.3700413,
724.4632184,324.291328,52.3072258,
728.1061778,319.121014,49.31964,
737.925407,419.753712,43.0690519,
736.137003,376.253893,43.5148621,
738.602395,331.461022,40.768143,
747.717555,417.829487,33.9545197,
742.546088,316.276672,37.1169154,
740.022312,263.8275946,39.6063441,
749.266965,305.628245,31.917337000000003,
748.346197,226.3519211,33.446485100000004,
754.620756,300.967414,28.7385694,
755.14496,253.6324023,27.1237416,
761.908147,360.171452,21.1395828,
763.089099,338.799058,21.6180859,
758.1016549999999,252.628399,24.9040725,
762.117793,255.810544,21.1235812,
688.6584948,328.751613,79,FAILED
685.929489,287.0180942,79,FAILED
691.6999381,328.15266299999996,78.728434,
693.9125922000001,250.045808,76.7836347,
704.6237486,334.74822,68.5712959,
703.3485855,238.4241059,69.5275477,
706.8698376,300.894758,65.78333090000001,
704.6673309,241.6433295,68.266477,
708.144572,267.4499485,65.062106,
722.5562436,413.356591,55.0840017,
734.575947,330.96525299999996,43.7777439,
736.399116,307.54559,42.2957969,
739.855595,320.85157000000004,38.8924249,
743.072507,321.385512,36.4860739,
737.7631,230.6565657,42.541587,
738.606853,226.0386272,41.6499385,
738.873263,218.2496131,41.7022677,
755.190813,407.920546,28.041847,
747.308213,301.903485,33.584640300000004,
753.610584,394.52455599999996,28.9420521,
754.237573,388.56336899999997,28.7630888,
749.364274,319.349824,31.2233491,
748.407878,292.929305,32.2052768,
743.434634,215.3587186,36.8968811,
757.521806,349.101743,25.3039308,
750.396698,252.3366847,30.6092668,
760.517185,344.07908699999996,22.3298251,
755.860325,265.6546694,25.6119532,
688.2424506,306.49543,79,FAILED
703.6014476,385.440633,69.2904696,
705.4246107,401.049416,67.2755854,
694.3276259,239.2680064,75.4886081,
706.8869704,393.125983,66.7587863,
701.1069731,312.757517,70.0349273,
706.0025265,324.64581899999996,66.5538354,
707.4519975000001,312.09869000000003,65.85137040000001,
708.7320888,330.658584,64.6647307,
715.897634,408.676686,59.988308,
713.321479,301.01205500000003,61.1748656,
718.7808527,317.59868,58.2547405,
715.2137613,233.1169948,59.835168,
722.1876317,311.83856000000003,54.3925679,
721.6650486999999,229.4164213,54.3082148,
727.2950399,293.144444,49.6898256,
724.6320958,223.0882784,52.5993687,
729.669733,296.955395,47.6441561,
743.492931,413.568153,37.7904567,
734.857786,242.2882602,43.5111617,
751.631579,414.83022500000004,30.4722904,
740.316696,249.4851018,39.5538029,
744.813036,292.953817,34.5084558,
756.914446,404.250591,26.3915041,
741.498388,204.0266782,38.2890954,
742.805523,223.4355643,37.296254,
757.279527,324.242232,24.6169394,
754.0043900000001,226.850248,27.0385971,
691.283966,339.90892099999996,78.3152319,
689.8450817,309.17615,78.8296368,
687.3060871,284.8244585,79,FAILED
689.897201,294.273287,78.5901463,
696.247818,329.98029199999996,73.9232162,
702.7568556,306.321984,69.5987712,
713.9480492,385.426694,60.0599064,
710.3168949,320.382345,62.4607341,
704.7545048,231.57535910000001,67.9116073,
716.8965135,410.43347700000004,58.4767645,
723.1952474,404.239233,52.6950315,
731.690971,220.2594305,47.1361116,
749.610639,418.202837,31.6273025,
736.287716,215.0682546,42.5943215,
742.716121,271.6000934,36.3035113,
739.525846,230.5953585,39.9727938,
740.687059,235.1435519,38.7755522,
746.963311,297.157942,32.9402558,
754.986224,382.866901,26.8256979,
744.775096,219.4931126,34.9269258,
749.829457,247.4250077,30.3073874,
751.528664,260.4802506,29.3596564,
760.9122560000001,328.30681500000003,21.2157918,
764.380082,364.624937,19.0733148,
757.339735,269.5306247,23.2952635,
756.452503,233.38716060000002,24.46432,
761.716857,261.410231,21.1970693,
691.4823392,344.433129,77.0555432,
704.5050542,392.91330600000003,68.4168295,
701.0965595,339.94140500000003,70.1137582,
701.9943234,326.667624,69.0973406,
698.0304567000001,244.7292026,71.9549572,
702.5875777,302.004152,68.7479284,
699.225776,235.7652097,71.4942044,
710.804259,246.0843579,61.892065,
727.5107843,415.628924,49.7515159,
722.9551699,305.019962,52.7573592,
727.2741386,336.237054,48.6497714,
731.598679,299.847991,45.6226307,
738.037074,382.220905,41.1041019,
737.123971,344.34604,40.0826473,
731.071005,261.190972,45.3616626,
737.45317,303.774082,40.9094671,
740.117999,304.297199,38.8219821,
750.569996,409.161752,32.3925481,
751.246373,399.15947800000004,31.023113800000004,
737.418233,205.6566656,40.9080307,
741.037909,242.566475,37.9374162,
750.592182,361.498624,28.8275504,
752.912726,379.438046,28.017293,
742.7343,210.0753685,36.3710988,
750.506454,297.32687599999997,30.5000567,
747.511472,262.327026,32.2199129,
756.688038,390.76206,25.1317918,
752.104955,305.640083,28.3521101,
753.57652,316.711493,26.8736515,
760.576459,352.898675,20.9626578,
757.15734,237.5614434,23.4502771,
683.6247875,282.7794492,79,FAILED
693.7631365,323.90168700000004,75.4653018,
691.659128,292.150226,76.2232404,
698.4950589,309.421555,71.389245,
704.6235111999999,389.173925,67.5237507,
701.2116371,332.124299,69.5560611,
707.711977,380.82904199999996,65.2285717,
698.1473468,250.3103286,71.9243147,
715.3356417,400.547143,60.6396899,
718.5092573,405.36208999999997,57.1609047,
707.3218763,246.07058130000001,63.667472599999996,
712.9088074,295.968784,59.4326631,
710.7613282,226.4089107,61.6889424,
713.0574269,221.8874497,60.6834749,
716.3777241,235.7694479,57.6893826,
725.0500961,334.54578300000003,50.595313,
718.2800168,216.82393580000002,56.1077374,
729.732673,329.472686,46.7215988,
738.669515,419.61366899999996,41.5249045,
723.7661227,217.7104448,52.2292374,
731.377978,326.775871,44.8580043,
730.618471,312.83601899999996,45.6350449,
734.257216,316.676907,43.4772714,
728.0031888,213.4364787,48.7828158,
738.016788,325.96916,39.5398854,
744.653645,402.740967,35.4541744,
727.7621469000001,201.0054643,45.8757536,
731.844993,209.0547652,45.472434,
737.285218,282.7704933,39.6382195,
747.831775,401.267416,33.268515300000004,
738.146871,213.1996444,40.9720161,
740.147215,215.5930957,39.1572006,
740.910654,229.2500592,37.8369224,
752.521626,383.90227600000003,28.950168,
750.853155,326.959116,29.0305337,
749.222249,238.044154,30.0886831,
749.072416,233.536936,30.4677676,
757.976958,369.916387,22.6764619,
757.187373,291.298729,22.9756941,
762.476973,333.494982,19.6817561,
758.949178,284.4534737,21.71254,
763.298434,345.208056,18.1991784,
687.9463735,320.864098,79,FAILED
688.8362395,332.20248000000004,78.7636408,
697.5310428,318.71633399999996,72.5134202,
696.2142109,290.229323,72.8968203,
706.9683288,402.133821,66.3590619,
707.8995811,393.479879,65.00163710000001,
707.1790151,384.763799,64.958148,
700.1665541,242.5249595,69.8211,
709.9986114,297.31784600000003,61.4369032,
706.6721463,230.90756199999998,64.8200836,
722.0622867,398.034422,53.7023902,
710.1877638,240.9106584,61.8993135,
716.4750279,298.014069,56.7794422,
721.5190653,333.22263399999997,52.8138998,
722.8357345,300.082528,51.81023,
725.789757,325.275719,49.7774834,
731.415484,400.72745299999997,46.5900093,
741.707083,388.001301,38.8307255,
729.987742,215.3048237,47.2219665,
734.406358,278.344904,41.907149,
740.009155,330.885244,37.3671387,
739.089025,254.64201250000002,38.3747498,
752.146921,410.612914,29.1737007,
751.251113,352.827746,28.1946717,
754.314266,328.43786,26.1307854,
759.141404,390.243294,21.9960477,
749.651345,229.2245065,29.1624747,
750.395642,222.2007953,28.9553739,
760.7482170000001,343.898216,20.4575354,
680.6781221,276.4606731,79,FAILED
680.9682422,270.6078169,79,FAILED
690.8982558,322.666959,77.6669324,
698.5976662,376.256241,72.0618705,
700.1377375,378.15339800000004,69.834841,
695.0419006,246.0616411,73.8747757,
706.5976896,388.680465,66.1375897,
703.6358947,312.807622,67.1011651,
704.9132253,308.256789,66.0235194,
701.3504293999999,233.4427273,68.8326046,
703.8448496999999,240.47781700000002,66.7853283,
715.7260874,395.527218,57.5495019,
711.7109001,326.95620299999996,60.351526,
705.5276842,236.6451652,65.0227115,
711.165661,236.07380899999998,61.0112568,
716.1686797,307.48528799999997,57.147944,
716.1347185,230.8216161,57.1115281,
733.188723,322.2167,42.7610406,
740.602384,407.685058,37.8670509,
734.272423,303.50303099999996,42.8460908,
742.471634,356.558493,34.9197877,
733.46977,219.2395874,44.124494,
739.676101,267.2978585,37.3196082,
742.525739,318.56795999999997,34.5022892,
739.898421,220.8577928,38.5609964,
749.557592,293.699751,29.394731,
755.898748,260.0656574,23.1774763,
757.415044,274.0861354,21.6194902,
680.2740757,282.72547810000003,79,FAILED
694.3108465,337.56181000000004,73.6796558,
697.0648836,340.666192,72.0043719,
698.4477687,320.82419300000004,70.8766446,
704.0217445,383.873156,66.48523990000001,
694.8848806,236.9452648,73.6341299,
709.5256134,402.28362300000003,63.492574899999994,
703.1262315,304.140936,66.7801559,
705.0102459,319.330151,65.3315926,
709.198826,312.851878,62.2741445,
710.4226841,320.01479800000004,60.6963851,
713.1594611,326.891193,58.8507766,
720.5313013,402.602377,54.5133846,
712.9367601,305.562225,59.2750642,
715.2290565,330.305971,57.5781535,
718.2829768,306.659805,55.2682885,
716.3641897,222.49765630000002,57.0374313,
723.6088795000001,305.89639,50.2729033,
726.1896137,317.56008399999996,48.2763786,
728.2347153000001,319.802551,46.8826364,
728.868472,304.705819,46.7636453,
731.333257,335.804539,43.8052259,
729.121531,294.090079,45.5510875,
734.12314,326.69363599999997,41.669946,
728.2157428,225.4436431,47.526873,
742.982488,409.212939,36.6750891,
743.585534,419.208441,34.3181662,
746.784496,405.240437,33.398822100000004,
737.941739,274.2944825,38.438892,
735.177105,210.1517997,41.9465889,
746.662939,228.17359729999998,31.167884900000004,
751.758367,258.2681349,27.0319807,
750.662558,238.6273061,27.3314716,
762.823841,375.852884,18.0493678,
686.7660231,326.40812800000003,79,FAILED
692.2691977,334.948957,75.2559624,
690.1023381,297.150737,76.6459052,
692.1794337,310.556382,76.1940995,
695.0771354999999,318.767497,74.3046155,
694.4466879,308.83680400000003,74.5584656,
694.729813,323.944935,73.2824655,
693.3911408,242.5233101,74.4393112,
697.3970022999999,301.687065,70.7998564,
695.5104508,241.0932656,72.4711577,
700.2850456,310.674083,68.3899434,
702.5459242,334.97197700000004,66.5129145,
710.8650743000001,405.391459,61.1016115,
708.305546,330.034401,62.531458,
713.3789677,389.992786,59.0218369,
702.9411008,235.7702823,67.2948034,
707.486899,226.7441706,63.08740950000001,
714.5817068,313.53468399999997,57.9313105,
724.8248345,408.626178,51.000237,
716.8787197,313.24695199999996,55.9762341,
723.7485514,320.831763,50.1737551,
724.565835,302.21498099999997,49.0113887,
720.2744225,221.0364576,53.5619799,
729.318563,309.296384,46.3864307,
723.2814985,213.7290819,51.5842845,
729.222471,316.963292,45.0538643,
730.643059,285.4107741,43.4084694,
727.6315950000001,209.0031948,48.1910732,
744.283318,408.570386,34.3199886,
732.234934,213.387126,43.8144754,
744.896491,370.063914,32.9820462,
744.7149,363.94012299999997,32.9318054,
738.473822,259.9668134,37.4158403,
737.35908,207.0147825,38.9444651,
744.144902,284.2693544,32.5856072,
753.192798,394.290531,26.3016285,
752.262164,301.98073,26.5327558,
750.792376,232.7380211,26.7647493,
755.948567,250.235631,22.7462963,
756.505276,242.95531119999998,22.7877694,
759.347976,250.5204362,20.9173015,
676.7665823,269.3069064,79,FAILED
684.0554839,281.3148137,79,FAILED
690.5583746,339.737122,75.9341978,
701.8521615,330.207621,67.2638759,
708.4844751,395.235782,63.383999200000005,
707.0223955,378.291521,63.4794218,
708.1360105,386.735636,63.10800090000001,
702.5744556,298.208924,66.7082881,
699.4379732,238.0369683,69.45064,
706.9978336,301.972076,63.0332609,
709.8597095,307.90631,61.0945354,
712.1421812,320.398755,59.0855013,
712.315839,310.922675,59.3394791,
713.1327704,334.820698,58.1276791,
723.6025274,413.322363,52.0041493,
717.7355869,331.872926,54.5953728,
717.9397739999999,321.598474,54.9152595,
718.9324366,336.947729,53.6326016,
723.7387980999999,393.45926099999997,51.0078887,
724.6064417,398.48267799999996,50.6429602,
719.6072176,308.850507,53.361562,
729.1127309999999,405.45457,47.292195,
717.1412568,230.9299748,55.2721074,
718.9253767,236.2330597,53.2664425,
731.207901,307.570459,44.309859,
733.385614,333.562419,41.8931702,
742.858289,390.44804,36.0418752,
734.793467,275.56078279999997,40.4935251,
746.521148,324.689399,30.9541425,
755.678688,395.568514,24.1276314,
743.518905,225.14830419999998,34.0284986,
753.619554,385.898666,24.8171922,
749.405965,267.614967,28.6327634,
754.81316,332.96137899999997,24.7009254,
757.741541,358.050316,22.3860289,
751.626354,243.0774718,26.2016146,
760.013062,348.65219,19.8084215,
753.868664,247.6207539,25.0509828,
763.043277,355.804252,17.0530003,
687.1057184,343.014599,78.96518,
686.2030353,301.29443100000003,79,FAILED
696.4611881,313.713071,71.0067922,
701.8613573,375.90432999999996,67.0241914,
699.9874712,320.32557099999997,68.7797547,
704.7196481,376.665696,65.1062226,
701.0507592,324.38363000000004,67.3736516,
706.5779568,390.09005,63.9599262,
706.507101,324.19298000000003,63.4043755,
712.3090541,400.660524,59.0772177,
715.2292816,405.574128,58.6853579,
706.7129112,308.033726,63.2021987,
716.0078942,389.574243,56.5979846,
717.4886643,398.488719,55.4352548,
714.8744938,321.929114,56.3565629,
716.3529573,326.690061,55.239776,
717.9906647,297.46741099999997,53.9528009,
723.8322545,312.19725800000003,50.3771116,
725.948394,327.242295,47.7151993,
729.613211,341.663194,44.5104247,
731.746595,299.58789,44.295384,
729.82376,223.3064441,45.4465309,
739.333195,324.770284,36.6104169,
732.506784,224.858089,43.5228902,
750.337225,405.44057599999996,29.4195368,
738.8796580000001,246.6734578,37.3111627,
738.276885,210.7545681,38.3954857,
752.704979,400.35652500000003,26.5744854,
744.409236,289.94415,32.4602498,
739.991789,219.2720784,36.4781118,
750.944378,375.94158600000003,26.8312805,
748.509417,314.57794,29.3909169,
745.553484,237.970563,31.84429,
752.250937,320.69557499999996,25.66398,
756.218429,382.984018,22.6328236,
746.221597,215.4720907,31.906671599999996,
748.040875,242.3718443,29.3631832,
752.720724,275.4277711,25.3978241,
750.8795230000001,250.07795099999998,26.3952476,
755.806567,274.6230379,23.6089861,
756.035464,254.74995619999999,22.2100059,
758.919778,277.6971098,19.1193668,
681.071009,300.540105,79,FAILED
685.6367522,346.704699,79,FAILED
684.1680279,302.856901,79,FAILED
686.9673144,304.386282,78.1222212,
691.4986246,330.005965,75.5911577,
697.1830026,392.39930300000003,70.8108055,
700.1723723,383.2673,68.5443891,
694.5765113,298.236582,72.5492729,
706.0353117,333.81802600000003,63.9033101,
703.8970209,268.9261182,65.8620626,
717.6395324,392.91006500000003,55.124225,
713.1295686999999,302.52101500000003,57.7737049,
711.2088184,240.3487858,59.3598521,
725.5262437,403.48362499999996,49.812573,
718.7986328,326.473007,53.1434688,
711.972836,226.38784420000002,58.5089379,
711.7920283,219.7989852,58.6357799,
713.5310057,240.3617333,57.2008379,
718.9814097999999,303.555278,53.2936552,
713.4971574,225.6332896,56.8440153,
733.218207,419.355976,43.5190425,
722.7222092,297.53324399999997,49.8787411,
729.719755,379.20773399999996,44.9249404,
724.6595442,296.331329,48.2524697,
725.5102686,308.7825,47.6294173,
722.4231043,235.0660119,50.7099687,
728.5901089,330.985563,44.6945288,
729.384316,322.15076,44.4911527,
724.8100059,224.6927044,48.8101343,
741.019229,417.11881,37.320007,
741.561108,415.71759,35.2863756,
735.665796,331.159401,39.5580575,
730.311425,217.2449897,44.9871164,
744.746294,416.87118799999996,32.1345459,
743.714501,393.89241000000004,33.6177943,
746.495897,409.950585,31.5927296,
746.160128,414.985141,30.7807996,
734.344745,235.5739686,41.3102072,
740.202534,301.178941,36.0310974,
741.464257,324.473135,34.578045,
738.855483,251.4359729,36.5272548,
749.271472,319.471586,27.7235282,
741.518402,215.7322086,34.6039267,
752.893001,378.13910799999996,24.8992728,
749.20712,277.6487858,28.7996437,
750.375973,254.039904,27.1882242,
753.064113,256.0680546,24.2846034,
752.7982509999999,236.86566299999998,24.7838391,
682.0544099,292.329223,79,FAILED
684.9278275,331.98652400000003,79,FAILED
686.6245677,287.3328533,78.0066447,
699.4125491,375.681484,68.2011585,
697.0808011,335.814117,70.1034842,
693.6616213,249.30661320000002,72.2167257,
707.6178359,391.633149,61.9930005,
709.3170145,399.093127,61.896163,
698.4148907,233.6101146,69.6674318,
705.9781547,318.984082,63.115335,
708.4031815,325.053219,61.2602657,
708.6663765,302.686663,60.4955882,
709.8506894,232.2493441,59.81368,
716.8157433,223.3261108,54.8615617,
739.53786,383.99744599999997,37.6344561,
728.1466539,209.4287114,46.619379,
741.58888,386.05616699999996,36.3286928,
731.341156,207.544305,43.5760978,
734.815415,229.59780039999998,40.8703918,
735.789436,220.4028603,39.6492825,
751.755972,388.395814,26.55277,
750.739676,370.698838,26.7124307,
744.377385,257.3774634,31.968800799999997,
747.698848,300.868617,29.185915,
746.552723,223.4178329,30.1957968,
749.309328,246.0644365,27.5426033,
757.932955,333.623585,21.7067177,
758.990301,339.62890100000004,18.7503315,
761.3220249999999,370.664538,17.5348747,
754.487674,264.9707577,23.0395545,
753.577525,228.07384059999998,24.3795744,
678.2462768,273.3435543,79,FAILED
679.8944579,288.1137743,79,FAILED
687.8811457,335.22900500000003,76.9380072,
688.190727,308.486036,76.4435521,
693.0204829,309.34896100000003,72.8337772,
700.4644158,387.80753300000003,68.1043028,
691.3302245,248.0443812,74.1087614,
697.1682495,324.887392,69.509271,
700.3436808,380.49307699999997,67.2734687,
695.8649403,296.244278,70.8633575,
697.9050889,305.780151,69.603323,
695.8596295,249.4237206,70.450507,
695.9934454,239.38485409999998,70.4882166,
696.7197242,253.8163246,69.8828161,
702.4318704,329.622302,65.3261718,
699.0654723,245.6696048,68.0797014,
712.7570286,386.10130300000003,57.7076224,
726.2325064,409.199559,48.0911142,
720.756178,327.08448899999996,51.3248243,
724.5799501,322.505039,47.8120748,
724.8945980999999,331.99644,47.4582044,
732.920939,412.598701,42.5051106,
730.287172,374.200265,43.615692,
720.4539433,221.8780699,51.5536721,
727.7185512,303.307871,45.2287027,
739.6315950000001,390.952085,37.0337023,
733.371124,308.331914,40.8130069,
734.832173,304.222246,39.3753441,
732.780473,220.9621636,41.8946828,
737.647429,278.5501537,36.7686115,
742.198303,321.497208,32.7039104,
736.867975,227.0040024,38.7957643,
739.157912,256.3757816,35.8186781,
742.1893680000001,299.612113,33.300986300000005,
741.077819,265.1887819,34.482449599999995,
755.991994,395.712993,21.7967547,
747.783352,256.7754964,29.0395669,
751.388047,305.455927,25.1291474,
756.185523,346.803227,21.8486027,
759.204647,387.505132,20.1294559,
758.697978,326.975982,19.5954883,
685.0729273,337.629378,79,FAILED
686.9301632,325.871955,77.8495988,
689.1500706,324.786497,75.8857367,
692.8771576,254.95708969999998,73.1129235,
702.9482917,390.99262,65.0697643,
694.827398,235.1629765,71.6533823,
701.2556352,320.732667,66.11822190000001,
705.8957488,382.75678500000004,62.6590113,
699.2264704,241.32422259999998,67.79463630000001,
707.8194222,285.3812958,60.4083644,
720.0522106,409.727466,53.8279417,
714.3781317,303.123747,55.7081586,
715.3680526,318.07063800000003,55.1307861,
711.0724277,245.2436767,58.3823554,
711.2389816,232.0262651,57.8801302,
722.1948013,328.89167499999996,49.1272623,
726.1096591,335.75774,45.7241141,
733.553485,419.070651,41.4135158,
725.7794453,298.263799,46.5250238,
727.214751,287.6705051,44.5773725,
730.221885,328.647243,42.6168574,
725.2306857,217.5523042,47.0049539,
734.5256420000001,334.741081,39.1707754,
731.401103,280.716848,41.9946306,
738.789957,331.095525,34.872172500000005,
746.609211,401.259325,30.2036999,
735.342413,215.3272151,39.1433739,
749.257384,396.322235,28.0860497,
747.899137,375.778213,28.6020481,
737.982348,214.8019981,36.782628,
744.313225,231.8763389,31.8899732,
754.050286,388.271997,22.75807,
753.492853,350.64502100000004,23.6443314,
750.99685,324.503531,24.6831749,
748.655531,271.6023708,27.1505177,
757.158998,382.736857,19.9528408,
752.774677,294.903993,24.2376002,
758.483027,373.612236,19.5393419,
755.028115,294.71310800000003,21.1693154,
756.15256,279.4721528,21.6426329,
678.766177,293.291228,79,FAILED
682.7996563,325.46264199999996,79,FAILED
682.9317555,307.162169,79,FAILED
692.4847359,303.679806,74.2647518,
690.8667126,305.283429,74.0217326,
690.2230458,296.635743,74.1670655,
694.0565001,329.096834,71.8328991,
693.2762245,304.199418,71.8904218,
690.0591789,239.9422594,75.8399562,
702.9420873,395.39668800000004,65.78197080000001,
698.6750628,334.32081,67.913583,
705.6373814,398.76635899999997,63.58606069999999,
698.4471482,300.08194000000003,67.958049,
703.282862,310.35954200000003,63.97386470000001,
706.3981264,336.57162400000004,62.0473906,
707.6594216999999,331.00793999999996,60.7887945,
701.479141,230.9451492,65.4722983,
709.5552443,329.732328,58.9667903,
712.0530606,319.010675,57.1066901,
713.5895273,296.548773,55.4747382,
715.7598686,313.036634,54.1441957,
723.1247533,395.035533,48.6929517,
717.2488098,225.8091153,53.4850005,
726.4902759,326.218711,45.3676635,
730.244415,378.576374,42.9062908,
721.9039079,214.4751512,49.572077,
729.236543,318.587763,42.8634787,
741.190774,413.227775,33.900188799999995,
746.374984,395.705039,30.1317188,
738.980828,294.395978,34.6394053,
736.991961,232.2045346,37.311244,
739.277353,223.8561937,36.0284151,
738.6738359999999,210.2581532,36.3864066,
754.428465,377.833788,22.5383206,
752.492267,320.61841400000003,23.2228408,
757.325206,363.585463,20.8086751,
759.939687,382.804911,18.2753281,
753.888749,286.4774991,22.5532759,
761.588591,365.57102299999997,16.2613968,
676.4319721,280.1733017,79,FAILED
682.1428001,295.267857,79,FAILED
680.834928,287.1556493,79,FAILED
684.6972193,299.27498,78.3417967,
688.6056799,304.326098,74.882075,
690.8382202,326.365705,73.9219989,
695.7204584,329.529583,69.5109103,
703.2396297,386.552784,64.5046336,
704.5984745,374.853242,62.7718424,
701.2153426,312.993904,65.2296911,
702.8152913,303.57185,64.2933221,
699.4231057,249.4221189,66.742047,
711.414845,308.073152,57.5231984,
706.9067101,237.43185499999998,61.2397542,
713.3073191,332.581549,55.7980937,
711.0405564,296.32552699999997,57.281712,
713.8382263,309.951752,55.7543572,
719.14451,312.15754400000003,51.4774123,
719.7901872,239.4587506,50.3771749,
719.6878637,215.56392,51.1611182,
734.464471,407.612771,40.9304737,
736.55905,419.629829,39.3643928,
725.5530261,221.7998156,46.8100044,
743.512917,401.100351,32.7921755,
740.113,378.02429,34.332736600000004,
736.024492,303.044795,37.1207797,
746.882034,413.188243,28.7166015,
729.189363,199.5950967,41.2724435,
747.905208,408.652115,28.8136445,
733.785712,210.6605405,39.209336,
744.627687,297.603336,30.1408728,
745.338681,318.1738,28.8403953,
745.45429,305.937641,29.9822403,
751.135423,355.499685,24.9294848,
742.478779,218.3689675,32.4673522,
753.290629,373.195868,23.1617463,
752.745796,327.375803,22.8118539,
760.0098869999999,331.71758,17.6330147,
757.5515310000001,258.6557255,18.8340542,
686.8828297,313.443022,77.1193309,
691.887791,332.798299,72.7577223,
690.5411654,301.317767,73.0090168,
696.3923268,375.31005,69.5650109,
700.5603492,393.833702,67.3001375,
697.0547916,340.155808,68.2549175,
697.6807825,294.711906,67.48513650000001,
699.614176,309.28824099999997,66.703094,
702.5282814,335.859235,64.3062929,
697.1891784,250.3995399,68.5080929,
703.7297175,327.880405,63.3631115,
706.4345706,378.448782,60.7998487,
708.6531099,387.490141,59.3262291,
699.7641301,231.5417167,66.98997539999999,
700.0689342000001,238.0414033,66.3006349,
708.8955414,299.15968399999997,58.6366668,
711.4622495,324.724421,56.999832,
718.4523072,306.37314100000003,51.3927592,
712.8399394,217.9459267,56.0188334,
729.432589,404.80415300000004,44.665906,
731.457596,408.639419,42.0519838,
721.1982659,221.89137010000002,49.6690572,
723.4569325,246.6386374,47.4210991,
728.0379596,311.808664,43.954342,
734.729616,390.241002,40.1007336,
736.382127,414.069548,37.8050007,
729.344874,307.012303,42.7868991,
740.32621,404.917226,35.349305900000004,
730.024818,241.9487325,42.6983262,
741.630002,388.416605,33.4008775,
740.872276,340.149478,32.0842502,
743.251495,319.360176,30.5481018,
742.2706929999999,294.225161,31.4714264,
743.036287,287.0835188,30.4910376,
740.247948,221.6720693,33.934635,
747.917517,323.06327999999996,26.6790141,
759.004693,359.79072099999996,17.7926392,
757.951543,268.8613464,18.0644523,
680.6555557,310.368496,79,FAILED
685.2000043,321.089737,77.4653982,
684.8616082,309.722286,77.8600825,
689.8191315,311.322019,74.8309784,
690.4656168,320.739246,74.1520305,
700.242384,390.96592699999997,66.1251865,
697.7388936,327.540762,68.0622025,
702.0521923,381.752528,63.87235820000001,
693.9813147,244.3845688,70.6947481,
698.0727248000001,236.6252794,67.5428658,
708.2002583999999,335.305615,59.0711162,
708.5167887,313.36802,59.4113214,
719.2173683,399.091268,51.5470955,
728.9964978,416.87376900000004,43.7628515,
720.2692708,311.61414,49.5423946,
729.8338229999999,388.066599,43.118608,
733.543475,397.87541899999997,40.2273576,
727.8549184,297.296382,43.0226307,
736.264308,395.306939,38.2535242,
740.022721,394.488311,34.5199276,
735.033882,326.535954,37.5116562,
732.662244,279.8752706,39.4161849,
727.8849174,209.8528809,44.6159661,
730.533742,236.1461809,42.035707,
743.58856,364.210923,30.7405999,
743.299299,368.880488,30.8557353,
736.612577,263.79634120000003,36.1166202,
750.0595490000001,381.51586399999997,26.2341165,
747.06353,328.18341399999997,27.2705679,
749.010261,296.733849,25.2596659,
756.669521,377.15893800000003,20.4288521,
757.828259,378.173395,18.1630662,
749.413361,224.3422058,25.7705383,
756.694989,291.036694,19.5906694,
677.0310735,273.9797591,79,FAILED
678.0284152,278.6063873,79,FAILED
685.8902713,339.99533099999996,76.8711404,
682.1809317,289.733699,78.7801442,
686.1595343,330.196163,75.74783,
685.9050012,300.829376,76.9282755,
690.3622191,340.657529,73.6076521,
690.7310921,240.6249896,73.2244457,
700.3518786,378.379115,65.2393324,
691.3029297,244.2170192,72.3210457,
702.5976281,394.0299,64.1398835,
701.6159061,323.55042000000003,64.5202635,
696.1046134000001,254.10765609999999,67.198882,
704.2304177999999,313.70704,62.5892976,
711.7655532,403.513049,57.4594218,
705.1224502,311.186188,61.3308465,
711.2431768,392.15258600000004,57.0008364,
702.5340974,227.7411753,63.5102948,
716.9734258999999,396.90734199999997,53.2067436,
705.7673539,224.1617108,61.2312224,
721.3260889000001,415.23245299999996,50.0743496,
716.6653034999999,330.546444,52.5546181,
714.6384643,302.23573,53.8037488,
712.7955714,230.7946822,55.7917083,
718.0920823,300.783611,51.4443609,
713.2693756,239.9665224,54.9952764,
719.7446671,318.64779599999997,50.4076166,
720.6140541,323.367425,49.0624681,
729.404184,411.60783200000003,43.9558152,
730.593338,397.03243299999997,41.9740974,
724.5552321,321.266028,45.2568641,
730.15047,377.89923999999996,41.1383982,
738.801301,410.902552,36.2962426,
730.068328,304.263197,40.9046562,
726.5285621,230.72819909999998,45.1367152,
742.180406,411.73695599999996,31.7836798,
730.817911,210.3194874,41.5923451,
736.027425,241.2667001,37.1851096,
738.088144,268.8433014,35.0378582,
748.241982,400.558978,27.4506889,
748.618314,292.192225,25.3584466,
754.970791,373.339656,20.8029621,
746.456615,223.9692705,27.4654898,
758.362745,364.32662600000003,18.1442185,
750.947668,251.8611132,23.9352396,
760.211879,360.51631699999996,15.748463600000001,
754.46064,261.0491652,20.3840929,
682.96591,293.780422,78.277899,
692.7857325,384.237301,72.9033062,
694.5837997,321.508101,70.9204202,
694.041605,339.673461,70.0946914,
695.2826618,311.956427,69.0600909,
699.4628021,371.437888,65.4585034,
694.3638648,292.007291,69.0883779,
701.3521818,374.059029,64.24971099999999,
695.9872304,242.9152795,68.6688963,
706.0322328,383.893771,60.1409114,
710.1989187,328.667503,57.2233405,
707.7618096,238.402653,59.3437497,
726.1702998,404.206731,46.09999,
725.8802621,375.102597,44.8416067,
724.8047081,317.765591,46.409483,
719.3179786000001,226.1284901,50.4465406,
725.0716314,258.843535,44.856541,
730.563545,330.122938,40.6745428,
725.3903003,248.40569440000002,45.421385,
733.604062,332.070429,37.7815931,
741.82913,325.57684900000004,31.2120102,
744.397263,349.919995,28.1894619,
746.441469,369.700221,27.8644608,
744.514394,324.14142200000003,28.8300627,
751.717442,391.99847,24.3587032,
745.786042,293.716042,28.2983318,
743.19497,250.4885708,30.5148146,
743.957724,261.5078497,28.8619865,
749.724649,329.024533,24.869829,
751.256969,359.241239,22.9147509,
753.18687,367.315135,21.7182014,
757.579135,356.79864599999996,19.4639645,
750.359811,231.6231756,24.1705102,
751.51141,244.1301037,22.9694985,
758.177477,263.6781856,18.5764587,
678.372111,305.889522,79,FAILED
682.14291,343.160397,79,FAILED
676.5262606,283.9449729,79,FAILED
680.7113698,286.3608084,79,FAILED
696.1007264,320.486558,69.3670152,
691.0601937,235.9471014,72.5051952,
702.4493484,402.922455,64.28472260000001,
691.9745798,253.65568380000002,71.3937762,
692.5461008,239.94892959999999,71.3706526,
692.9972375,256.54022729999997,69.9426759,
705.4124488,404.43260799999996,62.2174064,
698.9673186,296.253977,65.4888227,
695.3595432,238.042623,68.6204719,
702.3840272,300.128117,62.4751684,
705.4932085,319.503381,61.0130158,
705.1451528,298.128283,60.5882977,
713.7083485,389.655571,54.5847888,
708.4146273,308.254462,58.4872879,
717.4685926,402.830612,52.7767485,
717.9853324000001,413.03797399999996,51.8882747,
704.5743984000001,230.0303991,61.4476408,
707.4354745,221.4338814,59.2759083,
714.4397574,308.021809,53.7172041,
722.1821395,400.40970400000003,48.744734,
715.9734876,321.161255,51.8818596,
717.7662823000001,332.629793,50.743235,
721.0624703999999,389.272514,48.724192,
724.3000891,398.545562,46.6120619,
727.2321064,408.675951,46.1437502,
719.2384731,303.8485,49.6535261,
723.1631473,302.917228,46.568644,
719.7137313000001,243.3970766,49.1515928,
734.55154,413.53819999999996,39.7164664,
725.537551,307.98940600000003,44.2208616,
727.7428118,333.2251,42.4138144,
722.1584113,220.5657082,47.7588977,
735.57869,406.63676599999997,36.8306963,
734.866034,385.77342899999996,38.4170841,
730.046193,321.56508099999996,40.6102064,
731.622436,325.24578199999996,39.202169,
732.819014,320.64158599999996,38.0833845,
738.84004,382.946257,34.6401728,
735.639485,310.46448599999997,36.2782769,
730.868243,215.5104789,40.945021,
740.821285,360.530772,31.3753106,
740.963973,304.728169,31.7091664,
735.268866,218.7982645,36.8885282,
749.015422,392.503064,26.2935022,
742.654827,242.7182549,30.5957328,
744.787442,230.9306848,29.020076,
748.563545,262.2295661,25.2108161,
751.220297,239.1483387,22.4461786,
754.899867,284.4821519,19.852794799999998,
674.1846453,287.3613666,79,FAILED
680.7767608,332.071352,79,FAILED
682.2192364,324.748611,79,FAILED
687.9225558,290.608923,73.3146242,
699.5505277,382.71777199999997,65.1111181,
691.0868136,257.774158,71.3839145,
704.1646743,395.136343,62.3899248,
698.0998991,304.268376,66.3500652,
694.6664042,233.3101405,69.5211016,
704.6737656,387.52939100000003,60.8062942,
698.3527831,246.1222752,65.7677089,
714.5109186,406.31800999999996,54.7353847,
708.2617605,323.740443,58.201985,
709.9668715,313.875713,57.2477538,
705.7143048,217.4790049,61.1948457,
720.4728863,405.20872099999997,49.6108494,
727.3531425,412.620225,45.9180234,
716.0587522,220.5491784,52.4755999,
716.5309174,226.4397682,51.5754331,
717.3047074,251.35893529999998,49.9463419,
718.9971909,231.7178449,49.9408952,
719.412826,248.5034672,48.6293951,
731.127026,392.349018,41.2800762,
721.2964225000001,237.18975319999998,48.6910277,
721.6794667,256.1288597,46.830978,
727.2447361,323.379591,42.6956837,
721.2893675,228.4647714,48.0625079,
722.4422523000001,237.8769481,46.2756677,
731.409613,342.80953,39.0756713,
733.357385,352.037218,37.0361201,
738.508642,401.038458,34.1820125,
732.542647,277.6602997,37.9895107,
731.910846,239.4041489,39.7705696,
731.840316,233.0941451,39.7723352,
735.06222,235.9417267,37.1671205,
737.009329,260.5434072,34.3786098,
738.9727359999999,259.1019164,32.6048371,
740.184112,269.65155500000003,32.243009,
737.681358,212.9971993,33.840866399999996,
740.141112,226.1808759,32.4889938,
745.791943,236.3906408,27.3425766,
754.277518,330.392943,20.2550362,
678.5913466,281.4144222,79,FAILED
682.6273658,332.486697,77.8604328,
684.8182867,293.569246,76.1124339,
694.7009883000001,382.426105,68.6909616,
696.0575634,386.55314899999996,67.7506282,
697.5465001,390.77428299999997,66.8481653,
690.4824856,292.075508,71.8222012,
687.7716047,244.238853,74.3647082,
692.970976,307.103787,70.1652412,
689.0279926,256.7171239,72.6973919,
693.4564373000001,300.584996,69.9162465,
703.9230599,326.483619,61.2705026,
703.2044664,305.578694,62.0315491,
710.1310048,337.703489,56.3064728,
718.2473617,390.138481,50.4419303,
713.7510664,295.747816,52.808246,
725.6405167,416.425873,45.3447053,
722.9113417,393.28006300000004,46.5731666,
725.2663096,390.637923,44.8459917,
720.0285488,305.977882,47.5114225,
729.680192,387.54591600000003,41.2139197,
727.8417005,341.091543,41.5585867,
723.2297226000001,296.825853,44.7800924,
720.3093027,216.9549177,48.5573408,
724.9587397,274.9559591,43.5524142,
722.1616562,213.4672327,47.5786561,
724.600314,212.6161732,45.6420443,
733.684172,341.32152099999996,36.3099309,
736.47351,356.52506,33.820672900000005,
728.554404,220.4055396,42.1773711,
739.007258,315.86314600000003,32.466138099999995,
733.732807,223.7492156,37.9635711,
739.713375,264.471227,32.0711508,
751.406307,322.871992,21.654122,
677.6064507,295.87036,79,FAILED
683.1554562,343.970994,77.686141,
680.4094616,299.001708,79,FAILED
692.0046945,332.978707,70.6442851,
702.6393746,385.64924199999996,62.5391962,
703.5981662,399.311905,62.0591534,
699.8729167,308.204918,64.3947896,
695.9608614,232.9891134,67.58794470000001,
698.1306001,253.0758476,65.55039690000001,
710.7491873,409.45811000000003,56.6521126,
705.243778,308.263149,59.6757812,
707.5529476,318.634206,58.7140731,
713.367418,396.40733,54.2827764,
702.4259916999999,238.9856899,62.0025725,
711.623114,337.281458,54.3064486,
708.8424698,237.4374171,57.1477567,
714.6889734,312.884281,52.3528372,
712.0872607,224.46519849999999,54.704373,
720.895317,297.758431,46.9239422,
734.575795,409.899066,37.7552191,
720.798779,210.246939,46.8969544,
735.62221,383.115009,36.4927098,
726.2362682,237.9597163,42.9451272,
726.8680149,222.182757,43.8362788,
726.7018299,215.268205,43.4648104,
741.702808,407.598559,32.1581625,
732.640867,307.249371,37.5183274,
736.054884,320.91277,34.976846699999996,
742.810862,409.80260599999997,29.8178939,
730.707077,215.9403435,39.5797185,
734.215029,248.2111854,36.4466968,
733.170178,228.995136,38.2952819,
746.703367,404.817609,26.8246912,
737.849771,274.0563939,33.1518298,
736.9355840000001,254.7012005,34.1776588,
749.663401,334.52811199999996,24.7002663,
747.753136,281.1225347,24.8058564,
678.9230196999999,324.778485,79,FAILED
678.7936735,291.329828,79,FAILED
687.1868479,333.852622,74.0077507,
685.3085128,300.642727,74.8925795,
687.5682057,329.648291,73.5277913,
685.1794916,290.023545,74.8382337,
697.0234508,385.534769,65.9810138,
694.6485021999999,304.458836,68.3340473,
691.7245315,248.4350232,70.1267256,
697.6373313,326.152882,65.4081142,
704.2317457,395.988744,60.7056029,
707.5775899,406.824097,58.959058,
701.9799961,321.944618,62.2335824,
701.6298608,253.062365,61.6902783,
701.2670735,245.3380371,62.3615094,
712.7342248,330.038232,53.6813051,
713.2606657,319.130491,53.3347792,
718.4442349,396.180014,49.8991178,
707.1658535,227.6132127,58.0748088,
713.7080602999999,324.96675200000004,52.7672064,
707.9726262,242.2780793,57.2097599,
716.1138292,325.229171,51.2512929,
708.846133,223.891661,56.9081227,
715.4863055,296.257967,50.7673726,
717.7801201,295.12559699999997,48.841213,
714.9534421,230.7401519,51.9715494,
722.2336167,324.973902,46.2745505,
716.0458343,235.9072055,51.1158558,
723.0476499,330.01874699999996,44.9588421,
715.5018802,215.2853226,51.8530723,
722.2544376,308.95032000000003,45.7548796,
727.8686026,282.1221346,40.9840741,
735.425193,391.920023,36.5378041,
730.4138829999999,309.977683,39.1760479,
737.274812,390.74740299999996,34.6550566,
726.8180549,210.8459567,42.5986654,
736.680836,325.613914,33.768920800000004,
740.413661,376.23575800000003,31.1845771,
738.976824,334.663073,31.927464200000003,
743.028518,344.44737799999996,28.366818,
748.017884,387.85979,25.8436525,
744.340109,364.516341,26.743099,
748.5418540000001,400.42328599999996,24.4609649,
740.936463,237.85795430000002,31.0073566,
743.273427,234.8895651,29.2316746,
742.071432,225.3675135,29.397601,
743.350251,239.5185257,28.3766497,
742.008018,220.7906878,29.0219234,
754.159782,353.032825,19.7429977,
751.387906,281.2014823,21.1045935,
676.7839832,301.477462,79,FAILED
681.6692939,305.082947,78.2314008,
686.4214887,342.706251,74.0034593,
691.8709679,324.767652,70.2194721,
695.3783482,382.77959599999997,66.8463115,
696.4534204,320.14617599999997,66.49719139999999,
700.3232055999999,377.66709000000003,62.9555062,
691.4696962,234.6736678,70.5965482,
692.9068094,251.7169488,68.8176737,
702.2414248,381.415245,61.9342361,
694.9220289,245.9669139,67.3983562,
706.8352122,381.17897700000003,58.04257,
708.1329984,305.794204,56.7103943,
703.5874292,246.370509,59.5871284,
710.4085345,312.83729900000003,54.9778437,
721.3947777,387.885289,46.5318474,
712.518707,232.0177863,53.7523196,
719.4585646,329.806221,47.7498631,
712.8996501,220.9077472,53.4329432,
725.6615285,363.673964,41.6296568,
724.2337923,303.079426,43.8894417,
721.7901146,224.0436654,46.2926994,
735.0309,402.710501,36.1322423,
737.5243,415.79717,34.5876385,
738.426014,411.245036,32.890969299999995,
734.857238,273.0858556,35.0928559,
731.633706,237.74544509999998,37.54835,
741.328265,366.75106500000004,28.80553,
742.557732,358.645288,28.6137352,
740.659277,255.0318267,30.8629095,
741.9112729999999,275.5491064,29.0120634,
749.349439,297.751255,22.7531392,
750.816479,272.6578013,21.9850334,
751.605496,267.8380246,20.6737627,
672.7686092,276.0703955,79,FAILED
679.3522934,338.057782,79,FAILED
684.9609081,336.793491,75.1744704,
683.6688793,311.766699,75.8994437,
686.054976,309.337933,73.8934437,
687.0924605,313.51138000000003,73.736235,
688.5233636,298.37956099999997,71.824956,
697.7433869,395.204801,66.9273508,
692.7597315,335.289693,68.7333339,
698.7293016,394.254,65.95889410000001,
687.4625174,248.47818610000002,72.7036212,
696.4257127,374.946321,65.50766730000001,
700.3594084,399.300273,65.1294932,
695.2143189,309.651767,67.0153098,
698.6074277,338.787649,64.0106419,
700.7371397,372.818538,62.4289775,
692.0432098,238.4837186,69.2746686,
697.6291462,302.520804,64.70574500000001,
700.6651042999999,337.157108,62.0819744,
700.6076298,330.174584,62.4075439,
698.7457767,296.480099,63.3237146,
701.9050188,331.95617300000004,60.8990145,
704.9865712,376.554867,58.7711238,
697.5518698,234.6501903,65.5752928,
697.7289533000001,242.9675743,64.79991820000001,
698.1603302999999,248.28249490000002,63.61262020000001,
704.744423,323.487141,59.4083017,
710.2036331,398.617905,55.295901,
705.6789447,303.11809,58.8953025,
710.0866019,326.881415,55.0458222,
716.7410057,404.993694,50.8130242,
709.3946027,298.770373,55.3514953,
711.0111066,322.558752,54.0969317,
710.3743121,306.542758,54.8666377,
709.4799887,234.5152251,55.4217018,
725.5375529,409.239239,44.3774905,
715.0378572,207.4802994,50.5789123,
726.3753369,375.536656,42.0716483,
732.246801,393.561123,39.3482064,
721.8002108000001,244.7776723,45.3276853,
736.472655,396.60048,34.4311541,
736.964966,387.088035,33.7902646,
739.982853,385.012886,31.714638699999995,
730.237241,220.6637914,39.8588221,
742.257149,391.97560999999996,29.3972419,
734.217638,243.9647592,35.184134799999995,
735.605131,250.0091989,33.5853088,
734.005159,212.6710101,36.5295181,
738.550049,275.1901777,31.4014059,
739.021532,232.6910274,31.6406305,
742.814358,244.9393198,28.1241444,
745.050271,267.28412330000003,26.762246,
752.460804,386.084255,19.7877054,
749.706807,345.52572,21.6777903,
751.761413,349.044846,20.982353,
747.200284,275.27259779999997,24.4923769,
748.022948,246.9508004,24.2941664,
747.156691,229.0348738,24.7656093,
751.940833,247.609894,21.6837761,
674.0180217,290.54105,79,FAILED
678.6953277,304.680703,79,FAILED
682.3112391,289.069879,76.6088488,
688.4491639,337.61271999999997,72.111962,
689.1698764,327.740503,71.8061744,
693.8970835,375.348062,67.41858049999999,
695.2369872,371.851458,66.52735799999999,
690.8851196,295.612725,70.152339,
698.0584289,387.369688,64.8929354,
692.8961663,297.020437,68.0673012,
700.7510224,396.609009,63.1573169,
694.2999019,335.033341,65.6551826,
702.3301576,391.257656,61.8318681,
696.4911122999999,331.521641,65.0595962,
707.0251175,401.837815,58.1848534,
700.7716828,309.99861599999997,62.1305148,
696.0893718,240.3104682,66.02819339999999,
710.5267933,405.364121,55.4686183,
702.4346129,303.226684,60.2873874,
714.5031347,392.49598000000003,52.0469627,
705.2376077,232.1876349,58.7929806,
724.0140189,385.649366,44.256305,
729.389759,416.044121,41.6292785,
724.3810444,370.57283,42.819308,
724.3158117,328.652398,42.9398582,
728.5880135,374.547412,40.0885112,
719.2629383,241.3768296,47.2533529,
729.197534,382.116761,39.5753162,
727.4329638,299.757069,40.8999116,
723.6522182,246.5941699,43.0496826,
738.602948,404.40051800000003,32.119164600000005,
727.1247499,240.20893180000002,41.3107954,
740.715787,301.843165,29.6630998,
746.3270190000001,374.408841,25.6757501,
745.896128,368.026431,25.1457297,
746.006764,360.133033,24.7166854,
749.368971,373.333278,24.3652687,
748.004638,337.42274,23.2261972,
750.969638,357.183107,20.2392255,
748.567639,292.715533,22.415492,
746.250729,238.630204,24.4068025,
754.731776,348.21214499999996,18.146984500000002,
676.2372789,309.360386,79,FAILED
695.6264321,378.770888,65.4499969,
699.0550806,385.032108,63.4235601,
696.4679259,312.65831000000003,64.89285480000001,
703.704855,403.43951500000003,60.3056733,
697.6812836,256.1072818,63.2338845,
709.6722586,392.632568,55.0588385,
712.373522,402.188787,53.7004431,
706.9045509,301.176667,56.7897798,
703.4564852999999,238.02686169999998,59.7225692,
711.8419732,336.973261,51.8924079,
716.3965376,325.224117,49.2778792,
729.176336,412.637599,40.1742582,
716.1882798,221.3479525,49.8779038,
731.158717,407.174853,38.9844986,
720.7128697,232.90837779999998,46.7612015,
730.774979,346.58313499999997,37.0165963,
736.580577,406.380803,34.2684364,
733.949067,378.598713,35.2282476,
733.028835,346.55699000000004,34.583056,
737.103803,375.420981,32.633998399999996,
741.6292129999999,396.665549,29.4652549,
738.263142,320.109007,31.338718900000003,
735.407362,266.7435755,33.433106699999996,
738.861737,281.2842253,30.4117148,
738.691737,243.7829382,31.394426600000003,
743.410067,308.743486,27.1458318,
743.817345,318.753535,26.292882,
737.345453,217.2075415,31.934349499999996,
743.811166,257.7528286,26.455883,
751.257907,340.52910099999997,21.2014193,
744.971734,250.2923044,25.5581679,
743.283642,226.7742568,26.5040375,
748.779552,284.6977174,22.395163,
753.843475,341.565146,19.7241255,
750.890495,289.15704700000003,20.1704853,
751.871989,276.9227969,20.0469559,
689.3261659,382.369124,70.3352535,
691.6536504,379.53884700000003,69.1331268,
688.8425379,245.4313681,70.5643047,
698.765146,325.350837,63.3746836,
701.1583897,376.22597099999996,60.7555756,
699.1287296,304.824974,62.8528363,
703.2478426,330.134121,59.6369818,
702.7659408,314.128489,60.2671519,
707.5796974,388.34744,55.9187502,
705.5414589,337.864642,57.1859899,
699.4832476,233.2205811,62.6826688,
714.3672131,405.558722,52.7455775,
710.2973415,302.190107,53.6568972,
715.7970386,385.569085,49.3643357,
712.746833,300.94293,51.6820132,
713.7274025,312.121949,50.5423235,
716.923511,334.324801,48.644427,
725.2627423,417.877771,42.2374355,
716.5588445,308.904767,48.6070384,
719.6375413,335.060072,46.4426656,
716.4825525,300.002054,47.8730411,
714.7741366,245.1307865,49.8658847,
722.2651274,361.66650500000003,42.6653459,
727.6811154,406.662997,41.1659838,
715.1886204,214.9964393,49.9105701,
726.2954877,327.451061,40.8690025,
725.6392825,309.012321,41.855587,
734.674885,412.01687000000004,35.5151598,
722.3455349,217.4144942,44.6673287,
733.639848,300.227727,34.5733648,
735.196213,318.78001800000004,33.104828600000005,
729.03484,210.0232952,38.9230715,
736.822911,307.307448,32.353516,
741.21363,372.206826,28.7699438,
739.35504,339.702878,29.2563959,
734.518871,238.8073343,34.6256748,
733.466022,215.55131599999999,34.9720729,
748.162476,388.193244,22.9180292,
742.173853,299.833399,27.6974835,
743.742535,281.099741,26.8479462,
745.300752,323.90839,24.5859454,
741.446097,252.7397736,28.1786396,
749.14576,352.63917000000004,22.1876691,
745.01498,288.2045451,24.9732006,
745.850667,234.7180352,24.1759931,
750.920628,256.201154,21.6656244,
680.3309838,338.620457,77.7058429,
682.2918696,305.66231600000003,75.3707118,
684.6970046,296.195652,73.4927553,
686.3645587999999,305.090823,72.7727814,
692.1559729,386.93935999999997,68.4082759,
691.8682471,340.780656,68.1214719,
691.7514652,328.472645,68.071016,
692.2975466,319.258206,68.9800322,
693.9286784,331.356323,66.83392979999999,
697.54146,394.602287,64.0059462,
697.7397082,372.04732,63.5301228,
690.1059537,241.9869555,69.2360763,
691.4463934,256.231395,68.1109795,
692.4847044,250.0257603,67.32653400000001,
693.461696,236.5872567,67.6237389,
694.9418607,248.8971135,65.7264226,
695.6784119,257.53501,64.83744970000001,
696.861036,229.5897889,64.5513479,
704.8756258,312.553458,58.3731106,
707.0665384,331.581043,56.2100172,
700.6196367,249.4793672,60.3738936,
708.7482311,331.89820299999997,54.6543799,
713.5300606,380.19188399999996,50.7283308,
713.0385732,331.65166999999997,51.4557289,
717.4607550000001,392.70746099999997,48.4271256,
707.8439684,241.9904191,55.3290459,
707.6726685,227.4756336,55.5518258,
714.1282174,305.91522199999997,50.7445408,
710.4234357,242.3261829,53.0506906,
721.4677269,382.134618,45.7915078,
723.2333975,395.45477,43.9833002,
717.6799891000001,323.18728699999997,47.1429392,
722.4368969,377.45791399999996,44.0755088,
727.3195948,401.287097,41.4921927,
716.9219888,256.3503654,47.6112594,
729.164102,403.22756400000003,39.3457819,
725.7709773,341.869201,39.8016699,
728.3867861,378.163059,38.3057065,
726.2435177,317.90734399999997,40.7950375,
724.3559199,303.671749,41.5947034,
723.1286405,224.15563170000001,43.6436442,
724.5370326,233.591452,41.4720078,
731.33615,318.754025,36.1214206,
738.627191,390.858783,31.7694603,
734.896268,352.546701,32.1930362,
737.61571,379.931457,31.564095699999996,
731.046678,242.0716952,37.440973,
729.98225,226.0792294,38.3473707,
743.325303,400.821061,27.1164785,
730.055762,213.0629059,37.4728972,
730.565519,217.113178,37.2445862,
740.459488,353.688893,27.7598536,
745.556945,397.843264,25.6428108,
733.596211,225.74114079999998,35.2893957,
734.465355,230.3912765,33.4071523,
736.436356,222.3803756,33.0395825,
747.5470789999999,382.182977,23.9587772,
737.996338,220.9621337,30.2791344,
748.957323,379.161518,21.6101701,
751.814275,380.795235,19.685015800000002,
742.505457,232.2163588,26.5670946,
746.314494,266.4305688,23.9348849,
751.796527,256.9034572,19.6176958,
672.2251475,296.12379799999997,79,FAILED
693.6753735,390.190554,66.95094069999999,
686.3209383,244.7992388,72.6333899,
693.8573972,339.235988,66.0912398,
688.5906754,255.48514749999998,70.2280988,
693.1574114,313.708628,67.1339928,
689.0938046,238.10626680000001,70.969464,
691.5897417,302.168717,67.2989803,
694.4286618,298.255284,65.5543914,
697.4543684,332.548613,62.7629369,
704.0249472,391.17706899999996,58.053225,
706.8853998,324.54729299999997,56.4179472,
718.2557463,399.951991,47.8797598,
711.6702678,308.086347,52.0955463,
707.4841554,219.2797197,55.6479825,
720.9887065,402.284257,45.4024085,
723.4312295,412.852459,43.9473988,
711.5493221,245.537725,51.1689693,
724.9633936,405.975102,43.2103337,
719.7282513,318.813807,46.4686613,
713.9408787,240.056423,50.0707739,
722.3246245,322.96467,43.6201501,
725.4743735,372.094739,40.3549679,
717.0560202,234.1309621,48.2482947,
731.249163,388.748884,37.5702873,
722.3628424999999,231.9342146,44.3163919,
727.3838826,307.062343,38.411855,
737.484956,398.897742,31.833523,
726.9621441,235.1634466,39.9138366,
735.34538,294.40573,32.536099899999996,
745.247219,391.27563,25.2051193,
741.772188,324.279316,27.190267,
742.915125,336.12199699999996,25.7959313,
739.592145,284.5742535,28.5814993,
744.576358,295.290284,24.5167051,
747.043122,320.274803,22.7309342,
746.097766,255.1552319,23.9324745,
677.4260783,294.45239,78.5118424,
681.5407699,331.729149,76.2068951,
689.059281,306.955946,71.324107,
690.9840729,310.373578,68.7548881,
692.0996961,323.25266,67.4309312,
698.5462164,391.422109,63.0379815,
700.9420711,402.339274,62.2806066,
689.300727,251.5935987,69.2649935,
701.7412912,380.847434,59.8048527,
691.6664901,232.8451774,67.9281646,
697.6892789,313.74959,62.3508068,
707.1357808,401.343711,56.1075763,
704.0394214,329.567013,57.5955014,
712.2303136,398.01802299999997,52.1953352,
709.1631119,296.92148299999997,53.5129565,
713.8429058,317.911663,50.5843075,
710.9718804,251.1955562,51.8006486,
711.2570864,234.1575848,51.9094075,
718.3390802,311.58125,46.2628478,
724.4383884,389.62158,42.0912375,
721.4395686,333.54400999999996,43.1110934,
721.7633036,338.910623,41.8933404,
721.2270908,312.177643,43.994377,
718.1474187,259.926158,45.7663011,
718.2087008999999,247.8892551,46.2384146,
717.0685037,225.7129592,47.821958,
723.4604785,298.255669,42.4874566,
719.8813203,249.8930974,44.1223933,
722.4232418,241.6842768,43.1232776,
723.4537424,217.8249545,42.6826747,
738.70443,410.754632,29.852502,
726.2798321,228.6238166,39.9681318,
735.301767,370.329965,31.801166699999996,
727.6843481,240.0323382,38.8048426,
728.4291821,231.25269930000002,38.7525134,
734.57469,337.7477,31.518014,
736.402015,350.030752,30.051374,
738.353828,363.56032500000003,29.5331198,
736.452172,329.621717,30.7848283,
742.773602,394.276093,26.5834812,
731.938877,230.49445020000002,35.5477595,
738.854463,271.1600145,29.1223307,
741.6028670000001,291.773845,26.2132356,
738.299266,227.8223601,30.367927,
753.101557,373.646396,18.133094399999997,
744.864542,242.8977692,23.5360773,
670.6410461,281.4060393,79,FAILED
674.435386,287.117578,79,FAILED
675.9175284,310.751897,79,FAILED
678.8996369,312.157886,78.1081547,
680.7491729,326.753059,75.6609212,
681.1726339,342.836728,75.6899613,
685.6983451,323.313291,72.0548137,
689.1533964,303.270222,69.5254327,
694.7176988,389.298938,65.5272023,
695.7767538,393.366995,64.9140223,
695.315302,368.952738,64.6250084,
696.2596513999999,376.67112199999997,63.84201540000001,
694.8333089,307.68573100000003,65.0798176,
696.3383172,319.35310100000004,63.601663,
693.2717064999999,253.8525256,65.6155163,
701.5324808,373.19806700000004,59.0726337,
693.1886807,243.923338,65.7667088,
693.8774897,236.3255483,65.6162619,
693.5178559,231.641087,65.9571915,
701.4313527,319.431826,60.1333907,
695.9289546,238.9470712,64.2300558,
702.9365628,335.308214,58.3897196,
698.799417,241.4212833,61.1201128,
699.5151758,235.3929243,60.7569614,
705.6138288,296.249879,55.7936485,
703.0183538,224.1300647,59.1707564,
718.4313616,396.278604,46.7419184,
716.6980848000001,313.274857,49.437965,
714.4216915,302.714397,48.8827584,
716.7872959,294.289691,46.6401653,
713.3257992,227.0254898,49.9493427,
715.4507228,239.285288,48.1547253,
719.5986755,292.63737100000003,44.4867818,
716.6216222,252.7244289,46.2848685,
728.0952139999999,375.346054,39.6690937,
718.7356017,219.92349910000002,46.8351926,
720.7244187,255.01190680000002,43.4112543,
718.1844066,215.8461114,45.5164726,
726.3730725,324.70175800000004,39.1813011,
721.9087796,227.5523667,43.8684985,
728.7267246,322.632537,36.9064369,
719.0418673,199.3221475,42.8407692,
723.9438567,227.8041794,41.8346757,
731.672752,325.547902,34.3413625,
730.210952,305.14483,35.7980828,
736.127037,251.9964999,30.3446981,
738.115663,261.2955087,29.6448499,
739.354657,247.3756629,28.9137848,
752.0921510000001,344.58799999999997,18.178248099999998,
668.1846015,274.9107121,79,FAILED
676.0427766,300.18556,79,FAILED
679.6666285,308.57180800000003,76.7151258,
678.0547251,298.270421,77.0868385,
678.8328902,303.221429,76.4440608,
683.1104428,324.830846,73.7697935,
680.9798609,297.671404,75.2603257,
686.5722574,332.973903,70.9033836,
689.7991564,382.809006,67.9401292,
688.1836614,318.76622399999997,71.0379239,
688.1254274,328.731578,69.2758787,
691.8850008,319.374254,66.2510314,
696.4775603,380.87309200000004,63.0113779,
691.0900089,241.4739383,67.1479344,
692.1278377,258.2115264,65.9964708,
703.8098773,385.005923,57.6821271,
694.5267899,252.039472,63.66737470000001,
698.999192,299.006359,60.6645817,
700.3817389,307.652297,60.0805226,
712.9416827,408.68737899999996,51.1099281,
700.4928701,227.8161393,59.8756809,
706.1905815,310.861048,55.3614992,
703.8168958,221.3310033,57.5330153,
713.0640878,328.828217,49.7632638,
724.7292279,414.787069,41.3252229,
725.8129359,409.99370899999997,40.7589456,
717.8956322,301.510871,45.8308459,
721.0576379,307.677169,43.2978528,
727.6488769,391.731791,39.0826813,
729.566273,406.071004,36.925088,
730.427056,395.568483,37.0902627,
721.0956619,259.0883636,42.8627864,
718.9833408,228.3689673,45.2409074,
732.256089,390.823299,35.8463273,
718.9960609,204.4595577,45.050824,
731.849995,387.05954099999997,35.0050679,
733.225912,383.461097,34.0711264,
723.9338117,222.47402929999998,41.8232992,
734.035163,347.56163100000003,31.832710899999995,
738.990788,388.18413799999996,29.9169662,
737.651732,358.236307,29.1495091,
735.18764,300.545606,32.0273538,
729.911711,221.6215676,37.0407987,
735.057423,263.4640948,31.806956,
735.529963,270.4608331,31.2082459,
735.970642,256.7885729,31.188918,
746.04432,395.997798,23.265055,
734.9142429999999,247.0727723,31.846292399999996,
737.092753,266.7000218,29.9724266,
747.615594,278.5071819,21.1005825,
754.347877,356.320009,16.702178500000002,
749.507703,247.7124406,20.8935442,
672.8557886,294.595461,79,FAILED
684.2420355,339.603484,72.3427447,
690.9530547,393.10718199999997,67.74642560000001,
687.459475,323.190392,70.0915507,
699.082665,388.476829,61.6683996,
699.2626025,384.492164,61.0688318,
693.3460673,293.589112,64.4105418,
702.7914186,398.67969600000004,58.4139435,
699.8735587,323.97004000000004,60.4575744,
706.324451,406.99339399999997,56.1313823,
695.9311304,235.2493952,62.7422357,
698.5652225,227.86102,62.1552936,
708.0645185,388.849291,53.8457876,
706.134926,337.163143,54.9594134,
700.8659757,254.6177644,58.5982648,
710.4852916,383.38140599999997,51.0489284,
710.3666004,296.06566399999997,51.0482228,
719.3429301,387.57711,44.5187903,
714.8567062,318.59966199999997,48.295416,
709.7959433999999,228.4271192,52.0665415,
717.8989746,330.056429,45.4464667,
711.3954687,219.9250168,50.9336792,
719.1954443,325.828798,44.5407949,
723.4050299,338.128866,40.3905857,
721.4355903000001,288.6894937,41.910731,
729.961333,382.87117,36.7892751,
719.321705,212.6644452,45.024801,
723.9179301,212.5082308,42.5853501,
722.3607377,198.48586731,42.2387054,
725.0755009,215.8383312,40.7248895,
737.676756,378.22407599999997,29.1951906,
728.2980409,233.6808705,36.9553425,
739.993131,389.582996,27.204193,
730.726286,235.4469171,35.3586994,
735.774058,293.154164,29.8338027,
731.905923,233.7757948,33.7638937,
733.461825,220.73254550000001,34.0321407,
747.02875,392.156876,22.7489973,
742.918443,299.805812,24.3768695,
741.72704,240.473705,25.7141158,
670.3763632,287.2963506,79,FAILED
674.2992681,334.173713,79,FAILED
677.4112418,327.279061,79,FAILED
677.3003556,344.10436400000003,77.8343755,
676.7292344,307.228336,78.4368565,
679.0955744,292.902888,76.5126029,
685.5056156,303.714333,70.8999132,
691.983262,385.572992,66.2971828,
686.6683245,292.542377,70.5301503,
694.5753837,382.60602900000004,64.61669090000001,
685.6512284,241.549685,71.4793232,
689.0767523,291.915717,67.70005549999999,
688.8496445,246.9541907,68.5157006,
701.088465,387.555701,59.5825496,
697.5429032,320.32291,61.6405817,
699.4675656,335.673269,59.6732755,
700.1721536,296.45024,58.5109534,
704.6329081,319.37564399999997,57.595666,
706.382644,305.056816,54.7538557,
714.2425259,411.947586,49.654135,
702.2239606,255.98919669999998,56.6825521,
714.3216336,403.378107,49.3485984,
708.1272124,311.686797,52.9593754,
703.2237285,239.76910759999998,56.743204,
704.400522,252.6398345,55.2010545,
711.8713888,334.656048,49.7281366,
716.6047088,389.740771,46.9962956,
719.3484352,411.687202,45.7424041,
706.7034449,246.7700962,53.8220825,
716.7057639,379.67301499999996,46.128765,
720.6886851,381.78321800000003,43.2671345,
713.9781621,251.4840408,48.3071504,
723.8151213,367.641489,39.7224746,
719.6672544,300.496135,43.7311369,
723.2916377,322.87730899999997,40.9595982,
731.008534,409.64629,35.4747798,
718.7594042000001,238.9238208,44.2276709,
733.679792,410.24215200000003,33.0014839,
730.60085,342.84885399999996,33.327585400000004,
737.920273,403.346401,30.170283,
728.8143394,246.3872939,36.1951282,
742.623473,408.157623,26.6143478,
737.315388,344.236784,28.0603155,
734.749464,279.3003838,30.9516917,
739.113006,339.540453,27.1236732,
740.947325,357.089153,25.419735,
733.883514,241.4073359,32.7314509,
741.368885,272.1611521,26.7920144,
738.481821,229.4589144,28.127159,
746.674329,274.6680689,21.1942082,
753.482744,360.950986,15.2125621,
685.5518707,339.100121,70.1854921,
691.4465428999999,379.64797,66.6893556,
695.6703674,400.272625,64.0600777,
685.5742783000001,258.3736417,70.5609449,
699.2104806,392.937498,61.4011281,
698.9758089,397.997278,61.0826778,
691.9458497,303.347851,65.305005,
697.5303635,379.95717,61.347056,
696.16827,301.025059,61.9641704,
703.5245729,397.673094,56.7060606,
693.2306040999999,247.1177677,64.1650689,
703.8206986,380.876729,56.2681259,
702.1813622,301.699388,57.7336654,
701.9801195,294.998255,56.9368735,
711.9278406,388.37086,50.1235588,
708.0101133000001,326.702497,52.7783857,
715.951417,408.288494,48.5771593,
709.0411993,318.461411,51.9461856,
719.1000496,392.591654,44.9781861,
707.5995947,228.8434092,53.4440586,
712.3319705,297.045073,48.8361911,
715.6242927,306.457193,46.7942289,
721.844394,423.99555899999996,39.6152306,
722.8699839,397.400148,41.6899998,
718.8773905,320.55402300000003,44.0360872,
712.5449702,231.5802272,49.0175043,
713.6179368,228.31510980000002,47.8514033,
716.6914143,236.7776572,46.2447062,
714.6171694,206.115734,47.3268423,
717.229634,243.0171801,45.3257716,
724.8880538,320.100523,38.9918037,
733.699925,403.261175,32.722584,
735.576604,394.232701,31.7592542,
722.5482211,197.06564386,38.7448177,
733.753724,323.166612,31.883223,
737.105822,382.595138,29.2596164,
738.614773,361.643596,26.9533827,
739.936188,367.27479900000003,26.4438438,
735.08937,285.2539598,30.3254798,
738.822455,349.329859,26.8311163,
738.503892,279.8575573,27.5064922,
745.871035,371.836091,22.7121599,
740.10157,296.314383,26.1668968,
737.58094,234.4494642,28.8731498,
738.952773,241.72279170000002,28.2071554,
746.776653,364.491019,20.5008945,
741.9717,274.1611713,24.910174,
748.362078,334.820389,20.2838044,
746.575961,259.8165479,21.2270972,
671.0957248,282.6093795,79,FAILED
673.6151087,307.290483,79,FAILED
677.5083486,333.33534399999996,77.5035719,
681.414641,330.481711,73.8737984,
682.0844366,336.137033,73.3094417,
681.6084667,312.014701,74.3819371,
687.0802706,378.61181799999997,69.5536311,
690.4941921,371.764972,66.852729,
688.464236,307.519627,68.4573661,
687.622357,259.0733204,68.5101106,
687.0034678,236.3423894,69.5008235,
690.4455302,253.3856902,66.75788320000001,
693.4819185,298.64815699999997,63.2737326,
696.9423932,327.32378600000004,61.394523,
695.4945281,309.355632,62.3665678,
702.8728576999999,404.858448,57.8825542,
695.2945271,252.2692414,61.6161295,
708.4867166,406.42888700000003,53.4212838,
701.1716936,307.86170500000003,57.9962989,
699.4108937999999,259.318233,58.1980005,
700.1068739,233.7960716,58.7357662,
707.3454861,306.614099,52.705239,
703.1695827,226.1420957,56.6600769,
710.5913939,321.94390799999996,50.4031686,
715.7758864,384.775706,46.1363837,
719.2214246,397.64813200000003,44.9583386,
720.4462203,391.681234,42.9880848,
721.7968894,377.831212,41.9953427,
713.8593865,245.0405959,47.1312583,
727.1938519,410.95158200000003,38.1554854,
725.4295518,372.41743399999996,38.0754092,
721.9009747,284.4617467,40.4501335,
718.101879,198.13850086,43.2241025,
736.1863490000001,408.021724,30.9949718,
726.3118139000001,222.852163,38.4829157,
733.147794,274.2336009,31.831524799999997,
739.929924,376.726836,26.8423999,
742.769421,385.315966,24.7044978,
738.8335050000001,344.270062,25.5679854,
741.485786,352.57743400000004,24.4659603,
733.167059,234.9245058,32.5132157,
741.4461699999999,347.113832,24.5570229,
744.698136,376.382689,22.5280335,
738.574327,266.8380774,27.4186834,
746.334849,341.923162,20.4172502,
743.147047,284.2791346,22.9813685,
749.054396,352.68955,18.818499600000003,
675.4368594,338.893605,78.3721764,
674.4226508,290.10056299999997,79,FAILED
679.3607636,337.36495,75.1779082,
679.934294,292.349229,74.3932433,
683.6645205,331.465827,72.1807386,
682.0055641,303.302035,72.8930293,
682.9272473999999,293.544014,71.7524122,
687.8061998000001,341.975801,68.3289657,
688.4395364,335.523602,68.1717356,
686.1778796,299.377404,69.6597738,
683.4793033,255.4106079,71.476874,
687.2822694,295.95679,68.599949,
684.5724852,247.3376362,70.6975227,
696.8189500999999,397.64757399999996,62.5883142,
693.3965039,335.317298,63.84759460000001,
696.2295675,375.554434,61.7445537,
694.6995673,326.360701,63.2417858,
697.3182373,372.102041,60.9644101,
690.3128775,246.5104579,66.605479,
693.898106,304.30068900000003,63.25197130000001,
691.5324184,240.0087979,65.28279520000001,
693.4389862,259.60413389999997,62.8555317,
694.8161657,243.9479927,61.8442941,
695.2075637,257.6745566,61.0334581,
697.3885296,253.1874236,59.8680037,
705.8341439,324.524728,54.5102691,
711.681747,401.73017500000003,50.7188963,
707.0490826,335.83909800000004,53.2195323,
699.6057357,242.7469993,57.1206464,
707.6887115,331.591253,51.8456409,
702.705397,231.726933,55.9456905,
705.2576372999999,237.2572423,54.4877913,
707.6361356,236.3238509,52.4547989,
722.8159213,410.841026,42.0856711,
709.4446783,238.7793581,50.7662178,
708.2136649,224.29884049999998,51.5653421,
717.3364616,307.94998699999996,44.734701,
723.3004652,385.663703,40.179181,
713.721147,218.9630335,48.2526496,
719.8494641,294.493082,42.0192147,
722.3736397,299.07928200000003,40.5224092,
731.073328,375.756939,33.1196867,
720.1684532,199.2742684,41.7334109,
734.04905,376.601037,30.8939258,
726.2368859000001,214.2059249,38.1078584,
736.325891,373.410788,28.8119788,
736.97544,330.467326,27.9919525,
736.072989,302.651753,28.828307,
737.100499,256.2355397,28.2738322,
743.528248,341.484037,23.6122935,
740.812059,280.4741504,25.1429554,
745.460698,330.937272,21.2966354,
743.226153,247.3655261,23.4516088,
675.7203067,287.257456,77.2244242,
689.5047051,396.43657099999996,68.1149281,
693.2686829,398.01925600000004,64.9432942,
689.5206834,332.699518,66.7805117,
694.1605819,390.92481399999997,63.903802600000006,
690.7923918,343.600035,65.1923028,
690.4268628,296.054403,65.9194516,
687.95254,239.723309,67.95029439999999,
689.7964533,236.44009640000002,67.07094330000001,
700.4868064,379.808711,57.8531875,
694.4188919000001,295.51703,61.7564742,
696.891439,306.288727,60.8254346,
705.3701125,396.14053,56.5003472,
699.69323,323.666165,58.606595,
706.4306953,396.64943900000003,53.9524232,
707.0066933,401.795861,53.3003607,
696.9179832,246.9280167,60.2723951,
702.9727991,320.933082,55.7707969,
717.6322305,416.379183,45.855529,
705.2973994,258.3528217,52.8716822,
713.5580942,327.611186,47.7606151,
719.8629953,408.643767,43.7073446,
709.5817497,252.9993945,49.7207292,
721.9584912,402.048638,41.7982709,
716.9600639,335.366947,43.9364764,
727.4877132,401.24942,37.0711372,
726.8219841,389.39326800000003,37.4867342,
718.3009731,245.096504,43.0806461,
730.4895329999999,399.738671,34.5156236,
724.0448034,312.863308,38.9933197,
721.9192899,250.5444252,39.8778236,
724.3143522,253.1419788,38.0192783,
723.7069376,223.83257989999998,39.7520001,
730.019297,306.663252,33.2911127,
737.902375,393.705861,27.8527877,
727.8652876,239.5801778,36.0883395,
738.179585,385.824001,27.5698444,
734.860193,297.946465,29.5274455,
742.427591,380.14432,24.2247736,
736.021407,289.120955,28.3543387,
739.936106,326.207405,25.3382495,
743.839928,361.867835,21.7804465,
738.767397,287.00008,26.3611249,
745.970057,356.925427,20.574904,
747.531302,384.097632,19.769853400000002,
742.775711,261.5987199,23.078079,
748.586872,281.0969027,18.7238683,
669.5006032,292.346114,79,FAILED
672.9734983,327.569393,79,FAILED
671.4889241,299.121497,79,FAILED
681.8722562,391.25881000000004,73.5518804,
682.231689,241.2635618,72.8368239,
692.6966931,386.229396,64.2037134,
691.2342377,371.39615100000003,64.72292279999999,
684.536654,253.3940787,70.0730161,
696.2731233,401.964348,62.1563372,
695.6970426,385.226641,62.2935519,
689.6589934,307.356319,66.42013299999999,
690.7357717,312.261003,65.88774029999999,
686.663164,255.2560128,68.2553823,
692.6800473,315.063986,64.6663544,
699.9042622,402.510853,59.1042183,
691.2897938,260.05417009999996,64.1429924,
698.0253716,312.669441,60.13921,
692.8787827,242.5397974,63.59780140000001,
704.6232025,300.780682,54.2017017,
700.9889009999999,251.3543206,56.1802353,
708.8184233,326.90135399999997,50.7799027,
715.9449587,400.72540300000003,45.505261,
714.5649154,374.14950899999997,46.0425066,
720.1003788,417.573848,43.5838858,
712.1499411,306.733247,48.0864195,
712.9037448,312.29549,47.7508566,
720.382806,386.538176,42.3642738,
721.5944877,361.05490599999996,40.3190141,
727.4133267,417.444234,36.1582476,
719.6133667,304.445755,41.970842,
721.1059432,310.201264,40.6385313,
716.448727,224.4721668,45.5089957,
717.0300145,232.5056231,44.3486532,
725.7254651,374.596432,36.1410102,
724.7004351,316.670818,37.3425776,
719.2491206,216.0836591,42.832553,
727.561103,315.889144,35.1554745,
734.653019,324.60011399999996,29.5161599,
728.9064106,214.2047636,35.262310400000004,
743.51581,348.718817,22.5642061,
733.7430870000001,224.3679028,30.0517132,
742.2339910000001,327.101266,23.0462751,
748.06852,364.555547,18.8365984,
680.7940678,310.064775,73.0913524,
687.9934872,375.003105,67.69037560000001,
684.8571043,309.548593,69.4514306,
690.3779589,377.111336,65.5524427,
687.8024751,321.57931099999996,68.4859153,
689.556652,325.362507,66.1390261,
693.5247331,372.761555,63.1211644,
685.1317667,241.1140171,69.1107431,
688.6053051,257.3493282,66.52910779999999,
687.5032012,233.6613117,68.3165541,
699.4708298,329.32315700000004,58.3326789,
692.6657663,233.3423158,63.63730480000001,
694.3600674,248.0141934,61.4605095,
701.641531,331.306802,56.0962819,
702.1077832999999,305.219942,55.6227788,
706.9185678,384.174118,51.9438667,
702.9799716,221.9234208,55.0536567,
711.4054972,323.34121700000003,48.7151866,
709.9879528,302.589059,49.5451391,
706.5713247,247.2113611,51.7806269,
705.4064222,222.1538816,53.4210265,
716.7499376,372.20180300000004,43.9136577,
710.0953125,235.6658234,49.031361,
715.7767176,296.96175,44.5335967,
711.8684449,214.6655113,48.3850929,
720.7362421,331.922441,40.483035,
714.0272668,230.6477486,45.7434572,
717.4409661,218.9180351,44.5615453,
731.816256,396.223497,33.2100414,
726.3903549,310.959872,35.98947,
735.604635,396.677094,29.2340401,
737.462241,400.40612999999996,27.7734272,
731.624142,302.95847100000003,31.747695399999998,
728.9751311,248.4492778,33.5322146,
739.635802,398.523274,25.3776335,
729.289912,242.6753797,33.8713042,
736.159672,324.901661,27.404174,
739.908554,361.15356199999997,24.2528511,
737.889516,333.636195,25.9278594,
741.1556860000001,320.94003599999996,23.5274588,
741.871227,292.450011,23.2137472,
743.821516,288.1578725,21.6156015,
743.816325,292.937279,21.3462106,
754.017035,319.219196,13.48164479,
680.4673171,342.65046,73.11241,
686.6862818,384.24368400000003,67.60846430000001,
690.8377724,392.986088,65.31263179999999,
687.8881296,339.004259,66.86201919999999,
690.6543343,366.910218,64.7060538,
691.8134415,379.131622,63.8016432,
687.4319836,298.300763,67.1965783,
694.4990791,393.507883,62.1953444,
694.77841,389.269068,62.0650322,
686.1553135,243.9944806,68.2870405,
697.6093884,382.48463200000003,59.1801917,
690.4430861,250.30009,65.2113721,
700.1374277,374.636308,56.4308477,
702.7168968,387.57444499999997,54.8627859,
703.0026635,377.644461,54.6238507,
700.7289139,324.628927,56.6909875,
696.0199892,257.50652909999997,59.1776241,
702.4891233,326.900539,55.1631926,
701.9301682,310.50942499999996,55.8504952,
697.1364996,244.6962648,58.6156902,
697.5056498,238.7831215,59.1539632,
697.6326669,250.1555828,57.8243526,
714.0329952,396.56977900000004,47.2139823,
707.8078276,302.71137699999997,50.9553265,
713.5166957,332.940721,46.0660739,
714.7381325,325.06201999999996,45.8810153,
715.897486,317.49107300000003,44.4740249,
721.9877076,406.27155400000004,40.5477242,
709.8372499,222.0225591,49.2334025,
719.7412327,326.69063600000004,41.5522815,
715.1313355,257.3831571,43.9929821,
728.5139439,404.457827,34.7124465,
721.6786854,304.457567,39.6100047,
725.7602338,344.115356,36.2161013,
717.5279139,224.201824,43.1621819,
719.6694319000001,230.8895788,42.126224,
732.742604,383.368058,31.133979499999995,
725.8429247,250.3290321,36.3241548,
728.3606101,224.3849813,35.305257600000004,
730.33881,237.7521662,33.0141744,
734.678033,274.0913208,28.8045328,
736.900193,274.7676239,26.8258261,
743.53179,338.018126,22.6394326,
745.704489,370.40520300000003,19.5495498,
739.575544,249.8682228,25.1054061,
741.566012,267.4648376,24.7343922,
670.2568398,290.532603,79,FAILED
673.8692863,303.972323,77.8721823,
683.9533238,326.762977,70.1014144,
685.7822579,319.017555,68.722507,
692.7510549,396.20102299999996,63.646591400000005,
690.5492667,330.256395,64.8859946,
697.3650024,377.55455,59.2114759,
698.1715859,391.485788,58.453498,
695.5546277,332.731729,60.2732525,
690.7407008,255.4299805,64.0445219,
693.0084393,228.3628859,62.8030759,
696.0239546,226.2784732,60.5443339,
700.505152,300.429915,55.8808782,
697.4395797,230.2870187,58.9141886,
704.7852073,330.24012700000003,53.5837894,
699.4601229,246.8043757,56.5911922,
704.5949658,295.749275,52.8827911,
717.0382895,406.848158,44.7883961,
709.2960531,309.298951,49.7032475,
716.303504,377.704991,44.0390512,
709.8204175,246.556125,48.803874,
708.3554843,227.8826233,49.8354126,
719.662727,382.754704,40.7964154,
721.633032,317.223575,39.0929478,
729.495227,409.018349,33.6664049,
719.0890912,254.8717186,40.6491206,
718.8018083,220.22646220000001,42.0967353,
733.028604,411.342622,30.5595295,
721.2508978,237.2481758,40.2799959,
731.1825719999999,387.358254,32.374945499999995,
735.000465,354.380539,27.9495786,
725.9158771,227.7319542,36.4388296,
733.800875,335.0158,28.4783955,
740.513584,370.308001,23.3096682,
732.242129,221.4288864,31.7436376,
739.380681,331.362552,23.7606918,
739.004148,265.2241143,24.6790963,
740.113915,256.3433808,24.3846966,
741.461196,268.7794632,23.3557171,
749.988299,311.507863,16.573125400000002,
686.9558846,312.89288899999997,67.5616859,
690.8927827,340.570704,63.626090500000004,
690.6946742,324.117835,64.2010579,
696.3915269,401.024633,60.6906783,
687.8188719,232.8346988,66.69196629999999,
690.4630806,233.941252,65.1009145,
695.3269275,295.928155,59.8560983,
698.5225895,314.418636,57.7308254,
706.7215205,395.00856799999997,52.008712,
704.8197871,376.668004,52.6419639,
698.9002651,237.6605261,56.8320413,
713.3060442,401.153777,46.8884622,
701.1460072,243.9628244,54.8849379,
705.0867235000001,241.3865461,52.3521156,
715.5068047,382.712961,44.1640498,
708.1019593,216.7268636,50.1018639,
723.0968956,401.795535,39.0788432,
711.8565804,235.16582060000002,47.0903882,
715.0342385,252.3805901,43.9686006,
722.5962169,257.8756421,37.5741421,
740.5452760000001,394.374276,23.7331414,
730.136958,225.7603963,32.2507408,
732.335299,229.19634,30.3825227,
734.349183,247.6631079,28.4324065,
737.23176,258.4449273,25.9902673,
738.539486,261.0834798,24.4997422,
746.108607,360.36832200000003,18.4214712,
666.4077648,283.8654072,79,FAILED
670.8715655999999,294.941888,78.9581264,
673.6254045000001,310.322693,77.9329579,
675.5908832,340.43710899999996,76.0940559,
680.4162249,325.47792100000004,71.9902723,
681.8238825,336.115657,71.0426765,
687.7992092,389.762855,66.690492,
684.612599,332.71058,68.858068,
688.5440626,368.631394,65.85766670000001,
685.3210807,251.5799772,68.075412,
696.5217656,395.086211,59.5758889,
696.1069759,387.784558,60.1032424,
687.5869929,243.4134305,66.40890279999999,
689.2775259,246.0944567,64.7616146,
696.1437343,326.73055899999997,59.369814,
690.7612088,237.8312763,63.2543429,
702.8315881999999,392.31913,54.0205259,
701.7916219,381.867481,54.6876662,
693.6608572,231.9706056,61.3169178,
707.2703078,390.35668599999997,50.8590365,
703.5295676,309.128425,53.5429054,
702.9215619,291.156129,53.3603099,
704.9520186,301.998558,51.9105797,
714.8215685,407.535705,46.8590669,
718.1118897,398.20387800000003,42.8668603,
722.7204689,413.888785,39.1208355,
725.1579857,405.520858,37.5041652,
724.0986496,398.21653200000003,37.6743161,
725.4397025,381.068238,36.2348301,
721.4177308,280.7215813,38.2970134,
730.927352,392.003783,31.4992965,
720.7522321,216.6122996,40.1408178,
735.964258,407.16017899999997,27.7782092,
723.7540051,235.0377763,37.304305,
734.323774,364.26935100000003,28.1212257,
725.4869034,216.851633,36.3119438,
733.172785,320.060935,28.397517,
738.311092,340.17825700000003,24.108907,
738.742619,301.489933,26.0184239,
739.288214,288.3347916,23.6357985,
737.372479,245.1277035,25.6028298,
746.476381,375.547946,18.4163241,
737.386401,234.7893788,26.0588875,
742.147734,252.9715867,22.6545894,
665.2334390999999,277.987012,79,FAILED
674.4159389,324.833717,78.129168,
683.6596055,382.665987,69.5049597,
685.033423,387.03482299999996,68.7170415,
680.8306758,301.23627999999997,71.0288436,
681.807618,307.805257,70.8153635,
686.0723637,369.934804,67.5874855,
680.3603183,250.7083076,71.5197283,
691.93704,382.641117,62.5282126,
692.1483392,379.222935,61.7021773,
700.4881019,393.653862,56.3071906,
702.5307631000001,397.92940699999997,54.5108622,
703.6389295,404.343699,54.3625345,
699.5446961,334.837575,56.1468117,
693.1762317,238.8869049,60.8688048,
707.0832173,401.749498,51.22353,
706.7697815,379.20094700000004,50.6223247,
703.4560005,251.8789799,52.8528723,
710.0668357,331.911269,47.7555884,
717.3310505,404.249956,42.8027818,
705.2370264,219.4401193,51.4942296,
717.0867115,377.152781,42.2346123,
712.0324091,298.452109,45.7881331,
713.7840756,303.92350899999997,44.901355,
719.3393035,373.889929,40.9286155,
723.3934505,409.945369,38.7525389,
717.5086794,335.205141,41.5649678,
716.8430595,311.338698,42.4225161,
718.4163698,321.257571,41.7524522,
712.1277613,216.5520055,46.3253172,
730.0831900000001,413.873956,32.4754854,
717.3561963,250.9720872,41.7119376,
717.9101631999999,240.75498679999998,41.5594946,
723.3789909,306.34896200000003,36.9006686,
718.9192884,212.3988708,41.4632905,
720.7067797,229.150386,39.4312352,
728.0583240999999,321.18282999999997,32.901371999999995,
721.9880823,212.3704829,39.4909484,
726.2862655,259.1134831,34.8848044,
734.928945,358.403125,26.6259115,
727.9734333,229.1560033,33.8810147,
737.549077,373.32205999999996,25.0369016,
727.6626714,218.5636607,34.221033399999996,
731.416602,268.0350781,29.8694578,
733.880055,281.7361696,27.9032642,
735.107277,294.468618,26.9767459,
736.512293,251.8594024,26.4970516,
741.636812,333.267699,21.6886526,
742.282865,274.8760838,22.0611781,
739.63195,225.5021097,24.6373497,
748.72644,347.62786800000003,16.5885097,
664.1780291,273.9145433,79,FAILED
672.4351969,297.544076,77.7903852,
675.2261086999999,331.608992,75.732484,
675.0576652,307.940757,75.6949786,
675.0848934,290.419558,75.2032608,
677.4495247,310.90754400000003,74.3794789,
676.751556,304.799847,74.1841945,
677.123091,297.765124,73.5631011,
679.0166621,295.223894,72.380963,
687.9683637,386.189232,65.7062957,
686.2357932,326.896474,67.4456522,
689.799636,382.06604300000004,64.3087284,
690.6484858,375.61850200000003,63.46964299999999,
682.4919342000001,240.8904399,70.1237288,
688.8738212,336.816873,65.0124011,
687.1315251999999,302.924658,66.02352909999999,
694.6518096,383.485002,60.650921,
689.2507822,296.704339,63.932717999999994,
687.6553464,259.2858825,65.06723339999999,
696.7697052999999,372.321053,58.3760252,
698.9967835,383.22997,56.7143974,
699.1069751,388.754378,56.5812362,
691.3674898,254.4946065,62.0303674,
698.821169,342.62206000000003,56.57569,
703.4190392,385.68318999999997,52.9141238,
702.0752269,339.01898800000004,53.6782417,
701.9012385,313.38231,53.723124,
700.9884425,296.985861,54.5045837,
709.2181306,391.38041599999997,48.7999722,
698.5324245,230.3309783,56.6974426,
705.6184945,322.836235,51.1668136,
707.0795472,318.345819,50.4087413,
717.9974828,414.62123399999996,42.4366996,
711.680733,318.081575,47.501872,
706.5748513,231.6334027,50.7624456,
706.2624509,243.525511,50.1042759,
706.439288,209.279838,48.6596947,
711.094467,252.1423469,46.0628053,
713.573296,247.659014,44.9144898,
713.3303193,240.579702,45.5016922,
726.6505733,392.08495500000004,35.252235999999996,
718.7052338999999,295.14619,39.7484305,
722.5502253,324.144283,37.6776813,
727.6861709,382.867456,33.973838799999996,
730.4986,407.50993500000004,31.617111800000004,
731.7264299999999,399.713657,31.0275344,
732.691234,403.026342,30.1155748,
720.5480006,245.3881721,38.4997113,
724.4349437,274.9602653,35.436430099999995,
730.501679,359.504812,30.0583438,
734.358514,388.092044,28.3460491,
721.8475505,215.6825818,37.9975397,
728.9760358,297.634413,31.9975899,
739.903395,389.695291,24.2226792,
728.5872997,215.0663323,32.3519398,
739.594532,357.101342,22.8271964,
731.225633,239.0606771,29.8467562,
735.4241930000001,263.1988581,26.0979961,
742.496219,352.153764,20.5205655,
737.51123,270.3773785,25.1192529,
739.329461,244.0390357,23.7927427,
668.1016689,296.016078,79,FAILED
669.2107101,284.3822622,79,FAILED
672.5809082,292.785999,76.9321822,
678.4224677,346.82228299999997,71.9160414,
685.6905501,380.09795299999996,67.57774169999999,
687.9595048,394.774495,66.1667421,
689.9745401,388.967733,64.3082778,
684.6462186,305.200717,67.81238160000001,
683.4099979,257.7480773,68.8123051,
690.9754192,369.25239799999997,62.2746273,
685.5652703,260.5505217,66.2864463,
690.2741437,320.365718,63.5234061,
690.9652599,309.74620600000003,63.0953705,
686.932325,238.8709455,65.8494381,
694.2885865,338.511438,60.0897321,
693.8221965,322.57016999999996,60.7802638,
696.9176185,309.335397,58.4422785,
699.0492981,319.64946,57.0669937,
697.7204679,302.956392,57.4148329,
703.1908369,380.989411,52.4415619,
705.1018961,297.06102,50.8269469,
702.3890759,226.7473364,53.0142725,
709.8536875,300.513078,47.1931646,
712.1149002,318.648862,45.4068203,
707.370394,240.23207159999998,48.3811328,
715.9700675,329.823235,42.0636488,
710.5341112,221.309548,46.8251353,
721.3025434,340.128521,37.507288,
718.1174663,246.0286099,40.3477139,
718.7264757,225.284016,40.9403393,
725.0935015,322.758536,35.1809541,
721.2187134,239.7012466,37.9660306,
723.8204831,242.7222313,35.697486600000005,
735.437334,379.371808,26.6557096,
729.575659,283.8522531,30.6939347,
741.496415,398.379825,22.9135277,
729.785367,241.9876332,31.193911799999995,
732.764022,264.43954759999997,28.2262755,
733.471705,259.3850668,28.1016761,
743.2834339999999,383.593588,21.4215432,
737.499545,276.8201545,24.6169749,
736.355586,238.5818698,26.4380587,
739.74627,297.663431,22.6523075,
744.083122,338.556699,19.1009916,
672.7355911,345.438681,76.9030147,
677.5470213,314.70144500000004,73.2451983,
680.8357264,342.18595600000003,70.5831128,
684.2254521,373.97515,68.3001434,
681.2654831,322.23088,70.8271556,
687.5721864,382.09200999999996,65.82221100000001,
689.0145408,398.78437199999996,64.8902999,
685.1041699,348.28321700000004,66.588807,
682.2850966999999,248.4219102,68.8909863,
692.9039735,370.950609,60.4416867,
690.8218613,326.72598,62.3691728,
694.405571,375.220869,59.9545328,
689.6811198,302.253899,63.2524361,
691.8361191,337.463252,61.7837878,
691.9635383,343.92631700000004,60.9418884,
699.831349,401.66445899999997,56.1212618,
690.3256961,249.7430018,62.7647847,
695.6885127,336.503023,57.9850581,
695.5142802,300.576936,58.4465132,
706.5578967,407.515859,51.6379432,
703.3883812,318.338525,53.4774147,
695.4083007,225.3520513,58.5189833,
697.8336164,259.4956327,55.9538892,
700.8065668,258.9249002,53.538703,
709.3336825,374.387121,46.9565595,
700.065386,235.9334547,54.8170579,
700.2774209,248.7676519,53.9922202,
713.1922806,393.879706,44.8992336,
711.7111761,370.501512,45.2349513,
706.7262779,297.823441,48.8555883,
703.2842186,231.5742695,52.0768382,
713.060791,328.951395,44.2192031,
709.4338851,240.4397491,47.0569429,
719.7163952,369.767794,39.1611361,
721.3228636,382.425184,38.4542121,
716.1703853,299.015988,41.8149987,
719.138525,342.719605,39.0709247,
713.2791624,235.68872149999999,44.321354,
724.6320639,386.545681,36.1549951,
720.0202545,299.472644,38.3547724,
722.0727082,300.915252,36.8238571,
729.03803,371.77848800000004,31.562208600000005,
733.21638,392.90024900000003,28.5005871,
722.8563669,231.0432648,37.0725048,
728.8831592,325.540932,31.201078199999998,
727.0989584,269.3865123,32.8402456,
729.33577,319.21734000000004,30.4931104,
728.1582424000001,292.652668,31.3546763,
729.687135,263.5648901,30.4147894,
737.291219,380.44162900000003,24.7025326,
740.721786,390.73845,21.7763476,
730.5754440000001,233.7261629,29.8093048,
740.82977,366.677194,21.3161014,
737.831484,283.66823669999997,23.4677356,
739.572074,279.2405283,22.7621794,
751.7686209999999,324.799167,13.54909906,
666.9865001000001,280.67268590000003,79,FAILED
672.2007734,334.03344500000003,77.04526,
670.3579994,301.710246,78.4176519,
675.9150609,343.14464699999996,74.1357406,
676.1609877,332.74345500000004,73.8923317,
674.6255656,301.241966,75.1462016,
677.4991705,337.974145,73.1365038,
681.9900543,297.576546,68.8291101,
688.3234963,308.772022,64.5526683,
694.1532797,379.935341,60.0062725,
684.6829384,249.4397002,66.5845616,
695.3838676,399.647509,58.7601906,
685.0253968,236.2991968,67.1530751,
687.1663184,253.3201329,64.9187277,
696.5964115,386.391956,57.9210616,
692.1458949,306.355705,61.438851,
687.8877001,237.56473540000002,64.5519313,
703.3314824,324.44160999999997,52.6110511,
709.8687931,409.734803,48.4929637,
708.8023177,386.68029,47.6059854,
707.6567487,327.76361199999997,48.3397294,
715.8645017,388.621122,42.9825306,
711.5807491,311.476951,45.1748337,
715.9588356,371.44381899999996,41.6988095,
714.7691757,324.23525,43.0570127,
720.7824715,394.720694,38.4214948,
722.8079405999999,393.31014500000003,36.9314955,
725.1350358,409.23909100000003,35.2840314,
718.3304617,322.573868,39.2014598,
720.0834081,326.425878,39.1924709,
714.3563901,242.01734629999999,43.5272716,
714.7847797,255.5188743,42.0455832,
715.9186545,228.0256951,41.9587153,
719.3747056,220.93597979999998,39.5383265,
722.001847,225.7282511,37.5130251,
731.934849,369.510197,28.6184864,
728.418962,230.4165989,31.507558599999996,
735.795448,328.760869,24.8763879,
731.423687,250.7352639,29.1334933,
735.951312,322.964377,24.6146498,
737.361058,317.93005600000004,24.1603104,
738.675649,344.800343,22.0379899,
734.779009,242.62594860000002,27.6005064,
741.280543,342.05875000000003,20.5539734,
751.863326,309.524156,11.55694057,
664.9107959,288.5784754,79,FAILED
671.0873200999999,338.943687,77.9540738,
680.2959375,330.591806,70.222354,
682.5613709,346.598815,68.1001755,
683.1888645,337.873039,67.93291099999999,
685.8084354,373.36046,66.0726975,
685.7015289,352.699161,65.8906703,
679.62861,246.8393395,70.6412017,
691.1317506,388.972125,62.7981603,
683.7612473,292.560433,67.08132330000001,
692.619693,396.817747,61.3784081,
681.6160459,244.4916957,68.9199264,
691.64381,375.227181,61.3762165,
684.2500969,245.4231643,67.1719241,
690.1668749,332.616841,62.166986,
688.2531423,241.940963,64.2005477,
692.2718711,301.071623,60.1310863,
690.4473179,261.6487513,60.948671,
699.9586565,374.15112999999997,53.5386805,
695.8514864,254.5427643,56.8252091,
706.6786592,386.571486,49.1652899,
708.9228818,399.059746,47.9991746,
710.1085738,394.25867800000003,46.5761694,
706.6183807,333.26962100000003,49.5827034,
711.5459554,387.229353,46.0444622,
712.91449,390.06359,44.0334911,
710.065861,306.787831,46.0405708,
718.4129933,396.183752,40.3471261,
717.5078502,391.644311,40.3539126,
707.8427108,249.9397389,47.4494251,
713.9518101,319.723377,43.0164823,
717.9182975,378.542215,40.0620532,
708.5719227,225.6326866,47.8086317,
719.380678,335.15703199999996,38.6728528,
726.2708818,413.90862100000004,34.4384041,
725.5536292,397.39869799999997,34.6217818,
727.1141175,392.754584,33.039895099999995,
722.0382809,280.1967998,36.141976,
732.640011,409.55546000000004,28.211564,
732.542374,381.667364,28.388221,
731.817781,349.63204099999996,28.1240968,
730.789842,329.685103,28.5896155,
729.192294,277.8229798,29.9939453,
731.120983,295.571141,29.2063868,
737.797536,385.283676,23.6317767,
736.316792,357.79418,24.1300171,
736.584233,350.84724800000004,24.0954299,
737.528315,366.147763,22.822626,
735.405139,315.416789,26.0847362,
733.201652,269.5850704,27.0849739,
734.946524,290.570782,25.2234713,
733.108477,221.2649532,28.4326065,
746.919866,354.010936,15.5466798,
678.0247774,332.297732,71.8856603,
675.51353,243.5746012,74.949921,
685.3560244,334.188543,66.19451509999999,
690.3764499,393.32993,62.6870675,
686.9679729,348.468076,64.2700306,
692.471258,328.15763200000004,60.701119,
685.8156542,248.08477870000002,65.3870098,
696.5758976,396.609822,57.0877233,
692.2447828,312.351931,61.5365504,
692.5023211,345.59324100000003,59.2549503,
699.5099534999999,405.844988,56.4101404,
688.1697714,230.5422505,64.1621262,
698.7362223,371.455831,55.0322855,
691.9497287,254.7439977,59.8330875,
699.6953718,343.08067800000003,53.5756676,
693.2752312,241.2175473,59.0755157,
693.6967703,229.9940306,59.5185896,
704.001474,374.750131,50.6130348,
706.3929955,395.000608,49.0706494,
707.8040141,403.47265100000004,48.6947996,
702.8069817,319.298549,51.7931366,
702.9133815,312.037536,51.5961716,
704.3451666,308.230629,50.4876616,
701.3671937,245.7740604,52.3084607,
709.1578272,323.521547,46.6942807,
715.7731277,383.824972,42.0784805,
718.1769873,412.541882,40.5318327,
718.2228408,386.98150599999997,39.8011984,
714.2603665,304.649883,42.0561214,
715.4395143,290.784301,41.0981096,
718.2223692,314.29027,40.5757884,
725.9165343,370.60135,32.9565142,
723.8966689,264.2494332,34.196134,
722.2983295,220.5130864,36.6174161,
726.5113802,261.3414001,32.1997767,
727.6938802,251.68489,31.013177499999998,
678.1402011,313.551333,71.4632715,
681.0229079,303.855967,69.12559,
679.6475224,254.63346009999998,69.8851445,
685.0882914,310.341642,66.0802481,
689.859951,385.364362,61.7424883,
681.8328827,254.6689021,68.1587197,
683.8383699999999,240.9688628,66.6521901,
695.9808084,376.84493399999997,56.7635295,
695.9446958999999,369.886775,56.6557574,
693.9334145,312.077689,59.3975472,
688.749332,257.743358,62.3732168,
695.5017155,331.53127,57.4674654,
688.7078987,230.57071200000001,62.4326046,
697.7263451,312.93215299999997,55.9013135,
692.9753648,250.7644876,59.0076933,
697.0917781,305.000773,55.7921571,
699.5861714,331.594923,53.9419381,
700.1177553,304.647791,53.482463,
703.9436354,328.592607,50.9653276,
698.1903529,254.6296117,54.6660516,
708.017438,379.874918,47.2514428,
698.2450116,226.09289330000001,55.5882321,
714.4078538,415.710546,43.4084302,
700.9147457,235.5545543,52.620242,
713.6417042,402.482175,43.6539429,
719.3818504,423.20466999999996,38.5568731,
714.981194,355.601936,40.4288113,
719.5107677,374.070391,37.8257575,
716.790757,302.963957,40.0906308,
716.3377817,283.4757371,39.6164001,
712.5146718999999,218.6863437,43.9748246,
712.5381289,227.8568471,43.707693,
718.6442423,294.69804999999997,37.7029268,
722.9128122,285.7028666,34.224746499999995,
726.5738025,302.896707,31.8497731,
723.3121176,237.7851015,34.9953067,
726.4585693,274.5956838,31.835991899999996,
726.1584327,235.4316899,32.8564874,
735.227566,364.27545799999996,24.4038156,
730.62873,244.1075369,28.4975723,
739.005101,361.406576,21.2137299,
741.149571,375.196479,21.0842151,
733.624083,283.8976363,25.256936,
731.999764,230.920892,27.7350815,
668.5859028,342.798192,78.049144,
672.1236479,348.788635,75.39357,
672.9812767,326.720217,76.0396473,
670.2454233,286.4457193,76.4428439,
675.9222664,290.027678,71.8272025,
684.5355141,391.226565,66.771605,
678.6970124,297.931972,70.2261413,
686.74927,376.03623500000003,64.2970476,
682.1181973,310.250825,67.9795536,
687.0548084,371.421064,63.56861430000001,
678.5609704,238.2633447,71.2094887,
685.2760364,327.888777,65.3977754,
688.2041049,346.715609,62.5131692,
686.9950971,249.5573783,63.8738395,
688.9974842,245.8560916,61.6653216,
694.25101,305.371963,58.3825727,
690.4893684,250.4255073,60.7737638,
697.7531351,338.720514,55.017153,
692.3704742,260.9169499,58.5848287,
700.7677704,322.24429799999996,54.2172321,
694.4000395,232.8724588,57.5829381,
705.6738455,372.80136,48.4640733,
700.8690774,299.931407,52.602,
714.3569394,410.87773200000004,44.0599584,
709.7876,380.177597,45.0903459,
714.9899939,393.496505,42.2112207,
703.7857569,237.1053138,50.5148487,
706.6887177,231.0665406,47.9727749,
712.8001153,308.837652,43.2145869,
707.2639973,216.9689843,47.3457515,
709.1692751,245.5206641,45.8480774,
722.0646624,412.875397,36.4731139,
712.3358742,295.174492,42.8646565,
716.370826,338.241437,39.5930854,
712.3252985,260.9682521,43.0226363,
721.2555475,379.03288499999996,36.4720451,
710.5393642,225.3361986,45.0065362,
715.8013284,307.859662,40.2395095,
718.7353117,316.241929,39.5742617,
712.4813967,237.3714348,42.6675439,
719.7629527,319.60902,37.5413773,
724.9927921,377.820073,33.702910200000005,
714.6810261,232.9480523,41.8098132,
717.0169804,258.46725779999997,38.6246779,
720.8058235,246.7406333,35.9963491,
723.5555703,251.13268010000002,34.0784055,
732.975754,374.286934,26.5850464,
734.354157,383.85332900000003,25.8935426,
723.3288112,232.5242741,34.2266771,
733.9344590000001,370.33968400000003,26.0720799,
735.731662,388.573468,25.3054588,
733.161077,331.655464,26.358888,
730.370134,286.8138057,28.4616824,
733.855425,337.53645,25.1246581,
729.509891,255.22701039999998,28.2632177,
731.923638,301.84742,27.0158077,
739.431057,386.175392,21.4271206,
736.8022579999999,335.622212,22.8529674,
735.494854,295.29058,24.9962278,
733.587633,255.92006630000003,25.7297833,
665.187368,291.828115,79,FAILED
667.0484807,299.732099,79,FAILED
669.6537326,348.93095600000004,77.1906163,
669.7674155,308.03074300000003,77.983862,
673.496844,337.174794,74.5594209,
670.4520469,301.060648,76.1235541,
675.0561817,348.37453400000004,73.3131488,
674.180969,293.145793,73.1542493,
678.5926508,344.490508,69.8697286,
683.4324125,382.680528,66.9265568,
681.3543308,325.820713,68.3585085,
686.6091353,332.50556900000004,63.9590017,
686.9884028,327.754543,63.4417847,
685.3159928,295.251041,64.624059,
683.7126191,254.68138879999998,65.7069057,
688.5001789,298.226915,61.8621046,
687.6319373,253.42400609999999,62.9079517,
693.9473111,341.105133,57.3894573,
701.0299756,370.82324900000003,51.5823975,
698.8129002000001,308.78560600000003,54.4745391,
707.6987965,421.00983299999996,47.8570674,
696.9616433,262.0590317,54.4142129,
711.4571168,404.371445,45.2117087,
705.6583085,323.157455,48.7682844,
701.4829332,257.9427854,51.0931998,
706.611977,304.491741,47.7732161,
711.4873857,374.78641500000003,43.7969147,
708.7677384,329.039094,45.7962047,
703.8241671,225.01497899999998,50.7857672,
704.8614148,250.6237635,48.9000687,
714.8616582,359.56948,39.366997,
708.2480895,259.9760556,45.6338918,
709.6602471,255.72189860000003,44.6191197,
711.9830226,248.1175271,42.8517985,
713.8923723,259.5187602,40.7605339,
713.8249143,244.3915941,41.6091208,
718.4434612,253.888931,37.6927421,
729.7300769999999,395.917893,29.9493862,
726.7313218,332.068737,30.7960865,
728.6664803,342.294398,28.4910291,
723.6298328,245.2955107,33.7669931,
724.0909436,220.6422712,33.9482045,
729.285633,272.2426901,29.479967,
726.9184442,246.0664285,30.190593,
738.582517,381.002198,22.0436835,
737.787559,353.120986,21.6583112,
733.514851,224.165471,27.2792272,
743.4223010000001,357.273232,17.533282399999997,
747.950508,310.984618,12.78054651,
661.7983133,283.178345,79,FAILED
672.7063267999999,287.4744657,73.9924256,
676.7705498,337.88086899999996,71.122593,
675.8729393,300.85639100000003,71.7148791,
679.8963838,335.12150299999996,69.1361687,
683.5894299,387.17073400000004,66.2451138,
686.1176259,390.18554700000004,64.7446775,
686.5667971,386.007838,64.0904269,
685.4467752,321.885076,65.4164148,
691.1608759,393.466402,60.8274225,
690.3700988,367.49298699999997,60.3604917,
694.379628,324.40249900000003,57.4268362,
687.8987334,241.14643180000002,61.4744794,
697.2845656,328.974442,55.5289618,
691.7687257,246.1451548,59.3628255,
704.2629297,399.356171,50.0192574,
700.588356,336.49650099999997,51.9926745,
704.7354479,377.991763,48.7542047,
704.2211755,302.952075,49.4445097,
701.6290049,253.1943671,50.7109307,
714.6006986,409.821639,41.9635566,
706.872973,310.81913,46.9784583,
711.7155349,370.883689,42.5458612,
712.656641,333.888842,42.7396028,
711.8893437,300.801333,42.948983,
719.6378994,386.473909,37.2749847,
716.5681112,329.765855,39.5972645,
716.450167,346.214113,38.2905253,
715.9467718,290.824092,38.7713256,
726.7872135,397.98190999999997,31.954974,
726.9782212,382.524312,31.426966800000002,
722.8427558,316.706756,34.4961961,
727.3474655,354.380727,29.9137403,
720.7867305,258.656118,35.003559100000004,
720.7769197,268.9768236,34.271469100000004,
722.4270204,279.8854309,33.873607199999995,
734.348551,395.843109,24.3751091,
730.476045,291.646429,27.4660302,
736.967425,375.32414600000004,22.46621,
739.375382,358.10366899999997,19.464911999999998,
665.3422439,286.4466026,79,FAILED
671.2950457,297.23263,74.8468094,
674.2716961,309.8864,72.8827199,
680.5462688,285.0457838,68.0825307,
680.6190821,301.93577500000004,67.64676539999999,
684.2985284,340.09504400000003,65.1696253,
682.1972984,296.961545,66.6627556,
681.1865282,260.16674290000003,67.21885900000001,
683.5038537,299.562132,65.2059551,
692.6736977,390.576414,58.9542387,
690.4487979,333.14875900000004,60.2884107,
693.9062905,381.182611,58.1067354,
692.9700874,370.042347,58.2699428,
685.0043465,261.908991,63.304917399999994,
684.5120225000001,243.3520743,65.3323589,
701.4631606,402.676854,52.0958435,
701.2434112,397.62809400000003,52.185988,
700.7119925,392.13555299999996,52.0762839,
691.5809187,234.9937434,59.1258499,
702.4493223,388.658164,50.723175,
702.413888,339.377701,50.1241997,
710.8885437,385.107313,43.9181662,
712.4103236,397.86300600000004,43.2069242,
710.2473491,366.445585,43.4351538,
710.334534,322.98596699999996,44.5536531,
704.3616658,235.116298,48.5988819,
714.1235195,367.807004,40.2193158,
708.2353474,229.6934431,45.980358,
714.8530684,325.429931,40.4844677,
715.1056858,319.109056,40.3517964,
721.3609091,369.325012,34.3754274,
726.859019,402.682134,31.220155,
713.6866542,237.5922999,40.4338801,
725.0672189,365.87259700000004,31.434387799999996,
726.444874,376.39646400000004,31.006492899999998,
731.532112,400.503022,27.4256203,
725.2443674,278.46642199999997,31.8856886,
728.3518337,300.66252199999997,28.8887983,
725.5668253,241.9164586,32.124178900000004,
734.999059,345.962654,22.936571,
731.849733,277.7521797,25.6577484,
659.1791185,271.5742775,79,FAILED
667.3684434,290.38845100000003,78.156463,
675.2210291,389.047187,72.6418666,
670.6079512,306.278301,75.6972157,
677.9726958,391.288311,71.5170893,
677.738799,386.620049,71.2100504,
679.3314382,381.664695,69.9351316,
680.8131318,384.83009100000004,68.5043069,
680.4360938,374.14457400000003,68.4621898,
681.5692283,369.29683,66.9485461,
679.6245386,340.473069,68.3972564,
680.1119901,321.796896,69.4539166,
680.8301704,351.99495,67.2987188,
684.0442876,368.441458,65.0543364,
681.9275375,327.68795,66.83684170000001,
688.4239793,396.737386,61.9540635,
679.1021522,240.5649728,69.0694263,
687.2486511,336.691408,62.3135865,
690.6875373,382.497928,59.7199829,
685.1428193,303.915607,64.2213322,
692.724179,385.92828399999996,58.8009151,
689.1974527,348.775974,60.2754867,
682.8094748999999,233.4169738,65.6322793,
684.5154824,232.2519445,64.72270639999999,
685.2094439,244.6937332,63.628489900000005,
695.7382964,380.727213,55.7146385,
698.0722109,389.492051,54.1053238,
697.604529,384.23754199999996,54.1089585,
701.7348226,370.442488,49.5547664,
697.9829574,294.179288,53.2079607,
700.7226693,305.41528800000003,51.4882597,
697.7748941,240.39175319999998,53.7379858,
699.8940548,240.9520963,51.9410727,
703.7042739999999,263.3556941,48.7417284,
703.9103333,221.9982398,48.5471453,
716.6236458,405.309344,39.1486226,
715.7614253,374.281628,39.0226884,
713.4387768,341.863344,40.1277691,
719.8716094,407.58939,36.9504535,
709.3334561,265.0513064,43.762379,
721.4034575000001,403.405125,36.1978816,
710.1666753,251.3598755,43.8214364,
718.0065079999999,368.875774,36.6161877,
727.2905213,412.191032,30.2501222,
717.6027983,235.0720911,37.4121062,
728.6895573,389.477404,29.1722983,
728.0672051,324.28968499999996,28.7111132,
725.244585,223.3777043,32.353425,
730.515645,273.8508165,26.8942762,
740.893515,363.228901,18.720370199999998,
750.606963,333.868972,9.99304665,
660.2575747,277.8108221,79,FAILED
662.1388703,278.8821161,79,FAILED
664.8878849,294.45784000000003,79,FAILED
671.198446,342.48084700000004,75.1399631,
679.913608,389.108405,69.0351472,
680.5974134,381.323355,68.4730157,
677.9674863,308.767656,69.7518575,
676.8650348,243.319966,71.0610424,
686.8506813,380.745561,63.1436853,
678.6272502,258.0057202,68.5715013,
689.5590358,387.952835,60.2186676,
689.4872767,338.010447,60.3524457,
691.2773665,329.596769,58.9138991,
697.3273025,397.43616299999996,54.7427118,
692.5295791,309.966129,58.0162205,
695.5582835,367.38964799999997,54.7536517,
694.7481525000001,335.885517,55.7956675,
695.0468555,344.115236,55.101626,
698.3491200999999,378.818982,52.8281391,
695.9645302,318.994362,56.1039669,
693.0551563,296.620299,56.5138323,
689.093394,229.0489016,60.4404073,
693.8097978,290.96065,56.4762007,
698.1473644,366.96986100000004,52.2788066,
699.8678031,330.514021,51.9730014,
693.831152,243.36340189999999,56.1817622,
695.2617514,250.8150783,55.1789548,
700.9403426,295.280416,50.8197754,
710.1472618,399.607735,44.3079781,
699.5197532,223.7173142,52.3696303,
706.9338725,317.07703000000004,47.5178648,
711.8043696,380.133243,42.4495146,
714.8774698,400.24138,41.2808511,
717.1216448,400.596054,38.4900479,
709.1564838,232.7115973,44.1901928,
717.6403262,328.675622,37.0008976,
721.6534905,348.414203,33.3767365,
713.7515611,220.7290924,40.9117142,
715.5854731,249.43159550000001,38.8759103,
721.0508459,308.236081,34.5264025,
723.983563,350.863292,30.9840501,
720.8337673999999,301.449962,34.1216263,
731.52997,361.49284,25.0899128,
726.498909,258.4698511,29.280114,
726.1157607,234.1791249,30.1678259,
738.443804,347.57228499999997,20.4654472,
733.93758,280.9471781,23.5100077,
666.1753938,345.411374,78.0695235,
669.7900033,337.59873200000004,76.1156229,
668.3800035,296.138489,76.5623052,
672.120628,309.03949,74.2692558,
677.1923283,374.372788,68.9821616,
678.040338,348.91492900000003,68.9182876,
683.3175159,383.303332,64.9494145,
682.4691771,365.057268,65.3674274,
677.6984997,249.0919401,69.0029775,
687.44356,374.657473,62.0779319,
683.1376515,306.307192,64.9585125,
678.6609325,236.6772785,67.7930408,
681.8722046,262.76142600000003,65.583582,
680.6467048,236.0843825,66.7629387,
691.0050754,376.784963,59.1790401,
686.1030549,306.318717,62.7392821,
694.7435565,403.082983,57.5975689,
693.995883,389.157063,57.2229538,
690.998452,349.386596,58.1548063,
683.3985645,239.1998457,64.4059166,
696.2766779,391.750451,55.4827089,
690.0653245,305.369094,59.3664995,
685.373011,234.7892076,63.491639899999996,
688.4094456,257.9498646,60.2585098,
686.4397288,235.0352101,61.656433,
694.5569785,308.628395,56.3427841,
696.7606452,346.44201799999996,53.4518232,
702.8738426,394.53366600000004,50.0848795,
696.779401,301.494757,54.0023068,
698.8693939,340.791808,51.4672837,
703.5505459999999,383.326792,48.7549469,
702.9770333,364.068587,48.216393,
698.7537527,291.316337,51.7226152,
695.7395297,232.4335309,54.6945493,
705.2003386,358.651258,46.3580733,
698.23027,251.57001209999999,52.5581125,
695.9204701,227.5384551,53.8853328,
701.0476458,244.8748203,50.0117518,
710.9712036,361.967676,41.4775796,
713.8808781,387.87822800000004,40.4929228,
704.6974993,265.336831,46.5372383,
712.7458816,336.55789200000004,40.908441,
706.191339,234.2122564,46.2809458,
708.0032166999999,237.2344723,44.8747334,
709.4787179,241.6951629,43.3448615,
713.1364632,295.798892,40.2196472,
722.9891515,401.459942,34.0720319,
716.8433346,305.444586,37.8012743,
712.1197969,223.2997991,42.5167328,
723.9267711,388.232321,33.0098896,
716.5793393,241.595104,37.7967792,
728.2466991,383.611095,28.9565847,
726.6379177,364.11065099999996,28.8171286,
719.2093943,251.469883,34.781666099999995,
723.5817767,285.57589989999997,31.099602599999997,
729.994789,366.171202,26.4036443,
721.2309999,227.4502904,34.9793238,
720.9552356,217.6591323,34.624398,
723.383003,253.1588017,31.4845168,
723.4071653,247.8812346,31.8867865,
733.829995,293.019768,23.1908129,
736.915377,296.924465,22.2206971,
733.310725,224.0791282,24.7106059,
742.766316,320.571723,15.6896214,
669.1936836,292.47908,75.1351295,
672.6064683,301.507968,72.9633054,
670.7997576,244.42674449999998,74.8793668,
675.8601928,293.71759199999997,69.7484279,
675.7341402,287.9465154,70.0312799,
685.8318546,389.871416,62.9242287,
678.3680207,245.5380824,68.3434534,
679.7333828,249.3060101,67.3326574,
679.9055957,241.456545,67.15350000000001,
687.132798,321.41668100000004,61.5795962,
692.6907387,394.637615,57.9918152,
683.0535431,258.48133,64.4584024,
688.8963802,315.76085,60.8572968,
687.9573077,302.880689,61.1366835,
688.2594382,310.158708,60.8922431,
689.2890144,323.033057,60.0233971,
687.3012406,292.42013,60.8212207,
694.9809529,386.101865,55.7208673,
688.2260707,297.07671,60.0311402,
684.6336712,239.7484799,62.8431062,
696.7654177,361.883288,52.9739513,
691.1316055,255.3657005,57.654213,
702.7548765,406.25300100000004,49.8595638,
698.1036222,324.827816,53.0731394,
701.0017972,380.70462499999996,50.1179138,
700.1610095,366.060044,49.6117977,
698.6802228,309.841858,52.3674851,
711.089696,406.071244,42.7645299,
706.8335442,318.393541,45.3977955,
712.7817105,376.280197,41.3059811,
716.9183141,410.016041,38.3614556,
705.014607,244.3648292,46.5261976,
705.947299,253.4106817,45.7528966,
714.8400769,364.649866,38.324904,
720.611548,389.90112799999997,35.2266872,
719.0152349,321.769115,35.169606200000004,
716.7422185,283.1641147,36.8862874,
726.0571234,387.50505499999997,31.2295448,
714.0112419,230.3884454,39.7489669,
725.9451314,370.55127,29.4450806,
728.7809055,376.53923199999997,29.4769551,
722.4291506,299.904696,31.8948417,
721.8027277,223.7290869,34.0204275,
722.4484779,238.4192275,33.0419593,
733.911379,355.364785,23.0693958,
661.5875241,286.07676100000003,79,FAILED
666.9990035,335.703025,78.0038174,
666.2814108,302.817994,78.8692445,
673.7250473,334.780973,72.5758784,
674.8512605,342.62061800000004,71.0008572,
683.8640547,394.26008,65.2301171,
680.7134348,341.882543,66.5770366,
681.1166908,333.471187,66.2235584,
682.6505492,344.365482,64.7127368,
680.9320031,246.0810368,66.1804733,
690.5090396,373.571886,58.570928,
683.2642368,250.94785910000002,64.04478209999999,
690.2312093,313.608274,59.2650392,
690.9666193,323.16184799999996,58.2899652,
691.7741864,344.90015600000004,56.8201339,
686.1060441,249.96623449999998,61.8854207,
686.5944184,254.38929810000002,61.4200385,
699.4093016,376.561869,51.4007489,
694.8090972,297.990057,54.736865,
700.3654303,384.904124,50.0716435,
698.1722525,363.466456,50.6056895,
692.2291462000001,248.94883190000002,56.7020129,
694.7118623,290.536751,54.2143661,
693.9738406,237.6078257,55.7095101,
696.4186795,263.7858159,52.3253399,
700.4861615,300.770491,50.4801254,
700.4217815,227.1119471,50.5773391,
702.7481818,254.9208845,47.875361,
706.2471557,299.32009800000003,45.7790529,
713.1132213,381.824708,40.1187427,
709.315483,303.937614,43.9017078,
708.1239832,296.886273,43.8355301,
717.2142488,390.73051,37.1278123,
719.1157194,398.793703,36.6090537,
716.7323626,316.71432500000003,38.6155894,
712.2943139,248.5344612,40.7557084,
712.4139649,253.7337196,40.1282666,
714.4598439,264.1789294,38.4384635,
728.3036364,408.47346300000004,29.051499,
717.7608757,286.89305690000003,35.2582406,
715.5724546,223.97060729999998,39.0909526,
715.9141958,227.2908568,38.0058388,
724.085029,321.840667,31.113558400000002,
722.7313326,291.131356,31.4391222,
731.276598,391.995006,25.7430993,
725.6571326,296.570643,29.9715772,
722.8846405,228.794393,32.742164599999995,
726.9257572,263.0085253,27.8601873,
728.6439377,282.8721572,26.7024905,
742.237077,329.51790700000004,14.9544195,
745.579917,321.825218,14.6293143,
662.9897128,280.95718,79,FAILED
665.3506933,285.134937,77.719966,
672.401669,340.074017,72.7114655,
677.7118098,369.404128,68.1044319,
674.1000431,310.421082,70.8745459,
673.7273538,297.015621,71.2190026,
682.2051783,380.022695,65.2642519,
678.5831804,330.203752,67.4705843,
677.7155398,312.484075,68.1065721,
683.7370731999999,376.30711099999996,64.64357820000001,
675.9637538,253.3737816,70.0201102,
680.5671264,308.913447,66.038373,
683.176153,352.82210499999997,63.790528300000005,
683.8194198,336.67607599999997,63.7606119,
688.1950155,396.669288,59.8656317,
688.0328961,376.63996499999996,60.7184697,
681.5417226,291.338691,64.648791,
680.3822901,256.2570218,65.993432,
680.8264859,250.4360527,65.51900069999999,
689.1072369999999,365.10263299999997,58.7489162,
684.2332977,256.52571290000003,63.06758550000001,
690.0913274,300.028186,58.518822,
695.1003745,376.288805,54.5206279,
694.2572097,349.627994,55.1980485,
688.6178752,242.3920537,59.5222766,
694.5310004,324.50461,54.9627702,
697.4607659,358.03618900000004,51.5248193,
692.1995804000001,288.3526412,55.5320518,
704.1471124,409.17508799999996,48.5701272,
699.8899598,323.51298299999996,50.7869381,
705.1854463,390.683138,47.0458844,
693.7786648,246.18494429999998,54.6215376,
696.7744822,256.664289,52.438084,
696.0733881,246.3180012,52.8548034,
697.8448813,260.9121973,51.4255355,
703.5458918,328.83691799999997,47.9143125,
706.1325356,370.91414599999996,44.9603483,
706.4366256,358.731212,44.1425795,
709.7463442,352.368831,41.8089586,
702.8737288,227.8800205,48.5150521,
709.1398757,318.56935999999996,43.1516612,
715.5761732,394.255667,38.2846128,
714.5741697,369.893725,38.0922763,
713.2578405,350.302144,38.6788301,
705.9048712,225.4893037,46.0601657,
714.8362626,356.085555,37.3306887,
710.3522332,270.6507993,41.3944867,
710.933966,264.5333316,41.0062907,
715.4773268,322.64968899999997,36.9565173,
717.5259123,337.551011,35.830877,
722.014307,382.38550499999997,33.1741708,
713.8713388,287.1593418,37.9005578,
716.6464724,316.941558,36.2149277,
710.4056353,198.05163533,42.4151008,
717.3350508,300.2805,35.9196789,
720.9175917,324.20937100000003,32.8342586,
717.3466008,261.4300832,35.7102693,
717.8783441,229.5539402,36.1747514,
727.0499914,359.17591400000003,27.3292843,
729.157047,338.533569,25.5005601,
731.654513,294.64022,25.0531064,
738.771055,377.524667,20.2573944,
670.9740089,346.05001100000004,73.2186605,
674.845598,303.731246,70.1281664,
681.4256661,349.544376,65.1441497,
679.9572363,302.295012,65.7936077,
687.6973817,327.884143,60.4395866,
691.8361414,384.027647,57.0646784,
691.3112163,377.372653,57.02371,
691.5090751,367.632542,56.5214145,
691.8624522,373.282517,56.3828194,
687.948757,291.420612,59.128513,
695.7009819,370.966087,53.1218132,
695.1052831,352.141011,53.3399546,
695.3666805,319.860464,54.2042841,
696.1873959,334.343549,53.1633084,
692.5794672,258.7403737,55.6290651,
702.0254833,335.244411,47.9522949,
707.0222711,387.976844,44.7519171,
710.8156759999999,388.877675,42.1161022,
702.4961564,260.25794759999997,47.3935805,
701.6763056,238.9943405,48.0616619,
710.0618223,327.602709,42.0349599,
711.2586957999999,309.53828699999997,41.1367631,
706.2889995,220.4478642,44.7168981,
709.3857364,255.59846800000003,42.0444308,
710.8868987,280.825964,40.3154429,
716.7116702,340.94563400000004,36.8128018,
722.6034935,408.848068,33.0905391,
721.0297734,375.71936700000003,33.7733956,
710.5050054,229.5419722,41.3000998,
709.6858297,203.5369621,41.9884209,
715.4114373,291.39284299999997,36.1918122,
726.242532,403.75622999999996,28.6095176,
715.4011391,249.6164606,36.0764113,
727.8809666,372.243445,26.9023426,
731.03157,397.68039899999997,25.7298678,
728.1512971,331.784249,27.1707024,
729.869009,356.398841,24.9015542,
726.3610254,267.9275401,28.4425296,
739.6299,260.5999367,18.0489259,
739.118876,255.26636989999997,18.302333400000002,
667.1735213,343.31622600000003,76.5076156,
671.8141947,255.4453186,71.9240968,
686.0428503,392.52637300000004,61.3550186,
675.5272616,237.8707084,68.5258701,
686.5563813,381.776121,61.0481591,
680.2742762,285.9933692,65.01571659999999,
683.5241986999999,297.667667,62.9419199,
681.5279318,264.5294508,64.109725,
688.883531,341.678604,58.3290102,
688.0642038,309.418877,59.0921446,
691.1792514,327.75205,56.7692605,
692.1984217,301.054216,56.6687767,
695.2563668,312.461717,53.9638605,
690.5354173,242.3745845,56.8741892,
703.7648766,366.932226,45.8409475,
707.9742518,393.581491,44.2796373,
698.4214376,248.8336232,50.518026,
699.8029155,267.8423404,48.5466035,
699.9621595,239.3675448,49.6657724,
703.3384454,257.1871571,45.9099754,
710.5064692,322.56410800000003,41.8235249,
715.3621905,382.98587699999996,38.3258774,
707.6746899,258.9179569,43.0171593,
717.2992544,382.104998,36.2764492,
720.0786324000001,409.437003,34.2838572,
716.0843654,364.369636,35.9006348,
713.2377792,311.81374,39.1340003,
710.494345,276.3885386,39.7614568,
714.3601298,299.187618,38.1086527,
706.8622989,203.5583773,42.1805552,
712.231313,241.3152092,38.9604038,
717.2937641,295.738482,34.7426732,
717.8294745000001,279.2764261,34.7502083,
723.6790569,345.385157,29.2809305,
728.9222401,387.189023,26.9970668,
719.0197246,233.78699360000002,34.775111100000004,
727.2030948,346.70129499999996,26.5377981,
721.775061,257.21703809999997,30.6135245,
725.1739386,288.7099322,28.8304264,
724.8591717,273.06361830000003,29.56799,
737.196019,262.3604867,19.605340599999998,
659.8778707,298.978729,79,FAILED
663.5152083,331.520601,78.9880502,
666.10203,302.993181,77.1209434,
673.9016719,348.093339,69.9277967,
672.3451194,305.28524500000003,71.65489,
675.3546311,330.075091,70.2101422,
679.4747045,346.68397500000003,66.3469279,
672.7802894,244.5179636,70.9872834,
674.0003474,247.084812,70.0099888,
674.2020095,256.9418806,69.4958483,
676.8288158,293.547262,66.9239465,
683.8821113,377.30726200000004,62.6224477,
677.6041932,285.6827586,66.7439277,
677.5347651,261.15472769999997,67.23029919999999,
684.3569748,349.74557100000004,61.4527169,
685.973975,370.36366,60.224367,
685.0451326,330.57516499999997,61.4076725,
686.6450651,343.101906,60.1216808,
680.4701578,241.1270337,65.4344263,
681.3279415,246.6581546,64.3779959,
689.9243165,362.39610700000003,56.913909,
688.9801703,336.21999,58.0289932,
690.8180046,332.46076600000004,56.6490323,
692.5604891,360.989183,54.7855824,
689.7699817,285.1629874,57.1700991,
697.9156088,387.434011,51.7108944,
695.3511889,339.88083,52.7275096,
696.4750352,318.548861,52.6862341,
698.8255323,359.56289200000003,49.4222261,
699.4542547,332.211434,49.0601858,
705.8672145,401.94730400000003,45.621841,
701.5865111,353.241213,47.3350857,
697.176789,269.43906400000003,51.1114221,
705.6065272,381.296127,45.3108586,
701.7551611,306.003174,48.3548604,
703.8945102,354.07126700000003,45.1889794,
702.6307581,294.434657,46.981784,
708.1256833,356.60452499999997,41.3620693,
706.0178793,310.434624,44.622552,
714.7921825,388.839614,38.3518398,
710.0720922,300.346426,40.8707066,
713.5118085,332.86001699999997,38.1437302,
714.4593375,351.16164200000003,36.2954595,
719.9534277,393.684303,33.9018238,
711.734229,271.9109572,38.7905766,
723.1895316,400.029632,32.1760129,
712.4320161,235.4279989,38.2972499,
723.3353142999999,360.87831700000004,29.5180591,
717.3811441,239.2135645,34.8669824,
736.175733,257.5506755,19.831245799999998,
739.457261,316.381891,16.4765632,
738.02844,250.1917608,18.4827213,
740.373466,272.0534351,17.7316937,
741.353003,257.4520434,16.4366196,
748.69969,308.897365,8.45456332,
661.7008376,289.913116,79,FAILED
673.4862893,382.407103,71.3872947,
665.8077231,289.181437,75.7956483,
667.9622496,287.7533845,74.2337742,
669.0657346,294.181135,73.2919107,
674.7655607,338.43919900000003,69.2546048,
684.1321381,395.842209,63.80214169999999,
676.0706641,302.431059,67.8847547,
676.20636,253.64080280000002,68.1163945,
684.91596,386.387764,61.4492425,
684.0655528,366.23539500000004,61.4970807,
693.7303417,397.305438,54.9773383,
683.2667972,252.73744299999998,62.2490785,
686.758468,284.567304,59.2949594,
692.9068946,371.827784,54.6245523,
695.2935286,394.213329,53.1304984,
685.3137115,247.4539038,60.5640641,
688.6441745,289.436484,57.3494161,
687.04291,251.9419363,59.4828739,
696.6461502,383.27306,52.0051291,
688.6775835,238.9488896,57.8915134,
690.8654417,283.1755357,55.3582906,
703.1012401,377.66627600000004,46.7932598,
703.1622184,373.20623,46.0261803,
703.3315331,323.76136399999996,46.8043983,
699.1890813,260.4198876,48.7854172,
703.3559225,306.47592099999997,46.3921022,
710.5433699,396.485706,41.3188122,
712.1399027,404.633537,40.4688134,
707.2294956000001,331.471073,43.2647265,
705.2180666,305.272484,44.9051479,
712.855856,395.967785,39.3497627,
703.9139003,270.5508859,44.7948496,
704.6868683,218.8671072,46.6589247,
703.9443257,238.4596334,45.7295979,
715.1476893,378.176596,38.5481092,
710.8856712,330.913256,40.011137,
706.9464261,245.783379,43.0293488,
711.683073,305.474334,39.2952927,
713.1253034,326.435379,38.3542431,
709.3174905,240.172233,40.9485063,
711.869361,259.67640919999997,38.7548664,
713.3348899,252.9164336,37.8768616,
725.0277063999999,394.183724,29.6459617,
727.5185496,394.59796700000004,27.8305424,
721.1131208,277.190897,31.475136399999997,
718.7164351,253.8366581,32.8446536,
730.940236,380.64308900000003,25.5774627,
731.321135,350.664935,22.4601788,
735.507119,252.9035987,20.6363096,
739.171492,267.6063133,18.2964085,
740.702494,252.69595420000002,16.4077578,
671.6186514,348.00154599999996,71.7827611,
676.9931904,377.517903,67.4363765,
669.4563929,247.5277485,73.8562943,
682.0534997,386.75815,64.4736286,
675.4953347000001,297.680364,67.937799,
677.0085129,307.411784,67.1670508,
674.6230542,243.504394,68.7917371,
681.9979469,347.21283,62.9885702,
682.7367221,328.68068800000003,63.755070200000006,
678.4085511,256.2906464,67.2136308,
685.0861444,324.35823500000004,62.2348099,
685.5698523,352.89934900000003,59.9868216,
683.9598617,312.04785,61.8168644,
682.2611033000001,286.6616571,62.1541053,
681.1941933,254.3781024,63.92165030000001,
692.0936962,392.687314,56.2580409,
681.2599737,235.6720133,63.9881719,
689.7624165,353.265823,56.2887863,
683.8125882,231.5488062,62.8116767,
689.8715042,305.290798,57.3569625,
688.8691209,296.007098,57.4791544,
684.6948984,230.5845637,61.0355936,
688.3088094,249.67344400000002,57.6211935,
700.062632,376.380681,48.8787212,
703.3287789999999,397.13278,47.0114537,
696.8305773,288.6670541,50.6138405,
699.6246627,327.948372,49.29326,
698.1361804000001,312.430619,50.3517011,
701.680803,313.019021,49.4449409,
694.2683029,236.2716322,52.8547703,
697.2019181000001,264.8068517,50.0711421,
697.5017496,232.51471420000001,50.3435622,
706.3226353,326.16045199999996,43.9807401,
709.0446728,367.709254,40.5938541,
710.9419259,372.24863,39.8249949,
707.8585141,309.736878,42.6118795,
704.981703,247.8332576,44.4736502,
705.4170594,241.9086049,44.088617,
710.3766844,285.592077,39.4655967,
713.6792876,317.022472,38.1166272,
714.9552643,332.276494,35.8067951,
717.665077,342.806188,34.1599229,
721.6525331,394.33756500000004,31.934190799999996,
717.3128406,305.801318,34.6886449,
720.3315187000001,344.329826,32.148836200000005,
720.6655348,355.54756599999996,30.7071706,
713.1066166,220.2179387,38.7307346,
724.4518602,349.999689,28.485103,
726.3823435,353.508538,26.6422838,
722.5274976000001,263.72095360000003,29.7477403,
729.352974,230.1791134,25.2569053,
733.2311,259.3258148,21.9075202,
735.0643239999999,265.5375112,20.6011021,
733.7707350000001,247.5979077,20.6453562,
737.016018,245.1791349,18.783198300000002,
657.7681756,287.32513140000003,79,FAILED
665.0952575,338.910439,77.086355,
664.6413598,298.79009,77.0781138,
668.3951374,310.70660499999997,75.1621354,
669.7673885,288.7596381,72.3443761,
679.284247,388.029079,65.84415609999999,
678.5808468,354.25514799999996,65.28506110000001,
672.5498538,254.56497439999998,70.2455455,
674.4202415,285.8255378,68.6685911,
682.8909187,372.751822,62.7041951,
678.0366151,291.772603,65.68556459999999,
681.9295617,312.587512,64.0836918,
682.4696541,342.324751,62.2504301,
686.5758416,379.508223,59.6639617,
681.7627614,291.339722,62.6168099,
682.8778374,264.0654016,61.8857031,
685.2431164,265.0427868,59.5347014,
692.4489834,331.176421,54.5619434,
687.3087639,257.9355509,58.3663373,
686.2654597,246.9464666,58.9824932,
698.8042539,399.765166,50.1418067,
694.0834842,306.735012,53.3111433,
688.8923619,233.5611027,57.3092574,
700.9935409,391.39397199999996,48.2522927,
692.1578059,264.3915591,53.8058287,
697.1171077,335.06832499999996,50.403038,
693.020683,257.46384,53.7183026,
700.1084598,359.60871099999997,47.3138761,
703.9482731,385.459643,46.0455827,
693.6166108,251.1747074,52.9423481,
695.4954514,273.7554612,51.2395592,
696.7611759,282.9157132,50.3593746,
703.7862248,363.42276100000004,44.5394125,
695.1101271,231.63103519999999,52.059438,
706.7915054,379.77946199999997,42.9426925,
700.2269635,245.7320681,47.4139989,
709.0085882,294.031105,41.0634746,
712.3653792,341.884464,37.8830815,
711.6572441,321.55931699999996,39.333197,
709.4799457,289.97664299999997,39.5134644,
717.2821678,362.792328,33.3688344,
711.763485,282.9796518,37.8514922,
720.7995026,382.08707300000003,32.644950699999995,
721.2260481,341.12094,30.5374897,
718.4838361,288.9876451,32.4827775,
717.9412168,259.5181438,32.9135896,
719.5574463,263.3674165,31.342590900000005,
727.2993877,295.15285900000003,27.1464574,
723.2229497,218.0153601,31.4502145,
732.279284,255.0552823,22.3010843,
731.517708,250.2888727,22.6336699,
745.663291,336.19077,11.528024,
745.602313,310.198578,10.54099602,
656.5288713,282.6437266,79,FAILED
667.5673598,346.523506,74.5157904,
677.0325076,384.3737,67.72828179999999,
674.1954169,352.671748,68.8795389,
679.0378874,384.871225,66.05029569999999,
675.8121737,342.44678999999996,67.8757348,
678.5609683,380.484412,66.0525981,
677.0730149,366.295451,66.1709631,
675.5351284,335.427331,67.7211001,
673.9635901,281.455307,67.85679160000001,
683.0170472,382.990076,62.7446817,
675.0053454,289.315499,67.00345300000001,
677.155075,281.1042212,65.9429559,
678.3630404,259.0863408,65.72170109999999,
689.7975668,402.16611,57.8917669,
687.0445691,369.30055400000003,58.3145262,
678.4390354,235.5068593,65.1111761,
684.5012259,306.903139,61.1379759,
691.3410924,399.17715699999997,56.2340407,
681.0135816,242.73672349999998,63.63027819999999,
689.5222525,358.044614,55.5850959,
694.8892469,399.933826,52.5135211,
692.5263255,358.787607,53.2377877,
693.1572367,364.672344,53.0938951,
692.0345338,338.863222,54.2431914,
691.7372087,313.818255,55.1550778,
686.2081991,236.7455907,59.1232859,
698.3317502,391.400406,50.2268577,
688.4739189,259.5693201,56.4933817,
689.4045461,227.9849152,57.3856535,
692.6086657,276.4420488,53.105956,
700.148675,371.034934,47.4424977,
704.8998869,397.049954,44.9699109,
699.1087841,310.83115599999996,48.8257019,
700.6975237,317.478887,48.501345,
707.4175639,403.824172,43.3478559,
704.4052131,367.660396,43.6135302,
701.8555536,311.993011,47.1024685,
696.1619413,244.6993196,50.9348906,
696.1105075,236.8538095,50.8011653,
697.9703696,254.7323283,49.2758119,
704.8732811,354.401784,42.9215374,
701.5893959,250.4201196,46.3276684,
708.2504406,305.101634,41.4879703,
712.4352507,360.632654,37.211162,
706.0545085,272.3319249,41.7865659,
707.4127669,261.1040818,41.2302647,
706.8214355,237.5741734,42.5121229,
719.234825,397.978789,33.6187172,
710.3923423,224.4401808,39.9510729,
713.1648356000001,267.712821,36.397016,
712.7753308,245.65274829999998,37.0556935,
723.5363631,382.944575,29.9926353,
718.3091976000001,319.612685,32.0437272,
715.5509474,254.94226709999998,34.9090073,
718.6300851,244.3314133,33.0827946,
729.4281579999999,257.7979245,23.6475325,
738.096673,276.4364039,16.6730728,
662.8312926,335.249887,77.8096578,
663.7602889,292.237593,77.0322541,
677.9994992,391.199433,66.6980059,
671.2194913,293.921048,70.6292145,
677.1520165,373.571755,66.85038610000001,
679.5964957,374.294101,64.804593,
672.6043355,240.3808223,69.462067,
679.0487121,329.91609800000003,65.0059334,
684.5198261,399.751979,61.3052158,
682.5281835,333.933607,62.4113525,
681.1722188,321.71043199999997,62.9860352,
677.3310177,245.2289431,66.3098268,
681.514635,308.44117,62.5133549,
681.5440329,302.497444,62.6872397,
686.6637608,352.81887900000004,57.9612667,
690.9875724999999,387.910325,55.8480555,
690.5102211,365.28911800000003,54.6885261,
690.1269645,336.386955,55.549908,
694.7788151,347.36467400000004,51.4390696,
694.846765,352.98501899999997,51.030306,
689.2405075,254.09626079999998,56.1932218,
702.2331079,402.239965,47.6295481,
695.7172243,303.311074,51.1320171,
698.7323744,339.067921,48.756073,
701.1906251,349.677062,45.2693419,
701.6865713,332.03368,45.9174511,
708.9053507,400.720637,41.4956296,
703.743637,349.647568,43.285535,
706.773864,373.850751,42.3657876,
700.3388437,273.9269828,46.7702775,
706.8291313,364.387498,41.603361,
708.421271,383.919912,41.3164386,
709.6203565,363.965638,38.8881172,
701.4873579,229.4456188,46.7075593,
709.3109531,344.255474,39.5330082,
710.6585242,353.94939899999997,38.3481209,
714.2509431,403.018065,36.8350138,
716.0991544,407.201168,36.8438823,
704.9891666,268.2227736,42.979438,
716.7559598,394.461535,35.250865000000005,
706.8007607,266.9318015,41.56921,
713.0341551,337.03644099999997,36.8205064,
712.8791457,345.740599,36.3914601,
719.0718103,387.303853,32.6383351,
713.4605974,309.89002800000003,36.997327,
718.7596199,365.309097,31.501331399999998,
717.0017555,339.410383,33.0574839,
713.4314363999999,231.8567078,36.7724473,
714.9472876,244.4729629,35.0412995,
717.0200215,219.8009848,35.504904499999995,
719.6928837,273.05882529999997,32.1913347,
732.497934,269.9540583,21.5656345,
731.086767,245.7633694,22.4236343,
733.303881,241.8437803,21.0604256,
656.7275089,292.004861,79,FAILED
661.2069707,328.376739,78.5361173,
660.7304014,296.491674,79,FAILED
666.6250029,330.39317800000003,75.1346281,
668.0309774,340.218755,73.255874,
670.3917921,328.258514,72.3104937,
671.4040418,338.315379,70.5057919,
671.5748001,332.816169,70.7465454,
673.902469,307.233844,68.3171148,
676.0819508,240.0776189,66.67409649999999,
687.0905628,381.84049400000004,58.0571662,
685.6089747,332.782872,59.4918084,
689.4971028,395.542767,56.5513089,
681.043874,282.3640703,61.7489361,
691.3000456,380.954202,55.0863806,
693.0097674,389.923469,54.3424926,
684.3427022,256.6000955,60.0279916,
690.8276722,308.04515100000003,54.8921333,
687.5098951,266.4979863,56.2352727,
696.5355028,373.81822999999997,49.8561569,
695.4104934,326.604109,51.5842314,
692.9763966,296.20065,53.0379192,
692.9438539,268.1189752,52.1753372,
698.1462603,305.126685,49.3084104,
699.4988065,322.77713600000004,48.300264,
696.6196106,273.1212701,49.0943516,
701.4892735,318.60913500000004,46.8208348,
704.3217883,321.652155,44.1805183,
708.7188333,392.361273,40.358539,
698.8114639,251.2829543,47.9535955,
700.9856366,268.6806264,46.3161092,
711.2881651,401.275056,39.1915084,
698.7986236,230.4692639,48.0533683,
704.3611405,280.5960167,42.8530022,
708.822529,317.662301,40.7491982,
704.507324,261.7879878,42.8535433,
706.7492726,284.7330266,41.3731659,
720.7769643,377.91306099999997,30.3141416,
721.2615029,336.249096,28.6214405,
723.3264377,356.316244,27.4023184,
720.2322545,296.317217,30.0990366,
728.2088149,252.4099907,24.5074259,
728.326478,245.9343256,24.4383723,
735.2372809999999,277.1337875,19.0602654,
737.28466,248.41924410000001,16.7031432,
658.215297,293.935989,79,FAILED
660.8558744,284.6050455,78.2528383,
665.6332356,340.39547,74.8958742,
665.2276225,296.822341,75.1345639,
669.3552219,330.397875,73.2409072,
668.6509157,298.381123,71.7992054,
669.4635892,251.8389678,72.088354,
672.5586079,299.723434,68.9372218,
670.6002211,249.16024149999998,70.2090128,
678.7610644,339.57818199999997,64.5653551,
682.6859645,395.247435,61.392138,
683.0409914,375.235229,60.8145044,
675.0655732,248.9931479,67.1689141,
687.1029342,385.997021,59.0277001,
678.7789403,284.7365333,63.1974896,
688.5212279,389.924355,57.2395419,
686.3169343,346.45440099999996,58.0032253,
686.7800546,326.111961,58.3668043,
681.7084518,255.8518603,61.5718711,
692.8585321,380.448218,53.0604501,
689.8311126,345.687888,54.6359091,
685.3836745,262.606202,57.7733609,
688.3394106,277.83350989999997,56.6633803,
695.2166064,378.766193,51.2327942,
692.1796599,302.273054,53.5177577,
689.1195718,262.531031,54.5830078,
691.1068774,280.9962305,53.236696,
695.4190263,321.290228,51.2059329,
698.9862752,379.921972,47.7931691,
690.0649378,253.7799622,54.2447525,
691.2334055,240.9788946,53.8151328,
697.0960589,296.194171,49.3930859,
693.7136353,240.5075928,51.4207782,
704.1163429000001,334.890914,43.5434925,
705.5372203,347.28112799999997,41.5627368,
709.4567294,378.475996,39.8641191,
710.8032297,391.469624,38.3613397,
705.5007952,301.97718,43.0542995,
708.4363506,358.47228,39.1119412,
703.1884417,289.741039,43.2715531,
706.0446491,276.3777973,40.5383549,
706.5776057,225.4031027,42.2455836,
717.5258909,377.51344800000004,34.500110899999996,
711.238848,292.794174,37.5561314,
709.2911806,267.0424486,38.8511831,
707.99913,250.69176149999998,40.5330557,
708.0996998,244.63628649999998,40.5682571,
716.7901045,354.398269,32.5339106,
708.5035531999999,234.2850124,40.111167,
713.8779813,304.546535,35.9372691,
717.9226049,311.41009099999997,33.0028075,
713.0692248,238.1107805,36.2997167,
717.5862766,298.939706,32.0737935,
719.2287906,325.984195,30.8193803,
725.4485035,366.68503,26.5103782,
723.5552007,329.544196,27.5307033,
721.435942,267.0954499,30.7415937,
722.6417796000001,292.790571,28.6416578,
729.598854,240.2367258,23.1616038,
732.532469,274.6192314,21.3056763,
741.994344,315.407037,12.64669408,
661.1473258999999,323.14802599999996,78.616048,
672.5136339000001,379.421839,69.3723481,
667.0413484,300.280287,73.5853229,
670.1274556,286.0074887,70.2449354,
680.3731488,397.34970899999996,63.761635,
669.4632808,246.327514,71.2174354,
687.0791995,391.565407,58.3071018,
681.7260658,296.13852099999997,61.3268126,
682.9033708,302.504371,60.5150711,
681.68513,243.2589062,61.3238676,
691.8351873,384.920365,53.7665051,
689.6552767000001,324.30044699999996,55.6234631,
681.8686891,239.00774280000002,59.996497,
689.2977332,294.718353,54.975395,
686.9734367,244.0838195,57.2955744,
695.7598202,368.883217,50.1797899,
688.5011499,274.2075959,55.1241457,
690.655451,271.2508696,53.2512271,
692.4225738,289.156746,52.2319076,
695.9089051,344.39574300000004,48.9572,
701.9261454,393.445745,45.9848078,
691.359109,230.4250386,54.3967219,
700.9106375,381.420923,46.0413889,
694.2304432,252.1332011,50.8067363,
695.852705,227.6322879,51.2892525,
709.1567002,387.83365100000003,39.8498959,
706.1670193,334.518904,41.1168841,
700.6691451,234.04826020000002,46.6113281,
703.3190016,274.76818760000003,43.121144,
702.2049425,222.40358270000002,46.3377678,
704.0285753,226.8634408,44.5826212,
715.8251244,386.722632,34.6941113,
712.5607152,360.639952,34.7695037,
710.3540102,297.981861,38.2739318,
707.0112323,221.54083839999998,40.969579,
718.6823626,375.307976,31.954881999999998,
717.8381411,371.053603,30.9228052,
714.7853223,326.873067,33.26147,
723.402374,398.0272,29.8952575,
723.4750074,341.287647,26.7938832,
719.9056861,222.9780586,32.2633601,
726.8128893,240.2470653,24.6067443,
736.932878,331.851565,15.6425044,
734.2317,240.2291367,19.0554896,
662.9611476,345.687181,76.2250252,
664.806246,302.465459,75.3080062,
669.350314,342.485842,71.5343613,
672.0981008,333.477084,68.9972754,
675.7173631000001,338.39095399999997,66.0581324,
679.2841707,378.163255,63.3632339,
677.3425545,324.989204,65.54371499999999,
673.6631552,258.5802901,67.61853099999999,
674.389932,254.4230622,66.5856451,
684.0485768,389.244319,59.5537816,
677.7653435,248.9268481,64.75231840000001,
677.4138269,244.3850684,64.4609913,
681.4720892,236.5336822,61.8131952,
692.0172698,375.304086,52.6364625,
685.0131041,268.6275265,57.9235747,
692.9365203,328.335643,52.8959857,
698.7150133,364.91785300000004,47.3281531,
693.3142083,295.096252,50.8789617,
697.7098154,342.279295,47.5520036,
698.267398,296.838618,47.5295017,
705.166981,384.85889099999997,42.6333756,
706.3535066,391.37537699999996,42.6496578,
710.7986624,386.393861,38.1636924,
710.3122603,374.841705,37.8428536,
702.7029426,256.92450510000003,43.7341135,
705.5532375,253.0507584,42.2950559,
705.2064795,248.4131955,41.8668605,
712.3034876,296.976877,35.8119467,
711.7916177,256.6634749,36.6774233,
711.2384364,261.4207883,36.3902326,
720.5799765,373.56731,29.2804785,
710.9302706,226.1062348,37.5592413,
714.524797,270.4771379,33.4087696,
725.7635509,257.4594553,25.3475789,
724.3395104,246.8649701,26.0649151,
724.3034283,242.2663446,26.1515723,
727.3145977,261.6181447,24.2768915,
727.8253236,267.40185510000003,23.6035895,
735.822824,279.5881686,16.8434815,
734.943764,264.9982478,17.5248253,
652.9818931,275.8570405,79,FAILED
658.2010709,302.823991,79,FAILED
659.1442149,307.579,79,FAILED
659.5788708,301.059319,78.4811008,
666.3051565,390.79348100000004,73.423973,
663.3750002,334.01164,76.0375533,
657.904268,245.8663384,79,FAILED
678.0011652000001,390.990732,64.4626436,
678.2696445,380.70878300000004,64.5539134,
679.8063452,373.73952299999996,62.6467814,
681.997002,339.052618,60.6083322,
674.7561737,236.7066603,65.8052008,
683.7369845,327.02241000000004,59.5873087,
679.560552,251.4100922,62.8229593,
681.2742051,291.502769,60.5297419,
685.8863083,315.037311,59.100895,
682.7290133,280.6524534,59.6306654,
680.5228358,248.66913590000001,61.2523446,
689.4951734,354.697728,53.9603967,
687.9993024,300.51106400000003,56.2806239,
684.0154801,241.67988,58.6014677,
685.7750059,253.8330263,57.747854,
692.8978757,372.201279,51.4590242,
689.3558636,302.302296,54.8374751,
697.567753,387.450222,48.9188126,
689.1943681,245.2283671,55.3726445,
693.7285747,309.663915,51.7139557,
694.9928726,329.64020800000003,49.8930046,
687.5491255,231.6029752,55.618289,
692.7074331,279.2935915,50.7347961,
692.1007455,259.1809814,51.6463108,
702.1858744,326.84774300000004,44.9239583,
701.4267657,300.97990400000003,45.2585663,
701.1168314,277.826822,45.0275613,
706.0758049,340.502919,40.4165671,
706.8940829000001,350.949294,39.7367533,
705.579566,319.87123299999996,41.8652962,
700.1162744,240.7155892,45.8953828,
710.3860599,368.407264,37.2823236,
705.5541461,290.459268,40.9487074,
709.3694505999999,337.491847,37.8708742,
716.334516,405.326482,33.6128703,
709.270011,316.489557,38.8099795,
707.0514255,255.96143240000004,39.9396302,
709.2126311,247.6103024,38.5183155,
711.7613332,273.8082372,35.7996163,
713.7541131,292.15529200000003,33.6866458,
716.3111982,329.04012,30.8952058,
715.5811287,295.268452,31.967439900000002,
714.6606078,265.42008250000003,32.7674397,
720.2285706,331.49678800000004,29.2313793,
714.8368547,228.2310446,34.469618600000004,
723.4762806,336.527008,26.395032,
718.9712496,227.9759102,32.5040142,
722.0553731,300.860382,27.3060484,
723.2876822000001,281.0174027,27.1480993,
723.4959799,250.8023972,26.4231695,
729.59485,236.0199532,22.3036181,
735.189185,257.529955,17.0287977,
656.9270248,307.565805,79,FAILED
656.7264729999999,281.78576350000003,79,FAILED
662.2087262,284.3516172,75.7851489,
669.1078548,352.02140299999996,70.0315979,
672.8302149,375.155937,67.9901835,
671.153236,342.607077,69.0130345,
674.2172264,353.623098,66.6101567,
673.7215179,347.132474,66.8824223,
676.1720257,376.322396,65.2139828,
670.7812573,291.503259,68.711735,
680.630893,398.011975,62.1516773,
678.6124724,350.107955,63.342345300000005,
678.0776353,306.541682,63.716779900000006,
678.1593166,296.07556999999997,63.20572820000001,
677.0672655,263.36641,63.0630857,
687.3225175,385.34087,56.6457214,
687.3015021,375.49842,56.6018882,
684.0590732000001,338.04058299999997,58.8242506,
681.4130528000001,286.6248342,60.079187,
678.8694683,239.6009102,62.4623769,
684.2891519,301.539431,58.466415,
690.8109701,369.55473,53.0366484,
689.9344837,322.694822,53.901359,
684.5887992,230.9347496,58.0489705,
695.909134,379.52051900000004,49.1683214,
688.4281147,237.5865059,54.7836985,
696.4414754,354.194257,47.4991859,
688.6645453,227.8377678,55.159477,
702.8420848,379.274522,43.799345,
694.2308317,257.7780855,49.7450348,
698.324446,292.276132,46.4354114,
696.612077,226.3047377,49.4503042,
695.9898086000001,246.0096512,48.6447996,
698.311611,263.6428671,46.5046118,
696.4389641,235.80970250000001,48.0057335,
702.2450889,294.935197,43.0919037,
711.730975,372.259519,35.843455,
715.0953765,372.476635,33.7491123,
717.029647,382.211193,33.6300489,
710.3880407,303.64926,37.0398812,
709.1865638,253.0915743,38.2265931,
711.7971721,287.3296122,35.8587207,
712.2122001,279.8728705,34.7094481,
713.8463234,275.29255639999997,33.5196403,
721.5924972,370.013851,27.7649041,
716.8163006,268.5781134,31.214964100000003,
721.1321077,275.6308209,28.8751767,
728.0744293,272.1675413,23.0874494,
726.6152397,235.162972,24.1576018,
735.986947,360.528188,15.9151928,
733.012682,281.7296268,18.6990695,
735.806617,269.74569959999997,16.9476393,
737.374961,315.666364,13.74840862,
738.572779,256.885862,14.8766386,
658.2014512,324.434748,79,FAILED
654.8354701,278.5151848,79,FAILED
665.2536875,335.3518,73.6152187,
667.5838980999999,336.434759,71.8995977,
675.3907236,349.126391,65.11069979999999,
678.881246,384.297773,62.65829,
676.4852229,312.205351,64.9398545,
672.7214646,243.9269825,67.041575,
683.6984806,373.48029099999997,58.822379,
686.741339,365.245432,56.7195252,
686.4698517,347.458599,56.0609593,
681.460223,261.2264146,60.1204085,
688.06431,314.161752,55.8759963,
694.4442622,395.49024299999996,51.11603,
682.8605244,233.4493162,59.2816686,
687.1094431,280.8329136,55.0682952,
697.6691344,384.015841,47.3506589,
698.8749597,388.788677,46.3294082,
692.0022536,283.99970989999997,50.717457,
701.5777501,389.561514,44.6755188,
699.1464711,356.762799,45.4483424,
702.4820237,374.768604,43.5293865,
699.8701323,343.711913,44.8490232,
705.5755623,360.39666,40.4539289,
705.7776645,373.949138,40.0737985,
699.9185514,260.69462,44.792089,
707.5495743,335.29292799999996,39.1761072,
709.036248,310.150133,39.0470294,
709.4107743,280.1460992,37.4913555,
713.2324428,337.288764,34.5170511,
715.7137036,359.587935,31.2742955,
715.1384689,344.769988,32.111671099999995,
718.3378556,348.040263,30.437618,
719.3421203,366.60691499999996,29.0221714,
713.2186795,260.699117,34.0369534,
721.1272576,326.144863,28.2999648,
725.3881111000001,338.650585,24.2763178,
733.196621,372.920469,18.9166421,
730.407164,279.5723489,20.7554847,
732.767022,317.166284,17.9261617,
730.655349,256.59497020000003,20.1921196,
732.256048,267.8912068,19.6743806,
738.139355,361.65932599999996,14.3968049,
732.980523,253.3375749,17.993620800000002,
738.700959,337.63653899999997,13.37754986,
735.664068,243.4532796,16.6304148,
736.26955,262.0938464,15.7556455,
739.931406,310.42924700000003,11.25291482,
660.3973,340.240794,77.4801926,
656.6356091,287.6764351,79,FAILED
662.9114991,329.25388,76.0790111,
661.1120035,298.227455,76.2395893,
669.0930407,380.948299,70.906947,
661.6057115,243.8370079,75.8666551,
665.1826504,284.7330776,72.4227442,
664.9172058,247.5278524,73.8489186,
672.588466,369.099108,67.3720744,
674.9819723,343.530282,65.3722509,
677.8974848,344.400595,63.7724827,
671.7456687,254.5664022,68.0560011,
684.7165601,398.903119,58.8986105,
674.0686863,260.8402963,65.8795854,
684.0242747,363.082708,58.5498926,
682.6945975,346.448678,59.0991758,
677.9138822,245.1055442,62.7370798,
684.4729818,307.198232,58.7696343,
682.2791131,297.389759,59.293102,
688.5776744,370.434327,55.0588457,
689.5675731,376.438754,54.0349942,
686.9797679,326.782432,56.4153047,
681.8385662000001,251.6140821,59.8123055,
683.2141443,287.4402256,58.0832651,
684.3582238,282.061785,57.1307011,
690.4699615,347.45149000000004,52.706306,
690.7036722,355.601051,51.6626797,
684.9993923,271.5515535,56.2102808,
694.67411,383.58011999999997,49.7576324,
692.8258315,358.34556599999996,49.9278382,
689.4603737,291.627794,53.4601263,
691.9014282,322.41244900000004,52.0553522,
693.3768562,339.449336,50.884263,
686.9561877,268.9849867,54.2528185,
692.4617234,333.686338,51.2483356,
693.5228482,355.211952,48.6460225,
695.5991229,323.06433400000003,49.1777496,
689.4156302,248.7833207,53.1983913,
697.59265,349.718978,46.4153516,
691.0464262,244.4033392,52.2864908,
699.1571215,364.736336,44.8675235,
698.703918,327.357911,46.9189692,
695.8650839,279.8512711,47.3758972,
698.0390583,302.075473,46.5698828,
694.5595029,240.8396564,48.9704573,
696.8913402000001,240.4680929,47.1115841,
707.7062557,381.894205,39.0875646,
703.0027639,307.52654,42.926992,
703.8561996,324.334662,42.0945781,
711.4735704,390.872664,36.397606,
704.4063472,298.579421,40.8789305,
708.1598617,325.241762,38.8868744,
701.8694153,250.7026564,43.3222986,
709.2703708,329.372454,37.8470542,
710.2668482,321.467469,37.0839962,
711.4968411,326.861337,35.8975463,
706.3613449,261.0241082,39.1582399,
707.5170903000001,275.4629881,37.7152684,
707.3950424,228.0661116,39.0044524,
714.334038,301.682658,33.516093600000005,
716.4594951,305.109364,31.7536397,
721.9825773,255.52525760000003,27.1112848,
720.6725374,246.56596050000002,27.8153837,
730.738086,373.801517,20.0029565,
722.8215262,262.9557381,25.7518042,
730.7677639999999,366.347659,19.6007369,
724.0453375,266.8460135,24.9298721,
723.872323,236.8198869,26.0260697,
727.4558118,253.8327113,22.1780221,
726.9868069,231.8307423,22.6943663,
733.136796,309.632181,17.5435829,
733.66348,315.283082,16.1777436,
729.207857,236.5552796,19.9194091,
736.38621,267.1782078,15.3171483,
736.511037,251.91629790000002,14.8727244,
653.8495287,286.7228103,79,FAILED
665.9941195,291.954132,72.1458286,
673.8779766,378.195713,66.05683719999999,
675.1704227,332.839694,65.6647837,
677.7175495,337.785922,62.6231854,
678.1801777000001,325.147053,63.76382430000001,
676.6366952,290.370661,63.445996699999995,
686.003076,380.60794799999996,56.2294151,
679.0443533,234.4889629,62.7160368,
684.8770485,333.06847300000004,57.3291543,
682.1616353,273.9813294,58.3690927,
681.8131288,246.0462442,59.5824123,
691.5907436,367.523997,51.2318556,
691.4673962,362.486337,50.6435485,
688.1598719,286.3987456,53.4334852,
686.9115271000001,249.2323049,54.7340274,
694.9584939,368.564921,48.0660574,
693.8522137,300.351525,49.6801676,
693.2317228,276.7830611,49.2550469,
704.98749,400.45998199999997,42.712021,
697.2372426,308.443193,47.1530575,
701.7054914,338.882295,43.0303031,
696.4193031,269.11737089999997,47.1600062,
700.5753032,318.10892,44.709266,
698.1512681,282.7603591,45.3983767,
703.7094249,312.410833,42.6797967,
705.6842336,328.809464,40.6203659,
712.5734304,381.705682,35.072536400000004,
711.6425554,376.13129200000003,34.4402471,
707.3793805,302.105275,38.7727034,
705.6690719000001,271.8019342,39.3202867,
712.6430677,344.03690700000004,33.9981648,
712.2513451,317.18181300000003,35.7255667,
712.8309429,309.087281,34.653882100000004,
718.1568387,321.45712000000003,29.2025323,
724.692798,348.39344,24.6304793,
720.7013998,241.7435438,27.7020295,
732.383575,376.026065,18.5820428,
727.4100766,276.8527509,23.1472442,
727.6362772,259.7595281,21.6185234,
735.642385,353.24812099999997,15.4609317,
729.961576,263.5788895,19.777361,
738.965969,371.314579,13.72820842,
732.409283,272.9255852,18.5666705,
731.211321,243.9778763,18.8412499,
732.166625,248.932037,17.882793,
655.7229198,296.868961,79,FAILED
662.8026238,348.405881,74.6451562,
666.6658507,348.464157,71.869876,
663.4946436,290.066718,74.0340043,
662.3108874,284.2750017,74.0218808,
664.504227,296.36818900000003,72.7084169,
668.3608673,329.939079,71.3263041,
674.4960268,387.820669,65.2268281,
667.6282419,291.908538,70.1120297,
668.0975837,299.672218,69.8078741,
674.0678811,311.198883,66.5921677,
669.4726596,251.0063233,68.9984624,
672.7145072,301.586385,66.5308173,
681.2051108,384.907996,60.7110665,
672.9943029,285.7732244,65.82940020000001,
680.9016076,379.737518,60.400511,
679.3377425,360.98793,60.8654539,
683.4039931,381.761626,59.0128202,
684.7773854,359.80116799999996,57.8223694,
685.4445388,371.074722,56.7145274,
680.5040411,266.933179,59.3827259,
682.4511829,293.285455,58.3416494,
687.2642833,339.654889,54.6448636,
686.5962244,309.541122,56.5222248,
688.7269503,328.027974,54.5349222,
683.2208878,250.1195511,58.1903555,
690.2888085,332.499917,52.7004327,
694.1226498999999,363.509436,48.7627427,
693.5757899,349.774696,48.8615517,
697.1653046,375.57999,46.2852547,
687.9065899,233.060806,53.774339,
690.1067239,254.8034202,52.0777535,
697.3195583,336.02619400000003,46.8410877,
692.2213208000001,262.8434489,50.2342479,
702.9562743,393.988206,43.1740721,
695.5356348,289.166829,47.1513213,
695.0730844,261.6036636,48.2280608,
701.9651512,360.334075,42.5644577,
705.3917572,388.03655100000003,40.6654097,
702.7020223,342.735994,41.0758556,
698.9042832,245.317821,44.9270318,
699.4943922,253.73510190000002,44.4846676,
710.3109844,396.217243,36.7873219,
709.9422564,381.623405,36.8339797,
706.2448890000001,347.595468,38.3338798,
704.7523548,309.118833,40.7001277,
712.7759626,399.1112,35.4069323,
708.4690267,357.425727,36.5898699,
706.0360532,283.7898814,38.6763354,
710.2848005,340.100974,35.2910768,
713.6365526,321.214958,34.1591629,
707.2143664,238.3290284,39.0573203,
712.5630708,332.08076900000003,33.1746051,
715.0789049,333.52862400000004,30.9707156,
717.4226542,361.763038,29.0557845,
715.0423578,285.5297443,31.4120505,
710.747565,222.2778791,36.1767234,
720.4045474,308.788626,29.4680106,
720.9700768,347.733095,27.1562699,
717.9214056,301.627968,29.6489044,
725.0030587,329.289857,25.0735837,
730.861894,383.95644100000004,19.8956289,
729.845193,362.103016,20.2725271,
720.7083725,236.1837433,27.4819859,
724.6377977,271.628728,24.6313978,
722.9627756,231.6594961,25.7281784,
735.947222,381.646981,16.1342078,
729.119146,252.0173957,20.4271227,
736.601991,279.2430618,14.7710804,
656.9317338,332.135923,78.0090587,
660.5529844,322.45791299999996,77.1408887,
666.2530491,383.86387,72.2002615,
669.5342627,391.874523,69.4682678,
668.5170341,346.304735,69.9988878,
670.5039306,348.752232,68.1897186,
663.8855587,243.1621228,73.4011427,
668.4563762,256.0369463,69.6038243,
668.9521207,242.76361889999998,70.0186879,
671.3096815,251.11892410000002,66.9529292,
671.3781427,239.9022461,67.1519581,
674.7753013,285.5037204,64.0198648,
679.7053923,344.494328,60.4713754,
679.6751315,315.734422,62.8046404,
680.6146926,356.195415,59.6480599,
674.7497492,260.1750546,64.0971092,
684.7151758,321.84103600000003,57.0841074,
684.267333,257.57574339999996,56.3963098,
690.4666073,313.82993899999997,53.2638076,
686.8910266,257.7168553,54.507415,
697.3607177,395.59625500000004,47.4381101,
699.0273357,404.332004,46.1776431,
690.9653829,300.271694,51.4456143,
690.2432335,274.3388072,51.3451787,
694.5455708,310.644144,49.2403142,
699.9228399,369.499045,43.6270868,
692.732389,247.2668094,49.9007319,
698.1593629,306.753266,45.4155821,
693.9333373,251.0054563,48.1975389,
704.7697081,378.751977,40.1416561,
694.2242739,230.50164610000002,48.9315577,
702.8908357,352.716191,40.730067,
696.2863297,258.38101240000003,46.3289276,
700.0572977,308.99087,43.729437,
702.8243212,329.17573600000003,42.1881138,
707.4819347,396.964674,39.1384031,
698.3306397,273.0712234,44.6342522,
696.803565,253.1706101,45.9594314,
706.6935315000001,370.799493,38.5377831,
701.7696496,243.2095056,43.0480532,
702.7560703,281.403244,40.6665607,
708.4257971,351.166673,36.3992572,
706.2523295999999,296.568575,38.8207954,
711.1334996,354.387942,34.3241673,
711.8382057,348.503315,33.2966719,
707.7151291,270.4088638,36.8419974,
716.0237692000001,276.1817022,30.3291962,
718.9168052,304.34356,29.4381763,
717.0239107,291.064724,29.8810373,
727.2434372,373.511481,21.7883288,
728.3280266,366.635546,21.3894678,
732.44995,353.74055899999996,17.2589063,
726.8889107,248.3708071,21.6802071,
740.63739,337.75629000000004,10.481017439999999,
658.7562295,290.090551,76.5667678,
667.3134826,392.738491,71.4523463,
665.7613412,287.14634209999997,70.7372407,
673.3421524,371.912572,64.9429661,
669.462744,244.71598310000002,69.0375914,
678.0562735999999,349.46624499999996,61.5064264,
673.5719811,246.6266539,65.0564216,
673.7773879,280.4518714,63.5581153,
676.8343007,255.12518590000002,63.4238084,
683.6892703,299.056115,56.6867341,
685.0390528,294.029972,55.7363535,
689.6510478,338.99633700000004,52.5437926,
684.5321288,247.7945713,56.2581229,
694.7014482,376.647037,47.9058932,
691.0031817,305.08509,51.5524625,
694.966885,301.638164,47.8400878,
693.1744328,266.019898,48.428788,
694.8060058,274.3549374,46.7031621,
703.6335993,369.32162700000003,40.4791014,
699.8739396,283.2659933,43.4253386,
698.908472,265.7372956,43.9760507,
700.8736831,264.7381339,42.5061776,
703.8050459,303.324068,40.6657811,
706.4067975,320.774723,39.1396113,
699.6565851,237.1971842,43.9609658,
716.5159278,337.024134,29.2460182,
713.9727379,248.076681,33.4624503,
721.7214614,353.004767,25.8727862,
718.553502,251.4272803,28.5943991,
731.140477,379.66477399999997,20.3298827,
720.3955314,268.8862406,26.5783415,
719.9773007,229.9107357,27.5830222,
732.046111,384.593503,17.91731,
724.0949555,250.0440771,23.3369109,
726.6117427,281.5964039,22.3033744,
731.311432,349.337158,17.317372300000002,
724.6585617000001,228.630449,23.8150254,
727.0990878,242.5000991,21.02439,
727.8901197,232.2113612,20.7415745,
733.228954,283.9679491,16.1284427,
663.2907328,344.60503600000004,73.0173502,
657.7168793,242.37843279999998,76.9272109,
670.1574226,383.000804,68.4049291,
670.5800864,388.101127,67.75174580000001,
672.9142339,392.144006,66.29218560000001,
676.6562355,389.18207,63.091966,
671.9632288,296.293653,66.8271788,
670.1904519,288.377384,67.15961870000001,
680.1235322,308.482102,60.0178626,
685.3803105,331.416182,55.2929751,
686.8152447,350.673411,53.8459619,
687.3400396,333.657423,53.8265201,
682.577904,245.2457284,57.4328564,
684.4366943,252.8932561,55.6738906,
688.8107668,264.2367448,51.5756982,
692.2179937,289.935023,48.87477,
698.9286887,377.529475,44.5109455,
690.2045219,232.0476854,52.2950931,
692.9613882,284.86613420000003,48.3048228,
704.6235353,397.112862,41.7404708,
701.9976613,357.4874,41.3795861,
710.3623047,403.17313,35.9673813,
708.5715812,364.527716,35.838053099999996,
707.5754517,345.021415,36.8920129,
709.6973908,332.788552,35.8137623,
708.7481318,308.512273,36.3075592,
707.920475,289.052611,36.7210515,
716.5467681,342.555078,29.7627757,
718.6423784,260.7136692,27.7890144,
717.8983916,238.5110317,29.3208,
717.8034506,233.593853,28.642124,
723.0552223,275.8831036,24.4728209,
723.7850204,256.3576219,23.2209275,
728.5202989,284.9457016,19.8045757,
729.53578,276.6752212,19.512029599999998,
731.846567,239.2754868,17.6359755,
735.285442,272.5661734,14.8335588,
650.9217072,282.08501390000004,79,FAILED
656.0577481,291.880608,78.3729544,
667.6078465,384.656827,70.0574524,
661.4842226,302.839615,74.0605968,
673.9048092,367.85796400000004,63.928759299999996,
675.0649912,352.86771899999997,63.160492000000005,
674.6522838,335.54891499999997,63.9736089,
672.7420438,292.409201,65.2027989,
671.7778557,280.2548791,65.2996738,
676.0198327,281.5543341,61.9738677,
678.2980824,261.27571620000003,61.5399292,
678.8508288,278.1563204,59.4126421,
683.9316001,337.687433,56.5677835,
681.1881607,254.3387296,58.2974015,
688.1581461,285.8777965,51.492528,
694.0964635,359.55418199999997,47.438212,
687.4725641,259.9210579,52.6526406,
692.750678,305.753696,49.5117289,
701.5666846,387.52766099999997,43.00953,
697.8716138,322.712003,45.3418866,
698.2912994,312.313129,44.8962625,
699.4461282,301.814867,43.2423094,
709.7264761,400.389025,37.2574086,
702.9217201,263.1216035,40.544923,
708.5768969,284.4937553,35.3766203,
709.1003072,293.281316,34.8653647,
725.3012858,381.92062,23.5115254,
716.3769156,247.6003058,29.9074777,
717.0499822,242.0914765,29.5177881,
717.6203219,255.9325232,28.5128726,
727.3885196,358.27533,20.614925,
720.2214687000001,274.149056,25.8254783,
730.405962,389.022748,19.2560033,
728.951834,351.193181,18.330776800000002,
732.6416810000001,254.77653650000002,15.873907199999998,
734.14314,247.6924622,15.289427699999997,
739.681906,291.083739,10.65546553,
656.6417091,337.28320099999996,78.0340316,
655.8133126,311.976432,79,FAILED
656.950861,296.17408,77.0986187,
660.7222957,247.1769203,74.5246197,
669.4313837,354.77326500000004,66.91562909999999,
667.7554358,304.92917,69.4965826,
670.4706914,342.792866,66.95546949999999,
663.7704421,245.3489959,71.7327735,
669.0103693,247.3803389,67.1969762,
675.6179148,314.87946,63.4280442,
676.6932342,342.97925499999997,62.0295931,
680.7727315,376.816183,58.3980242,
680.6564236,365.296945,58.775054,
682.3828241,366.888322,57.1884403,
677.0698948,257.2336174,61.5394654,
678.3948141,256.44405489999997,60.2196045,
682.6524604,311.27158099999997,57.4507985,
682.6216123,305.586582,56.6945731,
683.697728,285.9229911,54.4382618,
689.1062755,342.566911,51.1781306,
693.9609068,396.168271,48.6730007,
683.5191406,261.3638905,55.4990148,
684.0096687,240.9433887,55.6806019,
684.5075727,236.6427444,55.3055294,
693.4554163,337.676282,48.2244681,
697.587728,372.336595,44.7538844,
690.2487019,267.3173488,49.8807755,
689.7663759,249.8758266,50.8681599,
689.8687674,237.3737573,51.5253788,
698.0365006,360.520575,43.6156666,
691.2768326,233.377172,49.7018801,
693.5951903,255.3344685,47.569912,
696.8657992,299.473526,45.0517588,
704.0442485,383.416223,40.1573961,
700.1018495,278.5639249,42.3605711,
701.8452936,253.8732497,41.0540554,
711.1856344,370.166271,33.313049899999996,
704.1460162,267.1511372,38.8664354,
710.7881327,364.44407,32.6888759,
713.2641763,369.01957500000003,30.9929079,
706.3779776,262.9693722,37.3425317,
713.4099532,322.667786,31.1691736,
716.3507964,285.5990997,28.8569701,
723.8109733,367.20414500000004,23.3533739,
725.5488094,363.061335,21.8247589,
731.891333,389.221549,17.056927299999998,
721.7374541,225.8424535,25.3307356,
733.9521589999999,385.633152,16.0633469,
724.4457604,244.1733628,22.7210066,
727.2270446,272.5670183,20.6733476,
731.800649,276.4667572,16.7199502,
653.9024022,323.59365,79,FAILED
652.2437137,289.701437,79,FAILED
656.8653657,327.39252899999997,77.7152243,
659.1185598,332.506674,76.3485673,
660.0465923,338.32063600000004,75.3227893,
659.9426484,303.096711,76.0304766,
666.3648224,339.938137,70.0376772,
668.6209382,338.143377,68.0261184,
673.9061071,382.636654,63.672221500000006,
674.2719201,363.59697800000004,63.091109,
668.0424344,258.6900066,67.54828409999999,
673.0456556,303.43321100000003,64.6525496,
677.3891355,367.996677,60.3975419,
676.7019937,330.860313,62.8207532,
679.3713136,373.494561,59.7662382,
676.2788268,292.623639,61.4890473,
676.7184099,305.584161,60.5431088,
677.4083166,299.892102,60.5342896,
676.2642088,250.4180464,61.9135112,
682.9798887,328.13725,57.18906,
680.0509247,258.9918058,58.2089017,
682.5107212,276.7075741,56.1807458,
688.9718859,351.345164,51.5011658,
690.1766266,328.14451399999996,50.7834823,
688.3597737,296.66239,51.7196561,
690.7371846,318.899021,50.4150669,
689.5259213,292.055345,50.5765596,
697.9592267,385.237141,44.9156333,
699.4323798,382.812715,43.1890384,
698.6451617,354.679115,42.2650852,
699.2825878,330.655149,43.0319139,
705.231336,386.256708,38.6146957,
703.7887564,364.74699799999996,39.0536628,
699.0660934,269.03877439999997,42.3399431,
705.7648484,340.424084,37.7144427,
705.4408192,306.768559,38.2547112,
710.3443413,302.020168,34.584905500000005,
709.7226001,287.85210870000003,33.3886054,
707.4645216,240.1290091,36.545865,
712.354963,280.40787539999997,31.393788,
711.4652787,239.7389194,34.5009623,
723.7582061,370.486365,23.0191073,
721.0553213000001,295.390911,26.171398,
719.8248307,225.7104423,27.2393138,
721.3631105,259.8737461,24.2413736,
722.5355118,279.604175,23.3087669,
730.444377,322.892075,17.6598896,
725.4790525,227.23444560000002,21.3960404,
727.1614411,247.3366943,19.3732488,
659.7953752,293.477034,74.8852571,
667.1962196,334.341986,69.3734685,
665.0714378,296.211875,70.6422808,
671.010051,383.311082,66.45201449999999,
662.1470583,251.5852878,72.6025931,
664.9593801,283.3504754,69.728995,
674.2382021,299.341545,63.25627850000001,
673.5462264,294.933572,63.3125972,
675.2028336,308.494964,62.2352057,
679.4357238,350.564591,59.8998356,
682.466212,382.93167800000003,56.983482,
674.4791681,240.6556038,62.8341881,
685.2066792,311.84706,54.9169967,
683.4649797,265.34567749999997,55.073795,
684.648317,277.2458001,53.7215163,
687.6277439,302.092966,52.7177607,
688.6691552,309.338387,51.8452625,
691.5963601,323.840651,49.9480162,
693.6903107,364.285337,46.7681563,
695.9458528,367.699415,45.0233539,
693.1587611,326.9796,47.8961138,
690.6484442,254.3115991,49.737109,
699.5886702,366.365308,41.9528351,
702.6296359,392.11636899999996,41.1054904,
700.6678153,379.042332,41.4787715,
703.6639095,416.502585,38.0361223,
701.8123199,373.96655699999997,40.7914204,
698.508222,296.523739,43.6727161,
695.4687655,247.9821944,45.9661096,
705.3321176,377.594557,38.3354218,
705.6767643000001,366.27650900000003,37.1093526,
701.2378971,294.295314,40.7324779,
702.5454927,287.4460527,39.5124829,
702.1128291,272.0328763,40.4063017,
707.4127184,299.337198,36.1641249,
703.9332844,224.530866,40.1646855,
711.0991672,338.921153,32.623466300000004,
709.6857811,268.6548247,33.6653213,
716.7968224,295.411929,28.173194,
713.2221545,244.0862576,30.7428953,
716.9135199,266.0534152,27.8102947,
715.0642942,234.8084488,30.3258062,
715.4455203,230.45067840000002,29.2347324,
720.5796451,240.915911,24.5199815,
732.729916,368.257797,15.0064642,
723.2640845,223.9135444,23.1581616,
735.76046,257.1387189,13.22753556,
735.851507,261.6892378,12.33405979,
655.7886021,305.579724,78.0739124,
661.6324618,329.806431,73.3798771,
663.2090696,340.222513,71.839296,
669.8270773,378.204467,66.3468293,
667.0894935,295.89370099999996,68.2536611,
676.6356,377.220773,61.3090129,
679.5990626,389.38804,58.9480518,
680.2827319,331.130368,58.4749255,
686.1498285,390.323369,55.1895648,
677.0421228,243.4896161,60.3802563,
689.7309399,382.82816,51.3566773,
684.1517766,306.876853,54.8467381,
685.1799004,297.619017,53.6382708,
690.0753995,346.854881,49.7653541,
693.1129102,372.42202399999996,47.8767154,
686.1720005,272.04572029999997,52.3950703,
685.612684,264.3689991,52.8562339,
686.2898606,277.2218663,51.7830834,
686.1557619,253.55237010000002,53.094667,
693.7142794,370.977106,46.1936296,
689.520042,271.7792966,49.4883923,
694.3628836,322.549308,47.2812939,
694.6175168,330.72693300000003,46.4468323,
695.0936468,313.791013,45.9455272,
701.5188488,363.000351,40.4317458,
699.1395542,322.25286700000004,43.2323298,
701.5434593,347.797818,40.2318354,
695.650407,267.97070510000003,44.6756388,
695.7514928,279.77468,43.9773762,
703.3395551,356.87886000000003,38.3886435,
696.6733296,233.53880279999998,45.4667484,
699.7541731,286.3941324,41.492808,
708.1506444,387.241764,36.2979377,
703.844921,317.379327,39.5289152,
700.1376306,259.1609121,40.9999105,
708.0013743,346.65252899999996,34.774371,
704.5864209,279.8340261,37.5881684,
700.649839,226.2103708,41.4149554,
701.5994373,235.7759101,40.9171943,
710.2926528,296.984668,33.2426374,
714.9031918000001,355.45265900000004,28.6680806,
712.3613055,290.800165,31.6835362,
717.7016285,342.76785,27.2472561,
720.8964019,370.87093200000004,24.503695,
714.3876169,254.7137224,30.0658948,
714.7721774,259.7516364,29.4783065,
723.4099205,357.76016500000003,22.7284834,
716.9211385,225.8973257,28.9284505,
720.237859,279.8196352,25.1189807,
728.0948207,393.07797400000004,19.4018378,
728.9885668,380.84479999999996,18.5068253,
720.1120189,255.12732289999997,24.4427644,
730.428822,345.197254,16.9986081,
733.625601,375.50064599999996,15.283833899999998,
734.188465,382.990366,13.95437902,
723.7689348,238.7374377,21.875515,
733.5816580000001,334.248836,13.80266765,
731.803865,259.3744895,15.992279500000002,
655.5215752,345.795264,77.152475,
652.1317857,283.9796458,79,FAILED
660.1198128999999,334.596036,73.7642382,
669.3082098,349.923748,66.0331596,
666.2210048,288.7705333,68.3110322,
664.9604788,252.9566594,69.9493902,
673.1073163,375.186427,63.5759965,
671.3846533,339.39261999999997,65.04098830000001,
664.4972796,244.7998675,69.6309604,
671.0231577,310.20089,66.5947406,
667.7578215,279.2943391,66.816653,
673.8273098,347.436125,62.9119867,
671.9182343,308.418433,64.9165886,
679.8505104,321.000335,59.1594775,
677.9767198,295.65161,59.5029571,
676.8824614,284.4824254,59.9747199,
677.3811124,262.64148009999997,59.1855002,
678.2979754,274.0733802,58.1730972,
683.2191742,301.48256000000003,54.978534,
681.0021521,235.1633889,57.435383,
685.1761004,244.3491216,53.5686284,
693.1954635,348.187952,46.5752236,
695.0351931,362.193042,45.291378,
696.9490163,347.195921,43.5555897,
698.3514317,350.760976,41.8310881,
694.7650201,243.1014877,45.809184,
694.9830373,228.5953433,45.3800604,
703.2870431,331.199397,39.0710351,
705.1017095,361.16382899999996,36.7010645,
700.8103831,248.3436941,41.4655427,
709.9784533,358.381234,32.2078511,
704.5721533,234.4943713,38.5285741,
711.6384516,305.819991,32.7575644,
713.96332,247.0484318,31.417851,
721.290449,362.115324,24.0445519,
713.1181233,237.2146093,31.3751878,
724.7982322,353.566121,21.55507,
718.2749996,249.901306,26.0773153,
717.2741889,222.7092986,27.5592776,
731.026638,393.726049,17.2635521,
728.1267648,360.731098,18.405298600000002,
721.7998011,284.6441478,23.1732921,
719.5103425,220.74620720000001,26.059372,
728.4237845,364.98044100000004,17.4488604,
727.9478377,316.219485,18.7967212,
735.410567,375.915532,12.22441379,
728.8092459,257.4719722,17.563691499999997,
729.647792,245.9718072,16.4430248,
651.4088149,308.36902399999997,79,FAILED
651.5996835,302.571895,79,FAILED
658.6289012,242.5466798,74.8561122,
667.2708056,301.497926,67.5312048,
671.4099966,353.068646,64.4251498,
668.9299997,293.842375,66.1782508,
672.8466318,342.40338199999997,63.2319559,
677.4885565,382.142371,59.9204699,
668.80894,259.8138884,65.35276540000001,
668.3420773,243.5118617,66.5718206,
673.7450629,287.1117802,62.0859098,
683.3498552,315.780098,56.1347367,
678.3544824,247.8783617,58.5353876,
681.0936801,265.9817127,56.9036577,
696.2058403,393.30238499999996,45.6254992,
691.7762601,330.856807,48.5184207,
686.3729875,239.179157,52.619295,
692.5932129,308.809274,47.7895863,
692.0814669,293.480031,47.2026067,
695.4296517,341.59724900000003,44.6860005,
696.1492862,327.503104,44.5768499,
695.6795019,256.1267103,44.1317558,
697.8071802,272.9729191,42.1680378,
698.3072535,254.834033,42.049646,
702.6126859,292.35929,38.7360739,
705.4701911,317.533282,37.1535529,
706.9810625,323.616019,35.8891562,
705.6783904,276.0585651,35.747481,
715.3902693,347.947281,28.4618052,
711.2052533,251.9687744,31.454903,
713.3846611,228.9339101,30.5718036,
715.9553533,246.5605424,27.7875929,
728.2295054,372.646307,18.4360293,
718.7037056,245.6730688,25.2644669,
726.8175147,345.369531,18.674678200000002,
731.04177,382.22386800000004,16.0356578,
732.3324250000001,390.013593,15.975797800000002,
721.0421311,234.9882297,23.9204471,
730.670852,360.528195,15.6208314,
725.7585625,277.1273131,20.4509905,
731.494059,356.86327900000003,15.179104899999999,
734.834234,369.292168,13.55277202,
727.8510692,234.0537123,18.804771600000002,
732.597893,264.1131639,14.0942296,
649.6891424,293.174735,79,FAILED
660.3805991,390.656296,73.4482185,
654.7188626,285.2367818,77.2786401,
659.2437936,298.264929,73.6280317,
672.7512089,392.960377,63.884701500000006,
666.1495705,283.7383973,67.816373,
679.6197111,382.143819,58.4073581,
668.5062036,239.1265353,66.1794642,
678.4245061,334.77952600000003,59.9777333,
672.1183714,245.7259106,62.9589459,
673.4181794,254.9926882,62.5962779,
679.4898474,304.811509,58.0379106,
675.9891736,236.0231287,61.6947619,
678.6621384,283.2693694,58.0937166,
677.4977211,252.22606919999998,59.2515245,
683.5114486,335.815299,54.5866955,
681.1756373,286.7026838,56.0553782,
687.2468685,323.50847799999997,52.0835623,
686.0681125,328.89153,52.0223152,
684.5125953,282.5418946,52.9525847,
686.1954669,281.0643344,50.6433195,
686.3992214,268.6017628,50.8755553,
692.1301135,318.391383,47.9273428,
690.2855771,259.0747046,48.6087135,
690.8253115,269.7355256,47.5232157,
696.7193405,334.829921,43.3063265,
692.4552396,264.8854301,46.3781168,
698.9173911,334.667501,41.2189142,
696.8170976,249.3812558,43.7264647,
703.6591507,352.932857,37.4627729,
703.7651021,325.361124,38.3977931,
704.3672161,333.11449400000004,37.218689,
706.8569985,360.040638,34.3236335,
708.4299764,368.065433,34.1030885,
703.6485718,289.076198,37.4717973,
709.0893069,323.61917,33.493264100000005,
713.2194371,365.037284,29.7854823,
712.851049,351.51970600000004,29.7422089,
712.3402365,337.12543,30.4888631,
711.3245889,302.26451299999997,31.6820899,
710.2134623,248.5366817,32.9232336,
711.5017135,261.3129414,31.4216469,
710.8588807,241.20504019999998,32.4661095,
711.6788311,233.0728945,31.770136899999997,
716.5621352000001,272.746421,26.820686,
716.1564249,240.5234835,27.4723522,
728.4035761,396.939614,18.4029254,
724.699626,349.34927400000004,20.3560857,
722.9381863,273.6388972,22.4631557,
729.070274,314.15162599999996,16.8683479,
728.0383284,286.7451163,17.901868399999998,
727.5594318,268.0180792,17.6465588,
736.41954,370.294875,11.55815862,
732.500449,280.8123233,14.7985465,
648.7423679999999,277.09218799999996,79,FAILED
655.9943703,337.167175,76.190299,
656.9490773,342.81863599999997,75.4367203,
658.7960563,385.713581,72.7654722,
661.7812478,391.88754800000004,71.7304103,
659.2859285,328.959215,74.1523945,
660.5261153,321.7534,73.3042237,
662.2670754,335.157189,71.493868,
663.8335819,345.741042,70.3208254,
668.8236381,395.421796,66.53798739999999,
660.7857296,292.335144,71.6353273,
660.6368111,287.2673344,71.8326832,
665.9686224,308.625291,68.3464147,
670.4228561,345.79618400000004,64.5595281,
673.1414594,304.679808,62.7001175,
669.563778,247.3967064,65.1293294,
675.4241634,314.145581,61.6897205,
679.7143508,296.373742,57.1957263,
683.0951110999999,325.86129500000004,54.8978261,
684.9436749,328.11182199999996,53.5879359,
682.8294143,290.30828099999997,53.927821,
686.7638829,312.81694600000003,53.276322,
684.8388173,293.54546,52.3322376,
688.6911013,336.843219,50.0184394,
690.0113639,309.126278,49.6703842,
693.7077115,345.669254,44.7224126,
694.9778358,356.02880200000004,43.833271,
689.7218457,274.9816679,47.6490971,
693.1155268,282.4012669,45.7611857,
696.8761419,318.06147699999997,44.2998161,
697.7920861,344.379031,41.8112986,
698.744854,317.490522,42.0754535,
694.254077,262.412518,44.7491601,
698.9145009,299.62034800000004,41.2983654,
701.8611296,337.956574,38.8894956,
713.8178079,403.560586,31.6990001,
711.2295192,346.215594,30.750364,
708.6454098,276.6188261,33.3841616,
710.8011594,256.7367458,31.7500342,
716.2763482,328.40157,27.8697454,
710.1097916,236.26935550000002,32.5066456,
713.1896949,224.4207781,30.4197238,
714.7946612,220.8059345,29.3578392,
725.3320211,364.533033,19.3771426,
726.2692859,377.221205,19.1207396,
719.630206,221.1281467,24.0164803,
730.493361,272.4403554,16.107517,
730.603855,268.4315176,15.331135500000002,
731.628813,252.14208250000001,13.83854112,
736.902666,323.858524,10.655488779999999,
738.541993,298.54877899999997,9.64051426,
652.2208687,288.5284887,78.6430165,
656.8023724,299.528906,75.6652277,
666.0011663,381.364275,69.3706507,
665.9053077,342.859648,68.1751877,
665.7689769,348.376356,67.797889,
676.0628721,364.139637,59.4960511,
669.2241064,264.4015273,64.7292454,
670.1776902,267.198288,62.9613541,
679.9848857,371.281212,56.6582633,
673.4383977,296.780449,61.5361501,
674.0160743,279.9067782,60.3929092,
675.728469,290.816056,59.7164226,
677.6542817,288.6044621,58.1628174,
677.9799235,268.8542041,58.102047,
679.8595157,250.9204749,56.972144,
680.2813184,256.6924942,56.3126615,
688.5604356,281.7209571,49.0965936,
689.4439189,295.68361400000003,48.5890669,
699.7868409,370.085383,39.8903233,
692.2101695,270.4818861,45.5304092,
695.2065919,288.4293194,43.3317009,
702.1981192,360.897159,37.9080138,
697.617711,291.32836,41.685915,
699.8462477,311.077559,41.0686926,
699.9000286,320.429028,40.5166303,
701.2495189,324.56391199999996,40.0317911,
696.3098557,259.9749662,42.457703,
698.7378156,231.9778811,42.4882657,
700.1190603,267.1717226,39.8985382,
702.3146076,301.722165,38.2838528,
703.2520853999999,310.749903,37.7148951,
705.6283498,336.45941700000003,35.775277599999995,
705.1909623,293.70552499999997,35.7967189,
707.4755684,327.961241,34.2876868,
711.2527195,354.82511,30.9913609,
708.4188772,319.68215,33.470990400000005,
715.7398465,277.8856473,26.7097341,
716.6898391,265.4127433,25.7072877,
718.1837608,269.7429998,24.8213391,
717.2532491,232.8801255,26.0222298,
724.1090546,288.5706262,20.0055568,
727.1795869,281.8087738,18.0449529,
725.9515084,229.9788697,18.7804953,
731.765198,312.19434,14.1964352,
735.889979,310.991631,9.68903144,
652.5615405,301.29841799999997,78.4414877,
654.3610077,323.863201,77.2265242,
656.4955392,348.702445,75.3356425,
656.2848072,323.917886,75.047685,
661.1218616,349.499638,70.9018632,
658.2206781,289.332097,73.8224748,
660.5976656,325.848392,71.5550194,
665.2936275,385.479293,68.5134169,
662.5264033,330.348926,70.8307103,
668.2386242,389.21191799999997,66.4875772,
664.7878158,354.157652,67.8447253,
669.4697403,305.737736,66.5643957,
675.1907191,393.016473,60.4446833,
673.4914235,370.136881,61.4817371,
676.5514467,396.90695700000003,59.308665,
675.4665367,385.701284,60.093723,
669.2108816,296.201929,64.274234,
677.6864251,368.333392,58.4534474,
680.1221625000001,378.73578,55.9499108,
681.2540742,281.9188496,54.887705,
687.1097397,331.686396,50.6726794,
686.9209496,318.883852,51.2929553,
695.6788666,380.30058199999996,44.623733,
692.1466735,334.868704,46.262914,
698.0698861,374.199834,41.7306199,
693.5280987,275.5434762,44.5263658,
691.598043,232.697394,47.3973231,
698.1799908,325.745052,42.0899039,
697.90843,306.433045,41.562452,
701.1728252,345.228317,38.1534231,
704.6106609,327.683691,36.3448717,
702.3546251,275.159471,38.1653244,
704.8298611,303.63363200000003,36.1597152,
706.3046448,317.254589,35.1091115,
704.289051,285.380843,35.6619716,
707.1495588,306.219921,34.646794,
705.7292568,280.6238402,34.550494400000005,
712.620243,297.411437,30.2659795,
717.8375374,324.959457,27.3857396,
713.039212,265.1567437,29.1571715,
709.69713,226.5178086,32.1878703,
716.6615429,295.71569999999997,26.1224509,
721.7069529,369.824203,21.9932998,
721.4724635,351.38133600000003,22.7555501,
716.264295,280.950699,25.3698265,
716.3167326,217.0807242,27.4879929,
727.6208364,377.137,16.9857309,
721.5966288,265.45222839999997,22.6507762,
718.9793718,228.7768738,23.9345159,
731.867338,387.71630600000003,13.80296136,
721.025864,231.8146119,22.2045977,
726.8635039,273.34626230000003,18.3983645,
724.6053056,238.5109275,19.7585937,
725.3450858,242.50245089999999,18.6543992,
659.5710697,340.355124,72.5189988,
662.4411878,382.376751,70.3882974,
655.7479525,286.8099719,75.5946604,
660.9917388,303.395084,72.2333422,
663.6102516,302.082785,69.044803,
659.3740155,243.6300603,72.6095798,
660.4091986,247.3911107,71.9164333,
661.1262893,250.9701483,70.6339122,
674.3918501,398.111843,61.7156558,
665.4128278000001,242.7883802,68.0814031,
667.3935551,284.5285847,65.3490778,
668.3579847,289.700214,64.9421373,
664.6225656,238.799704,67.4782868,
674.6640464,332.103073,61.2894315,
670.8293607,290.657066,63.0777569,
672.4887166999999,275.3874838,61.5852228,
672.8663662,259.3990083,62.3829704,
676.9622159,303.742382,59.0009939,
680.1969592,335.811309,56.5981934,
673.8416083,253.8674761,60.6605809,
684.2614498,340.664743,53.5160614,
685.4226768999999,335.221136,52.2846101,
683.0709004,304.828393,53.01205,
687.2768512,303.090376,50.6085957,
689.1166711,345.107398,47.7628262,
689.7693215,280.93359780000003,47.0930616,
693.0288372,307.397746,45.8166525,
691.7379013,259.5412959,46.3348327,
692.8028537,291.608904,44.6007648,
695.2726815,307.546677,43.9223186,
691.5120684999999,237.6568189,47.4497278,
703.8068327,422.834222,35.933230699999996,
695.5575398999999,276.7754641,42.143553,
698.4133692,276.4650007,40.2762016,
706.73448,257.4223498,34.489540500000004,
708.1044258,240.43191430000002,33.498886,
709.3537498000001,266.0933875,31.371920599999996,
708.5975439,230.5528617,32.8072479,
712.390824,274.7711546,28.5054202,
712.7326986,270.0417324,27.7870311,
712.6006652,250.6682142,28.9697113,
716.1925443,258.2969274,26.3271039,
723.8331515,375.09200699999997,20.0775572,
730.528553,353.17607,13.25937212,
728.0890802,281.3130476,15.828828700000003,
727.8663821,250.834992,16.3947915,
727.3200168,239.2836766,16.744182000000002,
730.310625,257.9320659,14.3394324,
653.5524493,319.04147,76.4340912,
655.5595775,294.490158,75.1332285,
661.3083171,321.005084,71.3905226,
662.0331855,292.112322,69.8930534,
668.9206663,373.462976,64.2143961,
667.1744156,338.958128,66.1183466,
672.4370906,391.18093,62.158058,
670.9593187,356.38241400000004,62.6442501,
672.9343103,376.221134,61.6521152,
669.8717774,284.67645319999997,63.56124729999999,
668.8583961,256.311527,64.4457294,
669.5491201,253.17426410000002,63.0490228,
674.6657695,270.1540818,59.5533595,
682.4932252,382.70581200000004,54.1540303,
674.4424956,248.9918594,60.5966326,
675.8613171,256.0231381,58.3751142,
686.6255763,345.677379,51.2162689,
689.0962571,359.16486299999997,49.1063914,
685.3469979,307.297207,51.7868506,
689.7402531,350.60427000000004,47.2221474,
692.3138304,357.460422,44.974496,
696.3896299,312.636412,42.3698604,
704.0081305,355.656927,35.4380279,
699.5967401,279.2305047,38.6090435,
707.7327061,253.17476290000002,34.530847800000004,
706.3139857,249.4535652,34.576055,
705.7420354,244.7857385,34.5649936,
711.9621814,285.6917802,29.8791822,
718.392381,319.095461,25.9334077,
711.6798528,238.4661867,29.301265,
712.9588865000001,217.2150446,29.2032764,
715.0390959,253.0350479,26.4568796,
716.0991025,227.4205296,26.1335041,
715.9905431,236.5618891,25.2077552,
727.977553,384.45714699999996,16.8674928,
731.373099,378.66670799999997,14.9363522,
729.349837,333.199114,15.5825876,
725.9430889,303.810815,17.3191456,
721.5088971,224.1633176,21.3384593,
729.900758,248.17870390000002,14.4062111,
653.9120334,329.419349,76.4273885,
652.6161474,295.61701,77.1241273,
656.1672258,332.858825,74.6954167,
653.0557647,290.853538,76.4578133,
658.0986518,305.322366,73.8261465,
657.118143,284.2673226,72.7705819,
660.9466569,297.047051,70.646591,
668.8497841,368.15819999999997,64.63851679999999,
666.5852349,345.10385099999996,65.9128833,
670.7509047,361.657556,62.9145269,
675.1709111,372.23791,59.6627543,
676.4039877,374.99195499999996,58.7396366,
669.8030227,279.2196193,62.8918074,
669.7164547,262.1652824,62.885127,
671.6057662,271.43751399999996,61.6761343,
675.6258207,310.399609,59.6595087,
680.7419873,367.27232200000003,55.0513447,
683.3265756,288.0686262,51.8835202,
691.7611026,352.86156,45.1248377,
697.1229424,379.469374,42.6341618,
695.2332685,370.222852,43.0290933,
691.4477582,301.988107,46.2242045,
690.8829423,286.7725015,45.6797423,
696.6914276,358.45507399999997,41.4074962,
695.4580598,339.780355,42.1917446,
699.5467942,329.414266,40.1589313,
697.3418497,280.84435329999997,40.6015994,
702.7229057,348.870057,36.0658925,
703.4999655,344.331601,35.832608,
701.103276,283.9476081,37.4975056,
705.58665,341.215454,34.1387479,
706.077422,337.028971,33.158944399999996,
707.6038784,332.678677,32.2553834,
713.7856016000001,388.538283,27.7697317,
717.2806482999999,396.97921099999996,26.729424,
706.0196756,237.31615440000002,34.368036700000005,
718.9570281,366.616996,23.0370126,
710.3767395,221.4285322,31.0803984,
711.4246888,246.701949,29.0287129,
722.2069266999999,358.159875,20.6990027,
721.0127883,346.217326,21.1856286,
713.5995532,230.9581023,27.1775759,
726.1693562,347.357685,16.798003100000003,
722.0862174,281.8440077,20.8412026,
731.395083,371.220022,13.12396115,
729.466838,307.698735,14.2293837,
652.1959205,335.92547,77.4014563,
653.4276204,304.004113,76.6002483,
662.094442,390.991763,69.8605733,
662.3042112,352.453489,69.2200277,
662.7820345,336.034844,69.0374554,
663.7689218,330.480235,68.2772048,
672.60017,364.516832,60.9586942,
668.9991027,301.954076,64.0832693,
677.8586472,387.195918,57.2057989,
671.8690899,300.770243,61.0700098,
677.7931654,375.831792,56.8540883,
676.2571906000001,299.851988,57.8527886,
679.2077198,279.4441172,56.8014963,
679.8357937,293.184195,55.3748224,
686.9763324,341.869215,49.0387474,
685.5832672,290.480274,49.8001118,
686.3806172,275.2188596,49.7483657,
691.138035,341.04285,45.7018939,
699.1681025,365.132316,39.2328018,
694.8623715,296.231504,42.4002707,
691.970702,212.6599338,43.8810464,
701.6762947,297.174856,36.8735969,
704.6810111,332.04614000000004,34.7528887,
706.3575613,352.470678,32.1805048,
706.3567861,264.6441341,32.331318100000004,
706.160404,231.766221,34.3376989,
717.4892555,351.809537,24.1360677,
709.5414268,217.3988792,31.223583000000005,
719.1660026,362.269721,21.856056,
721.1577766,365.680791,20.5576174,
711.9997665,226.6361858,28.8600284,
717.3065875,287.8793721,23.7536393,
716.766798,262.7966817,24.0030506,
715.2762103,242.5301126,25.4356224,
718.6320336,271.67084,22.6935056,
716.6722035,217.3389934,25.7337425,
721.3983779,233.6998927,20.0400556,
727.3994313000001,276.6918475,14.6885271,
729.989506,302.448028,12.89041733,
650.3396106,323.081542,79,FAILED
648.0659107,282.2915636,79,FAILED
651.2069177,327.542799,77.8891879,
652.4543558,311.156658,77.241762,
656.7574995,338.777628,73.8430128,
657.1074137,344.241064,73.3519656,
660.3898062,386.34669299999996,71.2827579,
657.7351199,348.1221,72.4795352,
657.2858248,294.136771,72.5867819,
667.5323692,392.143047,64.3809557,
664.7968703,333.948616,66.5655136,
664.71775,295.07588599999997,66.9161157,
670.8023194,283.4021661,61.5627791,
670.7120592,241.5601428,61.5731137,
678.1385904,303.133078,56.4278114,
678.0519316,263.1824028,56.5121495,
677.3825564,273.0058705,55.4051174,
688.5646054,300.459245,47.4652816,
692.4547569,324.326998,45.6458375,
693.1992989,321.714477,44.3970028,
697.0195285,363.678355,40.638372,
694.3676774,282.6259134,42.239522,
699.1249726,350.682987,38.1426289,
699.1320102,303.771613,39.2112779,
696.9410648,270.3843165,40.0398496,
704.1683623,309.245833,35.7460037,
711.7183705,389.965598,30.7251504,
703.0652801,258.5804619,36.498448,
702.5168831,243.354074,35.8753279,
703.7371085,246.3089046,35.570699399999995,
714.7884119,364.373738,26.7956461,
712.894316,283.14101719999996,27.219251,
710.6594692,232.6666888,30.2510871,
718.4629147,346.494819,23.1704639,
712.9249486,254.53031520000002,28.2036334,
714.9506738,285.8708823,25.271352,
716.3067915,275.0278278,24.6108992,
724.2486258,369.035612,17.6594076,
719.7856896,288.7048049,21.5195991,
727.4895135,351.7394,16.2404696,
728.2532158,364.061366,14.5314868,
724.7571273,290.002945,17.478037999999998,
731.8615609999999,382.313689,12.25760738,
730.960358,330.87905,12.26391988,
645.6638642,289.82334000000003,79,FAILED
650.7423196,308.25786700000003,78.67164,
652.7751723,341.664663,76.4627657,
658.083152,333.451091,72.2898581,
655.3464929,243.55826050000002,74.9625079,
661.6170284,341.21011799999997,69.3002593,
664.8089048,378.443866,65.83344170000001,
668.0575653,380.905237,64.4695547,
666.0561183,325.707041,66.565098,
665.5311243,305.137075,66.427059,
664.2708173,288.1685281,66.53803669999999,
664.1803694,243.0204687,66.37753649999999,
666.4956441,279.5611938,64.2639786,
672.5711877,317.343191,60.9056153,
671.2868135,305.647654,60.9514263,
669.9005629,257.2478254,61.7337921,
672.1536266,287.752459,60.2545086,
673.6651353,299.574152,59.3933384,
679.0640687,308.253677,55.5415915,
680.9720841,312.725261,54.6419779,
684.1969788,340.11165600000004,51.6251209,
682.1248704,310.222329,52.8518286,
678.1849126,234.7660399,56.0121053,
683.6222311,298.740559,51.6068381,
687.4757224,318.764489,49.199861,
687.2058846,330.97758699999997,48.6738146,
688.4078477,335.555877,47.8605919,
688.235602,325.110678,48.1577507,
693.5992146,363.224688,43.2313529,
691.4451115,349.457897,43.7733476,
691.0795469,296.114775,44.8694234,
689.7844056,276.4966779,45.7005401,
694.1924756,303.29958,42.8773989,
694.2097421999999,266.6554298,42.2470575,
701.1195218,319.167661,37.6031781,
703.1728264,320.682844,35.8271888,
705.6644813,312.081834,33.7939794,
703.1060444,239.3579647,35.5268494,
707.3694264,289.333557,31.693855900000003,
703.3219513,234.061253,35.5161964,
714.4928058,358.736725,26.5151346,
710.9087298,279.3339248,28.3594679,
710.4879005,259.8947075,29.1005714,
713.249477,260.6662428,26.7850629,
712.1704678,213.8077086,28.1262052,
712.9037597,237.3430918,26.7957235,
713.0604844,221.422492,27.641487,
717.4697517,281.74832000000004,23.2360341,
722.8582106,342.213216,19.7171463,
716.3645553,225.1347605,24.4653019,
722.3612652,320.020506,19.090082000000002,
727.6908583,345.542691,15.113404799999998,
718.445415,220.5799697,22.1565477,
732.333241,378.620623,11.74377115,
732.188836,334.536634,11.558092,
649.2421646,297.302883,78.562841,
659.0352845,243.09645840000002,69.9187781,
662.1044078,249.8509939,68.9976436,
670.6337317,366.95192499999996,62.4700937,
673.8855394,379.59157,59.898498,
665.7452229,246.8838881,64.8912631,
671.1156855,293.400798,60.4566086,
680.3345689,377.5125,54.5115208,
673.3253653,259.9200364,60.0322398,
676.0986597,307.867688,57.4461593,
673.7881944,242.5875866,59.1012608,
687.3248629,412.22511399999996,48.1061467,
677.4049754,240.9675585,56.9686139,
685.7093771,325.772686,49.7444789,
689.5873751,360.002442,46.2575024,
684.6852045,295.997839,49.8615352,
690.7992243,312.607488,45.4090684,
695.4960315,368.730567,40.878564,
693.0604789,312.094537,43.9606812,
697.6437029,358.671852,39.2287107,
695.0444483,286.4662309,40.7401852,
698.655432,295.43316,38.6717349,
697.3466283,285.4248511,38.8784001,
703.4477559,351.57658000000004,34.0611162,
698.9221712,273.2427151,38.2014843,
704.7496416,263.2141608,34.902084,
706.1312242,302.14709700000003,32.6870677,
704.0020989,227.2318525,35.4257361,
708.0566804,271.3772193,30.7478006,
706.7202998,224.5971755,33.322600800000004,
707.0198769,219.4067726,32.2387527,
716.5447643,361.03548,23.4197398,
712.3023119,265.627633,26.7540442,
710.7947175,234.4266404,28.1689652,
724.0357467,381.047452,18.1863169,
722.9401429,351.091858,18.2590523,
721.3985249,313.197577,18.9024271,
728.2101722,374.49836,14.6950363,
721.4389682,226.9115941,19.607547099999998,
726.528327,255.56402500000002,15.864338400000001,
656.917284,321.532733,72.4616129,
656.1417017,241.0556666,73.2192309,
667.2077301,395.522835,64.95642749999999,
659.8335938,287.7921797,69.7039401,
662.3270738,297.92709,68.0370063,
666.8029453,363.522427,63.99425070000001,
666.8986303,350.468334,64.5892458,
670.890712,381.12812099999996,61.771398,
672.6048277,396.74186199999997,60.4571274,
670.9129669,359.842523,60.9239252,
668.9551864,300.070668,62.4350597,
666.2904663,239.5825789,65.0153255,
678.2981232,299.107027,54.9300208,
677.2707262,267.9668516,56.1182672,
683.7398103,320.377531,52.3337417,
680.2603173,295.062136,53.2791859,
685.2811676,285.53073240000003,49.328598,
688.8554656,321.96823800000004,46.7962461,
695.1086703999999,329.601395,42.2180078,
695.6657156,337.96362999999997,40.1952502,
696.8531789,345.68245,39.7534585,
697.1608318,262.9553763,40.653225,
711.1039137,373.476401,29.3003443,
710.8786649,362.82401200000004,27.8081504,
708.545292,276.56058559999997,29.9854703,
713.2095541,333.416651,26.6486324,
705.8793608,234.4736077,31.6742293,
708.7031738000001,247.362499,30.4973586,
707.7843346,213.5607892,31.856251799999995,
715.2752472,331.401428,25.2676872,
708.4777729,243.0523892,29.4160019,
721.3050045,347.34933,19.6821874,
727.2039858,359.193306,14.1977447,
722.6818021,282.9913094,18.2984552,
728.6882346,321.925771,14.3713434,
649.326292,292.099418,77.9087806,
649.1457355,284.666146,77.8228907,
660.1346346,394.880355,69.5012355,
661.9935181,395.20057299999996,67.60555930000001,
653.5229143,247.46815329999998,73.8451596,
657.171657,239.7188521,71.7346124,
668.4672258,388.66139,62.8383672,
667.0805313,341.55558199999996,64.0370875,
661.608411,245.0734783,68.0630457,
676.265927,383.279415,56.7857844,
668.1587,275.2524571,62.053067,
667.6413853,244.78084810000001,62.7204676,
673.7148727,251.9104196,58.2765961,
679.6913789,320.868195,55.1970711,
680.0591871,300.51912400000003,52.8971011,
684.9462223,300.297368,48.9317807,
688.9876859999999,329.903752,46.6805414,
696.7206663,352.870499,39.5147771,
691.8724807,270.8128499,43.1367021,
698.121544,333.07350299999996,38.8183921,
699.8734795,310.980578,38.78488,
701.4744903,339.953793,35.788107,
708.1552901,391.66506200000003,31.705370700000003,
703.4127643,298.736542,35.2160723,
706.7987562,307.63874,32.4833216,
703.5841411,266.7324204,33.3437727,
705.7262285,270.99524759999997,32.1998849,
714.8002388,356.751233,24.6373093,
707.228775,238.7956536,31.4219053,
723.7554205,392.668855,18.3619957,
716.4426687,267.2556502,22.9492066,
717.5005717,276.8088009,22.0386261,
725.3067662,265.7652083,15.3530652,
732.715556,314.089183,9.43316077,
646.1200564,307.135621,79,FAILED
653.6339969,319.641773,75.2896048,
652.439419,307.812718,75.2053792,
658.558596,344.15117599999996,70.5698973,
657.9167006,302.256792,70.9033346,
661.8407623,344.828575,67.8290609,
662.3433316,323.563622,68.4852293,
662.3801262,338.36299299999996,66.9808219,
663.8034881,352.98498,65.97499160000001,
661.1837007,283.6582565,68.0440273,
661.2661125,290.993194,67.8585721,
658.4214728,238.6982094,69.8759342,
662.1644652,279.1310581,66.8419376,
664.3325457,293.188403,65.2823751,
668.5990787,350.607473,62.1021022,
662.7338578,259.9169286,66.3398077,
669.5444739,267.7990912,60.8704016,
682.9354915,385.340245,52.1580122,
678.7560047,304.471867,53.8644755,
682.3258057,304.034823,50.9435998,
687.2139549999999,340.498524,46.9909251,
686.2651686,306.998246,48.6169609,
690.2826081,337.03549,44.5494627,
693.499731,317.253018,43.0428449,
695.3394071,303.104354,40.4789803,
696.5527787,290.406797,38.8629997,
699.9606689,328.549026,37.1666493,
700.4483479,306.346685,36.9650243,
706.0528752,371.712803,32.0126489,
703.8120764,346.350342,33.3178866,
704.2244926,323.26410999999996,33.859209199999995,
699.369331,236.10502259999998,36.7219164,
701.1699273,231.4815542,35.9711017,
706.4608015,294.932016,31.1433666,
703.876904,220.6452092,33.5309269,
706.8307155,260.1109098,31.2195142,
707.7964460000001,255.40989910000002,29.5884561,
710.4314288,288.5617304,27.5397805,
707.6011543,239.09387850000002,29.7579502,
717.0462128,356.95239000000004,21.8323263,
712.6263976,247.0944582,25.7508604,
715.0176759999999,257.4050737,23.7593888,
713.502902,221.66708,25.3208882,
715.5500803,233.8216674,23.3532257,
723.5206565999999,234.8142886,17.5374299,
724.5769837,247.3735959,16.525071099999998,
729.49557,311.17641000000003,12.48324837,
730.191025,264.31893660000003,11.393291900000001,
650.0344363,299.574653,76.5767255,
652.5669765,297.982809,74.9077383,
656.3378824,327.976854,73.2289303,
658.6080186,337.845587,70.4820616,
666.7603952,354.048185,63.49257510000001,
664.720206,266.9538904,64.5641358,
664.7944565,257.37531920000004,64.90271369999999,
665.406392,262.2039782,64.1748322,
672.2326545,306.376075,59.1266828,
680.7682926,388.13937699999997,52.2741178,
682.6500458,331.69908699999996,52.20208,
683.3304235,322.511975,50.8721046,
685.6979087,279.7599862,47.7507728,
692.4284448,345.20775100000003,41.9930876,
693.7686501000001,316.977489,43.7368294,
690.9236410999999,301.464188,43.703643,
690.7505433,282.1593991,43.0365781,
699.0190144000001,256.68816879999997,37.5297679,
705.9831179,345.98242300000004,32.2948672,
710.7345881,358.71268399999997,27.135143,
702.7394522,240.76597900000002,34.3169006,
703.6190962000001,228.2298004,33.3334617,
708.6349945,264.7069092,28.9453935,
707.9898599,228.23866470000002,30.0984463,
711.3487169,275.2109993,25.7178393,
712.3698329,270.2291031,25.3016356,
715.3853168,293.695939,23.9266491,
711.7011439,225.2439335,27.0701395,
717.5057213,294.77571,21.62662,
721.9849866,361.434745,17.5488901,
713.5132267,230.5498623,24.9502258,
713.2235757,214.7435644,26.0608796,
724.4408961,328.897776,15.235953600000002,
721.4357909,277.879598,17.5791976,
721.0297141,230.3489053,17.990402,
647.3115669,328.826899,78.2106081,
646.4094216,294.29094,79,FAILED
647.4590076,302.312329,78.5722981,
655.5673593,390.682724,72.0748263,
657.7810623,395.80286,71.3563909,
658.1427054,331.64296,70.0019339,
655.9364292,245.618426,71.014374,
666.8642308,358.80581900000004,62.3695138,
669.766075,372.83945,61.1119439,
671.2323007,391.118859,59.6852552,
664.5724144,298.460524,64.9911628,
669.5190981,354.50388599999997,60.6606559,
669.3849496,334.936233,62.7378124,
667.332816,294.567809,62.4563137,
669.521464,309.745938,61.8878103,
670.1604722,310.38291300000003,61.0615607,
670.8506256000001,265.7407612,59.2295157,
676.1468708,250.1133243,56.1185312,
678.3842687,261.3144841,54.0123924,
683.8928422,336.264398,49.9076719,
687.9313954,345.045305,45.3553978,
691.1634493,325.788914,44.1364796,
693.7676389,349.462903,40.7735359,
693.8416899,324.001413,41.9846653,
689.8800798,287.1106503,43.6792008,
694.7549478,319.69484,40.4170825,
698.6697427,341.411627,37.4631482,
698.5766236,323.018842,37.548638,
700.7926594,292.023533,35.3102831,
699.5912707,262.3379825,37.3793615,
698.7517388,240.5464274,36.5317331,
706.8442152,342.59369100000004,30.3363345,
701.3867015,267.275998,34.4811517,
704.1752309,260.1413677,32.6930931,
701.2459847,222.8585695,34.365473699999995,
713.5565802,347.10686499999997,25.1124935,
704.9798553,226.6343483,31.327012499999995,
710.585967,251.0143132,26.9090433,
722.2760518,373.528656,18.446522299999998,
721.9045809,345.938353,17.5383202,
723.550263,365.31494499999997,16.4981091,
726.4975356,379.462961,14.8966504,
715.3993085,217.8676712,23.9623008,
716.3237348,226.8564441,22.2001141,
729.416287,388.71544700000004,12.69069402,
645.3909511,300.91968199999997,79,FAILED
651.306621,332.434756,75.6187068,
652.7144623,328.907555,74.2249866,
660.6057573,384.909396,68.8734956,
663.1761992,396.729558,65.9344543,
659.6878764,327.573666,68.6053556,
664.9417594,358.162909,64.19123450000001,
658.991945,241.0752116,68.0591374,
664.8099643,303.96457599999997,64.6959544,
673.0634434,393.07102699999996,57.7686779,
673.0291724,363.715525,58.1208627,
666.4298712,270.0750722,62.5775802,
668.1410023,289.558855,61.4333691,
668.7698943,261.4730373,60.1177943,
668.8509889,237.5587938,60.5588994,
671.6495714,256.1364342,58.0936024,
675.2616814,259.942095,56.7855791,
686.4600244,293.781364,46.4993436,
688.3836694,282.3528906,44.7480736,
695.0417662,341.740681,39.0406172,
696.0289445,325.646385,39.8324412,
696.3563024,309.398442,39.1531278,
705.1140879,381.531496,32.6178862,
700.4178571,247.3502402,36.5675009,
699.4928416,254.55502439999998,35.787980000000005,
700.8523856,259.81221419999997,34.596813499999996,
700.0652437,226.7484188,35.6143029,
701.5858867,256.3417975,34.5688102,
707.7507889,322.061369,30.7811541,
705.4958288,278.9308526,30.9485779,
703.796565,230.2527758,31.6754142,
705.2332168,222.45845789999998,31.031784200000004,
716.8468439,351.33193900000003,21.5644607,
711.3689117,255.85491939999997,25.7402345,
710.1160761,217.5065041,28.1431645,
708.8023187,210.9610607,28.116215,
721.9149376,386.567813,18.4520081,
723.3779322,376.62800400000003,16.4341578,
718.7869176,284.6742249,19.592053399999998,
720.8529123,307.358947,18.1376943,
720.8174998,241.1425612,17.217450499999998,
726.9473278,251.9112262,13.12493189,
731.415714,301.11560099999997,10.750979449999999,
648.0529638,340.57683199999997,77.2522168,
648.4337903,331.95246199999997,77.6016194,
651.4532684,323.965934,75.3644966,
655.2396332,384.466414,71.8064617,
651.7387427,288.4348843,74.3497563,
653.7419088,301.34776899999997,72.9127333,
651.8287673,242.5500164,74.0623814,
656.0252368,288.2933039,71.0929413,
662.3631803,384.14734899999996,65.79535440000001,
665.0593818,397.64011,63.589326400000004,
662.4454584,347.875323,65.72783580000001,
657.7211595,278.9695096,68.4921337,
666.9595558,369.854443,62.5866653,
665.1610763,345.16654500000004,63.4186715,
667.5294468,364.734308,61.7542857,
661.6820421,248.5929705,65.8864921,
671.2272332,369.871486,58.8434652,
674.6592399,391.44034899999997,55.8321622,
675.5922988,385.33826899999997,55.2824426,
670.2277558,270.7370824,58.8828742,
679.2797258,374.27802199999996,52.2045913,
702.8705597000001,375.78342399999997,34.4553088,
702.2398818,335.356944,34.1186077,
698.6750163,267.4741677,36.3219104,
698.362793,228.2445165,37.3274961,
712.8002178,391.560745,25.7355221,
701.4807224,235.56790039999998,33.818362300000004,
707.1209484,283.171061,29.0871838,
707.5112557,251.5141528,28.6664466,
706.7986072,215.8555385,30.3127367,
707.8290836,221.1420676,29.4292976,
710.5815503,280.8385244,25.5851514,
712.5553355,289.594586,23.8689711,
712.0925565,240.2885379,24.3440546,
724.4903341,388.195172,15.795520199999999,
714.5174343,221.6780966,23.1520065,
730.319328,306.091558,11.814385829999999,
725.6750076,245.3355859,14.424569,
643.2793425,296.123854,79,FAILED
654.7336125,385.907908,73.5056244,
652.4062104,342.836348,73.8612436,
652.7634179,348.388888,73.4692785,
649.0635358,284.2903939,75.4658147,
661.1680135,390.496147,67.5003049,
658.3937427,296.025403,68.7796232,
663.1440695,368.32057699999996,65.375277,
662.5287056,328.240373,66.5278541,
667.4135161,397.180562,62.0841147,
662.9002892,284.25946020000004,64.9225198,
659.4009577,236.9355217,67.3835555,
672.1154076,396.05876,58.5630628,
660.1567588,242.4148389,66.4086413,
665.0387308,288.50186510000003,63.38568029999999,
666.7114222,306.113302,62.83283,
661.9089134,238.22472729999998,65.45090909999999,
665.8818753,284.1162464,62.5678477,
672.1263443,358.057898,57.487104,
676.9454993,377.517193,54.8993755,
667.7385841,272.7710699,60.2083192,
670.5527296,276.7900825,58.4197272,
670.7024898,260.6344582,58.2723093,
674.5540674,262.784702,55.2793825,
674.3680243,244.4315113,56.855355,
679.1883609,320.14289299999996,52.576294,
681.3907318,292.645284,51.1897521,
683.8201725,320.216498,49.1133505,
685.2741757,312.118747,47.796342,
685.2830577,289.25503100000003,46.2385872,
691.3293768,308.206768,42.3472892,
693.8046049,332.710487,40.3353125,
689.0045522,276.1163988,43.6490302,
690.9081318,292.344632,41.9631184,
694.0493024,294.875473,39.8610491,
694.7862713,299.417524,38.8790434,
697.7745602,301.736101,37.0559041,
696.0301587,254.98429959999999,38.5370198,
696.8857778,239.984991,37.5412706,
702.5896236,305.992505,33.7890502,
701.4089641,272.2660113,33.303451100000004,
702.8608585,277.446409,32.257432300000005,
705.1775122,266.47053,30.2590103,
711.424897,352.826121,24.8966862,
704.973014,235.3144122,30.2926613,
710.0555891,292.489999,25.6227012,
708.5991828,227.8248152,27.1041536,
722.972174,382.617848,16.12439,
716.8146769,230.6597792,20.6385486,
721.5455994,281.2190994,15.511053699999998,
642.1215569,289.162099,79,FAILED
647.7768274,309.753921,77.2842506,
648.5948561,305.167464,76.6417034,
652.2144228,337.354289,73.7048343,
652.4714862,324.199639,73.3260465,
654.074629,338.672411,72.1948421,
656.501155,324.656413,69.9172314,
656.8936351,283.9343173,69.0501044,
668.4273569,393.947695,60.5107679,
658.7438696,250.9281922,67.5485352,
665.201368,278.0879067,62.6710422,
663.6927694999999,241.2949133,63.8448372,
663.5204573,236.2536428,63.7692098,
665.4397761,258.0569018,62.1864597,
672.5623862,273.4194835,56.4011514,
673.3595998,268.319103,55.9794802,
676.1583931,266.1978858,54.1298907,
683.7459309,295.057095,48.0411224,
688.5820041,319.84639100000004,44.7546471,
685.6378419,298.07459900000003,45.858046,
685.3502855,284.2389933,46.4260699,
689.1437724,307.404831,44.6530773,
687.3122004,302.02103,44.9554743,
690.4431986,338.603785,42.2849992,
691.0727557,333.369332,42.1534079,
691.1828906,277.1567046,41.7798483,
697.6670907,346.975223,36.2691607,
698.7060036,333.443758,36.0796061,
704.6028436,394.179079,32.6725581,
697.7182729,312.94372599999997,36.9338476,
700.047494,323.415875,35.2841681,
697.5604672,290.647518,36.9397347,
696.2590882,261.3433958,38.3970793,
695.7583738,245.7520265,38.5598745,
704.1775718,327.62387,32.4502813,
708.0513826,369.362375,27.7476293,
698.2754612,238.03509780000002,35.4113948,
708.9301756,352.589447,26.7702957,
709.7754901,344.376511,26.0397939,
714.0035738,352.642363,23.0359539,
706.6549092,237.8097334,28.2859706,
712.5371577,277.592615,23.4053139,
721.5994279,395.273966,17.409861,
708.9393219,233.1299876,26.0716314,
719.6805781,367.942156,17.780749800000002,
724.581836,397.729044,14.9301448,
725.9129598,394.082068,14.0010406,
717.7983682,289.48594,19.6850548,
718.8557608,293.04319599999997,18.4086219,
649.3376578,337.585913,75.5524279,
658.7877077,389.538612,68.5016445,
652.5702064,295.477561,72.7125806,
663.3472336,393.168747,64.152586,
665.3213224,379.730138,63.2069657,
668.4526935,397.856802,59.9696803,
668.987398,364.436509,59.5681257,
669.4695135,357.32081500000004,58.6967704,
665.7236088,264.9622341,61.7755541,
674.0094982,365.102042,55.2388419,
666.0767795,236.7819728,62.0829704,
668.8681937,284.0771308,59.5362357,
671.3445252,282.3176892,57.3552126,
675.2492301,257.533208,54.9053042,
674.6541951,245.4733196,54.9559461,
691.4618531,299.35905,40.9870176,
692.6899038,273.2867994,41.236746,
693.8642298,258.9246236,39.5840164,
694.3914252,236.9642229,38.9100033,
700.6357484,252.83533599999998,33.0880888,
705.7193572,289.631241,29.393245,
709.5827108999999,286.95772469999997,25.5001742,
705.7108531,234.100782,28.282223,
712.2367229,283.6390521,23.1773107,
720.247651,377.674216,18.1808378,
708.9889785,221.00006969999998,27.0967431,
724.1207456,258.2075766,13.66920131,
727.3277313,260.9129663,11.38641279,
645.9060741,321.232825,79,FAILED
645.1984538,307.39456,78.5638867,
648.950601,288.5244776,76.0057562,
653.8290111,343.521886,71.5368503,
655.1808855,349.110327,70.6780377,
661.2066845,389.48143300000004,65.73318950000001,
652.3505074,248.4606228,71.8815681,
656.2743975,246.3400983,68.9197408,
672.313291,368.290053,56.5963715,
674.6163922,370.67532800000004,54.7203567,
674.7196709,360.72747300000003,54.4257747,
671.313955,264.4076319,56.9455561,
674.4134962,277.3987426,55.1217158,
679.1465697,308.826345,50.9371288,
684.1015383,336.602361,47.6857511,
685.3775151,309.40465,45.7169466,
687.1344397,326.87655,44.6921429,
688.5183683,331.970705,43.8947658,
692.3283916,312.439177,40.9797337,
692.3337556,249.3032091,40.5416332,
693.8184396,249.4741511,38.5640716,
703.1307463,366.300427,32.2240861,
694.370946,239.5671432,39.5331366,
704.945655,331.040877,30.7406589,
707.1774758,357.170518,28.0834619,
702.5360386,283.6117357,31.782542,
711.069409,380.161273,25.6278888,
707.1391236,274.6810885,27.7832978,
706.5623965,269.4358906,28.1720581,
703.7018782,231.4706634,29.8080091,
708.1228964,261.3665581,27.1545398,
712.6689502,215.6884455,23.981627,
725.1666824,295.851803,13.43557369,
640.502617,283.7649486,79,FAILED
647.9435897,327.73092099999997,75.9340834,
651.2267814,305.339983,73.5471417,
657.8742819,346.517672,68.6572868,
658.7575866,382.761067,67.4857436,
659.3930459,351.420502,66.91802340000001,
660.0555201,332.311286,67.4441596,
652.126236,242.0325887,72.2095974,
661.1637794,341.832482,65.38923170000001,
661.7758074,363.16917,64.5429962,
654.7156778,250.459059,70.3086489,
665.4754943,373.32480499999997,63.437206,
659.3944786,283.3556903,66.2546528,
667.2897848,369.08606299999997,60.0011166,
663.0644108,246.3128928,63.707829000000004,
664.8087028,253.3145432,61.9309254,
673.2800393,355.02829299999996,55.2350651,
678.8998578,391.60236,53.0076415,
676.2031686,378.171153,52.6504709,
675.3950317,350.180606,55.1196003,
675.2120274,365.49778100000003,53.3309902,
679.7872647,387.59559,50.1096824,
676.2893001,308.47859,53.3285383,
683.3256767,384.281709,47.6334017,
683.0394972,379.516974,47.5541595,
686.3845416,331.747934,45.5593052,
684.8810701,304.457118,46.4614137,
690.5438244,320.254705,42.3744705,
690.2364687,286.6352772,41.0345259,
692.4649299,307.463817,40.1810344,
696.3809222,337.578378,36.9498531,
690.6558429,256.1101676,41.4607099,
698.3781197,297.76998000000003,35.0937553,
698.6400556,302.976271,35.004713100000004,
698.1346769,274.1492849,35.361356799999996,
705.0007439,370.837564,30.2837139,
694.9901084,230.6768547,37.536841,
697.2519687,270.3241514,34.380693,
700.5872217,279.3155924,33.3155802,
706.6778667,347.107116,27.3170513,
707.7759203,293.35195899999997,27.3214476,
703.5982404,218.9189653,30.2072091,
713.5902985,346.755286,22.6298402,
707.2824886,255.63026360000003,27.3997336,
708.0093485,266.2400797,26.2867576,
708.6419569,259.2652404,25.5604142,
708.9242959000001,244.2341859,25.5717381,
716.8021856,340.954678,19.8756157,
713.0804502,272.027864,22.1270255,
711.7446536,261.6691677,23.1382848,
713.9272135,279.4544032,21.1440861,
709.6810588,225.0796789,24.9823737,
721.1211347999999,353.948196,15.395687500000001,
722.8383652,349.798115,14.7843943,
726.8165971,384.654966,11.830479069999999,
643.5858469,298.142931,78.8550473,
649.4107924,345.001316,75.4032559,
652.6440949,312.44485299999997,73.4137774,
653.3083125,323.86895100000004,71.4081784,
651.4439255,287.2709149,72.1132261,
664.4509410000001,389.959605,62.5161334,
664.9879588,386.22691499999996,62.1709466,
659.2262553,295.59499800000003,66.66521589999999,
664.1795583,349.626349,62.8447039,
659.8815654,262.2847786,65.120739,
672.3069863,359.866558,55.8210144,
669.699102,287.67861600000003,58.0477031,
678.4295593,313.900915,51.238726,
682.0112089,328.53932399999997,49.0632062,
679.9413435,300.096183,50.2859354,
689.8742444,326.926266,42.4735139,
695.3133973,327.746809,37.9289277,
695.5191659,269.8122289,37.3345074,
698.4757685,308.79267600000003,35.0215722,
694.8762862,225.47244369999999,37.4389964,
701.7677102,319.73647,32.014021400000004,
697.7615390999999,222.8160727,36.3829643,
704.7470506,247.0924026,28.6785845,
705.9867412,226.6642064,28.4173571,
707.9605065,239.548056,25.9054382,
712.8610486,296.379883,22.4519685,
721.0003872,401.45879,16.0817773,
713.8182386,289.415691,21.1293957,
714.6234962,284.5734321,20.9300333,
711.8545751,224.70237029999998,23.22246,
725.388132,390.030851,12.74630782,
714.1238656,218.834431,21.4363134,
726.8671346,380.03330800000003,11.151387549999999,
727.7567446,371.29256599999997,10.36172149,
726.536483,331.96274500000004,11.67567218,
722.6013984,275.0798311,13.44073369,
723.7909306,263.0302355,13.02565775,
648.5814529,301.780404,75.226707,
655.4458157,392.816345,69.9024194,
653.2239045,332.364576,71.585281,
657.0140497,395.973676,68.3239409,
657.5811022,335.543155,67.905175,
660.8954875,332.017343,65.52904050000001,
665.9498442,389.29303,60.2263385,
667.71533,382.735522,60.5958543,
660.2091143,290.059607,65.4232952,
659.4070802,266.2301655,65.72322299999999,
661.3658143,274.9694957,63.594022300000006,
670.4141857,374.339206,57.619195,
661.5476992,255.77518700000002,63.2054414,
672.6749,380.45755399999996,55.5129903,
672.7992284,374.50318,55.7859362,
666.4154733,278.9648266,59.7577769,
664.8279886,241.1523804,61.1784286,
665.8940106,256.8981509,60.3698251,
666.622671,250.4956327,60.4088583,
667.9980183,245.4223215,58.938013,
676.1770684,360.032871,52.2315065,
670.952981,259.11766950000003,56.1288172,
680.5995027,306.275456,49.1026088,
689.141192,313.472375,42.6352727,
689.5963873000001,249.5667055,41.5101871,
699.6447056,368.66738,34.304711499999996,
702.593068,400.128808,32.5734003,
698.7069623,337.735503,35.0133625,
699.0374658000001,344.945555,34.4163771,
704.7812503,398.07193,30.5834704,
699.6818424,326.928891,34.876755599999996,
701.3402234,361.506971,32.246541199999996,
710.5313419,393.10103000000004,24.6418501,
700.6672384,241.9859166,32.494490400000004,
708.8044807,318.140617,27.7135282,
701.8754241,237.39390980000002,31.306455900000003,
706.552757,286.1640481,26.8896095,
705.3581168000001,259.9275143,28.4948475,
711.1971966,340.616425,23.3946896,
713.0025579,362.648964,22.0285524,
705.0017962,217.6150375,28.347646,
705.1300031,230.3017006,28.2858084,
706.5457819,247.5142964,26.4091852,
707.8726156,216.7387294,26.075177,
710.096584,233.9693926,25.0040125,
710.9529737,230.2562463,23.9027654,
717.4797259,303.34216100000003,17.8204547,
725.0366627,372.36535200000003,13.55371713,
727.4449217,375.32909900000004,10.49773943,
720.1294309,233.6902495,16.299703,
722.5080876,253.9673093,14.5096992,
646.9437242,293.68690100000003,75.591565,
654.6854929,386.762767,69.7830464,
652.1058375,307.368512,71.7297629,
653.0670431,299.596736,70.8651627,
655.8119487,341.509051,68.7610399,
661.4084066,352.02883099999997,64.1443826,
662.8757702,367.234487,63.12248890000001,
666.1524662,360.113018,60.2874956,
660.3347334,279.12646110000003,64.29546529999999,
671.9688402,386.168762,56.7524479,
665.6089457,294.050112,60.9608549,
667.4243927,289.733393,59.7789857,
667.3932993,256.59022070000003,58.8119856,
673.5323836,345.26613599999996,54.5375278,
678.0425099,393.114016,50.6161994,
679.2759126,382.647057,49.1743195,
674.7994871,271.7329992,53.9074952,
684.3318289,380.017904,45.7189363,
682.983409,329.592948,47.2841902,
684.4181073,336.144637,45.2268399,
687.8728379,298.632995,42.8308154,
696.292137,381.825311,36.583232,
693.8842988,334.18140600000004,37.4996171,
692.5179629,281.2864269,40.2444302,
697.4882776,372.049195,34.7145711,
692.3565679,286.6797223,38.7820097,
695.1513297,296.755098,36.9764353,
692.4660536,228.8191795,38.4664861,
696.3200341,232.2309926,35.5998289,
706.9175522,359.48380599999996,26.0566814,
703.4885446,285.35143600000004,29.5254258,
698.9486766,213.9208663,33.1602406,
704.1631512,279.8136855,28.7296035,
700.1479429,233.7408404,31.589337299999997,
707.4860969,271.9432732,25.9708824,
719.4184983,389.213934,16.9170892,
716.9601781,346.820146,17.7038894,
709.7560343,217.5622354,24.7353217,
712.3268464,230.9920838,21.7679286,
724.2871398,381.17965200000003,13.1121948,
717.2681838999999,226.0298275,18.4969409,
716.1667794,232.33487639999998,18.290561500000003,
720.4755083,237.809193,15.379128600000001,
641.7396664,292.366159,79,FAILED
644.751682,285.4163976,77.1149515,
647.1635932,309.899472,75.5196905,
647.6223515,290.633607,74.3246586,
649.0814167999999,297.737325,73.6460583,
651.7627896,294.339228,71.0148433,
655.1784387,289.912123,68.294519,
656.8620131,288.3122694,66.84400049999999,
665.4459382,373.90880200000004,60.5770722,
654.6584795,237.82843309999998,68.4774433,
662.4171493,306.723192,64.71824749999999,
667.1190981,373.02592000000004,58.8205992,
667.2948682,342.77464299999997,60.7725789,
667.2037942,351.55456200000003,59.2581794,
669.8407303,379.415844,57.3333982,
664.9315243,303.7536,61.8903728,
660.1049267,250.063132,63.79445290000001,
672.7169429,394.30082200000004,54.9672167,
663.3458065,247.3967633,61.1764922,
665.6454878,267.2313856,59.6793061,
670.3066928,293.061172,58.0448572,
668.4376084,252.2888761,57.7809649,
680.5619587,387.123058,48.0987809,
680.4435229,371.314058,47.7526594,
676.9884833,305.222882,51.3448842,
680.2289064,314.866725,49.1978948,
682.4488526,324.360057,47.3671774,
685.4894806,287.2688181,44.255967,
689.1021177,245.66598679999998,41.0562982,
700.5627411,372.34182599999997,32.703241500000004,
695.7900333,308.530433,36.7140894,
690.207844,239.3630785,39.7726741,
692.4516214,264.3308267,38.367956,
691.2611797,234.3776059,39.489415,
696.0445483999999,262.8701022,35.4106678,
701.1907003,273.6448875,30.9248822,
700.3535503,266.7899693,31.367252899999997,
702.6544157,269.5436863,29.7330321,
704.0673712,274.4063562,29.3053479,
700.6208475,225.329667,31.4574153,
704.2100255,264.9365915,28.2518866,
712.4093676,342.549146,21.506037,
716.9700167,358.375216,19.8161118,
709.1387207,250.2298702,24.9481543,
711.1821597,267.3746465,22.6689008,
710.1070664,255.9861644,23.2218529,
713.5638478,292.570419,20.1870015,
717.8462172,351.37073399999997,17.0097864,
719.5792106,341.71536100000003,16.6498616,
722.6490959,377.018638,13.79866751,
719.7509577,334.21471099999997,15.836573999999999,
729.345068,294.480063,7.481890830000001,
648.9739836,333.423788,73.7489243,
650.6749263,328.226003,72.0455933,
648.0842377,284.6787577,73.5121232,
653.7120565,338.004655,70.1729911,
657.8345968,397.265552,66.3118364,
655.3974853,350.465504,68.5370774,
654.5829321,330.013425,68.8424223,
652.7891798,285.33400140000003,70.5350832,
660.6333802,357.769953,64.4741368,
662.4995046,361.35098,62.2870478,
656.2815296,246.06592940000002,67.1476245,
664.2854635,354.451702,60.6994341,
661.2631752,293.823854,63.582038600000004,
661.6813602,283.972801,62.9375986,
663.4040333,300.283642,62.8009862,
660.2713927,270.6289677,63.730205299999994,
668.6892609,363.210789,57.6025056,
662.9805952,273.9313792,61.6067946,
669.092236,353.751978,56.7100603,
675.9769225,386.00181299999997,51.8990138,
675.8838218,355.75167799999997,51.4803624,
677.76541,373.19984999999997,49.7793902,
681.6917912,391.82463,47.2555367,
671.5759766,251.62363679999999,54.8159127,
670.4004439,216.4885376,53.4213671,
676.3826139,251.4610142,50.8116293,
690.208791,328.46331299999997,40.4605217,
694.8582418999999,373.164857,36.9121759,
694.9973291,369.61533199999997,36.3491825,
694.5605887,319.610311,37.9350695,
697.2179749,365.256037,34.2889135,
690.6303431,254.370169,39.5061721,
701.4466152,385.01716999999996,31.9808048,
699.4134718,322.585968,32.946635799999996,
697.2887035,280.4639146,34.1146545,
693.9631257,221.0451477,37.3173067,
707.9206671,371.620806,25.266607,
698.9656602,224.5271968,33.4671826,
699.8975761,238.1004488,32.374465099999995,
703.1918909,223.1868929,29.2877958,
715.5124,321.645658,18.3218459,
713.0625487,224.8713803,21.0880679,
642.9359254,326.513491,78.3434361,
644.2455435,295.481212,76.8341446,
645.3365373,300.593806,76.378232,
647.6290509,323.411945,74.7014002,
660.7655787,397.601265,64.1220914,
654.4533982,305.033816,69.3187291,
653.0757705999999,293.268782,69.418967,
657.1200168,340.776973,66.5776956,
654.1619626,299.733744,69.1571881,
657.5367661,327.71346700000004,66.95262650000001,
660.8402321,373.465211,63.818882,
662.9120286,399.519055,61.8250188,
652.5167131,244.337348,69.8369314,
662.4473753,354.788252,62.6586838,
661.7664104,340.732708,63.28472210000001,
659.8145599,298.32687799999997,64.5927476,
659.5733043,302.893919,64.47161940000001,
668.3345644999999,398.50039300000003,57.3982091,
660.6477899,261.84185909999997,62.7192083,
662.2751405,267.9526452,61.998577,
661.8128988,238.4698907,61.9339665,
673.917238,386.155707,53.8667144,
666.9871873,264.2802657,58.2034459,
668.2646815,269.0867363,56.9609456,
677.3897949,363.42699400000004,50.0785152,
669.2370908,254.82311140000002,55.9778882,
677.326883,358.89143,50.1180393,
672.58554,242.0128973,53.4581533,
685.0549275,389.28675499999997,45.3974185,
680.1676616,311.08645,48.2609456,
685.8536949,313.90235,44.1684525,
691.3392732,345.998924,39.7336982,
687.6408655,295.016659,41.7521901,
689.7995449,291.11499200000003,39.8627452,
686.7667215,245.7281254,42.4802093,
692.392559,291.822011,37.8804668,
695.2680441,328.08835999999997,35.8925355,
696.2797844,317.05359799999997,35.945538,
693.2745325,242.0855746,37.5395136,
709.2087943,410.418938,25.188016,
698.3448388,266.90077429999997,33.230756299999996,
695.7004709,225.0830632,35.4882378,
709.2013987,396.479534,24.5098157,
699.9505558,229.6825013,32.5696846,
711.4881241,357.438445,22.9259035,
706.862451,277.0739486,25.4743497,
702.1765734,215.4326748,29.7798785,
710.3603106,286.74079919999997,21.8043194,
706.0710418,210.9890116,26.8380635,
716.711237,360.731577,17.130766899999998,
707.5518216,229.7529032,25.1501422,
720.9550354,386.19061999999997,14.7846516,
727.2531324,334.760136,9.57088507,
726.0185388,300.986527,9.77098304,
640.4832124,288.50085939999997,79,FAILED
641.6385629,304.501413,79,FAILED
644.2143414,324.143767,77.0060265,
645.4544957,340.501777,76.2473303,
645.4234193,332.755249,75.7521822,
647.9205283,341.297867,74.0430734,
658.8099605,365.78960900000004,65.70694929999999,
660.5674749,384.22781699999996,63.7301174,
660.2035808,368.42501300000004,64.43093429999999,
663.306306,393.689299,61.8233061,
660.7928207,345.70102399999996,63.61579470000001,
657.6678312,250.3388166,65.2482976,
667.3067291,383.449817,58.4247329,
658.7801545,258.5086309,64.5506916,
659.3689383,266.7763202,63.632943100000006,
667.2628631,368.575073,57.8936325,
666.3665171,346.309281,58.9813191,
658.9660495,242.17061660000002,63.8264961,
657.4467041,235.5187568,64.5635929,
662.5406019,289.585121,61.8689124,
672.4252684,376.80569,53.8599302,
667.6684108,295.264753,58.6992578,
672.9794591,371.275219,53.0443794,
676.3326252,378.34660099999996,50.4415582,
678.1435598,390.768663,48.6903842,
674.8680514,246.2997876,51.9664994,
685.5626108,388.05400199999997,43.1148282,
686.7821036,383.761029,42.4837649,
681.5116541,309.943242,46.3264159,
684.209297,292.004812,44.0552598,
694.8291033,385.206225,36.6227463,
691.4322492,338.47522000000004,39.0310972,
692.1108513,323.53632200000004,39.163307,
685.4142087,249.3480245,42.468466,
692.5890447,306.467121,37.9329234,
687.9356709,241.2844771,40.8142864,
699.5109422,365.207131,32.2728446,
690.1720317,229.583804,39.4219549,
693.4853418,264.3487528,36.3929044,
691.3106555,222.6157182,38.4249776,
705.8881115,401.072592,28.4868539,
692.6069021,235.03388139999998,37.1882657,
698.2184548,284.7793248,32.116152799999995,
703.3310213,350.475947,28.2081063,
701.4762163,310.809996,30.7979733,
696.9116208,233.30473940000002,33.6432415,
695.9863977,228.4627462,33.6372844,
707.3454914,346.503217,25.1822478,
709.5649313,347.301736,22.9164141,
707.3968731,269.1598952,24.2738931,
709.0078009,235.4063592,22.5594729,
720.9215722,365.343461,14.4845916,
717.3762183,279.0733398,16.415459300000002,
722.9256702,370.23553400000003,11.4090296,
723.0710505,264.1911038,10.63257124,
642.9793509,303.388932,77.6755658,
650.2984507,350.446828,71.5250818,
648.0305012,309.848005,73.5039311,
648.853524,291.333949,72.5888636,
656.5730052,391.892476,66.9015205,
646.4736635,245.9279339,74.1826866,
648.5442477,244.9533229,72.5723049,
653.2610034,241.7836088,68.2045973,
664.1276605,348.18548599999997,61.0563096,
659.19196,287.4455586,63.78854319999999,
656.8204138,238.6790234,65.3658921,
669.1494728,392.022782,56.9991472,
662.5092688,280.0476748,61.0475404,
672.6274587,397.670227,53.6706674,
660.9789716,244.253437,62.1439674,
672.8235555,381.80607399999997,53.2590601,
664.8107301,239.2873837,58.9681278,
666.8461722,258.6248693,57.2920395,
682.5032985,313.877906,46.6080842,
694.0931182,420.483364,34.428753799999996,
687.0382989,290.045127,41.7968812,
688.5058935,303.750026,40.5533385,
690.8675116,312.16037900000003,38.980074,
693.9432369,258.89180880000004,36.4795426,
700.1579438,288.6146231,30.5231596,
697.5456145,240.7272011,33.5224133,
701.6966186,293.612801,28.7919951,
699.7895786,221.6362284,31.3711634,
704.3737189999999,251.3678749,27.0056647,
703.9918588,242.90132640000002,27.0071929,
717.8998926,374.162716,16.0099228,
642.2359487,321.88599999999997,78.3787917,
642.9473789,312.954064,77.6780153,
647.5930926999999,346.916199,73.7529457,
654.7788298,353.06719599999997,67.05305899999999,
658.1878722,382.95428000000004,65.0541402,
657.4374666,371.23135,65.2811306,
656.041179,306.679869,66.575658,
653.6770432,250.5503048,68.1237788,
664.8073083,393.634095,59.6140674,
664.7324759,384.048919,59.8851126,
656.2494191,280.0650779,65.79342059999999,
665.132369,379.997207,59.6087586,
668.3353384,383.537642,56.7375225,
670.5119888,385.672502,54.6773978,
669.4854906,370.32647099999997,55.319526,
666.7698089,275.3256607,57.7182967,
670.0701332,270.1050189,54.8841923,
668.9532898,247.59386130000001,55.719636,
678.2512855,378.29485999999997,47.9574664,
682.8080717,384.893148,44.3628147,
680.5500325,305.807852,47.5347456,
681.4350823,293.867226,46.3260325,
686.1478908,304.826479,42.5835565,
690.720848,267.746638,38.3347932,
697.7806915,316.083843,33.9397357,
702.4341831,361.778052,28.7804069,
705.5159934,384.200929,27.6713247,
704.4641069,354.911676,26.7775658,
700.5221534,281.768167,30.0065063,
704.703264,291.80150100000003,25.9340451,
713.1491061,390.988123,20.6026824,
709.8986586999999,338.632755,21.2400974,
706.4852151,221.49281109999998,26.0910386,
706.9498253,272.9362727,22.9130215,
718.4346281,396.75938099999996,16.1293359,
717.9027413,382.969445,16.3691118,
707.5537707,241.1895442,23.4795324,
712.8315205,295.892912,19.3556787,
714.937739,284.4624005,18.4843513,
721.3590897,248.98636390000001,13.48870416,
643.0740788,329.80041800000004,77.3600904,
650.5853531,390.409019,71.6238629,
649.310415,344.244962,71.9901614,
649.3543486,312.77871700000003,72.4946735,
657.8788311,393.056788,64.96638469999999,
657.4297332,353.356442,65.5055343,
659.4139888,387.757139,64.0884882,
656.082454,333.09038,66.299563,
663.208636,365.934284,60.5135075,
659.2626246,311.25771,63.7783113,
667.3737266,358.720375,56.8944219,
659.0361397,236.3289443,62.7277164,
659.891336,249.4291043,61.9635356,
661.5354399,235.5036191,60.5015571,
664.4139569,260.3946492,58.8966531,
674.9241924,365.467847,51.9720489,
667.074904,241.32078280000002,56.7327837,
670.8452127,263.2781542,54.0910446,
680.4560222,387.855839,45.6997507,
673.2178219,254.9761701,51.9863585,
682.7231022,370.668245,45.2443686,
674.6482354,260.0494185,51.0596218,
672.9376832,240.2964241,52.026558,
675.1447125,239.7073391,49.7611765,
679.8607235,299.589887,46.4972111,
687.2005547,323.430432,42.7838949,
685.5306282,310.333147,42.7175667,
686.7826003,257.9509591,41.4218448,
692.4474821,312.291336,37.3111647,
693.5644808,302.452163,36.544112,
688.3321309,235.3109672,40.4437824,
693.7656794,239.1074192,35.5597141,
697.0569781,275.1144048,33.408731599999996,
696.4186937,255.40303949999998,33.5598827,
697.3476186,271.9977769,32.280005,
704.7200103,349.82450700000004,26.0760221,
704.7977795,317.14032299999997,27.785627,
706.6079275,357.571276,24.8372394,
703.0273606,289.744181,27.8203452,
708.5990632,362.271428,23.0484647,
705.7230030000001,281.6931168,24.4952915,
707.489831,290.931284,23.6034401,
708.839888,297.55496800000003,23.0144416,
715.3612306,385.89393,18.2371123,
705.743868,254.3332948,25.24188,
705.5947499,236.294621,26.1890383,
708.9481407,278.0951351,22.1612107,
717.9708381,377.734604,15.1117733,
713.8717578,306.872049,18.2131125,
708.3248009,228.634622,22.2259022,
710.4962026000001,217.6697363,22.9397847,
715.1982516,287.8442994,16.948423599999998,
720.3929152000001,291.457513,12.63793853,
718.2260565,243.9760913,13.46489,
648.4152218,337.686966,72.4409834,
648.069802,283.4990441,71.955877,
651.355925,310.887382,70.4327898,
649.602799,240.69401349999998,71.1443261,
661.9099083,372.99100699999997,61.2035318,
665.2841018,394.242256,57.7245676,
655.2820088,243.2327913,65.7529191,
660.7772824,295.669254,62.0507527,
668.9193263,377.298389,55.3850923,
668.3960441,365.46214599999996,55.63799,
661.971939,262.7569123,60.6152275,
663.7657022,273.2265466,59.735485,
671.1619053,247.90027220000002,52.8731342,
680.5056063,374.927914,46.0075058,
683.5371417,393.172241,43.6839127,
675.8918275999999,251.7903274,48.6468948,
686.7077087,330.121151,41.8184209,
684.0667419,253.4335661,43.4212034,
691.5866347,329.859593,38.8246698,
689.2530913,242.7267717,39.0132439,
688.6755944,225.6599938,38.4806646,
707.1657788,380.928882,25.6337113,
696.2918588,220.0863884,32.6282281,
704.3370743,321.59121700000003,26.6114197,
708.7153577,353.18735300000003,23.0919214,
699.691555,221.2462324,29.9097489,
705.9539573,297.050848,25.0784657,
712.8948407,345.682433,18.872661100000002,
703.314378,227.5319689,26.2857987,
711.5253087,337.503428,19.6738344,
709.7046531,293.021658,21.747913,
716.023701,355.837855,16.677101,
714.9405857,340.840546,17.3632085,
709.3256011,222.0341903,21.8515939,
720.2116414,352.458203,13.20240297,
711.3194269,230.5033719,19.793215099999998,
718.2807786,295.765357,13.75169642,
647.8945696,383.841522,72.809636,
643.3441895,309.123255,76.4035563,
646.2970694,328.327027,73.888022,
644.2592115,285.9186754,74.8262779,
646.3105904,303.200788,73.3710742,
654.0614201,384.697136,67.64072920000001,
650.5385311,321.474622,70.5133819,
654.9141245,346.137543,66.7443083,
653.1332408,321.063306,68.5588718,
656.5038317,358.621163,65.12575609999999,
659.2856201,393.52846,63.17885939999999,
652.9360992,297.249212,67.9170175,
657.3798432,348.287216,64.479496,
653.5047782,237.16940019999998,66.9219469,
663.7743776,342.034852,59.7512038,
667.2823841,348.785126,56.6014752,
672.7362095,398.277268,51.2857719,
674.1509606,389.984366,50.5616657,
669.586278,245.15794970000002,54.2585026,
677.6047572,256.9100317,47.8259781,
678.1228182,261.3915493,47.9176172,
683.5368436,296.503459,42.9192346,
687.3255203,309.612097,40.7600419,
683.0772955,243.3515285,42.9332949,
685.0852121,261.0836673,41.8658865,
685.9184125,264.6683335,41.0801478,
684.1149026,239.73861540000001,41.9064406,
693.5563733,364.337339,34.4044579,
689.5144625,296.236809,38.0109344,
687.3610811,231.82334120000002,40.3911417,
689.6168059,237.6095546,38.5011794,
694.1377016,271.52698829999997,34.4092345,
703.1737931,297.289484,27.0533843,
702.1921591,277.4110386,27.3281946,
702.6092199,272.4371674,27.416656,
703.1808606,264.9761986,26.6161193,
703.0292317,258.5976748,26.4570205,
702.3734053000001,237.9058497,27.3653018,
701.5849771000001,213.2252706,28.1194327,
704.5355086,262.669868,25.2166955,
705.8945505,247.2223132,23.8191043,
721.9959851,386.154483,11.81679675,
714.7829575,292.17373499999997,16.456035999999997,
722.3292371,381.679314,10.904252790000001,
720.8079818,333.618465,11.73460908,
644.1037094,345.20666,75.7469816,
641.4514005,290.245994,77.8648039,
651.8589103,345.046623,68.9783826,
649.9356775,302.297414,70.8781816,
655.3525309,380.492247,66.20820570000001,
655.5986988,386.313983,65.5996959,
660.5335548,386.957941,62.0720536,
658.3420803,354.204813,63.4751847,
654.6352483000001,294.161639,66.4564474,
662.0379194,378.841769,61.1334568,
656.7163442,294.671271,64.3854914,
668.606441,345.11816799999997,55.7365061,
669.1301619,356.39752899999996,54.6925838,
672.2909153,359.099102,52.9685533,
672.2437752,349.387475,53.222501,
666.7800528,263.2430247,56.1031562,
667.2769827,241.0598639,54.6385757,
672.8045064,267.5456406,50.7118731,
675.3672364,266.2189729,49.2925896,
685.668825,390.815765,41.5350233,
681.8434807,297.519229,44.7165885,
682.6593273,306.231512,44.2983664,
683.2096451,301.690598,43.4353036,
693.9516737,378.38045,35.5208243,
691.885249,322.630562,36.9459249,
698.1399886,356.18393000000003,31.2855124,
693.2406077,248.5194147,35.5518512,
692.0896041999999,216.720163,35.2314638,
697.6311991,278.9951173,31.3735827,
706.0690398,376.9336,25.5129527,
709.8940522,347.281967,20.7343969,
702.7230613,217.1182426,27.1525415,
706.4985825,260.08497439999996,23.5073823,
706.3952,224.8896886,23.1881412,
643.8649172,305.344226,75.017733,
651.3992517,393.02907700000003,69.0660854,
649.9243719,340.577907,70.3950274,
651.8578126,388.615451,67.9230355,
648.6455389,288.9814364,70.7712065,
653.0977287,308.922916,67.671414,
657.0009772,363.432506,64.07347200000001,
651.8141109,284.8204918,67.8397295,
659.7334979,368.422488,62.1818636,
655.1714444,299.107669,65.4358213,
663.5522573,398.012762,59.1055248,
655.1912804,266.8765407,65.3921851,
664.7841907,288.59937360000004,58.8632897,
671.1639712,393.757987,52.2704061,
661.9827717000001,255.60265090000001,59.8765951,
664.1555178,254.0834702,58.4688911,
672.3350931,376.872505,51.3178731,
661.9764603,234.7451003,58.581543,
673.3827787,371.59643900000003,50.3698067,
675.611105,385.702946,49.3299612,
679.8124503,393.715261,45.6094844,
676.2332716,270.9443568,48.1411315,
685.6531364,379.483094,41.314744,
691.8122896,388.534216,37.1121431,
689.1913571,232.3598391,37.9109933,
691.1333239,268.4408686,35.381151,
701.0088533,379.712923,29.5619241,
693.9830837,284.2215335,33.417074,
692.4460105,226.5619614,35.850593599999996,
704.2973514,372.776519,26.3767975,
702.8984164,301.081521,26.3378297,
706.279841,285.93958399999997,23.2941054,
714.556633,368.100981,16.896898800000002,
716.6188787,393.88284,15.0542437,
708.6023451,264.0366163,21.3935018,
707.8587113,214.68284979999999,22.973318,
718.0658999,303.21365000000003,13.96788959,
716.2174305,251.07987459999998,14.5910804,
718.5045525,256.28892229999997,13.03273684,
642.5480138,335.331239,77.0221972,
643.9774655,296.558782,74.7773765,
650.0659442,348.81161099999997,69.4227949,
644.264593,248.87407050000002,73.3805318,
652.7849794,338.394654,67.85846459999999,
654.6617814,364.19488,66.01968719999999,
656.7650342,340.74494300000003,64.331795,
649.5628057,238.3993682,69.4273395,
656.0186922,272.9123498,63.9782982,
658.3149013,280.9207293,62.096609,
656.2344452,246.1536587,63.5234488,
660.9708722,285.5973745,60.3858757,
668.6365909,392.28679,54.2271357,
668.5654843,381.76145299999996,54.3740904,
667.6693151,361.589589,54.5119957,
663.1061212,280.4674625,58.6982231,
669.1191084,341.21488999999997,54.8021502,
664.9645141,284.0020064,56.5524101,
664.3002269,236.2803623,56.9892216,
664.5506035,246.8799388,56.3489108,
667.6920018,275.2051801,54.5497504,
670.9965886,263.12028599999996,51.8207898,
677.3659854,302.993673,47.5317725,
673.9065934,256.3687721,49.7810769,
690.2838664,380.09434799999997,37.5406671,
691.5048097,366.18933000000004,35.8246064,
685.8577452,268.5227187,39.8380444,
689.4255227,301.412068,37.6035136,
697.1254793,368.089914,32.318246599999995,
689.7665878,251.5608181,37.5321864,
698.2900817,369.60909100000003,30.3369406,
699.658009,385.682566,29.6247564,
690.6753614,231.0552001,36.4309377,
689.9850631,220.4380801,36.3036058,
694.5206735,263.871554,33.4375346,
704.9262913,363.907294,24.3749878,
696.3038077,235.5382452,32.640813800000004,
699.3035173,276.1993759,29.1239666,
706.0051014000001,368.738653,23.9609135,
696.5369818,215.876355,31.225514599999997,
697.8387469,224.5218613,30.5670085,
698.0102327,214.4352881,30.165073,
703.0389828,240.93551209999998,25.1129977,
704.865811,264.9853349,23.4371497,
708.4650302,298.816073,19.9501204,
713.3625754,348.786359,16.9366179,
704.1931545,212.6914744,24.5357096,
706.6456766,252.1432724,22.5297547,
709.3226601,221.3725492,19.9991658,
711.9768477,229.329274,17.2035809,
718.3680669,266.4196033,12.88338215,
718.6801604,261.3511422,12.72101598,
646.9400578,296.173291,71.5636595,
650.0307058,327.505631,69.5554446,
649.8146191,305.859639,69.2448232,
653.6789004,328.898964,66.5488229,
649.269526,247.7564832,69.5481424,
659.6871042,357.538451,61.3120362,
657.403263,306.74309,63.7086616,
655.0474166,261.251494,64.58806799999999,
658.0814813,275.54580780000003,62.527249,
666.2342459,389.398147,56.0175392,
665.1761982,375.578844,56.396278,
662.349558,292.441262,60.8142332,
658.3965506,258.0555451,61.566106,
668.4716497,373.59171000000003,53.8655455,
661.3892641,249.4448803,59.2526178,
669.7081479,367.337232,52.7304378,
663.8983347,279.28492040000003,56.9979742,
671.4196073,363.568265,51.8526163,
662.9925366,243.3006624,57.1660384,
675.1771516,367.051942,49.0721293,
677.1492776,395.59251800000004,47.1289934,
667.6383984,256.8812476,54.011006,
679.625215,380.664545,45.3879539,
679.0159269,303.474244,45.5852262,
683.2166079,326.92640700000004,43.7233794,
690.1952871,384.700401,37.3886059,
681.474547,248.3180604,43.4256889,
696.0496931,421.019068,30.6314217,
681.5436914,215.7341739,41.3985462,
689.9605249,274.774145,37.3277368,
688.8814105,264.3611952,37.3907225,
693.6248131,305.930279,34.737310199999996,
689.3495205,239.915023,36.5217135,
693.5800137,277.285162,33.4116366,
693.0826567,258.7481387,34.4985098,
692.3266584,231.3790617,34.630029300000004,
693.670394,235.4402965,33.830480300000005,
700.858248,284.9562335,27.2234403,
704.912873,301.293986,25.2950608,
703.0808517,268.7626196,25.2944783,
700.1234229,247.7804655,27.1499464,
700.1637348,217.2366083,28.2182762,
703.6434854,229.46060219999998,24.7738195,
703.8250646,236.33311700000002,23.710518,
716.7640590999999,386.64790800000003,14.8653793,
705.389097,232.1724413,23.0269896,
716.4440967,341.870943,15.6589648,
718.5716582,372.893031,13.80690582,
712.1243923,296.143998,17.5111565,
714.4155704,301.078541,16.3773973,
722.3666615,376.543264,10.57930815,
716.1954089,286.3174401,14.3063767,
643.8032354,327.146442,75.4056628,
645.9338711,387.42265,72.1506632,
647.443694,331.877467,71.1790668,
649.5127722,333.829899,69.338202,
648.1273438,284.0778052,69.9110516,
650.063755,289.339557,68.7506904,
651.5670345999999,278.799983,67.4348113,
660.0598099,389.94658300000003,60.6074449,
651.146923,245.3953127,67.5690058,
658.4847648,337.442463,62.5338639,
660.0373818,349.295841,61.2256443,
664.7221919,401.205996,57.6964983,
661.9032033,350.971368,59.675703,
655.6663829,253.36878660000002,63.8646799,
659.4202864,245.5701404,60.5426115,
670.3397294,385.30377999999996,52.0928459,
670.3427432,343.845545,53.2139051,
674.7265151,393.054943,48.9091118,
667.4719472,279.9351972,53.4684888,
677.2170144,383.859385,46.7156227,
669.1757328,253.0021935,52.6069454,
668.8846657,259.1370781,52.4707668,
676.7490766,331.630878,47.5302841,
673.1947912,248.4182982,49.5957826,
687.20874,423.16779299999996,36.6345233,
691.3448271,393.014877,36.5812904,
693.6618626,376.678631,33.718068,
696.4604161,395.294485,32.5904103,
683.5088066,234.2484389,40.8128725,
684.9608164,248.4864537,40.4817548,
692.5736594,324.512717,34.730103400000004,
695.9175331,289.02967,31.2899035,
692.5382202,220.0899428,34.361886999999996,
702.0085748,360.22675300000003,25.7233846,
706.7053584,381.707263,22.8939696,
699.5823449,265.3472297,28.1490053,
702.4500386,285.0931458,25.5231342,
704.0387273,273.0590185,23.5224319,
706.8193907,282.1673531,21.2873297,
706.7115186,232.456337,20.9495629,
711.3865248,290.480098,17.246195399999998,
708.0558699000001,225.9245305,20.1811841,
720.0421112,332.90892299999996,10.32564037,
644.1955533,333.516994,74.0641021,
651.3663275,393.421073,67.019326,
657.5157003,359.792593,62.9536782,
655.6385535,335.31043,64.289535,
657.7437176,343.86066,62.6755778,
653.5847341,285.3278939,65.5151491,
652.4529495,246.517518,65.7112358,
655.6035937,283.2066309,63.644904800000006,
661.8482838,376.293443,58.3054166,
657.6199833000001,291.464096,62.8244651,
652.8136784,235.8022271,64.9813847,
664.2515889,364.406522,57.1530252,
665.2229202,369.509979,56.2939206,
658.9639336,269.20230630000003,61.009317,
664.1874332,345.6645,56.8948486,
664.7422514,340.871432,56.592876,
656.9842282,242.81605,61.7861175,
663.1525658,291.60152600000004,58.0596575,
660.7139537,265.5832026,58.9562861,
660.9893454,241.3675442,59.0481314,
671.0466257,381.75142900000003,50.6499479,
665.6219005,279.382064,55.3591653,
665.9254536,288.188078,55.0681528,
665.8121101,266.5788113,54.9241681,
671.5923147,352.60272399999997,50.8773669,
672.3697717,342.55670499999997,50.3513399,
673.3717358,361.565339,49.3983227,
673.5102893,324.0435,50.8636678,
675.8113889,372.47760700000003,47.2639637,
677.0448631,342.191706,47.3132025,
676.8666957,335.931413,47.901263,
676.7988256,308.044489,48.1151288,
670.355104,245.5285389,51.1886417,
672.4750244,250.5904359,51.0351765,
672.3829408,243.7572912,49.3409118,
681.4148096,257.0760198,42.8756786,
686.7164498,300.810624,39.0445623,
687.6301053,308.28765599999997,38.5471545,
696.2115217,378.852613,31.535105299999998,
691.4885956,272.8016798,35.379073000000005,
692.0280385,265.57655669999997,34.4185499,
690.028776,243.7071184,35.523299699999995,
703.2250556,368.797329,25.2785191,
698.1748073,288.6857472,28.4920581,
698.4550065,269.89047800000003,29.2952201,
705.4931200999999,344.164469,23.209761,
709.4359986,341.943104,18.679960100000002,
702.7016708,225.04635489999998,24.2114915,
709.8327266,285.7593699,18.2864929,
716.2410199,334.599779,14.8718415,
717.5842482,355.23021700000004,12.48504094,
719.8716799,372.227356,10.74990528,
642.3122924,321.308088,75.6644881,
641.9299585,299.54626,75.9583086,
641.5299195,292.308721,76.0901572,
643.0318383,310.647198,74.7030898,
644.0964146,324.378371,73.7121887,
643.9029131,291.70624,73.0719143,
646.1565104,307.035218,71.3679144,
649.4538327,310.70824,68.838201,
654.1895435,278.1007745,64.13821730000001,
662.2637638,345.087901,58.769551,
662.660517,358.028153,57.6735982,
662.5293002,337.656211,58.2013754,
665.7453033,353.375089,55.501259,
662.5131841,272.5414793,57.3417504,
662.2706892,266.0760723,57.449333,
664.3832083,274.7440831,55.921704,
670.8806452,358.329773,50.9133484,
675.5216773,252.1104612,46.6440654,
683.2833637,245.2036961,40.4609314,
693.7287592,359.443798,33.2950222,
687.779055,256.0053381,38.4840635,
688.1412441,234.9979451,36.508209,
698.6042132,361.89721399999996,28.9438237,
700.1839953,354.886167,27.2678812,
703.3031529,373.643721,24.27412,
705.2056053,377.62160800000004,23.5307073,
702.894272,249.5189647,24.9947882,
701.4812659,223.0299484,26.3156966,
702.1679429,245.5935938,24.9206067,
707.0580215,269.6261538,20.9481899,
648.9010944,383.513592,69.4169843,
646.4145815,321.472694,72.5029403,
644.04295,307.738077,73.0296124,
654.2269958,397.39976,65.03224180000001,
650.9280192,324.908304,67.35359030000001,
654.475936,367.79416000000003,64.709507,
649.1690165,251.58160709999999,68.2180316,
648.4662433,242.7842954,68.8654028,
661.9021228,380.65443600000003,58.7984942,
663.0124356,380.01640199999997,57.3240894,
657.4551259,286.8442241,61.8092882,
658.3797457000001,274.412307,60.0831006,
668.9970377,399.538325,52.8206712,
660.2724558,270.7642887,58.7199892,
667.4512498,321.587541,55.0881253,
663.6970452,251.2753559,57.0177833,
664.6750113,270.3730501,55.1883844,
672.8537633,376.13113599999997,49.0433762,
671.1093297,316.657414,51.677227,
673.0111128,355.893322,49.0550285,
669.0295326,287.1061049,52.2861731,
674.8989598000001,281.5062775,48.6671327,
675.194954,269.99115340000003,46.1968304,
680.3051445,238.2829592,42.7094093,
682.7565431,253.9298966,41.4307585,
687.1127061,222.5856902,37.3071024,
700.1484236,366.954454,27.2920638,
696.657144,284.4946799,29.6191185,
696.2159138,272.7487229,30.3527897,
698.3791681,280.9605858,28.0872098,
702.7506186,290.047322,24.2638865,
700.9742829,274.5513328,25.3878808,
707.2233761,343.29583,20.7423465,
706.6436268,335.622767,21.2230874,
701.3172764,254.7662513,25.4037058,
711.979341,390.360746,17.838087899999998,
704.204648,294.457199,22.6446499,
704.1244013,277.4573537,22.6969528,
716.8013837999999,394.854774,12.85441494,
713.4916305,283.8187928,15.434890199999998,
715.2529074,272.0863285,12.49632663,
648.2932643,395.699275,69.5718301,
647.8501103,388.615609,69.4208174,
644.4150935,314.14180799999997,72.4098496,
646.5851476,294.020916,69.7080655,
652.8439281,340.316815,65.2915565,
646.3115797,244.673038,70.5672055,
650.2090144,313.640173,67.0159857,
654.0619134,344.86273800000004,64.5360204,
652.2792372,302.526883,65.4181511,
659.3620734,399.350512,60.2538811,
653.9101671,289.855768,64.3835768,
656.9009094,332.782685,62.2951976,
655.8472252,296.43323599999997,62.7643544,
655.1885019,265.1414548,63.0719569,
662.2627634,372.231765,57.6385238,
654.9821259,239.4758772,62.8458604,
659.2797241,280.3812291,59.982966,
663.7075797,335.219145,56.7463573,
657.0033231,251.7793686,61.0001397,
669.6302304,347.020577,51.6256936,
671.4049001,367.155503,50.0032587,
667.0275516,273.3565559,52.6394466,
673.2110513,351.218606,48.6884233,
676.295507,378.044064,46.0638367,
667.6562576,243.55961200000002,52.7315553,
681.4118123,376.27514099999996,41.9998564,
675.3930475,264.0542214,46.6481558,
676.0544022,245.8194513,45.7198859,
681.0457795,261.1515405,42.2328693,
685.3775921,275.24993010000003,38.2744337,
684.7004232,240.91904929999998,39.4579237,
689.7856606,309.48744899999997,36.1634854,
687.3344461,279.0844122,37.1618776,
686.3630808,227.2604181,38.3549327,
688.6160635,227.333753,36.456882,
702.3929594,381.085307,25.5888435,
701.9930599,355.58038799999997,24.888992,
698.3916144,242.8380904,27.3571744,
703.5519428,256.1718711,22.8007863,
714.6662527999999,381.220596,14.5069397,
723.1617563,340.777417,7.203283669999999,
645.6985158,369.53731600000003,71.2600805,
642.7404971,300.977305,73.8796927,
648.8513792,322.029652,68.8489016,
648.1277813,299.136625,69.2390723,
651.7893085,360.09285,65.4709381,
649.2545788,330.83414400000004,67.6054456,
643.3519766,243.8098377,72.0230028,
643.9403022,238.7356989,72.0951354,
651.1727889,290.75865,66.1941243,
652.4012413,250.34794019999998,64.39000390000001,
664.4124228000001,385.09638,55.9546725,
659.7245919,288.7275527,59.7843494,
660.8531197,302.847588,58.6183244,
668.7737707,371.440597,51.7630688,
669.6071158,351.680908,52.1841516,
665.3965777,262.7641488,53.87892,
667.3367674,267.3555885,52.9063905,
672.2179160000001,331.36525800000004,49.6070032,
670.0398413,275.85096020000003,50.9963329,
672.434131,318.93900199999996,49.0918919,
670.0007142,259.0619224,50.4158697,
669.7109164,240.4570825,50.6851911,
673.2020906,247.4592635,47.4265972,
685.9662182,388.47663,39.524793,
686.1184631,394.168937,37.8590456,
684.5950488,233.6163408,38.4033833,
690.3945094,261.404503,35.4551022,
693.2399728,280.0108837,31.373578600000002,
690.5051095,226.548695,34.211193300000005,
690.8813501,214.8064252,33.190172700000005,
696.7863552,214.3482573,28.1632302,
712.9917234,395.842809,16.0633087,
712.5112852,386.994197,16.2738855,
705.7295266,288.6380897,20.9181663,
707.687243,291.0381,19.0408664,
709.5750487,309.291094,18.3257081,
704.4619348,238.3252029,21.6811642,
705.278948,221.65056950000002,21.9652935,
720.3511701,333.963753,8.62280839,
644.6414579,346.244347,72.7278057,
645.5336756,338.777154,71.0535533,
644.8800272,326.846312,71.9294525,
645.6871935,312.365144,70.4955626,
649.1933736,351.747819,67.7024169,
651.9620571,388.679265,65.3885044,
650.6463858,365.359081,66.2181511,
653.388265,382.284497,64.7097225,
652.0742902,349.754435,65.774332,
654.9344294,367.54298800000004,62.8645412,
652.8289998,307.027258,65.7633007,
656.3918131,364.33423400000004,61.863918,
651.8879176,278.87586550000003,65.5399058,
659.4826949,385.434353,59.2251684,
653.108063,242.8044446,64.0514877,
655.106624,270.4878772,62.0299233,
656.5120953,262.9313388,60.9733951,
662.7983952,287.5851902,56.9391085,
667.6039035,357.050439,52.4055903,
661.2436391,260.8062432,57.0195007,
662.0829559,255.43208140000002,56.6314882,
663.1932567,259.0840318,55.1747207,
672.7559985,337.6076,48.2951659,
672.8019179,241.3989143,47.439271,
678.8017871,243.50094719999998,43.3859891,
700.361839,364.409166,25.2699574,
704.9929520000001,385.443347,23.3861731,
693.5435376,219.2371516,31.404406100000003,
694.6348865,237.1164102,30.6172527,
699.583292,291.025181,26.2125891,
704.036524,339.66609500000004,23.2850217,
699.1050385,261.3047112,26.4111351,
702.1082106,297.654656,23.9042015,
710.2570339,345.489841,16.8576425,
703.1003113,242.5336856,22.5420211,
645.7927458,390.642462,70.5764233,
645.6225768,349.724038,71.0353343,
645.0456699,301.592505,70.9516957,
652.7508652,372.38606500000003,64.5281431,
652.4942881,354.994781,64.9541023,
655.1531131,399.132613,62.6455591,
654.1777777,352.55141100000003,63.43308999999999,
656.7936929,353.242594,61.5784458,
648.8517327,238.8587794,67.3579944,
654.9376358,300.745999,63.7756191,
652.2191449,269.267295,64.12968889999999,
660.8460585,363.58036300000003,58.6040612,
659.483314,336.78709000000003,59.3091503,
657.1720435,292.472993,60.8608506,
657.023844,297.878441,60.8999957,
664.3449143,395.867731,54.7707565,
663.4479672,360.803042,55.5276174,
658.9318419,260.7437941,58.8930826,
656.3718894,233.8677147,60.2156675,
664.3695281,283.1329806,54.384853,
670.2192295,337.80618400000003,50.2144116,
663.4631225,236.1791417,55.1664526,
664.5141204,251.9355738,53.9559921,
673.9546456,364.375456,46.8256823,
666.2246228,237.1066861,53.8133076,
668.9492807,283.9020378,50.6550355,
676.2091391,372.205292,45.1885105,
674.9370819,338.879462,46.6997198,
677.0749012,355.986501,45.0999651,
678.9945053,381.431719,43.4462264,
680.817794,384.931455,41.726142,
672.8841085,259.8136144,47.6223139,
688.2136736,373.326583,36.4348926,
683.5009475,262.57677309999997,39.3828093,
690.998028,363.969119,32.3160193,
689.215787,320.970934,35.9339885,
689.4631473,237.5922704,34.5497184,
693.2848308,272.0071102,31.456945599999997,
694.0586912,243.0981947,30.4631866,
705.0883627000001,295.353871,20.5237706,
700.9517093,215.5199441,24.2892228,
714.2684867,389.8503,14.056355,
703.8029593,247.7615459,21.7922031,
704.1305104,227.4536539,21.593935,
706.7284924,232.71391119999998,18.605573800000002,
719.9484970999999,325.98665600000004,8.39521102,
715.0637516,248.1000429,11.55210524,
650.2773604,383.72691599999996,66.86449,
644.0151307,287.7005854,71.7586658,
651.0486046,378.66984,65.6535183,
648.9471613,340.784001,67.52461339999999,
646.523975,281.72608809999997,68.71267,
654.5766147,384.803504,62.7374275,
650.2405474,297.23382,66.09642869999999,
649.8776729,251.2730863,66.2686445,
665.1182491,379.174191,54.5658421,
653.8866209,235.0644479,62.0913736,
661.4335431,331.187042,57.4328756,
656.7562803,239.0047123,60.45007,
664.6564413,346.57872599999996,54.5337698,
666.1358864,352.868557,53.477248,
659.1249117,256.8156086,58.3592839,
668.3993211,378.17933600000003,51.9132387,
669.4266599,392.702993,50.0562651,
659.2656414,247.9020873,57.6315228,
664.2615308,291.415515,54.1728125,
673.8547305,387.795659,46.4100108,
672.754151,368.71378200000004,47.2861761,
670.6263886,264.5302684,49.5426877,
680.1776365,391.62926,41.8448078,
671.5341272000001,269.3860337,48.4988393,
675.2402805,324.30739700000004,45.9703831,
676.6244742,363.66123300000004,43.2562302,
683.8489722,379.40290200000004,39.4529553,
687.0837722,388.978753,36.5589276,
679.0213479,253.42316970000002,42.3879992,
682.8824561,273.07484220000003,39.0787088,
692.3074439,265.9022476,31.7222966,
691.2103952,256.07984469999997,32.5039705,
697.5502184,275.3928469,27.1750922,
698.1324988,269.85585349999997,26.7540147,
709.3598056,393.891887,18.247799399999998,
699.4880907,235.3067311,25.43388,
701.7813645,223.9018403,23.2063387,
718.5263757,383.09781899999996,10.82715923,
707.7900624,226.6720172,17.937053,
644.592941,382.995906,71.7761587,
645.5621081,386.471028,69.7519219,
644.4927304,334.25836100000004,71.9790185,
643.4419124,297.25741,72.3102222,
646.0669068,322.18208000000004,70.1955931,
641.1541183,246.8555417,73.3622068,
651.9666539,295.015576,64.3587287,
653.9518369,323.242534,62.9488702,
658.8181664,369.53801999999996,58.8739733,
659.9596601,349.91801499999997,57.9994389,
663.8158358000001,366.453037,54.4651504,
659.3113874000001,277.479421,58.0883731,
663.4313202,319.128297,55.0529486,
670.8159608,397.867301,49.1838448,
661.9334277,264.4965606,55.8292078,
667.4966274,341.750093,51.6386987,
671.9781937,384.99435800000003,47.96729,
662.3865607,241.5966271,54.7232119,
674.3174627,393.450251,45.742492,
663.9095457,246.202987,53.714594,
677.0190598,394.224757,43.8077984,
677.534791,389.19577300000003,43.5672241,
677.6338433,367.595615,44.2159903,
666.7734435,226.7652908,50.4725001,
679.3279301,370.62219600000003,41.4546714,
683.931724,386.727981,38.1933176,
689.1738311,366.05442400000004,33.7766425,
692.0508767,357.603396,31.3044225,
692.9850841,223.565959,30.7958453,
698.8319852,296.763498,26.0378119,
701.5434665,259.65927320000003,23.513155,
703.4977247,261.9526671,21.6909176,
717.9531016,374.744871,8.605101099999999,
646.1902019,353.78988400000003,69.5430783,
647.6256613,346.74237,67.7924544,
647.9711613,293.679049,67.394965,
648.8784657,307.411202,66.6583203,
652.7160778,359.281158,63.3317548,
655.0118074,380.911722,61.6078948,
654.3433184,347.53236300000003,62.3408463,
653.9227072,339.816939,62.9884944,
650.0830613,267.4672738,65.2606069,
657.6359371,374.015166,59.6345846,
657.7266906,364.025062,59.6036304,
655.0022772,327.217059,61.67141,
657.3876476,346.336163,60.3224603,
658.6766363,357.661363,58.9238241,
649.5619407,239.5725462,65.4030928,
657.9214051,331.713788,59.4638617,
653.5915387,277.5737855,62.1324878,
665.7346138,401.225094,52.7693732,
665.4941878,382.77893900000004,52.8210443,
666.3807475,390.072072,51.6107248,
664.4598418,357.75255200000004,53.693403,
665.4895031,341.222058,53.3743952,
667.3957086,333.272281,51.9467801,
664.9726849,296.147293,54.2384283,
667.3310855,326.582626,51.7224274,
672.3580556,378.816186,47.5184519,
667.2229173,292.91418799999997,51.3131362,
672.4452055,325.499434,48.6526158,
665.3011908,249.004563,52.1820208,
669.6927678,252.7015937,48.9054579,
673.0118714,273.3494174,47.1494499,
684.8545904,378.44137,38.4723182,
699.4502274,371.921779,25.3172748,
688.4474102,217.3247957,34.2432181,
690.3896156,222.9955104,32.5353102,
696.6368891,219.1751344,27.3982694,
700.8463855,251.5962182,22.720911,
706.6525725,295.0011,17.6979146,
715.2888156,382.005774,12.75467995,
711.5625256,289.233008,14.6701395,
714.9102373000001,331.026636,10.915874389999999,
714.409356,292.59891500000003,12.21380469,
645.345879,327.85583199999996,69.8748747,
643.7830717,283.1599926,70.7985834,
646.833718,315.284199,68.6905494,
648.7250413,355.443378,66.1632927,
642.1271154,248.7001269,71.3547625,
650.1772082,344.794965,65.5644514,
650.8915158,335.899848,65.0198852,
643.5570455,237.3126766,70.0465014,
655.6283617,377.280579,60.539709,
646.9517236,247.2549973,67.655045,
652.6313774,328.32007699999997,63.270011600000004,
652.8237093,306.549919,63.857150700000005,
651.0819661,273.9705263,64.4464965,
651.327257,262.8600886,64.26077699999999,
656.1224274,284.1128572,60.5132054,
658.9428865,321.337855,58.7484883,
665.1592304,387.297631,53.4219053,
661.6160367,327.671152,56.1674578,
656.3742248,243.15335629999998,59.1810279,
665.832347,363.355322,52.5624989,
663.3679707,324.97123,54.669361,
667.9436362,363.787034,50.5473963,
667.6994404,319.349655,52.0064527,
672.5365466,358.625713,46.6457534,
667.1843128,249.3968256,49.875689,
677.673409,355.813283,42.3515326,
680.7778906,356.464739,39.8214207,
673.5137416,255.29626910000002,45.7333195,
680.9472193,351.014525,39.8565796,
685.5971188,383.603052,36.865481,
687.2357208,395.390357,35.8103099,
676.7073350000001,248.5559887,42.8148997,
682.4947973,253.5139686,39.4531524,
693.111798,370.370293,30.2261507,
695.5870278,368.01173900000003,28.3491969,
700.7419222,343.89121,23.3386097,
697.6831019,256.6150665,25.5705703,
698.790314,264.0798734,24.5494778,
701.5108151,288.8348522,22.1013036,
699.4318171,238.90902640000002,23.5237337,
700.3281555,231.4738796,23.4950404,
709.1003291,330.329389,16.1968581,
704.6639957,220.98921289999998,19.8895439,
714.7033354,263.7795915,11.65688102,
716.150585,256.3844836,10.61800512,
645.9456557,344.342733,69.4238414,
645.0860846,333.418713,69.9301251,
644.6410633,289.119668,69.5432933,
646.0176846,305.929402,68.164357,
647.2088279,287.3093867,67.41575950000001,
650.5302314,330.289495,64.9168744,
645.2548621,252.1139339,68.6676248,
648.7600145,282.0188348,65.9522561,
655.0428813,342.205938,61.1623263,
655.8009941,336.91665,60.7842507,
657.089076,350.606471,59.5839534,
659.4996946,343.032636,58.031383,
656.7653512,300.049206,59.0220097,
656.6586384,248.700453,58.9712368,
664.8437574,283.79580880000003,52.3070006,
666.2629631,278.0171285,51.2258023,
667.1467874,269.58306070000003,50.9516401,
664.9303383,238.8540409,51.4624251,
674.0702857,329.561921,46.2200525,
670.880462,282.76149399999997,47.0691321,
677.8301636,364.565769,41.7532174,
681.1182789,374.653373,40.3533954,
672.0408137,265.5195311,46.1808305,
679.6498763,361.329456,40.0765589,
680.5010931,370.64475300000004,40.0731259,
675.7088717,274.4914245,43.3096336,
675.148402,259.4394984,43.913357,
688.8495009,414.934169,32.3977305,
687.4399991,383.063624,34.7229984,
679.5642348,237.4868703,39.9317001,
693.0485611,362.071999,30.3025891,
701.3127709,377.086699,24.5109287,
695.167605,283.7575474,27.7263973,
690.2778624,212.8075528,30.114761,
702.3201822,349.629656,22.2854191,
706.1321726,336.14572499999997,18.6673301,
710.4449351,278.9400172,13.49561379,
714.4337147,324.555654,12.06756328,
647.0529897,367.12793,67.2125556,
651.9738973999999,379.55442600000003,63.183058200000005,
650.1041364,324.285887,64.7896736,
655.77312,371.239248,61.6080435,
653.9189615,360.367306,61.4920075,
651.8298973,286.1044796,63.10364680000001,
660.6252374,368.137383,55.9036601,
657.2909511,291.462754,58.9784785,
664.9081457,374.901256,52.9107333,
660.7886158,316.144851,56.5206926,
658.2223088,288.1146926,57.6405338,
661.4919937,333.784546,55.4166423,
658.1327539,283.0926029,57.9104687,
659.3841893,290.917747,57.0090226,
665.1109051,369.76271099999997,52.5683363,
666.6011053,368.61264600000004,50.6761861,
660.5808686,284.0946551,55.9419184,
659.3019391,240.217232,56.1786463,
670.8878646000001,394.543313,47.4589284,
670.8094907,373.9575,47.6715639,
669.1215555,343.007497,48.9761851,
670.8455564,330.358185,48.0884507,
674.4508782,379.640695,44.0790322,
667.9703275,274.9566332,49.1832527,
673.6135791,334.647806,45.8451822,
669.7422782,277.84511150000003,47.5725783,
677.9929453,358.979086,41.5765401,
685.5925681,369.415894,35.652670799999996,
689.3568318,269.1472551,32.5011381,
699.5372442,269.4206521,23.8269806,
696.5811937,223.5864636,26.6566088,
697.944401,243.5198312,25.2347992,
711.5905159,385.240732,14.2452674,
701.2064143,234.4574505,21.5209347,
707.5019089,292.304132,15.666705800000003,
708.6093594,232.2788846,15.8759053,
641.2366981,252.8261551,72.355088,
644.6563869,306.918803,69.7823128,
652.4479632,333.840374,62.841294,
649.1984868,287.55333640000003,65.0013299,
654.0073652,319.843057,61.7167549,
653.4367091,290.849839,62.235219,
655.4556011,316.053422,59.8886097,
651.366161,254.28687309999998,62.9093427,
659.7366835,354.66085499999997,56.759438,
660.9406174,377.84943799999996,55.4698236,
660.9220165,348.90918,55.875303,
662.2220012,372.084319,54.5788225,
661.1825335999999,343.035708,55.4757716,
656.0122873,264.4385034,58.5599792,
665.1755901,347.80014800000004,52.1907194,
666.7703068,375.35237900000004,50.5528449,
656.9026202,235.2514529,57.9529576,
660.2079912,279.0582026,55.4138605,
662.3207524,275.2521353,54.0014716,
667.5353614,350.311157,50.0019544,
667.7546874,315.27502400000003,50.604656,
669.9448033,347.38110800000004,48.5241789,
667.3597206,300.828206,51.3985354,
672.0836233,349.63186099999996,46.7359461,
665.7672353,253.7384462,51.0196444,
665.7273335,259.1653487,50.6733094,
673.8406663,361.118971,44.8300668,
666.958493,244.4707417,49.8065901,
676.7489177,337.010962,42.3823701,
681.3143053,370.261528,38.2221849,
687.4224542,370.874484,34.012968099999995,
690.6359226,415.82663,28.9389248,
695.4123488,365.06635600000004,27.6542395,
695.9055582999999,369.305223,26.3752056,
691.9794344,287.4331934,30.0895869,
699.3943869,350.98807999999997,24.3072572,
697.4507334,250.7399926,24.8576429,
702.2884814,269.3755103,21.7220459,
707.0661879,337.26160500000003,16.6984151,
712.7947781,352.212756,12.7154766,
703.2760653,230.3400557,19.526818,
716.6203016,378.51682600000004,9.76734445,
645.6469161,383.960107,68.4242188,
643.4928279,294.035385,70.4982367,
647.75078,359.849553,66.299294,
646.4949457,320.805472,67.68993230000001,
649.8196722,368.614056,64.3602146,
645.4375944,297.835456,68.0266489,
642.8258872,242.6215932,69.764728,
643.2848694,247.4080228,69.3679877,
645.1145596,277.8022776,67.7206511,
659.5054126,337.976832,55.9131313,
655.1754976,258.5678353,60.1930747,
661.8287478,338.437679,54.433518,
665.0318828,322.16193599999997,52.6204885,
669.8121971,362.570247,47.8276257,
663.3201487,269.5657216,52.3259393,
667.6223196,262.43024579999997,48.7638758,
673.1753641,319.38518999999997,45.6022265,
668.7878828,266.1332852,47.5991783,
678.0786219,344.231576,41.9414344,
679.0791453,379.535353,39.6081954,
678.0626,353.99052,41.250273,
677.3655738,350.000453,40.93887,
679.1388883,346.737929,39.4515537,
676.838426,237.3560579,41.4787204,
681.0861231,237.9995578,37.9522043,
690.0062414,275.058372,31.497514100000004,
696.6402891,364.57185000000004,25.7726742,
689.4766602,215.1688707,31.209424400000003,
696.1819525,246.0990591,25.1017462,
708.70823,394.242382,16.020483499999997,
707.8134281,383.806926,16.488582700000002,
707.3012381,323.614292,17.3985032,
709.6429954,344.078477,14.8191651,
701.8784379,218.2595191,21.0050535,
709.4308605,324.702529,15.273333000000001,
711.1680153,284.6171048,13.45186519,
714.9190433,331.03713200000004,8.87316708,
645.5927932,338.305705,68.755811,
651.7409402,364.747197,62.5120159,
648.1915051,311.879556,65.2170991,
654.8389889,356.105453,59.9605017,
650.5034622000001,273.3865808,62.7684567,
663.5841308,331.013101,52.7702428,
659.1963654,270.8243478,55.5815821,
660.6435653999999,288.7203366,54.814253,
661.0841572,268.99163,54.1242347,
672.1561389,376.604668,45.6921188,
672.4958514,366.424538,45.1274149,
671.8011199,343.753099,46.4073299,
668.9156654,256.94437270000003,47.4594469,
668.2426524,244.3154955,47.934356,
678.8149918,366.372938,39.6807808,
689.7811635,383.763465,31.4503464,
684.9666818000001,224.3612474,35.371123,
697.148304,357.570985,25.284151,
699.8129457,380.99025,23.050353,
693.8588752,271.9710428,27.4342163,
698.4921031,245.9715739,22.1093176,
699.6295932,228.7977463,22.4045685,
645.2190093,311.281343,68.1460308,
647.2986379,332.62953,65.9823371,
646.8178854,302.394536,66.1708153,
650.3943351,349.04046900000003,63.1148005,
646.7582332,274.6767006,65.66101359999999,
654.7103917,368.58707400000003,59.497881,
649.9589928,279.2248295,63.4602824,
651.7937177,282.2463888,62.1188797,
657.2932109,363.328495,57.6802955,
654.9141557,321.806414,59.5482786,
649.6892876,236.92185510000002,63.066985700000004,
654.44197,270.0535162,59.1721108,
652.7959123,241.318846,60.637205,
652.8560003,246.3499507,60.188531,
657.5951667,273.3153963,56.9756729,
663.919497,337.286388,52.5285298,
665.9574369,355.614424,50.4061342,
659.267835,246.2301322,55.1660048,
663.6192885,300.188726,52.6104714,
669.1153416,366.800145,47.3918446,
664.7693371,288.4030301,51.1778031,
664.3624329,273.2473709,50.8889844,
668.2201987,286.1998192,48.9760059,
668.4122348,292.483815,48.3020154,
670.9643748,316.67897700000003,46.8122233,
679.8780303,385.233948,40.4063693,
670.9661207,273.3506299,46.1700413,
677.3086482,258.164032,41.1143427,
680.7295182,261.7046298,37.9023508,
695.9912288,351.937841,25.5987738,
692.1378713,282.1705248,29.2929601,
694.7157387,287.9968887,26.5377459,
698.8380368,264.2834346,22.8910388,
695.2546278,217.8297617,25.6707966,
698.4716624,255.1082182,23.0006282,
699.5204757,221.31914749999999,22.3706156,
700.2001575,244.262477,20.2893985,
701.3226881,225.0550698,21.1191104,
711.7989535,334.39385300000004,12.26807978,
646.3660724,355.38235499999996,67.5864463,
643.4790551,298.13185699999997,69.797951,
652.7590074,395.279626,60.7444642,
647.4535882,293.254539,65.3086649,
644.2621989,242.9796256,67.4246359,
652.4934648,298.781821,62.8226123,
656.5085414,316.993846,57.9969349,
668.2481904,357.117167,48.2979036,
671.3500376,383.134033,45.602163,
662.1953431,261.9534578,52.1788591,
661.0982634,238.7089935,53.0026171,
664.0493626,266.9094308,51.2581847,
663.2894779,242.87593470000002,52.0451334,
666.4173576000001,280.8687579,49.4115703,
674.3122734,384.04913799999997,42.8932469,
670.7874905,322.771743,46.6790048,
674.5338723,369.885941,43.2313633,
673.2486521,356.013712,43.6410778,
674.5663475,351.028272,43.1055378,
684.8531317,392.288838,35.487402599999996,
682.4490169,379.770734,36.4956063,
678.5991327,265.4386717,39.3413541,
681.3088275,267.2434786,37.3457671,
686.0603584,260.8481164,33.160600200000005,
687.7530935,245.0333391,31.3206438,
697.516619,358.405684,23.4912133,
696.7695386,292.760516,25.1393077,
696.0590009,273.320121,24.8152913,
701.4686651,350.42007,20.366591,
698.146279,274.4522631,23.3341694,
699.3147232,259.637003,21.445476,
707.493923,355.406741,14.992328,
709.1105458,354.10814300000004,13.92198035,
703.6954046,225.8905661,18.1984994,
711.9363625999999,251.1702227,10.66047569,
648.6507677,364.277225,64.13235639999999,
647.5036818,338.81622200000004,65.5524153,
650.5204584,370.46574899999996,62.3477261,
649.8312631,339.921269,63.39050399999999,
653.1142531,348.81928700000003,60.5525278,
646.4934054,255.63306669999997,64.8749596,
649.1483117,266.5340242,63.2829387,
657.8486338,334.466401,56.6220802,
660.9907765,350.822118,53.9008431,
656.7016953,264.8075947,56.5537158,
666.830522,378.61898199999996,49.0068439,
666.8345371,371.105177,48.4923011,
665.6422414,322.51185499999997,50.5624391,
661.3168336,257.3339905,52.9651648,
667.2551712,295.36445100000003,50.3815482,
667.9077456,318.00032699999997,48.2223519,
669.8575265,334.551901,47.0316505,
669.2360844,294.510599,46.6939469,
675.4332613,325.57153600000004,42.7077109,
672.4971316,267.4783197,44.2379927,
674.2786176,290.549469,43.4548715,
665.5582770999999,225.7607875,45.9783467,
687.8863808,229.5099122,31.626815399999998,
691.7033368,288.0708308,28.0165679,
699.8630349,355.651813,22.2621719,
707.5277576,389.99872300000004,15.0561456,
696.4293705,227.5275661,23.7603876,
647.0309688,386.299928,65.869553,
646.6453301,342.61271999999997,66.34397129999999,
647.3707151,348.750903,65.47026170000001,
648.4701218,305.788616,64.8568397,
649.1474777,304.232098,63.8774475,
649.1940666,290.72598800000003,63.21156959999999,
654.2072694,327.413317,59.2940147,
653.3692232,281.35208339999997,59.4554592,
657.228931,321.565565,56.3896815,
660.6752425,355.555843,53.9546893,
661.3743928,362.958101,52.9751508,
662.0454226,289.00235,52.6905354,
667.4228586,352.38065,48.2736309,
661.7757016,279.26828620000003,52.263563,
669.1883761,370.891849,46.452339,
675.2257595,387.11096299999997,41.5572318,
673.2106796,337.999369,44.0493851,
674.0144267000001,360.390904,42.5910345,
674.2472104,332.08160499999997,42.6964997,
685.0325512,420.228082,33.9315359,
682.0800329,373.95052999999996,36.360562,
680.0416153,252.9007671,37.391758,
682.7149202,265.8890407,35.3805837,
693.8776744,417.56543999999997,24.5584161,
693.5233384000001,277.3120962,26.5281165,
690.0424996,242.7750806,29.4142628,
697.3750927,290.434105,23.0713467,
701.3069132,290.971269,19.3095271,
696.1636328,216.3540289,24.202724,
708.8271159,378.667284,14.2855469,
705.6417692,239.2414602,15.622539,
648.5751406,385.387212,63.7423692,
644.5702211,291.089027,67.57818209999999,
648.6015299,353.57313,63.56378749999999,
649.4205891,344.704073,63.5368445,
651.575674,367.925091,60.7119333,
650.9312706,355.410343,61.175034,
653.0651854,333.686291,60.1322716,
655.836591,354.11920499999997,58.1041187,
655.7925727,340.237413,57.3381705,
657.5631997,345.698132,56.4316911,
658.1830669,359.880459,55.5404981,
650.0675357,257.6336713,61.2402439,
652.0461058,275.3880942,60.0153752,
654.494949,295.498177,58.9764869,
654.0200947,287.953721,58.9565674,
653.6787362,275.4153413,58.314185,
659.6781359,329.99640899999997,54.4490767,
662.5982541,357.928881,51.9490848,
663.2252337,352.419001,51.5977436,
656.5596413,260.07141,56.3042721,
660.7006279,321.19109100000003,53.3602974,
663.1535491,341.81705,52.0322436,
656.2585193,252.0382031,56.2770763,
665.9560158,366.43463099999997,48.969445,
665.1067261000001,335.523369,50.421159,
667.2074736,337.49246700000003,48.8274867,
666.7961789,330.326486,48.7170264,
669.9713174999999,339.170656,46.1992831,
666.4039859,273.0158679,47.6969694,
675.8629767,382.262744,40.861216,
677.1591706,390.598911,40.1422731,
675.4181866,369.238154,40.9282915,
668.8134928,262.0540669,46.3083287,
675.6387922,340.167516,41.0834199,
679.3831367,374.703486,38.3877496,
673.5084871,244.88158570000002,43.3364824,
683.5658788,377.73835299999996,34.5173524,
684.7732127,366.748299,34.3626702,
676.1105612,250.12841509999998,40.5002635,
691.3180673,381.183136,29.1673754,
691.1405372,368.014128,28.7032531,
686.3392186,219.45195760000001,32.339712,
688.2952699,224.6230268,31.5933481,
689.0628618,219.0124788,30.4128585,
698.3588293,349.201956,22.4036659,
700.3388262999999,347.29893000000004,20.8078345,
703.7539484,392.02527,18.263325000000002,
695.078963,268.2923533,25.4431931,
700.0963108,297.38838699999997,20.6638221,
707.2551843,341.783581,14.9437003,
700.1681523,238.8860239,19.8408168,
714.1262174999999,265.1625587,9.62902384,
644.8879022,282.6952456,66.75251779999999,
649.5037077,324.357853,62.4464492,
646.1232012,265.4285393,64.8352708,
647.1601122,281.945146,64.3072924,
649.4630681,310.835423,62.9312879,
650.6620486,329.245885,61.3375463,
646.0714388,260.6660602,64.3415613,
646.8764977,270.1885987,64.2638092,
647.4118316,249.85408569999998,63.72891609999999,
655.0296023,332.023057,57.9991038,
656.1163511,327.208833,56.9899376,
666.035447,395.771114,48.7694844,
661.2626644,325.902243,52.6711694,
660.488532,296.252593,53.7392,
660.7445401,303.410773,52.7881626,
656.4422371,234.1454223,55.9247663,
658.3361189,264.455376,54.3462607,
660.0704716,282.61579670000003,53.4649907,
659.0927322,250.10283909999998,54.126892,
665.3753042,328.78526899999997,50.2663298,
666.9595577,324.0016,48.3624762,
667.9765329,347.210442,47.0681804,
674.0840672,410.082602,41.9180536,
669.217643,327.5487,46.5643687,
673.5949566,391.001256,42.532814,
664.5748153,268.0783703,49.0955509,
672.9116669,364.84940900000004,43.2577312,
674.025296,354.958351,41.840823,
667.3065404,251.5760437,47.1166701,
670.2127108,275.7086102,44.6085083,
680.2319774,357.10710800000004,36.3990158,
689.5219035,373.456362,29.4667838,
691.6430714,365.6528,27.5675109,
683.3562064,278.1398044,32.2472674,
685.9520394,280.1008365,31.231102800000002,
691.979935,351.467917,27.1631769,
693.0687175,360.112718,26.3023534,
687.9135869,234.2568681,30.3232518,
700.3294323,383.01732300000003,21.5472871,
693.5007138999999,221.7597587,26.6663007,
695.8982223,259.22078039999997,23.8025885,
702.2472841,297.430135,18.3715826,
697.2081904,240.7492861,21.6771724,
702.6722354999999,289.519742,17.513803799999998,
699.0710904,230.4391468,20.1824363,
699.7990781999999,221.03531420000002,20.0861564,
711.3998321,378.911016,11.26661483,
646.1976691,364.364508,65.7058314,
643.5658552,285.2670951,68.4710048,
647.9881083,376.835034,63.6522042,
647.8101134,359.184576,64.07666739999999,
646.3254468,321.807367,65.2702903,
645.0480269,296.327592,66.31423699999999,
646.3569696,307.389614,65.1694574,
647.5337917,320.04969800000003,63.91378660000001,
643.8448392,252.9567111,66.51313859999999,
644.6653563,269.41194740000003,65.85006200000001,
652.8068249,363.032244,59.4555471,
648.5776801,296.032653,62.82462,
655.2005702,347.198044,57.8652286,
650.7508539,262.4385441,60.9832408,
656.4568995,315.875706,56.3694182,
655.3349414,293.596759,56.8680927,
660.5013151,346.28515200000004,53.2594044,
665.1236441,360.90650400000004,49.1453413,
657.7136777,259.2321086,54.3893913,
671.1972315,370.341745,44.4551016,
670.8367795,351.88744399999996,44.6142953,
672.135856,342.75147000000004,43.7599748,
672.1862899,347.066005,43.1917311,
668.58405,286.0821778,45.9281456,
674.3962544,296.00308,43.5501896,
677.308343,363.870519,38.4226952,
678.3272711,353.664263,38.3717296,
675.003167,274.2806743,41.2834953,
688.1725731,413.33097699999996,31.014616700000005,
695.1267683,375.843867,25.4867796,
687.8188387,284.1601427,30.2107688,
684.5899189,230.8800224,32.7364296,
691.6226655,281.1695663,27.274119,
688.7716153,224.0858387,29.670929,
694.3253833,235.984293,24.29166,
694.565659,222.0987044,24.6485579,
696.1908215,233.1680991,22.5336638,
698.2623358,249.1809933,20.7052505,
707.547213,348.250774,14.5009616,
709.9693491,382.395038,12.40226107,
708.5938348,347.192614,12.8946275,
709.8417635,358.651616,12.07507062,
703.0768579,231.1202972,16.5843934,
713.9382913,325.069434,7.96674713,
650.4561545,337.575109,61.5858053,
646.2774745,276.0205775,63.54512080000001,
652.7351217,341.636789,59.4445972,
651.6697067,292.387929,60.3669698,
651.2114171,285.08698449999997,60.3082421,
656.982131,341.384415,55.4428368,
659.7780688,373.604521,53.0918148,
651.8954097,251.1182591,59.0944995,
654.8086666,285.9072665,57.4885047,
664.1645917,343.749798,49.8932222,
667.9733388,381.315002,46.7878336,
660.4795011,274.8447208,52.2428136,
668.0658595,351.478679,45.9934934,
665.1780158,291.39865399999996,49.3645443,
669.6424785,358.43086700000003,44.772293,
671.3507716,374.832708,43.6984225,
663.6415289,239.4266806,49.133518,
664.4515053,258.6985092,48.3810676,
670.2951041,330.17143,44.6151845,
671.5213668,334.03402700000004,44.0665001,
675.6399901,374.667415,40.2548911,
678.2737977,379.429279,37.7106029,
671.0929775,255.53865559999997,44.2350133,
673.7940217,255.7920927,40.9718793,
676.3893131,254.168637,38.6207768,
688.9696153,360.50363600000003,30.3070266,
691.8518402,371.64475,27.28393,
700.7268159,355.865687,19.2315148,
700.3550923,233.69191,18.5198332,
646.6132018,328.332724,65.0979674,
647.4968624,334.969642,63.9629405,
644.9982809,288.1572695,65.6203128,
648.0813646,330.111185,62.8478417,
653.7496603,337.267357,58.4791918,
649.3371221,279.0687598,61.0550075,
648.5035287,252.2325653,61.4756945,
663.6536049,403.31679299999996,50.7599409,
653.8401251,280.3028736,57.5608887,
658.1714451,325.363424,54.732366,
655.5801976,277.09473330000003,56.0645323,
657.6973153,293.686758,54.7004286,
666.9080355,391.65567,46.9623025,
667.4544811,356.749848,46.4116071,
660.8686073,246.6113552,51.8340754,
664.6565774000001,300.211047,49.319626,
663.3689295,276.54487340000003,49.3853262,
662.8700286,262.62575400000003,49.8472424,
670.6938551,261.4650281,42.9590516,
671.5027199,266.9795131,42.4456445,
673.6450713,266.2765863,41.1930519,
685.6462316,272.7188053,31.5185801,
692.2942211,365.49564499999997,26.1569312,
692.0999962,230.7132432,25.811584,
699.5502491,225.0826192,18.554025799999998,
713.0886138,297.229207,8.47565205,
649.7109399,344.88802899999996,61.0457305,
650.733212,324.518119,60.3875005,
650.6368146,268.9766628,60.4619206,
660.4537226,367.56678,52.1862319,
651.7675739,255.21134990000002,57.7198385,
655.9712371,283.3307969,55.4761993,
658.1889747,274.7988707,53.9616553,
661.8256034999999,320.342604,51.0107058,
669.3205811,395.632231,45.9969139,
663.9987196,317.22103400000003,49.5412444,
668.9052307,362.99031,45.3479186,
667.1504215,342.428457,46.7074054,
669.1691043,346.62067,44.9251083,
672.0578952,377.584607,42.2391695,
672.7755356,364.40937099999996,41.2242352,
667.4181858,282.0713871,45.5201531,
674.5165922,345.684327,41.346668,
667.3963672,266.9637699,45.2888456,
674.453252,357.22497,39.9677198,
670.4462141,281.4758796,43.034902,
667.7335215,247.81545640000002,45.2183241,
666.1123608,229.56925619999998,45.9612296,
671.3157524,271.1450689,43.1322614,
683.0745992,373.537956,33.2198924,
673.6903882,216.2248488,40.0877138,
685.6731805,237.6026536,31.464980600000004,
696.7070614,384.524236,22.4158529,
695.8920138999999,295.171064,23.5049406,
698.8534415,268.1985836,20.6516071,
708.5202741,386.474643,13.00446318,
655.5109455,356.960201,56.6377013,
657.2700187,355.554196,54.8550601,
655.5463823,289.158546,55.7539097,
664.7332851,399.247161,47.8333953,
660.7381344,333.565444,51.8121695,
662.0145818,360.278378,50.3962511,
662.1130534,293.417993,50.0239115,
662.5296401,283.1176728,49.4954282,
660.7798293,238.2932007,50.6100629,
663.4906177,253.1400704,48.6876701,
692.769048,358.875311,24.6671587,
653.3578778,359.756945,57.8203079,
647.5880513,287.2325655,61.8400647,
646.5217582,256.454248,62.5499767,
655.6859996,364.664337,55.768221,
657.2122742,370.301113,53.7999169,
650.4844776,265.0556801,58.9659593,
657.6398864,360.834033,53.8484167,
656.3606276,332.79792299999997,54.7151101,
655.3613051,299.381509,56.1447995,
662.2773534,370.53073,50.8982808,
657.288988,301.150667,54.3419998,
662.6929463,375.49887,49.6266428,
661.7331558,328.512566,50.7742057,
665.2446141,375.789944,47.7738901,
665.747638,361.785191,47.1318747,
657.810368,264.33471299999997,52.2532449,
663.9782608,305.072694,49.3442492,
665.5606912,296.148847,47.8214705,
664.4686557,284.9210214,48.0433761,
671.1468932,368.312772,42.2603233,
666.5338156,272.4281111,45.4308433,
675.3575042,370.07896700000003,38.7428353,
668.052566,259.4674865,44.8343346,
670.2370799,276.5597874,42.453206,
675.5960427,359.562149,37.8290474,
678.9759022,419.459232,33.5082291,
668.6042132,244.8624598,44.1981721,
675.1504324,258.7091847,39.3774698,
675.0748922,239.1032294,39.3287062,
686.3350975,366.756276,30.3674863,
690.5183327,391.682149,27.515156,
694.5933433,351.82552999999996,23.5024514,
685.6506427,227.5076501,29.8191211,
694.5077145,254.4399679,23.2955156,
694.269497,268.1807754,23.1223042,
696.4153907,223.72979809999998,22.5637473,
696.2968265,219.087862,21.0927088,
702.3753273,292.9233,15.5914438,
646.6810198000001,342.62678600000004,64.6799156,
647.3907053,348.248246,63.4395954,
646.1090439,286.9522402,63.6753911,
646.6697045,301.608027,62.6365663,
651.6597119,317.537287,58.7434038,
652.8752294,322.586165,57.3648507,
654.9820192,337.59902,55.5874442,
653.1684785,272.7980028,56.7202001,
658.6466604,342.16582,52.4970589,
658.1177349,335.263964,53.0806091,
658.2201222,316.821682,53.1684807,
660.1138248,346.45304799999997,50.9951023,
666.7380551,400.24543,46.8709731,
664.346747,347.127605,47.9848727,
666.6818703,374.597133,45.7982606,
665.7700705,321.82012599999996,46.715253,
660.6877824,255.26768679999998,50.3597864,
666.3294341,315.521838,46.5366481,
663.5068751,247.83566150000001,48.0293001,
673.6046424,378.621994,40.0575076,
671.905536,337.21941400000003,42.0404121,
673.6503607,362.102593,39.4777479,
681.322301,260.0540401,33.2381581,
683.9690097,225.8041584,31.465135700000005,
694.0452233,356.77122499999996,22.9446794,
684.7572576,221.742702,30.3546671,
690.8638755,287.226587,24.8588519,
703.3589999,387.76899000000003,16.8650251,
699.9646789,334.644542,17.509444600000002,
692.8336695,245.6173356,22.0307563,
696.1230072,254.0186247,20.7257281,
695.6681652,226.4362482,20.426244,
708.6108755,352.31190100000003,11.90687559,
707.0304936,326.132555,12.99523281,
648.9090625,319.80162,60.3911871,
646.5467624,268.43618100000003,61.9243516,
660.9715182,364.597617,50.5868726,
657.0447761,289.010717,53.7267259,
662.4046201,338.38662999999997,49.8485461,
658.3097355,270.894424,51.7957833,
663.8899102,342.41028800000004,48.1367415,
659.8214885,265.8027075,50.5391691,
665.3015974,337.087679,47.4113793,
661.2042809,288.0932854,49.5794932,
664.1732265,264.0097924,46.6286145,
665.5013695,277.4958349,45.8214031,
664.9330881,220.7875184,45.8785161,
670.0989998,253.76944500000002,42.2896186,
670.5482538,259.1856494,41.2836104,
677.8361929,361.892513,36.0617388,
684.0379866,373.85857599999997,31.218806999999998,
686.956877,379.423109,30.5605102,
687.400339,284.4309448,27.9417625,
697.3520579,417.824292,19.549671,
705.5060702,345.23853099999997,13.02434629,
704.6004736,287.9979059,13.58313524,
647.7199045,342.970948,62.4158194,
646.5947087,325.008051,63.796383399999996,
645.5696329,296.890759,63.8309349,
648.1348822,298.31921,60.8807411,
649.6577909,329.034606,59.4049952,
651.9899228,351.88304800000003,57.6235329,
646.899289,273.1678126,61.0135723,
650.2153136,296.976606,58.7207473,
645.2707989,220.0591075,62.0355845,
658.6371967,353.681555,52.9562838,
663.1903192,393.647759,48.3056314,
654.5061192000001,269.2890604,55.1389842,
655.9780804,279.9037359,53.5438823,
655.9700518,267.761216,53.6612645,
662.2735184000001,356.633161,48.8624363,
658.9277087,295.33366,52.1610427,
657.4464421,235.306339,51.757037,
665.4774484,331.948873,46.3306701,
668.3148107,339.33520999999996,44.1834545,
669.2680773,361.151069,42.5218566,
670.3758748,351.503387,42.2782736,
663.3667954,243.3352505,47.2210709,
669.1601206,285.8253016,42.2707034,
668.5261702,256.7781501,43.2162263,
679.9877258,381.04243399999996,34.571805600000005,
679.6719253,366.64203,35.3804733,
671.486102,251.3510089,40.4921005,
676.6458183,258.9251325,37.2869526,
686.9244687,369.518239,28.1732782,
681.9782842,254.877938,31.973926,
688.911996,283.6709102,26.0991533,
691.3251385,273.9461564,24.4153519,
700.2253556000001,357.362885,17.2050539,
691.9685414,231.6200824,23.3571974,
695.0685547,234.35329000000002,19.8327691,
649.6002387,337.078935,59.4477237,
651.9683888,317.688107,56.7098316,
649.9062716,270.313979,58.2162062,
657.1549077,329.820659,52.7229252,
657.0555473,285.3591424,52.5457689,
662.4725729,351.581386,48.7864338,
656.7352333,249.4508198,52.46145,
659.3133579,278.2602295,50.3116036,
666.4856609,368.553364,45.1425784,
664.3115301,327.658723,46.9778112,
668.6623731,365.186997,43.251214,
670.2828092,372.05980999999997,41.587703,
671.5884437,342.247476,41.1421681,
693.0155865,369.547012,22.3836225,
687.4211807,271.2817356,27.1532274,
688.7560182,277.470394,26.1408386,
697.3792432,334.97551899999996,19.449561799999998,
695.0173335,262.788721,20.3204011,
703.3937389,352.402818,13.12154915,
647.4794334,357.868822,61.7340239,
647.8021329,352.640016,61.1446851,
649.3791206,349.02303900000004,59.4925692,
647.4457702,292.361735,60.8280687,
644.8778981,252.4573236,62.3625324,
650.6319485,327.081275,57.6859057,
652.6709844,344.015667,56.3798976,
648.8768987,288.5793375,59.2421844,
652.6055693,331.303474,56.3124455,
653.6221763,326.141948,55.4151859,
657.9730992,360.617396,51.9974254,
655.4428818,321.67994799999997,53.9064381,
655.8154359,339.298584,53.5007846,
659.8679671,351.042513,50.808755,
658.1506318,337.98760100000004,51.4439089,
663.6243325,366.729494,47.3472996,
658.6042264,289.727447,51.3450071,
663.8909103,356.960397,47.1894366,
658.7805229,283.3700397,50.4320431,
662.2396959,322.775016,48.3800029,
665.5542851,253.8495053,45.1368008,
672.9189073,335.257381,40.7282846,
667.1678185,264.25823,43.2033165,
676.3071488,348.886412,36.5406082,
697.0960996,300.058111,18.937766699999997,
692.267597,223.43848020000001,23.7783257,
692.3917013,227.3916869,22.3659499,
648.073607,332.30634299999997,60.4176263,
645.7015512,280.576539,62.3825624,
650.1084652,333.128999,57.9474064,
655.9742306,365.810721,53.1117081,
647.8211078,257.2904161,59.0810656,
653.5008554,295.990359,55.1223554,
654.009844,274.5366983,54.153113,
659.2886367,271.6720472,49.9574375,
665.5836116,336.599235,45.1795091,
668.545599,356.397898,42.7987846,
670.0390949,359.745605,41.0240665,
671.1234746,371.346011,39.9233035,
674.3371097,346.405447,38.0984241,
666.6319923,225.6576136,41.2613499,
679.7811387,271.6725116,32.323826,
681.9252194000001,275.5547662,30.9562104,
688.5737686,359.75162,25.7894216,
684.2607628,280.77384770000003,29.4266163,
685.1525212,233.11210549999998,28.4702654,
690.9931139,269.3065002,24.4439871,
699.1164907,294.995136,17.038813599999997,
650.2989549,346.000321,57.8267809,
647.0552601,282.6735451,60.1748553,
646.2006387,264.8911921,60.6354885,
653.5321091,347.09574299999997,54.9584396,
650.6271502,301.998874,57.307327,
655.5210078,345.46609,53.4683953,
651.7717406,291.162311,56.3832131,
650.5339331,262.1769711,56.6213223,
653.1782483,263.631783,54.6091797,
656.4018235,301.118599,52.6591198,
658.476277,325.90027,51.1929403,
661.0103423,346.672144,48.9498244,
656.6538144,280.8230356,51.8825764,
663.9876686,352.643303,46.4959235,
662.5418706,331.945385,47.2974549,
664.8579198,347.30597,45.90843,
660.7140174,273.4223903,48.2238636,
666.9112141,350.628819,43.8354796,
668.0474008,343.50830199999996,42.8852517,
671.2185685,347.594873,40.8437559,
667.3860824,290.227239,43.2709413,
666.4407618,278.4612859,43.3687084,
676.267217,370.778935,34.9675801,
685.6284016,407.555301,26.5675741,
677.7048726,260.8309944,34.135683900000004,
687.2600512,365.181971,26.7946853,
681.2755064,269.25093630000003,31.285329000000004,
686.6578325,278.1256366,27.4010871,
645.6559071,290.786348,62.3209383,
648.5862009,342.4117,59.3224198,
648.525651,322.303354,58.8407599,
653.0661188,362.107638,55.1505027,
647.6324669,277.19737480000003,59.2738838,
650.9859537,281.80916560000003,56.2738729,
656.0843478,349.317003,52.3500148,
662.6864336,371.723976,47.4579039,
658.8502878,316.65314,50.0495095,
664.4493508,383.818283,45.1089645,
661.4330393,303.10418300000003,47.8993436,
666.0382741,360.698017,43.9381636,
666.9342062,371.588248,43.1875662,
662.319957,273.7544317,46.4531937,
664.545274,301.680048,45.3502764,
669.8347917,354.171245,40.7040385,
672.501441,366.723413,39.3468368,
672.3589965,374.42150300000003,38.5431315,
664.7760622,261.9791665,44.4192422,
666.2693253,273.6549901,43.1154895,
671.4308165,328.65389200000004,39.7725392,
682.3696754,231.4725226,30.4068789,
683.4197781,236.5784853,29.5279905,
696.0441526,352.126011,19.2707285,
692.7867774,257.9553454,20.9526856,
697.6186405,229.0651344,17.793601199999998,
648.8551818,354.41907100000003,59.0505636,
647.6198711,325.03920400000004,60.9003774,
649.704809,357.87098100000003,57.5427895,
649.7307393,340.704971,57.6709283,
645.4102111,259.0177496,60.9508446,
648.4147001,281.7572339,58.128874,
653.6007559,351.624687,54.0518351,
649.6215317,286.4776578,57.3738557,
650.6089082,296.183304,56.5777084,
659.1164428,371.623713,49.1704788,
660.3044626,365.864382,48.4274498,
665.3219865,344.175923,44.5659769,
657.7382266,235.7443263,49.5349096,
661.5354157,278.5791157,46.855073,
661.2398222,266.6005575,47.3534541,
660.2473269,237.588302,47.3646198,
662.8746895,259.6336982,46.0530128,
678.2157955,408.778162,33.4514494,
671.6165446,279.306257,37.9017988,
671.8583206,258.635646,37.9835034,
673.2648164,219.21755389999998,35.608809699999995,
684.3628477,360.45282499999996,27.9524208,
678.7584764,265.241951,32.3919569,
693.0555995,289.021784,20.4067111,
696.4873509,292.485658,19.0163748,
696.6923417,308.534772,17.2352586,
693.2112222,230.58410609999999,19.9657073,
694.7717771,222.18172570000002,19.6694276,
646.5166515,303.308051,61.010071,
653.342755,406.99915699999997,54.6807173,
644.5530777,260.9204113,62.4870195,
648.7688276,276.6106084,57.0550352,
653.4471677,306.795186,55.2016555,
661.6022768,402.856714,47.770401,
656.4182353,354.282845,51.5090231,
656.8057035,319.863133,52.190382,
660.8237739,360.898015,47.983214,
665.4875902,398.245488,44.8967383,
659.8826767,327.460288,48.6987333,
661.3081878,318.97184300000004,47.4559882,
664.8808989,355.917033,44.756442,
661.2843234,298.744121,48.4900267,
665.8729965,328.45401200000003,44.5899169,
668.8582972,376.718473,40.6350492,
667.3675082,321.19096,43.6445241,
668.4593741,332.93332699999996,42.9936502,
663.966446,287.4395816,44.8762743,
672.1448219,405.266973,36.8401241,
666.9269883,269.093384,42.0824215,
675.7442671,352.837339,36.4927301,
670.3568641,281.4726975,39.0382893,
669.0326272,257.8819047,39.33492,
672.0493378,274.3299943,38.0210571,
679.0500488,372.71831599999996,32.4472502,
680.8605025,369.122366,30.6971653,
673.5993818,262.5550359,35.969113300000004,
683.1996133,365.751312,28.440954,
682.5464332,275.8441037,29.2603067,
689.7498312,356.844388,23.8000515,
683.7093536,238.5207345,27.4339373,
690.1917317,293.601608,24.7026275,
692.8451572,298.39122,20.6983146,
691.1025151,251.5447934,22.1792201,
703.3537543,388.352911,13.04164886,
703.4096289,378.227601,13.28151564,
703.8890489,383.74483,12.66181735,
699.0508367,233.4145229,15.6536711,
654.8717107,407.494155,52.6857494,
647.2981292,294.339734,59.0136797,
648.4929841000001,308.313116,57.6689562,
652.5209537,356.67929300000003,54.3029195,
652.7148755,302.85626,55.2006781,
650.5700798,286.1361043,55.2926713,
655.1309093,323.983075,52.0486431,
652.3871519,283.7337057,54.1470024,
653.8087421,294.309701,53.0403989,
657.6368861,343.476037,50.1564901,
657.9253278,331.196903,50.294465,
659.1912549,334.184293,48.6400192,
661.2411344,337.921492,47.3893041,
660.0648192,306.54033300000003,48.7613592,
666.2656913,395.71363099999996,42.5723525,
657.1215418,260.0441432,49.6319674,
668.375674,388.384049,41.538144,
657.7286771,241.3345831,49.3083237,
664.0363312,293.22053800000003,44.6926284,
665.9046026999999,297.874325,44.0523347,
669.0284086,333.866599,41.1439436,
674.063149,378.62969899999996,37.1220694,
666.6939435,281.7937487,41.5887038,
667.7596367,264.15929819999997,40.9549747,
672.6812050999999,251.4189565,37.102862,
692.1743074999999,350.68818799999997,21.7786762,
696.6735113,356.778284,18.2367205,
689.7458276,256.47147870000003,23.2818961,
703.930825,393.44737299999997,11.80611474,
697.3338433,290.005263,16.8382753,
709.5924519,315.127484,7.74697302,
645.7150812,276.86504360000004,60.6539701,
652.649305,342.139248,54.3576847,
649.8141663,267.2829857,55.4109549,
657.8150152,354.33944299999996,49.7001374,
662.1378935,400.82985099999996,45.8097001,
657.389579,306.809174,51.0380144,
658.911279,339.582488,49.0640641,
657.9189471,322.304735,49.8388676,
654.331064,268.1974802,51.5557233,
662.0963606,361.565896,45.8668905,
663.8202489,364.460188,44.1243674,
656.5375651,251.5655425,50.2843068,
657.6180876,264.2318202,49.0004024,
667.3962186,347.079376,41.6421926,
664.1548722,283.5749638,43.6798424,
664.361948,268.6932634,43.8409807,
673.3616107,371.250018,36.381266,
666.738603,277.9401918,40.7790477,
670.1462949,253.62396339999998,38.471823,
670.4083571,264.6637765,37.3632494,
673.1558407,269.0109406,36.3542018,
677.4119359,256.1793091,32.501967199999996,
679.2219249,258.1021703,31.199522900000005,
683.0562309,243.4462771,27.7948658,
683.7136496,223.6925536,28.4695133,
685.4489985,218.25501789999998,26.3257403,
695.3394913,342.242638,19.361023,
687.1932279,230.4526023,24.5954478,
690.5784661,263.33644630000003,21.2556853,
692.2571196,246.6159427,19.4764937,
690.9474505000001,220.6166605,21.4026165,
699.7539636,341.287655,14.2240376,
703.1957349,372.980544,11.78480085,
695.8135064,247.2161699,17.145809200000002,
701.8138297,311.864958,13.33539191,
650.5578027,349.392779,55.5612497,
650.4473157,354.250945,55.7079027,
649.733963,336.880634,56.5580729,
646.8273227,267.5865012,58.7542462,
650.0177103,307.89687200000003,55.9259695,
652.0555589,336.414405,54.3944754,
653.8681654,358.725277,52.4123645,
656.8269031,367.18212900000003,50.3914649,
650.5871177,277.40408990000003,54.8737267,
652.0794722,290.148514,54.1696493,
657.6977324,361.145604,49.5703159,
658.8983821,314.497252,48.4363887,
659.3535547,295.038523,48.0216997,
666.4652528,363.192094,41.5841194,
662.192633,280.3943484,44.9845891,
669.1811695,364.06588899999997,39.9370071,
661.303579,270.12570619999997,45.3225967,
660.9478725,239.6127313,45.4383076,
668.711384,338.703732,40.6020857,
670.3090385,353.73305700000003,38.5175433,
671.6222141,357.47797,37.6849676,
671.6125738,349.49913200000003,37.5818747,
666.7295357,273.9888144,40.8107201,
674.0591585,375.92496700000004,35.083254600000004,
667.1409378,252.271138,40.7946639,
676.8777813,376.973432,33.1982347,
671.5805732,220.6164305,36.0102127,
682.1596357,229.2278513,28.0292606,
689.2794123,275.2170891,22.244069,
688.4404,219.029363,23.213457,
699.5142696,349.573222,14.019275,
698.8093326000001,322.260603,15.5062012,
701.7254086,322.643058,14.4272453,
647.5283882,301.993415,58.6826989,
651.7948341,368.09815000000003,54.2360608,
649.0269832,320.44295999999997,56.8469364,
651.979226,330.084702,54.2832315,
647.0897834,264.7548423,57.6411214,
652.8030865,326.43605,53.1464768,
654.3671699,333.950872,52.0326944,
652.5494706,300.064169,53.6030098,
657.9738873,298.538582,49.4525126,
656.7923509,291.669759,49.412654,
660.7925376,323.75690199999997,46.6730485,
658.5617054,282.2488997,47.933504,
658.9225159,290.140111,47.7164094,
658.8492713,258.1002147,47.5075391,
658.0967459,244.856592,47.4506932,
661.7781338,290.731266,45.5993808,
666.8608502,368.780008,41.2662959,
667.3164485,329.16947600000003,41.6151911,
663.8684,257.8085104,42.8032105,
672.3617809,363.79332,36.65064,
663.2791463,219.061271,42.8788164,
685.9084985,393.95945800000004,26.0188611,
684.7408812,281.5574266,25.8918905,
683.9679513,231.2079648,26.4288523,
687.5881071,278.361556,23.3540221,
690.8634032,268.8491234,21.0778248,
689.97686,234.9896234,21.2144539,
701.9767856,346.91193799999996,11.84421945,
693.436721,226.839109,18.0611746,
699.2875461,288.02291660000003,13.97430313,
696.2618441,236.5560647,14.6291771,
645.6979621,270.9084817,59.624218,
648.0251221,291.504267,57.5899071,
650.6852756,323.035261,54.6453778,
650.311881,271.14504750000003,54.2301858,
654.9477855,293.096827,51.0807077,
654.8550993,298.585663,50.9601062,
659.4069974,355.786276,47.329207,
655.0898229,275.13599899999997,50.9762222,
663.8946497,399.862852,43.7511425,
660.7332807,347.267325,46.6296152,
660.2319235,342.559805,46.7815763,
657.2398834,276.9900498,48.4020124,
661.9992433,305.19023,45.1863144,
662.6117782,274.58635649999997,44.1947655,
661.8292015,242.2856384,44.0949118,
672.5916629,381.934482,35.851423,
670.5690627,338.292847,38.7410942,
676.1207628,380.81118100000003,34.4220922,
673.988943,271.9073782,35.148885,
680.5946298,368.68422899999996,29.0445335,
678.9304193,263.2606571,30.6410576,
688.9083895,392.27382,23.309016,
686.3105005,286.57499540000003,24.6354117,
687.8171997,271.4310948,23.9425442,
688.4803358,265.3351229,22.7858172,
688.5360784,229.9166492,22.0364921,
696.1566422,321.11677,16.570651599999998,
699.9453659,372.821505,13.36234818,
691.6171458,251.19486899999998,19.7382928,
701.5323787,354.40534,12.11901217,
705.2763804,382.099868,9.34292995,
700.8794227,284.1881555,12.2268644,
708.4229775,320.01140499999997,5.50039631,
649.0660123,352.27813000000003,57.4697167,
648.1329127,324.56356,57.5405342,
646.7236179,285.3588046,58.5066619,
653.6614814,343.22211200000004,52.0286184,
652.1001074,320.058003,53.2414152,
652.7478632,277.8280597,52.3995752,
654.7004234,287.5368191,50.7890155,
660.7142754,366.97562800000003,46.0326993,
662.1787317,372.473441,44.6771703,
661.8866572,349.96900700000003,45.0707773,
666.4949858,392.889927,41.0231815,
665.8875184,353.244124,41.8842961,
660.9458377,264.7067902,45.1212531,
668.9860917999999,379.100008,38.8182608,
670.1580202,389.365641,38.0721993,
667.0315158,349.357565,40.2754349,
663.7083766,243.23843349999999,42.7755025,
665.5786065,258.1258211,41.2446298,
668.7460567,268.868535,38.4703299,
675.8393386,261.3991085,31.9002968,
682.5610744,276.0957161,27.2477227,
686.6921749,225.71751410000002,24.6543625,
697.5410843,336.603854,15.343461699999999,
694.2419209,230.533244,17.0536643,
706.1510456,370.283688,7.679306110000001,
647.7605024,299.205411,57.1294853,
652.5850447,363.505782,52.2974705,
649.5265759,315.073404,55.1716893,
649.4908755,300.696687,54.7997339,
648.0409531,271.4171208,56.087223,
656.3577548,336.320424,49.6824209,
652.064996,272.8039279,52.2660197,
663.1858394,368.27209500000004,44.1558338,
664.8496446,385.458029,41.5837719,
663.0621745,334.52582,44.3341612,
658.1423580000001,268.8603106,46.8647253,
664.4881204,339.834643,43.1104568,
667.9961248,389.48800700000004,39.222656,
665.8831122,358.007555,41.1497393,
665.2021728,286.11897020000004,42.0702275,
670.8088587,368.183849,36.7235213,
670.2396187,344.423941,38.0028661,
676.422658,370.01939100000004,31.420270700000003,
670.3571257,256.0762293,36.1627618,
684.7618215,407.73582,24.3586499,
679.5785507,267.4307675,29.3148301,
688.72177,290.28398,21.8837679,
685.3017521,221.23219310000002,24.4629062,
694.9054088,336.707662,17.412990399999998,
699.9630978,375.535936,12.33136875,
690.3574285,238.2726389,19.0385835,
702.6969548,390.71394599999996,10.85386647,
690.100892,225.809676,20.1733375,
703.9604765,375.251327,10.063896920000001,
650.9504322,403.991199,53.0805821,
649.7965233,361.067591,55.1563013,
649.7496188,333.11061900000004,55.5684544,
655.4297275,349.389492,50.0138037,
652.0177464,309.331017,52.7443846,
653.4854652,319.24285,50.9713805,
651.8652698,288.8334856,52.2541616,
658.0985741,351.467733,47.6460093,
655.6144462,303.512078,49.8293429,
662.6672367,376.660382,43.6321651,
661.5915701,328.972764,44.8463376,
660.3338367,297.449982,45.6173766,
666.0786541,373.88390400000003,40.7459166,
669.2467326,384.91537400000004,38.2003667,
667.363565,342.733609,39.9417392,
669.26106,363.33793000000003,38.226418,
668.8274442,333.187029,38.8953247,
663.8236861,262.790509,41.9336526,
673.4176323,258.5085313,33.4400731,
671.0976401,216.5013232,35.9619735,
686.014758,389.11499200000003,24.8529534,
675.7855848,270.8538278,31.6633858,
683.7255475,272.0864039,25.5944578,
681.4251919,234.08485819999999,27.2166638,
697.8507558,395.676607,14.5496135,
698.5680253,379.753862,13.37801303,
700.7306571,368.162372,12.1820068,
701.838461,358.35419,10.02739201,
703.0252069000001,336.559974,9.03438871,
647.6492542,304.797596,56.7434805,
648.5404676,316.07665199999997,56.1314946,
648.2763651,289.502992,55.7128449,
652.12643,353.05978600000003,52.3110068,
649.2001071,295.095143,54.7163071,
653.6234363,338.733901,51.0394962,
653.2609771,328.608975,51.5009995,
650.4399001,267.4314376,52.6752692,
656.6056214,345.239332,48.58619,
652.3205452,282.9486944,51.6421761,
655.9558223,318.012707,48.9968825,
652.539312,261.7144862,50.8135049,
660.3554943,354.350514,45.4094463,
655.2530349,272.2583991,48.8301238,
656.0793153,286.7259998,48.6853299,
662.5985508,352.59630200000004,43.4597172,
665.216622,379.735884,41.4821505,
660.8062793,259.2177266,44.049978,
663.0598925,249.99063710000001,42.1884365,
660.9313361,223.1651153,42.4171529,
663.3821696,228.1134546,41.9570478,
667.453278,272.5334185,38.4260456,
663.0328697,229.8717806,38.2360734,
668.828215,224.4534359,36.4828412,
673.6522292,263.93845120000003,33.3974511,
698.2027799,386.61359300000004,13.55706584,
687.3358666,223.2775043,21.933149,
694.4851154,296.533226,16.4092421,
700.6202009,380.203586,11.19222769,
649.8034891,341.472537,55.4598389,
650.0757772,345.101359,54.1982458,
647.0483876,263.6803977,56.0108906,
650.7459969,304.301569,53.0371072,
654.2697188,280.4892031,49.451868,
658.4943495,328.830689,46.0720034,
661.5427776,359.50444,43.9203311,
661.1230639,344.250668,44.4174844,
658.6860891,300.449563,46.4094682,
655.7174421,237.3769839,47.6585339,
661.3045261,278.0493298,43.360083,
660.6971146,248.3833743,43.7351085,
664.1903632,290.429554,41.8061285,
662.4096587,267.7011541,42.2622481,
664.0254088,246.7107846,41.2263485,
674.7385297,372.09896200000003,33.1689309,
666.6173674,249.0736468,38.8237438,
675.7802598,267.1012187,30.3772629,
691.6969476,249.7268684,17.2450069,
701.9172543,311.816143,9.21163533,
647.7243492,283.2012821,56.9361938,
651.3274186,338.29216099999996,52.6190615,
648.2539158,281.1544034,54.9184568,
663.0127357,366.860853,42.2350575,
663.2396258,345.849721,42.6361137,
657.0482326,262.2808065,46.6740437,
658.6520522,280.8978375,45.7378862,
663.432085,349.739258,41.6772006,
665.4918941,383.406208,39.4990396,
659.9011974,285.8258001,44.8217379,
668.2635166,409.113243,36.5368737,
658.537816,275.832493,44.7354922,
658.9281349,252.2817813,45.1488643,
661.5534895,298.772619,43.3679603,
657.9400889,215.4635614,45.8279174,
670.1231451,386.92451700000004,35.9663624,
663.0259321,254.2816752,41.22262,
664.7313979,268.5459954,40.3255554,
662.013934,220.0724394,42.8703604,
660.4959224,221.0783178,42.8613441,
673.5291981,365.055335,34.2280977,
667.6236485,277.6786799,38.3467154,
661.1986239,216.2176071,40.9138786,
673.2215584,401.808377,31.069390299999995,
668.0162209,212.306847,35.290346,
677.9409237,278.8725346,29.2546501,
682.0028577,227.3497819,25.0217432,
697.7668778,365.79579,13.1974006,
701.277146,363.281791,11.06791051,
691.413893,234.53503940000002,17.8822305,
702.0607119,370.302105,10.08515304,
700.2525934,315.39123,11.083910320000001,
651.5565801,347.870666,52.4259476,
653.8297884,340.92499399999997,49.6304008,
654.1548266,323.793747,49.8720678,
657.0880044,371.804792,46.3239384,
662.778726,398.087127,41.9894366,
656.1653244,302.987731,47.7412531,
657.602143,314.694833,46.4575553,
666.3046774,369.426584,39.2475836,
668.1343564,369.56003799999996,37.3602855,
663.1454693000001,294.811574,41.6999787,
666.7727392,351.017741,38.5656307,
669.0642544,218.0316359,35.951471999999995,
677.1798893,282.0867516,31.2889543,
685.6800981,348.79007,22.8709139,
683.8150086,275.58203679999997,24.1033571,
685.1547362,226.90016409999998,22.4855669,
693.8981511,302.959915,15.980533999999999,
696.363461,250.40296510000002,12.81347472,
654.1416331,330.386803,49.2774058,
656.7954911,339.5508,47.6693332,
655.4841417,297.509742,47.824829,
661.9555167,372.870937,42.2661552,
659.6020932,322.871222,44.8325429,
657.5793067,286.0348379,46.4477044,
668.6561646,409.533145,37.8448842,
666.2572066,356.419227,38.7768126,
668.7402017,374.964033,36.9350833,
666.7141782,259.655879,37.4248652,
682.5251824,358.095983,24.9646796,
684.8750822,252.9799215,22.831789,
698.0873485,388.652595,11.93793344,
698.9697637,350.363567,11.502985299999999,
650.1024052,334.46943899999997,53.4917816,
647.7217104,275.8436727,54.8920296,
653.4452608,354.088795,49.519593,
651.8108102,333.616122,50.7709245,
655.02507,360.18039899999997,48.3036364,
655.941395,326.949874,47.7032583,
659.5582929,339.422436,44.6629878,
661.9083725,356.98079,42.1884105,
656.5910938,272.3595677,46.3090376,
663.7281441,334.14119700000003,41.1901632,
657.4317605,236.0966954,45.3409913,
668.6421187,338.629685,36.8246095,
665.1825809,261.0187401,39.1191141,
668.3047354,268.4862844,35.786270099999996,
668.3681387,262.8139589,35.6521661,
672.6643292,211.6493137,30.6716557,
679.0121954,270.22285650000003,26.6996262,
684.9014923,284.746256,23.1216428,
690.2867411,256.9232935,19.1841623,
687.3383873,233.6726799,19.0205446,
690.7414787,230.5323886,17.0607619,
702.647795,378.083909,8.18913609,
652.58387,358.802135,50.2082067,
653.1139985,365.269155,49.1478222,
648.9083625,278.4855246,52.95811,
649.3885206,296.3642,52.2556274,
657.8579513,360.26295300000004,46.036928,
657.3901225,350.25879599999996,46.0049762,
656.9088035,320.635024,46.7253221,
652.526435,264.4049576,49.3207916,
661.9702255,394.52509499999996,41.4117551,
656.1400388,276.7541994,45.9868905,
664.606218,377.555898,39.6559791,
661.7829873000001,326.27311399999996,42.9200334,
662.3259938,332.671856,42.635991,
657.319365,260.5726576,44.688059,
664.7777648,337.48805200000004,40.0267833,
665.3692811,345.419108,38.7319363,
671.1697138,384.251371,33.8609481,
668.5759767,251.5339827,36.3950199,
674.9875285,271.22654420000003,29.5449812,
685.7447041,257.0240915,21.2297479,
695.3531657999999,339.61479299999996,13.93663966,
687.7635562,242.8789486,18.978949399999998,
694.2114527,239.5921694,13.60810471,
702.4243188,309.952921,7.11841255,
652.2220822,345.314714,50.1633261,
649.1104288,285.162925,52.8072487,
651.0152008,300.709391,51.0122611,
652.9457371,295.94302700000003,49.3640504,
658.8540427,363.951035,43.9485285,
655.235579,308.525602,46.897406,
656.273737,293.799735,46.190125,
655.9181624,305.664193,45.52292,
663.3052005,353.874815,40.1311691,
660.0482217,293.473295,43.3969317,
662.6580099,342.679579,40.5845546,
659.1480739,272.0123674,43.7088728,
657.0106641,246.8289308,44.3512306,
669.2457395,407.51358500000003,34.943181100000004,
668.3283453,380.05446900000004,35.7321431,
665.5665862,253.77889620000002,37.4569151,
677.9457585,354.218199,27.3305906,
683.2925957,415.491705,20.7533136,
671.7435082,224.1066964,31.943150000000003,
682.4623768,352.407826,24.2361423,
671.7155268,220.6199378,30.061285,
679.8372156,283.4688041,26.1935867,
682.1699896,281.232498,23.5510107,
680.9390113,232.1169219,24.3480851,
682.4207064,224.1693661,23.1110198,
692.4926772,317.336776,16.3276308,
697.8302625,292.23913500000003,11.81206465,
651.7771415,407.92490399999997,49.5739501,
650.7930717,342.96205599999996,51.7811707,
648.6309257,292.408717,53.2715918,
650.3969474,292.873269,51.2756396,
657.4393695,405.481169,43.7427882,
657.6688931,369.595873,44.6250469,
657.8712441,374.363708,44.3495572,
652.1498755,284.859965,49.4660193,
651.5474945,274.912086,49.5676462,
651.0054872,269.0555731,49.9224523,
659.3679709,368.74551099999996,43.2760995,
661.8039351,377.540202,41.4373751,
654.8118283,280.4600682,46.7966535,
658.0330721,301.225228,44.3204474,
658.0963342,267.22066689999997,43.8133526,
660.4385311999999,288.5905408,42.3353709,
656.5319714,241.3576455,44.5282865,
664.3199081,319.195444,40.7245878,
660.3282154999999,254.3620483,43.1191185,
660.5791258,278.4541335,41.4432495,
662.1792502,272.6070319,40.580749,
662.7611431,283.918493,40.4712715,
668.6663473,343.61051,36.0743576,
672.0604661,265.75333539999997,31.145265699999996,
685.2053804,388.55248800000004,22.6543684,
686.3044422,395.43203700000004,20.960259,
685.0162149,289.873023,22.1242822,
695.1047619,382.789423,14.2038931,
685.3645247,226.91497900000002,20.0933228,
694.2267922,325.236994,14.5084854,
698.9378068,376.260562,10.229634820000001,
689.5496284,240.80199290000002,16.292590099999998,
650.0290011,325.00881100000004,51.573382,
649.5288301,316.388625,51.7402281,
653.2076944,349.492372,48.1984512,
654.5638978,333.633819,47.5947249,
651.4958325,291.31397200000004,49.8858846,
655.8966163,344.745001,46.5466889,
652.9337568,291.322177,48.1034384,
661.6012476,382.15213600000004,41.1680145,
654.2609728,267.3357315,47.2834734,
662.8234070999999,389.832304,40.1400924,
656.5591149,289.590062,44.9255335,
658.9636405,262.27368079999997,42.5657509,
660.0684535,273.3134908,41.6861816,
663.6071479,265.4132723,38.7258369,
668.643515,258.99965280000004,34.3880525,
668.3769198,219.2149209,34.2838136,
684.5324034,393.480194,22.45822,
674.2052843,249.3118102,30.2239431,
694.7781238,390.92114200000003,13.53340004,
686.8774405,252.9100534,19.7502372,
687.6260036,228.2789689,18.2854794,
698.7117956,327.93121099999996,9.30151519,
648.5322567,300.53604,53.064413,
649.4163998,275.6446237,51.2172058,
655.8611534,367.112454,45.6561304,
650.294065,279.8670129,50.1827484,
652.3812645,306.631839,48.3783777,
660.176763,378.12910999999997,43.0430894,
653.6416645,275.237284,47.5034362,
662.0467731,370.791739,40.6239994,
660.9431632,341.105643,41.9344909,
655.5325935,265.0491388,45.5130603,
662.7753033,327.857535,40.7290874,
660.3072381,257.5403152,41.5943466,
665.9495925,336.169911,37.783544,
670.418761,374.935817,33.771271299999995,
676.8672489,398.41653199999996,25.6325524,
668.0307955,226.2330972,35.024265400000004,
684.8379899,318.65630899999996,22.7286764,
685.1443719,231.7046969,20.5705223,
686.8969094,247.5068302,18.2560483,
695.6457426,319.12106600000004,13.4831948,
651.511943,363.964515,50.6487011,
651.35215,350.35251800000003,49.9283485,
649.8017316,306.149686,50.9747665,
651.2982848,325.659087,49.7132909,
654.0004117,359.770974,46.8045385,
654.8329193,354.77553,46.9831584,
655.8646901,332.06431499999997,45.5079126,
657.5466738,334.862259,44.187057,
662.3753501,358.582764,39.8593817,
662.7857834,348.179326,39.9770244,
658.1428843,242.3793383,43.0272947,
662.4186653,290.852011,39.6947471,
660.5583855,264.1373227,40.6253376,
664.2694653,223.7633794,35.1216145,
667.4842316,247.9124521,34.4681925,
694.3297429,399.039486,13.98121956,
685.2697535,262.1314024,20.5599768,
687.883589,253.0044624,17.4480199,
696.4607736,360.897652,11.12291787,
697.7461197,371.367144,10.21609689,
649.5744185,320.1216,52.2701751,
651.7955205,335.259715,49.1436301,
652.550534,323.099928,47.9008365,
652.3729347,283.7871208,47.5629534,
653.8769411,288.5308903,46.4660717,
658.572227,347.22625800000003,43.0352712,
664.3017844,390.048565,38.1967124,
656.8973714,295.528885,44.1889408,
659.7547683,301.781954,42.7310654,
663.210605,363.27531999999997,38.9990963,
664.5709006,374.63994,37.3803653,
660.2170259,298.278411,41.759531,
659.3132439,284.0593598,41.9205994,
666.8374296,349.15272400000003,36.6193416,
659.09332,241.405453,41.0054061,
668.6384426,350.178947,34.5975574,
663.3205178,278.25206479999997,37.9747933,
661.8063822,246.5478078,39.2252256,
676.9891688,363.066911,26.4142759,
675.4839412,225.6013795,26.6031237,
686.6966884,264.2347254,18.582362099999997,
653.0145314,368.243837,47.3073562,
650.9366868,318.841006,49.6804692,
652.8216114,343.12971200000004,47.8029349,
649.6314436,287.270033,50.7374797,
651.1472158,301.945197,48.906901,
655.8100975,354.90347499999996,45.2956551,
651.3190321,270.9358616,47.8984331,
658.9265,351.95795799999996,42.8018022,
656.7609323,327.514714,44.2073476,
662.2719839,385.72070099999996,38.6762035,
662.5140564,373.588637,39.2240154,
656.5421512,282.5530626,44.2569837,
654.1590302,256.0924149,45.5026249,
664.0095171,288.3969858,38.6378899,
663.8200338,274.2645473,37.460432,
665.308914,269.5467072,37.1597202,
664.0105706,235.3984832,34.027791199999996,
680.9275052,402.621494,22.184659,
667.550269,213.3949499,31.8885929,
696.7207592,391.118375,11.10463918,
694.5443935,355.447442,12.15564855,
697.2284266,353.322215,10.13770192,
650.8595595,330.740631,49.5119402,
648.6661439,270.596585,50.5979144,
653.1397318,317.825942,46.9971274,
658.1431413,358.96531600000003,43.2986167,
655.4090181,316.147883,45.5638588,
663.705795,395.28216399999997,38.9485167,
658.317626,331.794035,42.5594981,
656.6036483,251.799822,43.0005009,
664.8184583,354.431169,36.700577,
666.9240471,365.431895,36.4094325,
668.8468941,366.44129399999997,34.428728899999996,
668.4998948,361.889534,33.463423899999995,
661.6423958,255.3313,38.5631586,
673.0030519,381.49976300000003,29.7500254,
675.7585401,376.512628,27.1552506,
677.6236556,372.066587,26.1736589,
669.0534295,262.644434,32.4286972,
684.5143008,269.85159799999997,19.4437113,
695.6074017,380.034559,11.31476538,
653.4375263,364.265724,45.6591787,
656.175044,343.50214800000003,44.0927443,
659.2828254,385.646444,40.7699997,
655.0303237,271.4013087,44.2854453,
662.5488809,341.188738,38.6352453,
661.5016916,330.703484,38.7781261,
666.4111126,355.235412,34.7954433,
664.4206745,258.3692491,35.419510700000004,
676.6344654,275.1839534,26.2697071,
687.3656435,400.953014,18.095741,
689.4562477,402.357837,16.0239461,
688.8820133,297.625838,15.9705126,
686.3881584,258.2809682,17.1676328,
692.1212556,288.8752703,13.2687195,
651.748189,296.83277699999996,47.3885719,
650.4843748,278.8068986,47.8392773,
652.2215088,302.209631,46.5966844,
657.7990419,363.498885,41.8656969,
657.5594019,338.371648,42.730073,
659.3418519,351.58040800000003,40.8306066,
660.6282911,333.93604600000003,40.6948398,
655.6565186,257.5273816,43.218405,
663.3193321,364.47930099999996,37.2000343,
665.3076381,359.223683,37.1271014,
662.2514706,325.26088300000004,38.7786292,
659.1990845,247.4034413,41.1247358,
660.9513894,281.3649936,38.8906738,
669.5799491,250.6334982,31.585578499999997,
673.2317379,274.7936506,28.5357492,
683.4966572,390.788419,20.5271309,
685.2550858,395.316083,18.6356522,
689.2839166,290.78838,15.381101600000001,
651.6298373,356.479941,48.1686008,
652.0946586,338.205684,47.5792361,
654.3845984,359.530283,44.7196449,
653.7878782,323.637828,45.5909571,
653.3262922,298.284963,45.3794111,
656.0710344,321.939581,44.0379363,
652.0041898,271.3591399,46.1754062,
657.9164557,268.2145254,41.4484475,
665.4312525,372.411229,35.0831646,
660.0841514,260.0385084,39.3006307,
673.44476,354.735656,29.0793425,
675.2292117,368.001824,26.3617638,
680.6993039,344.08711800000003,21.6473418,
677.6199742,281.3280718,24.1497715,
687.1583358,307.711539,16.4537204,
693.7663764,358.527629,12.1446454,
692.2457742,342.315433,12.94412058,
692.3114955,252.4157433,12.87450267,
649.5352583,297.305724,49.4808566,
653.2693414,350.241709,46.2341872,
654.9451973,349.886235,44.1161652,
656.6781326,376.721313,41.9889615,
653.0551786999999,284.5820888,45.0492763,
659.9986445,365.237323,40.2927258,
651.9577056,260.3715959,45.1207318,
657.5053569,329.112066,41.0031841,
666.5021699,384.718922,34.630216399999995,
662.2265726,211.8525963,34.609747299999995,
670.6286425,270.67359,30.3890214,
668.7140262,230.6719953,30.6493512,
672.5092138,255.7589779,28.4145697,
681.1051038,355.594787,21.7313192,
682.3501142,348.97669099999996,20.6886685,
683.212954,259.4312463,19.2408535,
692.8333304,384.540564,12.32704493,
681.5649767,246.729615,19.0237461,
683.7493639,254.2709256,18.2900189,
693.957549,373.93012699999997,10.25831659,
692.6536045,300.15803,13.11857277,
651.562333,360.883283,48.1084843,
651.9202799,330.55501200000003,47.000888,
649.5993909,264.7501078,48.2630033,
657.9779154,357.127049,41.3878455,
656.2309797,290.56458,43.041989,
653.1759734,237.1194978,44.006657,
660.6902759,335.432417,39.2652407,
662.7848827,369.94509700000003,36.6128806,
664.3684764,360.675772,34.949042399999996,
659.8755267,273.521664,38.8237709,
660.6873112,267.9624978,38.477269,
669.057962,377.623928,31.3339906,
662.7484169,271.9759135,35.975687300000004,
670.506477,252.5961303,29.5886112,
681.2807184,281.0098067,20.6516757,
682.6363917,264.5419311,19.3187961,
684.4623181,238.4362921,17.834725300000002,
685.9749684,231.9751709,16.9552988,
650.4884709,315.900579,48.0636682,
652.5284603,335.160161,45.8197509,
653.4347257,344.951096,45.3479724,
657.9057655,372.631794,40.7954968,
653.4036092,278.9534733,44.5579212,
652.7955458,274.9823435,44.3171711,
655.7823865,275.997957,42.112971,
655.7166615,246.6547898,41.7450933,
662.5925439,337.21781599999997,37.3587675,
654.9792409,238.4694744,42.0756967,
666.5583802,354.95069,32.6739987,
672.2972925,375.338951,28.3061616,
663.764481,253.54238850000002,35.312198800000004,
688.1717515,398.810112,14.0380672,
683.1502285,285.5736276,19.3699288,
680.630643,228.25565699999999,20.4406146,
653.7659811999999,400.283931,43.6005393,
654.1182062,332.289968,43.7211611,
650.183463,267.29349,46.5716081,
657.8057089,346.16314,41.2007809,
660.5616749,360.702397,38.0406753,
658.2511251,296.779972,41.7705638,
662.1272023,348.142023,37.0652585,
656.2294523,255.74363370000003,41.2192375,
657.434462,283.6235123,40.0342396,
657.8425653,278.0300453,39.7615702,
667.4051494,381.870373,33.253986499999996,
664.187733,327.463999,36.321524,
665.5482197,338.51225999999997,35.292971,
664.284164,263.6154879,34.431538,
671.8476703,379.28519800000004,27.8820891,
674.0467433,254.2375687,26.3713394,
677.5683109,248.7996552,24.2393681,
679.1987688,276.66597590000003,21.528548,
685.3598777,289.578185,16.1643465,
691.1720349,346.79418499999997,12.57292482,
686.3589692,268.7750226,16.289553400000003,
652.6109082,356.01293799999996,45.7633848,
651.0971543,308.671623,46.4726671,
649.836283,287.2452889,48.187389,
654.3253289,362.692635,43.0832111,
654.6911504,356.114893,42.935011,
650.3800883,275.6571619,46.270288,
652.5630178,292.899941,44.5965247,
653.5269125,300.276296,43.298593,
657.8081646,341.19719399999997,40.1143114,
653.0222808,265.631014,43.4895,
659.4704761,345.907105,38.8795827,
655.6614853,286.8529562,41.3307144,
662.0967692,275.2014367,35.523830000000004,
690.5392388,320.07295799999997,14.5412451,
683.0034502,230.9184833,18.060353,
658.7356767,390.855736,39.0415113,
651.3554814,268.7812489,44.6378714,
655.8190337,273.1201492,40.0999286,
655.8600096,261.5441583,40.682483,
665.9126953,377.195652,34.2871502,
662.5838108,331.966503,36.8201535,
670.180874,394.102764,29.1025579,
660.2019201,218.03580399999998,35.7831221,
677.4875271,359.198956,22.5056229,
683.1062949,390.778461,18.3240986,
683.4325067,295.717852,18.1811754,
690.6367954,395.073583,13.02371276,
681.2814659000001,277.3638399,19.1785782,
688.4738744,338.364503,14.0448202,
650.6610355,294.333419,46.0316106,
654.3069255,342.664515,42.5529164,
649.9965224,263.6071136,45.6484434,
653.8742682,271.282009,41.9954081,
660.2808624,251.4398692,36.4869218,
675.0540495,373.554584,24.6612324,
674.0928161,362.22706500000004,24.9883669,
683.5080547,335.643211,18.0601305,
680.7954138,290.07971499999996,19.2565669,
652.1926436,328.937521,44.9466146,
653.1843778,338.342346,43.8494652,
650.5367494,281.107975,46.1443949,
659.1207174,397.00393299999996,37.5534276,
657.037372,361.795204,39.8252133,
657.5925118,355.978654,39.5117202,
653.905844,294.752031,42.6991235,
661.626609,377.61350500000003,35.1680074,
660.8387483,343.81288,36.7074896,
663.4026871,382.366843,34.0056589,
669.0411827,402.799611,29.9357348,
659.7508444,279.6442942,37.0609404,
659.9460156,218.4498116,34.8657354,
675.8056761,355.73643100000004,24.2912381,
671.9570543,259.6432512,27.4073819,
679.7582179,342.129776,19.8998523,
684.9820451,357.117339,15.6296863,
679.8296523,262.7348508,20.6510559,
684.4785173,331.346694,16.3017763,
688.3037395,365.864941,13.49782996,
651.4719644,318.132768,45.5540642,
650.7767905,287.6774429,45.2939845,
654.7799002,350.666661,41.3741734,
657.3913466,383.794605,39.1037076,
655.4999447,334.243542,41.2050643,
652.4120761,288.94389839999997,43.2392411,
662.0669578,365.917486,34.9830836,
654.1095139,241.4684177,41.0050281,
665.4258552,365.441649,32.9358388,
658.6520228,267.4780671,36.779333,
659.4842495,262.2650322,36.890406,
671.775199,371.939699,26.5464526,
665.7770311,252.2979487,32.4226235,
668.4321371999999,258.1836133,28.7945984,
679.373832,358.92006100000003,20.171248,
680.8401517,354.274397,18.0956033,
681.6598609,346.595841,18.1644576,
684.2991936,268.281997,17.3061588,
685.949082,303.893878,14.3194772,
684.6826179,253.494485,16.0533276,
653.3405948,346.84619799999996,43.0912491,
658.249551,368.962317,38.9259618,
657.3009267,328.876756,39.0309984,
661.1893334,339.463103,35.5200629,
663.0064435,352.681579,34.577093399999995,
659.2624236,285.0084627,37.5700299,
663.2044957,347.401094,34.668742800000004,
663.0303248,360.746332,33.064188,
664.9039964,343.743625,32.1464682,
662.8874909,282.0120337,34.596114400000005,
664.8476523,277.1364655,32.526361800000004,
666.4932218,255.001761,30.2551101,
678.9019008,352.511757,20.1405527,
672.7254756,257.224877,25.0934707,
677.4977797,287.26952470000003,21.198431,
683.6053862,339.492187,16.524979899999998,
682.5585406,317.067025,17.6151075,
651.7726377,283.0597045,43.1032736,
653.4883401,250.318458,41.0616477,
658.3661993,273.7792551,37.0629829,
672.2238812,365.717482,25.2516153,
662.6429787,243.73800260000002,30.6724448,
676.15214,353.846112,22.033046,
682.8766439,363.756349,18.1918929,
682.5411804,389.50397,16.557302800000002,
684.642813,351.242253,15.085394700000002,
680.0158239,266.3204368,19.3185125,
687.6512956,342.106753,13.7122227,
687.5908956,289.67760599999997,13.00200705,
652.8633051,321.36888799999997,43.61756,
653.8828215999999,338.556282,42.0157243,
657.8146516,372.21754599999997,37.767138,
659.118748,367.07468,36.8358987,
654.3277791,291.837653,41.7519012,
657.1826714,341.084838,38.1452403,
658.7143888,334.64915199999996,37.4090942,
659.1386663,328.713076,36.8193424,
661.5259059,333.726578,34.8426006,
656.2411649000001,259.1560011,38.4946745,
671.6118379,376.021172,25.8122189,
669.0100753,266.7728257,27.7792478,
685.0520617,347.027719,15.130296100000002,
685.1621244,321.252589,15.306953,
682.3143101000001,285.1409473,16.1996411,
684.7120229,296.33074899999997,14.4193872,
654.9664092,398.948089,39.7979058,
651.3568779,307.393845,43.6495581,
650.4917414,277.1690794,44.3799296,
650.8187904,246.9799253,42.4366764,
653.5804039,266.854983,40.2573607,
665.8536155,379.216642,31.2724062,
654.0093996,236.1928853,38.9829099,
666.0907711,359.148976,29.7830471,
669.4792963,262.9302912,26.8850296,
669.6498685,255.4068967,27.4078609,
671.2444084,272.3856577,26.354453,
684.5735092,394.66495199999997,14.1103529,
678.3118635,273.0878631,19.2152572,
684.6092979,340.52263800000003,15.234281,
681.4533785,296.534363,16.3058898,
685.5761583999999,279.9660693,14.1180501,
658.2035713,352.814042,37.5423785,
650.225161,233.8505279,42.8818832,
653.5696703,277.9308665,40.0553383,
660.6105149,358.15259100000003,34.8908215,
655.1868731,264.4315418,38.4923076,
656.3199733,280.6059724,37.066742,
657.0545183,256.3200543,36.9106393,
666.9220291,354.546586,29.4990312,
666.7948822,350.08517,29.5566403,
670.7921885,392.31503599999996,26.1256029,
671.6106908,369.77257299999997,25.3472403,
667.4224631,274.2146869,28.9424229,
673.2724997,360.584321,23.2345083,
677.7428199,346.592441,20.3826902,
684.0687002,394.612915,16.1557095,
680.488194,290.09888,16.9681477,
679.8488752,280.6667017,17.060722,
654.8561788,372.345694,39.5717435,
656.8802089,382.02349200000003,37.4911225,
655.4981059,351.417063,38.8852403,
656.4927953,359.011357,37.8946119,
653.3810659,244.8819022,39.5104098,
653.7627409,241.1842748,38.2787024,
663.5069264,360.581415,31.286727,
667.2313331,382.917829,28.6704778,
657.2878903,247.8339438,36.9566155,
667.1462766,372.644803,29.3614632,
658.465161,256.9166346,35.3721778,
665.9298984,262.6081406,28.5123862,
680.7177921,358.31446700000004,17.2699826,
676.2339433,281.1808102,20.2828785,
686.4000515,392.643975,12.21209309,
653.4600304,364.36715200000003,42.2245504,
654.3659459,369.281979,41.1628738,
655.4777659,364.34486000000004,38.0627195,
656.9409715,346.577897,37.7088657,
653.869856,269.419126,38.1240748,
668.9358981,393.04658800000004,25.2324804,
658.9080986,249.3638516,34.7964718,
659.5477378,253.5634276,34.365641600000004,
666.9802102,249.6033804,27.3542539,
669.95327,260.20454970000003,25.0849858,
675.8183289,290.529592,20.0180023,
678.0793382,284.4341165,18.3910968,
656.6501097,388.423201,36.5917295,
654.2803983,331.728796,39.9173185,
655.5349761,322.850868,38.3159407,
652.131499,254.8780483,40.3752995,
663.5141592,243.4311463,28.6550969,
675.3052341,360.670232,20.8830184,
669.7129672,270.6306311,24.5449771,
677.8008594,362.286269,18.9839931,
681.1882043,353.54864499999996,15.809080999999999,
687.6721847,387.928175,11.12646172,
683.6477768,284.7790935,13.27635013,
654.3904597,366.347987,40.2385163,
654.4532778,359.979399,39.8700973,
654.7904203,335.642469,38.6452823,
650.9665482,268.8713859,41.884059,
649.0938602,241.1168275,42.9298999,
652.6526918,282.0735998,40.1884387,
661.3239732,376.93142,32.905906099999996,
659.7218761,343.689214,34.2403897,
660.5261456,326.541179,34.8359021,
661.6277266,347.73771,32.3243628,
658.1405659,271.5926885,34.7208313,
673.3649432,370.838489,22.3105323,
674.3235205,350.357752,21.0044606,
668.5572273,249.852063,26.3414169,
672.6106624,281.2275407,21.5597563,
678.7108417,342.133736,17.468687799999998,
677.8855381,294.686113,18.3154085,
676.411469,277.38671750000003,19.1712675,
654.3235676,407.578193,38.7272764,
655.3293142,394.526618,36.968604,
653.7487668,340.91499699999997,40.0400361,
651.7058923,296.97348999999997,41.9353831,
653.4508405,327.015646,40.0474653,
651.7244075,286.59717969999997,41.6764564,
651.3529396,274.6844024,40.9419631,
658.4195546,350.178893,35.5472465,
662.1923131,383.418715,32.1394374,
654.3436069,275.13754470000003,37.3446451,
662.8448557,382.596314,30.4992006,
660.2127879,338.00890000000004,33.4885119,
664.361678,259.042712,29.6135772,
673.6280796,276.8235341,21.2569575,
658.5237628,362.70198800000003,34.4239786,
652.1005331,259.2279033,39.3909991,
653.2285768,249.6997838,38.1352287,
660.2055012,353.70219599999996,32.768461099999996,
662.9432231,371.37242000000003,30.3525929,
664.2568519,378.080456,29.2666107,
670.9619273,373.45786,23.6826898,
674.7676062,365.211281,20.3730983,
664.7754146,249.82529449999998,25.3507235,
671.4915213,259.5784189,23.3686783,
651.3937629,291.857217,41.7447951,
653.3604364,320.154357,39.7283333,
656.9880545,370.454024,35.5334322,
658.4655275,354.765211,34.543793199999996,
655.0382888,252.3310227,36.2461252,
656.0487977,263.2424201,35.257950199999996,
658.7094562,276.3182445,33.701116,
670.8850753,363.970889,23.0127324,
673.6842097,389.872999,19.165297199999998,
675.8860148,342.51730599999996,19.446938799999998,
680.8129713,349.334232,15.209468100000002,
674.0528597,264.3916839,19.3187472,
676.5179668,268.4858173,18.284274,
682.9097177,290.80001300000004,14.0761581,
654.0728729,344.929388,39.0658719,
655.7487322,376.73012600000004,36.1419076,
656.2151516,343.41025,35.832289200000005,
656.9635725,337.824049,35.7184324,
661.1079216,366.81140800000003,31.1143583,
662.2618421,355.950467,30.5264097,
666.996896,257.8959866,26.200713,
675.7458312,356.465534,18.8189691,
675.7345001,351.486545,18.567863799999998,
655.8723648,356.87809500000003,36.2555184,
654.5596868,329.08338000000003,37.695124,
658.1340361,375.310512,33.2250497,
652.9178359,282.1753339,37.6720162,
669.9472462,368.250469,23.4010753,
671.6713452,356.016892,22.2796883,
667.3919921,251.4658952,25.3556716,
674.6436213,286.1581678,18.9259788,
680.7335781,333.72373600000003,15.759792099999999,
681.0388676,339.936396,15.211626199999998,
654.3099639,368.83409,38.2357984,
654.4449651,356.565285,38.4537152,
657.9778571,391.60728900000004,33.375602099999995,
661.246236,376.302649,31.253196700000004,
652.1414979,246.3371436,37.1056481,
667.8481446,265.29796450000003,24.294784,
677.0930405,355.35632499999997,16.996818400000002,
677.5608092,348.991815,17.1069063,
676.2365928,275.4991446,16.664305,
656.0233848,366.68762100000004,34.4348903,
663.5189954,349.803593,28.9645074,
671.7626555,403.183354,20.719423,
672.9685334,286.5655135,21.3194247,
681.9846186,388.581546,12.12652629,
679.1427772,280.1390554,14.1377148,
651.2883643,268.8496664,39.3758633,
651.3575688,263.7813441,38.7624731,
653.5854601,272.09954089999997,35.8380617,
654.8014625,247.0712459,35.1880083,
658.6407582,255.71112519999997,31.916541100000003,
670.3822254,394.93415,21.7015577,
665.907189,267.7711839,26.3910783,
667.3052075,251.0235893,24.335051,
670.7540404,264.340984,21.11951,
682.2752683,337.258323,10.822642290000001,
656.5378112,348.282825,34.183057000000005,
652.2807065,276.5986769,38.5497759,
652.7498328,265.7784467,36.8253159,
653.6823388,258.2967134,35.7381113,
660.2993426,344.847047,30.7249616,
655.5175327,268.2571449,33.5171775,
658.8119749,259.6176273,31.651942500000004,
664.0926918,254.7959243,28.4316378,
670.4535882,360.51919,21.7286553,
675.8705869,400.58381199999997,17.993924399999997,
673.5410591,274.8985255,18.5183435,
663.2177326999999,374.68102999999996,28.3018577,
655.6582174,280.1601219,33.6829274,
656.6894077,285.4068462,33.7408494,
664.8280649,262.4027463,25.9885113,
674.6213006,338.279603,17.820622200000003,
666.176666,242.6335535,23.153527,
672.7845156,268.5614994,19.1778177,
678.2619009,319.944325,15.587291,
676.5147989,286.60826480000003,16.1994307,
679.5561122,294.919464,13.5072711,
654.416026,338.490788,36.7448205,
654.4196073,348.250248,36.6185121,
652.2640302,291.864823,37.8147623,
656.9201019,360.28173300000003,32.4626775,
655.3855529,254.6888424,34.330051600000004,
670.8801751999999,369.38708099999997,20.2725967,
670.6156672,344.131708,20.1718635,
669.0654211,270.0984271,21.5753206,
675.8887099,293.07428600000003,16.1838774,
655.3041378,353.647188,34.554136299999996,
655.9293568,335.72721,33.9874201,
655.9579568,341.467299,33.919842599999996,
653.8732301,282.7946488,35.0028254,
668.440478,372.42139399999996,21.8157531,
661.9968891,262.2951487,27.4331505,
669.7502066,349.604117,21.2409727,
671.6370064,359.37336300000004,19.595142199999998,
671.6045008,353.789619,19.4246926,
672.6761703,296.62640799999997,18.6062731,
673.605171,290.064956,18.426052,
674.4464382,271.5645972,17.2404392,
657.101345,337.075064,32.1461005,
661.2897552,356.91738399999997,28.0402615,
657.6982511,272.6849055,30.5245024,
664.8955192,275.1746825,24.4805205,
673.4455451,363.948039,18.2077141,
666.1661585,260.6820556,23.5908025,
674.3432551,281.1244714,17.5820708,
658.3465027,359.546852,31.481079899999997,
654.0314876,274.2752954,34.075734,
661.8681175,342.876811,28.7226084,
663.3739499,270.5848545,25.4015723,
673.4359043,358.69525899999996,16.8777974,
668.9309405,277.1405003,21.3827842,
666.3634619,249.7577278,21.6713972,
673.8324531,321.92600400000003,17.9836483,
670.5693653,283.3431685,19.367366699999998,
658.4877189,349.822311,30.5496008,
661.7272049,368.949397,27.3549582,
666.225764,396.21895,19.8289891,
662.4973955,257.7691176,25.9885378,
665.8934905,277.6243697,23.4731307,
667.4389393,264.00705170000003,22.3629621,
678.3985027,351.848443,13.01444168,
656.6215649,351.56320400000004,31.8767413,
652.7442254,266.8355572,34.9136374,
657.5496843,342.198747,30.8332711,
670.6562274,365.32344,18.995407800000002,
674.046929,350.366512,16.4245656,
669.2982267,269.0030913,19.6789253,
676.5191895,334.865309,15.3379807,
654.3190072,255.86650810000003,32.367649799999995,
661.6117206,351.702174,26.6888109,
667.2531613,368.602656,21.859246,
668.0598749,356.368879,20.8776261,
670.382381,339.83565799999997,18.4924092,
667.5540234,255.5325363,18.914563,
675.2163123,314.777567,15.633321899999999,
676.0074169,347.821007,12.77860735,
676.1017194,279.6227814,15.1810567,
656.1564747,364.968218,32.3832489,
667.7071685,364.65736400000003,20.5652301,
655.7063735,345.577788,32.2161439,
660.5918955,266.5034076,25.4564188,
664.5811831999999,265.8092245,23.3862761,
671.6311262,354.361218,16.7121611,
656.5710729,368.439104,30.8324639,
654.4947376,262.9652209,30.8649659,
670.6213756,284.4326003,17.3006767,
669.8446408,272.37536420000004,18.141744,
674.4297408,309.51403,14.8540137,
676.7801306,346.526351,11.037710350000001,
677.7286328,308.533642,12.50908434,
657.2986022,358.09731,29.2426569,
653.9699166,259.1361247,31.4265617,
656.530478,265.4223655,29.5187787,
668.0585549,360.627338,19.9129339,
660.0639873,261.7039232,25.7801449,
667.1282381,279.6039066,19.9437743,
667.8242996,274.3970185,19.4008371,
672.0414799,265.25716850000003,15.987328300000001,
674.7842153,290.563069,13.79209118,
656.9567606,374.729675,29.553921,
668.9076653,277.634656,18.384155200000002,
672.5800081,275.674342,16.2541714,
654.2468496,254.0800796,30.8119069,
667.0514903,347.974836,19.4218275,
664.7370748,274.1938637,20.9431191,
666.848331,291.09714099999997,18.9901088,
670.1626604,318.115345,17.4717004,
671.4110122,288.33451890000003,15.5208953,
654.059676,273.1717365,31.1203074,
655.1199505,258.5482105,29.4448061,
662.3818524,273.8002803,23.0171008,
669.6108091,361.553304,17.7248071,
668.0175591,344.425394,17.990825,
665.3278417,264.9964759,20.3076315,
677.4971042,279.9598951,10.576072360000001,
657.5276484,336.491659,28.81554,
656.0956756,268.9751972,28.3451504,
666.582517,352.62786700000004,19.751633599999998,
669.3405943,375.87429499999996,17.057873999999998,
661.0199248,259.4566077,23.8433479,
668.0390632,356.10756000000003,18.251798700000002,
671.8547744,338.83336499999996,15.301565199999999,
674.5225361,352.90945899999997,12.10329936,
673.1150418,284.7257198,13.30071018,
657.2868247,340.78803800000003,27.201088,
660.8440918,269.000094,23.3125531,
670.4985232,347.205098,15.3647292,
664.9144399,270.0378663,19.692687,
670.8356504,282.50743669999997,15.0225212,
670.6511351,271.6202255,13.07270629,
673.7784272,274.8553332,13.22742759,
668.7378755,350.263752,16.8982325,
679.3764575,330.419911,9.31090016,
654.0488018,280.0178972,30.7167435,
670.7746603,383.87985000000003,15.270731099999999,
662.7223165,261.5240341,21.90646,
670.478999,393.43172300000003,13.54194266,
670.1662944,341.392029,16.3151315,
654.9678,275.7779119,27.8332598,
659.6934842000001,264.5626267,23.2039733,
661.0586756,374.715955,22.2146587,
673.4404225,385.998687,11.72198024,
665.4336549,247.3907611,16.9584094,
670.7474604,295.45770500000003,14.4613028,
660.3305389,370.59889799999996,21.8452065,
662.3968724,269.8100195,21.4640801,
669.329923,257.3206718,15.2718855,
661.5737537,366.805337,20.9256148,
661.4085675,281.6382838,21.4749173,
662.5234022,243.6357673,20.1347919,
658.6730425,385.479202,23.0177302,
674.424299,391.430067,9.01520431,
