,x,y,z
0,839.4375,298.5625,83.25
1,849.5555555555555,297.1111111111111,74.66666666666667
2,855.6153846153846,325.38461538461536,70.0
3,865.0,350.6,61.9
4,831.75,349.375,89.0
5,833.0,364.0,88.0
6,834.8461538461538,334.0,88.0
7,838.2222222222222,370.6666666666667,85.0
8,836.5,298.25,86.25
9,840.8666666666667,348.53333333333336,81.86666666666666
10,843.578947368421,354.0,79.63157894736842
11,838.1363636363636,264.04545454545456,83.68181818181819
12,847.5714285714286,351.0,77.0
13,843.0,285.0,80.0
14,848.5,341.5769230769231,75.46153846153847
15,845.1428571428571,287.2857142857143,78.28571428571429
16,845.8333333333334,293.1666666666667,78.0
17,848.3333333333334,299.3333333333333,76.0
18,856.5,393.3,69.1
19,845.8,250.8,77.3
20,852.0,293.5,73.0
21,860.4,389.0,67.0
22,852.48,290.0,71.48
23,855.0,285.0,70.0
24,859.875,324.75,66.375
25,865.0,374.0,63.0
26,858.25,274.5,67.35
27,857.7222222222222,265.77777777777777,67.33333333333333
28,862.6428571428571,334.2142857142857,64.0
29,857.3846153846154,253.6153846153846,68.0
30,858.2222222222222,257.77777777777777,66.88888888888889
31,864.75,331.0,62.0
32,860.5652173913044,249.43478260869566,64.56521739130434
33,864.8888888888889,296.8888888888889,62.0
34,871.0,392.0,57.0
35,862.8571428571429,254.0,63.142857142857146
36,862.0,234.375,63.875
37,867.75,277.125,59.25
38,832.0,338.64285714285717,88.5
39,833.8333333333334,342.5833333333333,87.5
40,836.75,362.25,86.0
41,834.25,269.75,88.0
42,835.5454545454545,292.6363636363636,86.0
43,834.4736842105264,276.2105263157895,86.36842105263158
44,833.6666666666666,244.23809523809524,86.71428571428571
45,835.0,240.27272727272728,85.81818181818181
46,839.5625,282.5,82.4375
47,845.44,341.04,77.64
48,853.7142857142857,396.0,72.0
49,842.125,249.125,80.0
50,849.4375,333.6875,74.1875
51,847.9090909090909,278.09090909090907,76.0909090909091
52,851.5454545454545,343.72727272727275,72.27272727272727
53,851.4074074074074,332.0,72.4074074074074
54,848.0952380952381,270.2857142857143,75.38095238095238
55,854.0,327.5,72.0
56,849.8,284.4,73.4
57,848.2857142857143,264.7857142857143,74.64285714285714
58,853.8947368421053,334.57894736842104,70.42105263157895
59,856.0,347.0,69.0
60,856.5,342.0,69.0
61,854.4,295.0,71.0
62,856.6666666666666,324.1111111111111,68.0
63,859.4666666666667,337.1333333333333,66.0
64,863.2,370.0,64.0
65,863.9090909090909,361.27272727272725,62.18181818181818
66,856.55,248.55,67.8
67,863.9230769230769,345.84615384615387,61.76923076923077
68,861.2,297.3,64.1
69,861.8333333333334,285.8333333333333,64.0
70,861.5555555555555,260.3888888888889,63.166666666666664
71,863.8235294117648,267.3529411764706,61.94117647058823
72,865.5,280.92857142857144,60.285714285714285
73,863.0,230.33333333333334,62.5
74,873.2,380.6,54.0
75,865.6666666666666,257.77777777777777,60.333333333333336
76,869.2941176470588,253.11764705882354,57.1764705882353
77,871.8,286.93333333333334,54.93333333333333
78,872.2727272727273,260.45454545454544,54.90909090909091
79,877.3333333333334,340.77777777777777,50.44444444444444
80,879.0370370370371,334.48148148148147,49.48148148148148
81,830.1875,305.1875,89.0
82,835.3333333333334,351.53333333333336,86.26666666666667
83,836.6923076923077,352.6923076923077,84.57692307692308
84,839.7826086956521,332.9130434782609,81.82608695652173
85,837.5925925925926,291.18518518518516,83.66666666666667
86,844.0,358.0,80.0
87,836.9583333333334,272.2916666666667,83.54166666666667
88,844.2173913043479,348.69565217391306,78.47826086956522
89,838.5555555555555,267.72222222222223,82.44444444444444
90,841.625,273.375,80.1875
91,842.2692307692307,254.3846153846154,79.42307692307692
92,851.0,357.8181818181818,73.0
93,852.5555555555555,349.44444444444446,71.16666666666667
94,850.4705882352941,298.52941176470586,72.82352941176471
95,857.6521739130435,381.82608695652175,67.04347826086956
96,852.4166666666666,284.5,71.58333333333333
97,854.75,298.25,69.0
98,853.0,252.52380952380952,70.47619047619048
99,855.5555555555555,270.3333333333333,68.05555555555556
100,858.2222222222222,288.05555555555554,66.5
101,863.75,356.0,62.125
102,863.4285714285714,341.57142857142856,62.07142857142857
103,864.1818181818181,335.90909090909093,62.09090909090909
104,870.0,392.0,58.0
105,859.6363636363636,265.45454545454544,65.0
106,857.421052631579,234.78947368421052,66.63157894736842
107,866.2,349.12,59.4
108,874.0,385.1,53.2
109,868.5,276.4,57.0
110,833.9,370.53333333333336,86.5
111,834.5714285714286,337.76190476190476,86.04761904761905
112,838.9,380.2,83.1
113,833.0357142857143,288.39285714285717,87.35714285714286
114,838.6666666666666,356.0,83.0
115,835.1304347826087,287.9130434782609,85.08695652173913
116,840.6111111111111,357.8888888888889,80.94444444444444
117,843.6111111111111,362.5,78.61111111111111
118,835.84,237.32,83.68
119,839.8928571428571,268.67857142857144,80.78571428571429
120,855.5,398.3,69.1
121,846.6875,288.0625,75.5625
122,857.2352941176471,394.6470588235294,67.17647058823529
123,857.5555555555555,348.1666666666667,66.77777777777777
124,857.95,328.4,66.35
125,862.5,378.375,63.0625
126,856.85,302.6,66.9
127,865.6666666666666,388.1666666666667,60.5
128,865.8666666666667,392.73333333333335,60.266666666666666
129,854.7058823529412,229.41176470588235,68.82352941176471
130,857.375,251.75,66.0
131,861.0,274.0,65.0
132,864.8333333333334,340.1666666666667,60.333333333333336
133,859.5,255.64285714285714,64.57142857142857
134,864.76,335.04,59.8
135,862.2,238.4,61.68
136,874.7142857142857,370.42857142857144,53.0
137,876.1428571428571,379.0,51.285714285714285
138,876.1578947368421,384.94736842105266,51.0
139,876.6666666666666,372.9166666666667,51.0
140,870.75,291.25,55.0
141,880.3333333333334,373.0,47.666666666666664
142,832.0,374.5,87.0
143,832.2,326.0,89.0
144,832.2857142857143,312.0,88.0
145,834.8095238095239,344.9047619047619,85.28571428571429
146,836.9545454545455,348.59090909090907,83.5909090909091
147,841.3157894736842,367.3157894736842,80.57894736842105
148,834.1785714285714,264.85714285714283,85.42857142857143
149,839.0,301.35714285714283,81.92857142857143
150,838.2083333333334,274.3333333333333,81.70833333333333
151,847.3,335.1,75.5
152,844.5,290.25,76.625
153,850.4666666666667,338.53333333333336,72.26666666666667
154,855.4,376.2,70.0
155,856.25,351.25,69.0
156,855.2222222222222,337.5,68.38888888888889
157,850.6363636363636,275.90909090909093,72.0
158,859.8125,385.875,64.8125
159,855.1363636363636,328.40909090909093,68.18181818181819
160,851.5333333333333,246.46666666666667,71.06666666666666
161,861.5555555555555,365.22222222222223,63.44444444444444
162,861.4,349.4,63.55
163,853.0,251.1818181818182,68.72727272727273
164,856.3333333333334,240.06666666666666,66.93333333333334
165,857.0,245.07407407407408,66.4074074074074
166,868.2857142857143,395.85714285714283,58.0
167,860.1875,278.5625,63.8125
168,861.6,292.8,63.0
169,870.9230769230769,396.0,55.92307692307692
170,858.7037037037037,226.77777777777777,64.44444444444444
171,866.8260869565217,338.2608695652174,58.26086956521739
172,872.5714285714286,393.0,54.57142857142857
173,871.6923076923077,373.6923076923077,54.53846153846154
174,869.0833333333334,287.3333333333333,56.916666666666664
175,865.4545454545455,231.36363636363637,59.18181818181818
176,865.6666666666666,227.0,59.083333333333336
177,866.3333333333334,235.33333333333334,59.0
178,876.1538461538462,360.0769230769231,51.0
179,877.875,370.0,49.0
180,868.0,229.33333333333334,57.0
181,878.0909090909091,363.1818181818182,49.54545454545455
182,879.7142857142857,381.5,48.0
183,873.7272727272727,264.3636363636364,52.72727272727273
184,870.5217391304348,238.56521739130434,54.52173913043478
185,878.9285714285714,342.64285714285717,48.285714285714285
186,879.5588235294117,348.88235294117646,47.44117647058823
187,876.9285714285714,274.57142857142856,48.785714285714285
188,833.5,366.0833333333333,86.375
189,830.6666666666666,310.1666666666667,89.0
190,832.0,308.2,87.6
191,839.44,385.52,81.6
192,835.3846153846154,331.2307692307692,85.0
193,829.8235294117648,253.35294117647058,88.41176470588235
194,841.2916666666666,389.625,79.625
195,836.0,282.5,85.0
196,838.5,289.7142857142857,82.0
197,844.625,356.5,77.625
198,839.6363636363636,280.45454545454544,80.27272727272727
199,849.0,395.25,73.5625
200,837.8461538461538,234.53846153846155,82.07692307692308
201,851.421052631579,354.1578947368421,71.57894736842105
202,849.0,326.42857142857144,73.0
203,846.4761904761905,292.3809523809524,74.66666666666667
204,856.0,387.06666666666666,67.66666666666667
205,848.68,289.2,73.32
206,852.0714285714286,300.5,70.57142857142857
207,854.304347826087,332.95652173913044,68.47826086956522
208,852.25,290.89285714285717,69.71428571428571
209,859.4285714285714,374.5,64.42857142857143
210,861.9285714285714,385.5357142857143,62.57142857142857
211,860.0555555555555,357.0,63.72222222222222
212,856.04,297.12,67.16
213,851.2,224.4,71.4
214,853.5,261.5,68.72727272727273
215,856.9130434782609,279.0869565217391,66.1304347826087
216,866.7407407407408,362.9259259259259,58.111111111111114
217,866.6538461538462,357.7692307692308,58.19230769230769
218,865.5625,344.3125,58.5
219,868.3,372.6,56.8
220,859.6923076923077,238.69230769230768,64.07692307692308
221,858.4117647058823,231.58823529411765,64.3529411764706
222,860.3846153846154,246.6153846153846,63.0
223,863.53125,291.09375,60.1875
224,867.875,332.875,58.0
225,871.8571428571429,387.14285714285717,54.714285714285715
226,860.8095238095239,226.71428571428572,62.523809523809526
227,865.8,268.73333333333335,59.2
228,866.0,290.22727272727275,57.90909090909091
229,871.0,323.0,55.0
230,868.4615384615385,261.6923076923077,56.38461538461539
231,870.421052631579,266.57894736842104,54.8421052631579
232,872.6129032258065,288.0967741935484,52.483870967741936
233,870.5263157894736,250.73684210526315,53.94736842105263
234,833.0357142857143,359.89285714285717,86.25
235,831.4,299.3333333333333,88.2
236,832.5454545454545,282.6363636363636,86.63636363636364
237,834.0645161290323,301.1290322580645,85.45161290322581
238,838.0,325.0,83.0
239,846.625,393.3125,75.125
240,840.25,286.625,80.0
241,841.3333333333334,276.73333333333335,79.0
242,847.5384615384615,356.3076923076923,73.23076923076923
243,843.75,283.0833333333333,77.16666666666667
244,847.9285714285714,340.7857142857143,74.0
245,845.7391304347826,282.8695652173913,75.17391304347827
246,845.9130434782609,275.7391304347826,74.73913043478261
247,854.421052631579,379.2631578947368,68.6842105263158
248,857.1363636363636,398.8181818181818,66.31818181818181
249,856.5263157894736,332.57894736842104,66.63157894736842
250,858.65,353.8,64.95
251,858.1578947368421,360.89473684210526,65.21052631578948
252,853.7272727272727,274.09090909090907,68.45454545454545
253,855.3888888888889,291.3888888888889,67.33333333333333
254,856.9090909090909,262.1818181818182,65.81818181818181
255,857.6666666666666,269.5238095238095,64.95238095238095
256,856.2,229.48,66.28
257,869.4444444444445,385.44444444444446,56.333333333333336
258,863.1875,285.8125,60.0625
259,869.5217391304348,345.2173913043478,55.82608695652174
260,862.3529411764706,246.7058823529412,60.8235294117647
261,877.0,356.0,51.0
262,878.3125,376.875,48.25
263,878.5333333333333,357.06666666666666,48.2
264,880.3571428571429,362.64285714285717,46.57142857142857
265,873.6666666666666,251.6,51.4
266,883.4285714285714,349.2857142857143,43.42857142857143
267,830.0869565217391,352.3478260869565,88.08695652173913
268,829.0666666666667,294.4,89.0
269,834.6875,365.1875,84.4375
270,828.5,270.0,89.0
271,830.7647058823529,293.05882352941177,87.47058823529412
272,830.0,277.96,87.84
273,840.125,341.75,80.75
274,837.95,295.85,81.7
275,852.9230769230769,341.6923076923077,70.23076923076923
276,848.6071428571429,280.10714285714283,72.5
277,854.1739130434783,287.0,67.78260869565217
278,858.3333333333334,342.6190476190476,64.61904761904762
279,860.2857142857143,344.5,63.0
280,853.0833333333334,236.08333333333334,68.375
281,856.8181818181819,285.72727272727275,65.27272727272727
282,862.1904761904761,328.2857142857143,61.714285714285715
283,857.45,274.7,64.75
284,867.8333333333334,377.5833333333333,57.5
285,865.2857142857143,325.7142857142857,59.57142857142857
286,867.4285714285714,367.8095238095238,57.333333333333336
287,869.8,379.8,55.4
288,862.3870967741935,276.51612903225805,60.54838709677419
289,867.0,266.0,57.5
290,865.8095238095239,248.66666666666666,57.666666666666664
291,867.2631578947369,257.3157894736842,56.31578947368421
292,874.0833333333334,247.08333333333334,50.75
293,829.7142857142857,344.14285714285717,89.0
294,831.5833333333334,348.4583333333333,86.83333333333333
295,831.1333333333333,323.46666666666664,87.26666666666667
296,827.5454545454545,274.0,89.0
297,834.7777777777778,341.8888888888889,83.94444444444444
298,830.0625,271.875,87.5
299,835.3888888888889,327.22222222222223,84.0
300,833.4,258.8666666666667,84.86666666666666
301,844.6842105263158,344.8421052631579,75.6842105263158
302,851.875,354.0,70.0
303,850.5,325.8333333333333,71.0
304,855.16,373.92,67.48
305,850.2631578947369,294.94736842105266,70.6842105263158
306,857.65,390.85,65.2
307,855.12,342.64,67.56
308,856.0588235294117,365.8235294117647,66.17647058823529
309,860.3636363636364,338.90909090909093,63.0
310,857.6666666666666,293.3333333333333,65.0
311,864.0,365.0,61.0
312,863.4074074074074,353.7037037037037,60.03703703703704
313,858.15,289.3,63.65
314,861.0,318.5,62.0
315,861.8571428571429,252.42857142857142,60.857142857142854
316,873.074074074074,346.7037037037037,51.25925925925926
317,867.1764705882352,242.58823529411765,56.35294117647059
318,876.1578947368421,282.94736842105266,48.63157894736842
319,827.6363636363636,325.45454545454544,89.0
320,828.5666666666667,265.73333333333335,88.56666666666666
321,838.3333333333334,368.3333333333333,82.0
322,830.0,264.14285714285717,87.07142857142857
323,841.5,348.0,80.0
324,840.6428571428571,338.92857142857144,79.21428571428571
325,841.3,300.7,78.3
326,846.1904761904761,330.14285714285717,74.33333333333333
327,842.3448275862069,244.82758620689654,76.55172413793103
328,851.2352941176471,329.6470588235294,69.82352941176471
329,852.3636363636364,281.6363636363636,69.36363636363636
330,859.3,360.2,63.0
331,860.0909090909091,353.54545454545456,62.54545454545455
332,862.1904761904761,372.3809523809524,61.38095238095238
333,857.1,282.9,64.4
334,866.8125,348.125,57.375
335,861.25,261.25,60.5
336,870.0,367.61538461538464,54.23076923076923
337,867.7142857142857,332.57142857142856,55.666666666666664
338,860.9,223.9,61.0
339,873.65,366.05,51.55
340,872.65,329.8,51.75
341,873.3888888888889,336.6111111111111,51.166666666666664
342,874.8333333333334,324.5,50.5
343,872.4761904761905,274.04761904761904,50.95238095238095
344,828.4666666666667,282.8333333333333,88.43333333333334
345,834.0555555555555,357.6111111111111,83.94444444444444
346,831.0555555555555,296.8888888888889,86.0
347,830.9444444444445,270.3888888888889,86.05555555555556
348,834.6538461538462,296.5,83.3076923076923
349,837.2777777777778,329.3333333333333,81.33333333333333
350,834.4285714285714,268.2142857142857,83.5
351,841.9473684210526,344.2631578947368,77.63157894736842
352,843.5714285714286,353.5,76.42857142857143
353,843.7647058823529,348.8235294117647,76.29411764705883
354,844.2666666666667,337.8,75.73333333333333
355,846.4736842105264,376.1578947368421,73.94736842105263
356,841.5,289.15,77.5
357,856.9090909090909,378.22727272727275,65.54545454545455
358,853.1875,266.8125,67.4375
359,852.1,255.75,68.0
360,852.1304347826087,226.0,68.08695652173913
361,860.5,297.625,61.666666666666664
362,859.2,265.05,62.45
363,860.88,271.12,61.2
364,865.0,325.0,58.0
365,859.5,233.71428571428572,62.0
366,863.1785714285714,262.14285714285717,58.357142857142854
367,864.2941176470588,239.41176470588235,57.588235294117645
368,869.4166666666666,273.5,53.416666666666664
369,874.0,295.75,51.0
370,875.5833333333334,259.4166666666667,49.083333333333336
371,828.25,369.0,87.0
372,829.36,363.92,87.48
373,827.2307692307693,288.11538461538464,88.88461538461539
374,828.0434782608696,259.82608695652175,88.30434782608695
375,833.8888888888889,321.8888888888889,84.0
376,833.04,309.4,84.52
377,841.0769230769231,371.46153846153845,77.6923076923077
378,835.6,285.15,82.6
379,838.5,297.5,80.0
380,850.2272727272727,395.6363636363636,70.63636363636364
381,847.0,347.0,73.0
382,840.875,253.125,78.0
383,840.5,229.5,78.0
384,847.25,293.85,72.6
385,852.5555555555555,346.81481481481484,68.55555555555556
386,853.304347826087,352.0,66.95652173913044
387,858.3333333333334,389.74074074074076,63.407407407407405
388,858.5925925925926,381.51851851851853,63.370370370370374
389,850.6,266.0,68.86666666666666
390,856.8260869565217,347.3478260869565,64.3913043478261
391,860.9583333333334,390.0,61.5
392,849.5714285714286,229.28571428571428,70.57142857142857
393,862.1666666666666,395.4166666666667,60.5
394,863.7727272727273,380.45454545454544,59.31818181818182
395,863.8947368421053,284.4736842105263,58.1578947368421
396,864.1764705882352,280.05882352941177,57.8235294117647
397,869.68,282.76,53.52
398,866.5,236.58333333333334,55.416666666666664
399,870.8333333333334,269.0,51.94444444444444
400,873.2272727272727,254.0,49.77272727272727
401,829.5,332.6111111111111,87.11111111111111
402,831.4545454545455,354.8181818181818,85.04545454545455
403,837.0,346.0,82.0
404,838.8461538461538,364.46153846153845,79.5
405,832.9545454545455,273.22727272727275,84.36363636363636
406,839.047619047619,304.6190476190476,78.76190476190476
407,839.7692307692307,283.96153846153845,78.23076923076923
408,841.0952380952381,277.9047619047619,76.85714285714286
409,846.0625,285.03125,73.15625
410,855.4545454545455,356.45454545454544,65.72727272727273
411,848.0588235294117,256.2352941176471,71.3529411764706
412,847.8,251.1,71.45
413,857.2,368.6666666666667,64.26666666666667
414,851.9333333333333,293.3333333333333,68.06666666666666
415,849.5714285714286,254.0,69.53571428571429
416,859.5263157894736,334.2631578947368,62.473684210526315
417,852.0909090909091,231.3181818181818,67.4090909090909
418,858.6538461538462,301.8076923076923,61.73076923076923
419,859.3846153846154,286.03846153846155,61.57692307692308
420,855.5263157894736,236.26315789473685,64.73684210526316
421,859.952380952381,280.8095238095238,61.523809523809526
422,857.5882352941177,222.7058823529412,62.705882352941174
423,867.0952380952381,340.0,55.476190476190474
424,866.5,316.0,57.0
425,870.6153846153846,323.84615384615387,52.84615384615385
426,875.4285714285714,384.85714285714283,49.0
427,873.8,291.4,49.0
428,875.9,288.0,47.8
429,827.3846153846154,338.38461538461536,88.73076923076923
430,832.1578947368421,376.7894736842105,85.3157894736842
431,831.3888888888889,333.8888888888889,84.88888888888889
432,831.8333333333334,278.44444444444446,84.38888888888889
433,834.3157894736842,264.1578947368421,82.26315789473684
434,844.8125,296.6875,74.0
435,849.4615384615385,343.84615384615387,70.46153846153847
436,853.5555555555555,369.3333333333333,66.11111111111111
437,846.2083333333334,245.83333333333334,72.08333333333333
438,849.1875,262.125,70.25
439,854.9,339.6,66.0
440,852.7333333333333,279.8666666666667,67.26666666666667
441,853.9473684210526,275.42105263157896,66.47368421052632
442,852.9166666666666,259.5833333333333,66.70833333333333
443,860.7666666666667,344.5,60.43333333333333
444,856.0,258.0,65.0
445,854.1333333333333,225.93333333333334,65.66666666666667
446,857.2,245.5,64.0
447,866.3076923076923,286.8076923076923,55.42307692307692
448,864.5294117647059,226.88235294117646,56.470588235294116
449,868.0909090909091,245.54545454545453,54.54545454545455
450,868.85,260.95,52.65
451,871.8148148148148,287.14814814814815,50.407407407407405
452,875.2105263157895,329.42105263157896,47.89473684210526
453,829.2857142857143,357.7142857142857,86.71428571428571
454,829.76,342.44,86.4
455,828.9090909090909,301.3636363636364,86.9090909090909
456,836.5882352941177,378.70588235294116,81.47058823529412
457,830.3333333333334,276.4,86.0
458,836.0869565217391,346.39130434782606,80.78260869565217
459,837.6363636363636,349.95454545454544,79.77272727272727
460,838.0,323.0,81.0
461,834.3157894736842,279.3157894736842,81.78947368421052
462,842.1428571428571,358.0,76.64285714285714
463,847.6190476190476,358.3809523809524,71.61904761904762
464,848.1666666666666,299.5,71.08333333333333
465,856.0,393.6666666666667,65.66666666666667
466,849.0,285.2631578947368,70.10526315789474
467,855.0,337.40909090909093,64.63636363636364
468,851.5882352941177,242.2941176470588,67.52941176470588
469,859.9565217391304,348.6521739130435,61.17391304347826
470,852.3793103448276,247.6551724137931,66.62068965517241
471,856.4090909090909,300.3181818181818,63.63636363636363
472,862.5909090909091,360.54545454545456,58.72727272727273
473,862.4,366.1,58.4
474,860.8461538461538,323.11538461538464,59.88461538461539
475,858.8571428571429,291.8285714285714,61.457142857142856
476,859.1,242.4,61.3
477,862.2083333333334,297.7083333333333,58.25
478,870.25,297.625,52.0
479,875.7333333333333,333.93333333333334,47.266666666666666
480,877.0689655172414,344.82758620689657,46.13793103448276
481,826.8125,357.8125,88.0
482,834.5,383.3333333333333,82.5
483,834.0,368.2,83.0
484,835.2857142857143,363.23809523809524,81.57142857142857
485,831.2272727272727,304.8636363636364,84.45454545454545
486,833.8571428571429,351.92857142857144,82.03571428571429
487,832.1739130434783,331.2173913043478,83.3913043478261
488,831.4230769230769,283.96153846153845,84.15384615384616
489,832.7037037037037,290.3333333333333,83.55555555555556
490,838.3333333333334,358.8888888888889,79.05555555555556
491,836.36,285.08,80.48
492,841.0,331.0,78.0
493,840.047619047619,326.23809523809524,77.14285714285714
494,838.0769230769231,290.0,78.76923076923077
495,837.3,271.4,79.65
496,843.7333333333333,349.06666666666666,74.06666666666666
497,836.3,232.5,80.2
498,839.6,273.4,77.86666666666666
499,844.5416666666666,334.5416666666667,73.58333333333333
500,838.55,268.7,77.5
501,846.6470588235294,341.4117647058824,72.11764705882354
502,846.2,329.1,72.0
503,852.5384615384615,397.46153846153845,67.6923076923077
504,852.75,383.5,67.75
505,848.68,333.64,69.64
506,849.5238095238095,338.95238095238096,69.14285714285714
507,847.1785714285714,290.5357142857143,71.0
508,846.1666666666666,263.8333333333333,71.0
509,846.25,238.4375,72.0625
510,852.421052631579,283.7894736842105,66.3157894736842
511,861.0,365.0,62.0
512,854.2941176470588,290.3529411764706,65.29411764705883
513,853.3571428571429,264.5,66.07142857142857
514,860.2272727272727,357.8181818181818,60.68181818181818
515,862.7777777777778,371.44444444444446,58.44444444444444
516,857.3636363636364,255.93939393939394,62.484848484848484
517,863.7777777777778,351.25925925925924,56.888888888888886
518,865.6538461538462,356.1923076923077,55.61538461538461
519,861.8181818181819,251.5,58.31818181818182
520,868.8,341.6,53.1
521,868.6666666666666,318.6666666666667,54.333333333333336
522,876.551724137931,353.41379310344826,46.51724137931034
523,872.7272727272727,268.90909090909093,50.0
524,829.0909090909091,337.3636363636364,86.18181818181819
525,829.25,328.375,86.875
526,827.1111111111111,307.18518518518516,87.44444444444444
527,831.04,348.36,84.6
528,832.0,324.85714285714283,84.85714285714286
529,829.1851851851852,289.6666666666667,85.74074074074075
530,836.9444444444445,370.5,80.38888888888889
531,837.4285714285714,343.42857142857144,78.78571428571429
532,839.3913043478261,354.5217391304348,78.21739130434783
533,835.0454545454545,303.8636363636364,81.0909090909091
534,837.5294117647059,330.47058823529414,79.05882352941177
535,837.0,291.0,80.0
536,840.5882352941177,293.1764705882353,76.29411764705883
537,846.75,333.875,71.75
538,845.1666666666666,274.5,72.77777777777777
539,846.8695652173913,281.4347826086956,70.65217391304348
540,850.2272727272727,298.90909090909093,68.5
541,853.2,334.73333333333335,66.46666666666667
542,854.0,350.72222222222223,64.88888888888889
543,855.6875,364.1875,63.75
544,848.6666666666666,235.54166666666666,69.375
545,848.0952380952381,240.85714285714286,69.0
546,853.2222222222222,270.0,65.66666666666667
547,858.9375,339.25,61.0625
548,856.1176470588235,294.5882352941176,63.0
549,852.5625,236.25,66.0
550,855.5555555555555,262.037037037037,63.48148148148148
551,864.2916666666666,295.0416666666667,56.25
552,868.0,294.5,54.0
553,871.0,244.0,52.0
554,876.0,275.0,46.666666666666664
555,827.0,331.4117647058824,88.23529411764706
556,832.2083333333334,362.0416666666667,83.125
557,833.7619047619048,334.9047619047619,81.80952380952381
558,831.8421052631579,242.31578947368422,82.78947368421052
559,832.5,212.5,84.0
560,839.6666666666666,297.1111111111111,77.55555555555556
561,849.0952380952381,390.14285714285717,69.42857142857143
562,848.5,375.5,70.0
563,847.0,338.0,71.0
564,850.7692307692307,365.61538461538464,67.53846153846153
565,853.1111111111111,360.05555555555554,65.55555555555556
566,854.3333333333334,373.0,65.0
567,857.7142857142857,395.85714285714283,63.0
568,848.2222222222222,271.3333333333333,69.5
569,846.4,244.13333333333333,70.86666666666666
570,852.0,327.0,66.0
571,848.7777777777778,277.1666666666667,68.55555555555556
572,856.6111111111111,350.1666666666667,62.72222222222222
573,852.5,294.8333333333333,66.0
574,859.6666666666666,376.55555555555554,61.0
575,852.5454545454545,252.9090909090909,65.72727272727273
576,862.9230769230769,387.38461538461536,58.46153846153846
577,854.5238095238095,250.61904761904762,64.14285714285714
578,860.3548387096774,328.93548387096774,59.45161290322581
579,856.6521739130435,269.9130434782609,62.391304347826086
580,860.0,294.4761904761905,59.285714285714285
581,864.0,329.5,56.5
582,861.96,256.64,57.52
583,861.4782608695652,230.3913043478261,57.82608695652174
584,875.3333333333334,279.8333333333333,46.0
585,826.5238095238095,344.23809523809524,88.14285714285714
586,825.3333333333334,303.05555555555554,88.66666666666667
587,825.28,297.08,88.84
588,830.9090909090909,370.6363636363636,84.4090909090909
589,836.3076923076923,387.84615384615387,80.23076923076923
590,834.4285714285714,357.04761904761904,81.52380952380952
591,828.2,243.8,85.8
592,835.2631578947369,334.4736842105263,80.05263157894737
593,830.8695652173913,277.7826086956522,82.91304347826087
594,834.35,298.55,81.25
595,832.9444444444445,272.3888888888889,82.11111111111111
596,831.0,212.91666666666666,83.0
597,841.4117647058823,341.11764705882354,75.52941176470588
598,843.1111111111111,339.1666666666667,73.72222222222223
599,846.55,352.9,71.2
600,841.5263157894736,287.2105263157895,74.84210526315789
601,839.1875,261.25,76.0625
602,850.8666666666667,339.53333333333336,67.4
603,846.16,275.68,70.64
604,852.0,322.5,67.0
605,854.0,277.7368421052632,64.10526315789474
606,853.6,242.35,64.55
607,864.6875,377.3125,56.4375
608,853.4285714285714,222.71428571428572,64.38095238095238
609,857.2173913043479,260.7826086956522,61.08695652173913
610,860.5333333333333,301.8666666666667,58.666666666666664
611,870.9090909090909,353.06060606060606,50.45454545454545
612,872.6666666666666,359.9166666666667,49.0
613,870.5,321.72727272727275,50.5
614,870.2758620689655,279.55172413793105,50.275862068965516
615,880.6,345.6,42.8
616,833.8571428571429,340.3333333333333,81.57142857142857
617,835.8125,301.1875,79.25
618,834.4193548387096,274.96774193548384,79.80645161290323
619,842.7894736842105,344.2105263157895,73.63157894736842
620,836.8571428571429,229.57142857142858,78.42857142857143
621,840.45,281.7,75.15
622,849.7368421052631,379.8421052631579,68.26315789473684
623,848.7857142857143,374.2857142857143,68.07142857142857
624,849.0689655172414,351.6551724137931,68.48275862068965
625,849.3333333333334,286.26666666666665,67.93333333333334
626,857.5,393.8333333333333,61.666666666666664
627,850.375,271.0625,66.75
628,857.75,362.8125,61.5625
629,856.5294117647059,318.1764705882353,62.294117647058826
630,857.3157894736842,326.0,61.26315789473684
631,858.9130434782609,334.1304347826087,59.91304347826087
632,861.4166666666666,356.1666666666667,57.958333333333336
633,855.85,276.85,62.5
634,855.625,240.3125,62.75
635,862.0,332.5,58.0
636,861.9,323.2,58.0
637,862.9666666666667,344.4,56.36666666666667
638,855.5714285714286,234.5,62.857142857142854
639,858.9047619047619,226.52380952380952,59.666666666666664
640,859.0,232.0,60.0
641,872.4,335.0,49.2
642,869.8666666666667,248.2,50.6
643,879.0,339.25,44.0
644,827.4375,372.15625,85.71875
645,827.3888888888889,353.27777777777777,85.94444444444444
646,829.7777777777778,362.6111111111111,84.44444444444444
647,824.6666666666666,277.25,88.58333333333333
648,827.7368421052631,322.6842105263158,85.94736842105263
649,823.625,250.625,89.0
650,830.7916666666666,339.0833333333333,83.375
651,827.0,279.0,86.2
652,826.4375,267.5625,86.9375
653,838.2222222222222,366.8888888888889,77.77777777777777
654,839.3636363636364,361.90909090909093,76.77272727272727
655,831.8125,234.25,81.46875
656,836.56,280.56,77.56
657,844.9411764705883,346.3529411764706,71.76470588235294
658,841.2631578947369,292.5263157894737,74.42105263157895
659,842.952380952381,289.14285714285717,72.85714285714286
660,848.3793103448276,357.37931034482756,68.62068965517241
661,850.7777777777778,370.44444444444446,67.33333333333333
662,851.4090909090909,380.22727272727275,66.27272727272727
663,850.7692307692307,355.7692307692308,66.61538461538461
664,850.5714285714286,329.85714285714283,67.57142857142857
665,846.8571428571429,258.1904761904762,69.28571428571429
666,858.0,384.6666666666667,61.916666666666664
667,858.0,398.85714285714283,61.0
668,849.4444444444445,261.8333333333333,67.66666666666667
669,855.1363636363636,340.8181818181818,62.81818181818182
670,846.5,229.66666666666666,69.11111111111111
671,855.7037037037037,331.22222222222223,62.48148148148148
672,859.7142857142857,377.92857142857144,59.285714285714285
673,859.2272727272727,365.04545454545456,59.68181818181818
674,855.0285714285715,282.9428571428571,62.48571428571429
675,864.8888888888889,394.8888888888889,55.77777777777778
676,853.8333333333334,226.66666666666666,63.166666666666664
677,865.8461538461538,337.84615384615387,53.69230769230769
678,866.3333333333334,266.5,53.333333333333336
679,866.6666666666666,239.66666666666666,53.0
680,870.0666666666667,259.26666666666665,50.4
681,822.2222222222222,292.55555555555554,89.0
682,827.0,348.14285714285717,86.35714285714286
683,823.5882352941177,259.11764705882354,89.0
684,828.9032258064516,343.64516129032256,84.48387096774194
685,831.3125,345.0625,83.0
686,827.2857142857143,285.04761904761904,85.76190476190476
687,829.2758620689655,299.86206896551727,84.41379310344827
688,831.25,326.42857142857144,82.42857142857143
689,829.5925925925926,294.4074074074074,83.5925925925926
690,831.0357142857143,300.7142857142857,82.46428571428571
691,833.9615384615385,326.65384615384613,80.38461538461539
692,832.0370370370371,293.1111111111111,81.66666666666667
693,830.3478260869565,260.60869565217394,82.82608695652173
694,832.9411764705883,289.4117647058824,80.94117647058823
695,838.1,347.8,77.0
696,833.3913043478261,269.0,80.30434782608695
697,834.6451612903226,281.19354838709677,79.38709677419355
698,839.9333333333333,335.93333333333334,76.06666666666666
699,839.1,271.2,75.9
700,842.0,301.0,75.0
701,844.0,301.0,73.0
702,844.5238095238095,296.14285714285717,71.42857142857143
703,843.25,278.8333333333333,72.41666666666667
704,854.8333333333334,359.75,63.416666666666664
705,850.0,290.07142857142856,66.64285714285714
706,847.5,224.46153846153845,68.42307692307692
707,853.0714285714286,268.7857142857143,64.0
708,853.6,265.64,62.48
709,862.6666666666666,337.4166666666667,56.75
710,858.2424242424242,279.5151515151515,58.696969696969695
711,864.8571428571429,345.57142857142856,54.392857142857146
712,862.0,275.51851851851853,56.074074074074076
713,862.9090909090909,232.0909090909091,55.90909090909091
714,870.5,273.93333333333334,48.7
715,823.0909090909091,329.59090909090907,88.81818181818181
716,826.7777777777778,377.1666666666667,85.77777777777777
717,825.4166666666666,273.4583333333333,86.95833333333333
718,835.0,382.0,80.66666666666667
719,836.0,360.0,80.0
720,831.6818181818181,306.90909090909093,82.18181818181819
721,839.5,390.5,77.0
722,828.15,240.35,84.4
723,829.3333333333334,237.33333333333334,83.0
724,840.5,350.5,75.16666666666667
725,835.2727272727273,295.22727272727275,78.77272727272727
726,837.375,307.875,77.375
727,833.7083333333334,266.5833333333333,79.08333333333333
728,837.9545454545455,247.86363636363637,75.9090909090909
729,846.1764705882352,329.4117647058824,70.11764705882354
730,850.5185185185185,388.3703703703704,66.18518518518519
731,841.25,249.35714285714286,73.46428571428571
732,850.2380952380952,374.42857142857144,66.38095238095238
733,853.1428571428571,389.6190476190476,64.0952380952381
734,854.6363636363636,374.72727272727275,63.0
735,852.8666666666667,342.8,64.73333333333333
736,854.28,354.88,63.28
737,847.3684210526316,269.42105263157896,67.73684210526316
738,856.7142857142857,367.92857142857144,61.07142857142857
739,858.5294117647059,371.2352941176471,59.411764705882355
740,848.8823529411765,238.35294117647058,66.70588235294117
741,860.6,376.4,57.35
742,863.0,371.46666666666664,56.2
743,860.35,346.95,57.7
744,857.3333333333334,298.06666666666666,59.96666666666667
745,854.8333333333334,247.16666666666666,62.166666666666664
746,863.925925925926,320.55555555555554,54.370370370370374
747,864.0416666666666,277.7916666666667,54.125
748,868.8333333333334,328.0,51.25
749,876.8333333333334,363.3333333333333,44.666666666666664
750,824.5185185185185,351.74074074074076,87.92592592592592
751,823.5652173913044,322.95652173913044,88.30434782608695
752,827.5263157894736,367.5263157894737,85.26315789473684
753,828.8,256.4,84.6
754,830.4705882352941,286.3529411764706,82.11764705882354
755,841.5454545454545,394.1818181818182,74.45454545454545
756,839.3214285714286,354.75,75.46428571428571
757,839.4583333333334,345.5416666666667,75.29166666666667
758,841.0,328.0,76.0
759,835.65,275.9,77.85
760,845.5,343.8333333333333,70.375
761,848.45,384.75,67.65
762,843.6470588235294,286.0,71.0
763,853.0,376.75,65.0
764,842.7857142857143,260.2857142857143,71.53571428571429
765,846.304347826087,281.7391304347826,68.82608695652173
766,844.0,225.5,72.0
767,859.2,390.53333333333336,59.46666666666667
768,847.52,245.28,67.52
769,855.0454545454545,345.77272727272725,61.59090909090909
770,850.1176470588235,279.29411764705884,65.6470588235294
771,852.3125,284.625,64.125
772,852.8333333333334,256.75,63.625
773,851.6842105263158,230.26315789473685,64.3157894736842
774,856.2962962962963,273.4074074074074,60.44444444444444
775,864.32,364.36,53.76
776,857.6428571428571,257.0,59.857142857142854
777,863.3076923076923,327.38461538461536,54.46153846153846
778,860.6756756756756,283.4864864864865,56.54054054054054
779,868.0,335.5,52.0
780,865.625,246.875,52.0
781,867.0,256.0,51.0
782,867.2,242.7,51.0
783,822.6153846153846,342.0,88.92307692307692
784,821.5,310.65,88.95
785,824.0645161290323,313.1290322580645,87.54838709677419
786,822.8518518518518,264.037037037037,88.22222222222223
787,827.1818181818181,329.04545454545456,84.4090909090909
788,827.4230769230769,324.9230769230769,84.42307692307692
789,827.1304347826087,279.4347826086956,84.6086956521739
790,829.6363636363636,309.6363636363636,83.0
791,831.7692307692307,282.38461538461536,81.07692307692308
792,836.4736842105264,339.94736842105266,77.0
793,836.2380952380952,288.0,77.0952380952381
794,842.3181818181819,331.27272727272725,72.45454545454545
795,843.4090909090909,336.5,71.5909090909091
796,836.4285714285714,229.35714285714286,76.92857142857143
797,841.45,282.75,72.8
798,849.0,361.2352941176471,66.58823529411765
799,845.8421052631579,296.8421052631579,69.3157894736842
800,854.0,399.5,63.0
801,845.8888888888889,287.8888888888889,69.0
802,846.52,291.48,68.2
803,844.25,253.6,70.1
804,844.48,234.2,69.88
805,848.0625,281.625,66.75
806,847.9444444444445,275.3888888888889,66.83333333333333
807,854.0714285714286,336.39285714285717,62.57142857142857
808,846.952380952381,233.23809523809524,67.42857142857143
809,855.4137931034483,252.3793103448276,60.37931034482759
810,864.6666666666666,359.05555555555554,53.5
811,855.2222222222222,223.66666666666666,61.0
812,861.7941176470588,289.5,55.5
813,858.1111111111111,222.66666666666666,58.44444444444444
814,865.05,299.75,52.35
815,877.0,351.3333333333333,43.0
816,872.0,258.2,47.0
817,824.4,335.7,87.6
818,822.1818181818181,286.06060606060606,88.45454545454545
819,832.1153846153846,371.4230769230769,79.57692307692308
820,833.96,366.76,79.44
821,828.36,266.48,83.08
822,831.8181818181819,263.45454545454544,80.5909090909091
823,835.9047619047619,300.4761904761905,77.14285714285714
824,837.4375,303.1875,75.5625
825,844.8333333333334,395.8333333333333,70.0
826,845.6666666666666,383.1111111111111,69.0
827,847.34375,390.15625,67.5
828,840.3333333333334,271.7083333333333,73.08333333333333
829,841.3333333333334,244.87878787878788,72.33333333333333
830,845.6315789473684,263.0,68.52631578947368
831,846.3,256.4,67.56666666666666
832,847.9310344827586,266.0,66.51724137931035
833,851.1111111111111,297.85185185185185,64.22222222222223
834,852.6666666666666,319.6666666666667,64.0
835,856.0,353.55555555555554,60.629629629629626
836,849.9565217391304,274.5217391304348,65.04347826086956
837,852.2608695652174,273.1304347826087,63.34782608695652
838,853.4285714285714,287.2857142857143,61.785714285714285
839,853.1666666666666,221.08333333333334,62.375
840,862.0909090909091,297.1818181818182,54.81818181818182
841,868.8148148148148,339.5925925925926,49.407407407407405
842,873.7333333333333,337.46666666666664,45.93333333333333
843,822.0,358.2,88.0
844,825.7083333333334,359.5833333333333,85.75
845,828.4666666666667,378.53333333333336,84.0
846,822.7586206896551,297.2758620689655,87.41379310344827
847,823.4333333333333,282.06666666666666,87.26666666666667
848,825.7307692307693,295.8076923076923,85.42307692307692
849,822.7272727272727,250.0,87.27272727272727
850,834.6,363.1,78.05
851,839.2307692307693,379.2307692307692,74.38461538461539
852,837.2777777777778,295.5,75.83333333333333
853,836.8888888888889,284.3703703703704,75.5925925925926
854,851.1290322580645,394.7096774193548,64.58064516129032
855,840.7142857142857,239.85714285714286,73.0
856,841.65,250.7,71.45
857,842.7083333333334,269.7916666666667,70.25
858,849.5294117647059,336.5882352941176,66.0
859,851.92,382.56,63.48
860,851.2666666666667,356.06666666666666,64.46666666666667
861,843.5555555555555,248.44444444444446,70.11111111111111
862,856.3333333333334,388.1333333333333,60.333333333333336
863,857.75,401.75,59.5
864,849.5,287.6666666666667,65.16666666666667
865,847.8,252.95,66.35
866,855.074074074074,304.3333333333333,60.51851851851852
867,851.0666666666667,237.03333333333333,63.36666666666667
868,863.3333333333334,289.0833333333333,53.208333333333336
869,865.76,291.08,51.04
870,872.1724137931035,348.9655172413793,46.206896551724135
871,824.125,341.125,86.4375
872,827.7916666666666,366.9583333333333,83.25
873,828.2272727272727,351.54545454545456,83.18181818181819
874,829.3461538461538,357.34615384615387,82.34615384615384
875,826.4444444444445,303.48148148148147,84.44444444444444
876,833.2142857142857,378.14285714285717,79.57142857142857
877,825.6666666666666,263.0833333333333,85.75
878,824.6296296296297,270.25925925925924,85.33333333333333
879,826.9285714285714,286.7142857142857,83.67857142857143
880,831.4074074074074,345.1111111111111,80.5925925925926
881,827.1666666666666,273.1666666666667,83.66666666666667
882,837.35,384.65,76.35
883,834.1538461538462,347.11538461538464,78.15384615384616
884,832.6521739130435,305.2173913043478,79.34782608695652
885,833.32,286.88,78.96
886,841.7083333333334,390.5,72.58333333333333
887,842.5,396.6875,72.125
888,832.28,236.84,79.32
889,845.25,379.0,69.0
890,841.35,292.55,72.25
891,847.9166666666666,345.2916666666667,65.91666666666667
892,852.5,367.27777777777777,63.55555555555556
893,842.8235294117648,238.76470588235293,70.94117647058823
894,854.047619047619,386.3333333333333,61.95238095238095
895,854.0,380.1111111111111,61.77777777777778
896,842.3461538461538,227.15384615384616,69.8076923076923
897,850.76,293.36,64.52
898,846.9375,229.1875,66.6875
899,851.65,289.7,63.4
900,859.2727272727273,381.04545454545456,57.59090909090909
901,850.3888888888889,262.0,63.666666666666664
902,848.5,226.0,65.5
903,858.5714285714286,338.42857142857144,57.714285714285715
904,854.625,281.1666666666667,60.291666666666664
905,865.4,398.6,53.0
906,864.2647058823529,366.70588235294116,52.26470588235294
907,872.0909090909091,377.09090909090907,47.0
908,867.0,265.7,49.0
909,875.6666666666666,369.3333333333333,43.0
910,868.2352941176471,251.47058823529412,49.1764705882353
911,873.952380952381,277.1904761904762,44.23809523809524
912,824.0,379.0,86.0
913,822.55,363.4,86.95
914,820.6,320.2,89.0
915,819.0,288.5,89.0
916,825.25,311.25,86.0
917,822.5454545454545,258.6666666666667,86.51515151515152
918,831.4285714285714,355.4761904761905,80.14285714285714
919,834.4736842105264,385.2631578947368,78.26315789473684
920,832.695652173913,350.60869565217394,79.30434782608695
921,831.4090909090909,337.72727272727275,79.68181818181819
922,834.9629629629629,352.85185185185185,76.96296296296296
923,837.6428571428571,389.07142857142856,75.07142857142857
924,833.2173913043479,327.7391304347826,78.26086956521739
925,829.05,269.4,81.2
926,830.275,241.2,80.525
927,839.0,366.95238095238096,73.0
928,833.4,271.35,78.2
929,843.05,391.65,69.9
930,840.4375,335.8125,72.875
931,841.3333333333334,342.0416666666667,71.95833333333333
932,834.3125,234.75,77.6875
933,844.9285714285714,356.14285714285717,70.0
934,846.9130434782609,394.82608695652175,67.3913043478261
935,840.2105263157895,267.6842105263158,72.36842105263158
936,846.3333333333334,343.6111111111111,67.94444444444444
937,849.2857142857143,364.57142857142856,65.0
938,848.2916666666666,341.1666666666667,66.16666666666667
939,842.5652173913044,261.8695652173913,69.82608695652173
940,849.7619047619048,347.4761904761905,64.28571428571429
941,854.3529411764706,396.0,61.470588235294116
942,843.1666666666666,267.03333333333336,68.5
943,850.1428571428571,328.14285714285717,64.66666666666667
944,855.5625,382.625,60.0625
945,847.46875,259.3125,65.5625
946,856.5555555555555,359.8333333333333,59.111111111111114
947,848.1875,243.8125,65.5
948,855.4666666666667,331.53333333333336,59.8
949,858.5333333333333,364.3,57.5
950,853.9,292.4,60.9
951,850.2903225806451,246.7741935483871,63.354838709677416
952,856.8,254.95,58.15
953,863.6176470588235,333.3529411764706,52.61764705882353
954,861.0588235294117,301.0,54.588235294117645
955,866.5,322.5,52.0
956,867.9230769230769,350.61538461538464,48.76923076923077
957,867.625,295.375,49.125
958,873.7083333333334,354.5,44.583333333333336
959,873.8333333333334,271.0,45.0
960,874.0,282.57894736842104,44.0
961,819.6923076923077,305.7692307692308,88.84615384615384
962,822.1875,328.5,87.0625
963,819.2941176470588,272.70588235294116,89.0
964,826.421052631579,333.36842105263156,83.78947368421052
965,831.5,366.0,81.0
966,831.8888888888889,361.0,80.11111111111111
967,828.5294117647059,323.11764705882354,81.82352941176471
968,827.3529411764706,244.88235294117646,83.23529411764706
969,831.4,297.46666666666664,79.53333333333333
970,836.1904761904761,280.3333333333333,75.23809523809524
971,840.5,325.0,73.0
972,835.6,243.26666666666668,75.93333333333334
973,843.3333333333334,326.0,70.66666666666667
974,849.5,369.07142857142856,65.14285714285714
975,848.0,351.7307692307692,65.34615384615384
976,845.1363636363636,299.8181818181818,67.72727272727273
977,851.56,348.6,62.52
978,848.0,298.3333333333333,66.0
979,853.9285714285714,321.42857142857144,60.17857142857143
980,861.5714285714286,400.2857142857143,55.714285714285715
981,857.7857142857143,328.14285714285717,57.285714285714285
982,861.3125,368.875,54.375
983,856.0384615384615,229.46153846153845,58.57692307692308
984,866.7631578947369,356.7368421052632,49.78947368421053
985,862.1923076923077,284.1923076923077,53.42307692307692
986,873.5217391304348,372.30434782608694,44.608695652173914
987,871.4,329.0,46.0
988,870.5,283.0,47.0
989,869.7647058823529,270.4117647058824,47.23529411764706
990,818.7692307692307,297.9230769230769,89.0
991,825.7857142857143,357.39285714285717,83.71428571428571
992,825.0571428571428,337.34285714285716,84.6
993,822.2222222222222,291.5,87.0
994,833.5454545454545,390.1818181818182,78.0
995,830.6315789473684,331.2105263157895,79.84210526315789
996,832.6774193548387,341.741935483871,78.51612903225806
997,834.2,357.6333333333333,77.36666666666666
998,837.1,393.8,75.3
999,835.2727272727273,365.45454545454544,76.27272727272727
1000,832.2222222222222,309.8888888888889,79.11111111111111
1001,838.304347826087,384.8695652173913,74.1304347826087
1002,835.5714285714286,334.6190476190476,76.19047619047619
1003,835.05,329.7,76.35
1004,833.0,290.75,77.25
1005,838.1481481481482,341.3333333333333,73.85185185185185
1006,838.0,309.0,74.66666666666667
1007,843.5416666666666,387.0416666666667,69.66666666666667
1008,842.0833333333334,377.1666666666667,70.79166666666667
1009,834.8666666666667,275.6,76.0
1010,843.8,336.4,69.8
1011,838.0526315789474,251.68421052631578,73.21052631578948
1012,841.1,274.6,70.85
1013,842.1428571428571,292.92857142857144,70.0
1014,840.2,256.04,71.36
1015,842.8095238095239,284.1904761904762,69.52380952380952
1016,847.0,330.0,67.0
1017,840.0,231.67741935483872,71.45161290322581
1018,850.24,333.28,63.76
1019,854.4375,375.0625,60.9375
1020,843.6111111111111,248.38888888888889,68.66666666666667
1021,851.4090909090909,329.40909090909093,62.54545454545455
1022,858.75,396.25,57.75
1023,847.96875,265.21875,64.5
1024,851.4137931034483,301.86206896551727,62.37931034482759
1025,848.8636363636364,249.4090909090909,64.27272727272727
1026,846.1,221.3,65.6
1027,857.8055555555555,351.1666666666667,57.5
1028,852.6666666666666,257.6666666666667,61.2962962962963
1029,860.4,341.65,55.5
1030,866.969696969697,326.3636363636364,48.57575757575758
1031,864.0,276.84,50.72
1032,864.5555555555555,282.1111111111111,50.416666666666664
1033,862.9166666666666,242.91666666666666,52.833333333333336
1034,864.2105263157895,237.3684210526316,51.21052631578947
1035,873.5714285714286,346.7142857142857,43.904761904761905
1036,873.0666666666667,340.03333333333336,43.9
1037,822.8709677419355,368.4516129032258,86.51612903225806
1038,818.3846153846154,282.7692307692308,89.0
1039,822.1428571428571,307.7142857142857,86.53571428571429
1040,818.6470588235294,261.0,89.0
1041,820.0,252.5,88.5
1042,831.1739130434783,385.69565217391306,79.73913043478261
1043,828.2380952380952,349.0,81.9047619047619
1044,833.56,369.96,77.48
1045,832.7777777777778,333.44444444444446,78.03703703703704
1046,832.0,308.0,77.0
1047,835.0909090909091,324.6818181818182,76.0909090909091
1048,837.0,321.0,76.0
1049,839.25,347.0,73.0
1050,837.1071428571429,304.7142857142857,73.60714285714286
1051,845.6111111111111,399.3888888888889,67.5
1052,840.2777777777778,327.94444444444446,71.27777777777777
1053,836.5263157894736,273.7368421052632,74.36842105263158
1054,844.1538461538462,374.53846153846155,69.0
1055,841.8571428571429,332.64285714285717,70.42857142857143
1056,837.952380952381,277.85714285714283,73.04761904761905
1057,835.3809523809524,232.66666666666666,75.33333333333333
1058,849.3461538461538,385.11538461538464,64.34615384615384
1059,840.625,264.5,71.375
1060,851.1666666666666,393.53333333333336,62.56666666666667
1061,849.1052631578947,360.57894736842104,64.26315789473684
1062,843.4736842105264,271.57894736842104,67.84210526315789
1063,853.0384615384615,357.5769230769231,60.73076923076923
1064,843.1111111111111,221.5,68.44444444444444
1065,851.9473684210526,296.7894736842105,61.526315789473685
1066,857.4347826086956,299.30434782608694,56.78260869565217
1067,856.9230769230769,293.0,56.92307692307692
1068,862.2307692307693,294.0769230769231,53.15384615384615
1069,867.7741935483871,335.0967741935484,48.41935483870968
1070,863.4193548387096,265.06451612903226,51.54838709677419
1071,875.45,364.65,42.55
1072,872.5,329.0,44.0
1073,820.0882352941177,334.20588235294116,88.11764705882354
1074,821.4761904761905,346.0,87.0
1075,824.5263157894736,353.10526315789474,84.3157894736842
1076,821.0,275.39130434782606,87.0
1077,826.8333333333334,331.2916666666667,82.25
1078,828.03125,336.15625,81.625
1079,828.75,302.65625,80.5625
1080,836.5333333333333,359.8666666666667,75.13333333333334
1081,829.8888888888889,247.97222222222223,79.41666666666667
1082,836.0,299.3448275862069,74.55172413793103
1083,837.0526315789474,289.2105263157895,73.89473684210526
1084,835.3636363636364,268.90909090909093,74.95454545454545
1085,846.5,366.07142857142856,66.57142857142857
1086,844.3157894736842,337.57894736842104,67.89473684210526
1087,837.1818181818181,230.54545454545453,74.0
1088,854.6,393.0,59.53333333333333
1089,854.3,327.25,59.3
1090,849.4782608695652,254.30434782608697,62.69565217391305
1091,855.7222222222222,323.22222222222223,57.888888888888886
1092,859.4782608695652,374.4347826086956,55.30434782608695
1093,850.2666666666667,249.86666666666667,61.56666666666667
1094,853.7391304347826,290.60869565217394,59.130434782608695
1095,864.25,352.07142857142856,51.32142857142857
1096,868.4736842105264,381.2631578947368,47.78947368421053
1097,859.6923076923077,239.1153846153846,54.26923076923077
1098,866.9047619047619,258.57142857142856,48.04761904761905
1099,818.75,345.4375,89.0
1100,816.6666666666666,265.6666666666667,89.0
1101,821.5,323.5,86.0
1102,819.4347826086956,278.30434782608694,88.3913043478261
1103,821.0909090909091,301.09090909090907,87.0
1104,828.2941176470588,383.11764705882354,81.70588235294117
1105,828.0344827586207,364.13793103448273,81.58620689655173
1106,827.9642857142857,370.57142857142856,81.07142857142857
1107,823.4285714285714,281.8095238095238,84.80952380952381
1108,825.6428571428571,310.42857142857144,83.07142857142857
1109,823.3846153846154,266.38461538461536,83.96153846153847
1110,823.3928571428571,260.0,83.96428571428571
1111,828.0434782608696,295.0869565217391,81.26086956521739
1112,834.6666666666666,350.57142857142856,74.95238095238095
1113,836.0555555555555,337.05555555555554,74.44444444444444
1114,832.1176470588235,284.2352941176471,76.94117647058823
1115,841.3888888888889,382.05555555555554,70.55555555555556
1116,837.3181818181819,330.04545454545456,73.0909090909091
1117,830.9333333333333,229.86666666666667,78.2
1118,841.6363636363636,348.45454545454544,70.72727272727273
1119,837.5,237.0,74.0
1120,848.7777777777778,398.81481481481484,63.666666666666664
1121,840.8421052631579,279.6842105263158,70.10526315789474
1122,849.16,352.72,63.6
1123,843.6666666666666,276.3333333333333,67.33333333333333
1124,845.4782608695652,286.1304347826087,66.56521739130434
1125,851.8235294117648,368.4117647058824,60.94117647058823
1126,843.8823529411765,250.7058823529412,66.94117647058823
1127,847.2,283.7,64.6
1128,843.9565217391304,238.30434782608697,66.65217391304348
1129,853.3103448275862,364.41379310344826,59.55172413793103
1130,851.0555555555555,275.8333333333333,61.55555555555556
1131,853.1071428571429,221.53571428571428,59.285714285714285
1132,856.2631578947369,227.26315789473685,56.94736842105263
1133,864.95,246.25,49.7
1134,876.875,344.375,40.75
1135,871.1,264.0,45.0
1136,818.5,326.1875,89.0
1137,823.5416666666666,346.1666666666667,84.70833333333333
1138,817.3846153846154,247.3846153846154,89.0
1139,819.7272727272727,269.40909090909093,86.86363636363636
1140,823.5882352941177,292.5882352941176,84.38235294117646
1141,825.9375,301.15625,82.3125
1142,822.8947368421053,245.68421052631578,84.57894736842105
1143,834.25,390.5,76.25
1144,826.75,259.4583333333333,81.66666666666667
1145,828.8,278.8,79.7
1146,829.9655172413793,291.2068965517241,79.03448275862068
1147,827.3529411764706,244.52941176470588,81.17647058823529
1148,839.2857142857143,386.2142857142857,72.0
1149,831.9583333333334,248.04166666666666,77.125
1150,837.0857142857143,286.7142857142857,72.51428571428572
1151,844.1111111111111,356.44444444444446,67.94444444444444
1152,844.7560975609756,378.0731707317073,66.46341463414635
1153,846.1428571428571,372.2857142857143,66.0
1154,846.28125,356.65625,65.4375
1155,850.84,372.4,62.44
1156,849.0,339.6923076923077,63.5
1157,850.0833333333334,344.0833333333333,62.541666666666664
1158,840.8125,231.40625,68.71875
1159,846.52,271.12,64.36
1160,852.3548387096774,335.2903225806452,60.58064516129032
1161,848.0,258.04,63.72
1162,849.2173913043479,282.4782608695652,62.56521739130435
1163,860.0,396.3333333333333,54.0
1164,848.44,223.72,63.32
1165,851.5882352941177,270.02941176470586,60.529411764705884
1166,863.2727272727273,325.72727272727275,50.81818181818182
1167,871.1111111111111,376.55555555555554,44.94444444444444
1168,867.2608695652174,285.0869565217391,47.69565217391305
1169,819.7,314.5,87.35
1170,824.7619047619048,372.2857142857143,83.66666666666667
1171,823.8571428571429,362.42857142857144,84.0
1172,825.5882352941177,344.9117647058824,82.58823529411765
1173,823.2903225806451,307.61290322580646,84.41935483870968
1174,826.2727272727273,340.1818181818182,82.45454545454545
1175,821.7727272727273,274.6363636363636,85.0909090909091
1176,827.969696969697,341.6060606060606,80.60606060606061
1177,827.7391304347826,326.69565217391306,80.78260869565217
1178,825.304347826087,282.4782608695652,82.43478260869566
1179,833.1290322580645,379.1290322580645,76.54838709677419
1180,837.4,392.2,73.0
1181,826.76,235.24,81.56
1182,828.5,270.5,79.33333333333333
1183,831.4583333333334,295.75,77.45833333333333
1184,828.7058823529412,233.23529411764707,79.41176470588235
1185,831.4782608695652,242.08695652173913,76.95652173913044
1186,842.1304347826087,341.0,68.78260869565217
1187,842.9473684210526,347.2105263157895,68.05263157894737
1188,834.625,239.5,74.125
1189,838.2307692307693,278.2692307692308,71.38461538461539
1190,843.8965517241379,351.82758620689657,66.58620689655173
1191,836.8823529411765,243.02941176470588,72.55882352941177
1192,843.2692307692307,332.5,67.46153846153847
1193,848.1739130434783,374.8695652173913,64.30434782608695
1194,837.6923076923077,226.53846153846155,71.46153846153847
1195,840.0,223.0,70.5
1196,855.0,398.5,60.0
1197,843.1363636363636,260.1363636363636,67.27272727272727
1198,849.3333333333334,323.3333333333333,63.333333333333336
1199,845.7727272727273,238.54545454545453,64.77272727272727
1200,858.0,285.8333333333333,55.0
1201,866.4444444444445,389.3333333333333,48.77777777777778
1202,859.7857142857143,234.14285714285714,52.75
1203,866.7692307692307,253.19230769230768,47.23076923076923
1204,876.0,348.85714285714283,40.714285714285715
1205,819.7857142857143,354.2857142857143,87.39285714285714
1206,820.1,285.26666666666665,86.46666666666667
1207,822.9629629629629,313.0,84.07407407407408
1208,823.0,285.75,84.75
1209,825.5357142857143,290.2142857142857,81.96428571428571
1210,825.8,276.4,81.73333333333333
1211,825.047619047619,239.66666666666666,82.52380952380952
1212,836.0526315789474,351.1578947368421,73.05263157894737
1213,836.5416666666666,297.0833333333333,72.375
1214,834.2857142857143,248.57142857142858,74.76190476190476
1215,846.7142857142857,400.42857142857144,65.42857142857143
1216,845.59375,394.40625,65.3125
1217,839.1481481481482,287.6296296296296,70.55555555555556
1218,844.6666666666666,327.7916666666667,66.41666666666667
1219,845.6875,333.25,65.0
1220,838.7857142857143,235.32142857142858,69.57142857142857
1221,840.7647058823529,238.1764705882353,67.82352941176471
1222,846.9166666666666,301.5833333333333,63.708333333333336
1223,843.9545454545455,247.8181818181818,65.45454545454545
1224,846.4705882352941,230.35294117647058,64.17647058823529
1225,851.9230769230769,276.6923076923077,59.05128205128205
1226,855.4324324324324,270.2432432432432,56.513513513513516
1227,860.5135135135135,340.18918918918916,52.567567567567565
1228,869.8333333333334,333.9583333333333,44.916666666666664
1229,864.7714285714286,278.4,48.114285714285714
1230,870.5,259.5,45.0
1231,827.6666666666666,360.5416666666667,80.33333333333333
1232,827.9565217391304,351.82608695652175,80.34782608695652
1233,823.2105263157895,297.2105263157895,83.42105263157895
1234,827.1666666666666,310.7916666666667,80.41666666666667
1235,827.1111111111111,282.74074074074076,80.51851851851852
1236,827.0588235294117,286.88235294117646,80.41176470588235
1237,830.25,313.75,78.25
1238,832.0909090909091,338.6818181818182,76.5
1239,827.1851851851852,263.81481481481484,80.29629629629629
1240,832.9090909090909,342.6363636363636,75.27272727272727
1241,830.1538461538462,275.1923076923077,77.88461538461539
1242,839.6153846153846,392.7692307692308,71.0
1243,832.0952380952381,279.4761904761905,76.28571428571429
1244,836.0,326.0357142857143,73.39285714285714
1245,829.4444444444445,240.55555555555554,78.38888888888889
1246,838.3181818181819,358.27272727272725,71.45454545454545
1247,839.2307692307693,338.03846153846155,70.61538461538461
1248,834.7391304347826,283.04347826086956,73.43478260869566
1249,844.0,373.3333333333333,67.33333333333333
1250,834.6,243.8,74.0
1251,837.421052631579,282.5263157894737,71.26315789473684
1252,841.0526315789474,289.6842105263158,68.73684210526316
1253,836.4324324324324,236.05405405405406,71.5945945945946
1254,841.3703703703703,295.18518518518516,68.33333333333333
1255,840.8620689655172,276.86206896551727,68.44827586206897
1256,842.0,285.8,67.8
1257,847.0,325.0,65.0
1258,851.25,389.6,60.35
1259,843.421052631579,281.1578947368421,66.57894736842105
1260,845.2727272727273,290.54545454545456,64.81818181818181
1261,852.6666666666666,372.8333333333333,59.333333333333336
1262,850.0370370370371,326.22222222222223,61.111111111111114
1263,856.8333333333334,399.8333333333333,56.0
1264,846.9090909090909,277.72727272727275,63.22727272727273
1265,858.0833333333334,337.5,54.458333333333336
1266,857.4117647058823,319.2352941176471,55.0
1267,870.3,286.2,43.6
1268,821.5714285714286,350.8095238095238,85.23809523809524
1269,817.8387096774194,257.9032258064516,87.48387096774194
1270,819.4411764705883,264.11764705882354,86.29411764705883
1271,833.8,355.3333333333333,75.0
1272,833.9354838709677,346.4193548387097,74.38709677419355
1273,833.8636363636364,332.6363636363636,74.31818181818181
1274,832.304347826087,292.60869565217394,75.78260869565217
1275,840.7586206896551,398.7931034482759,68.62068965517241
1276,839.375,352.75,70.0
1277,841.4117647058823,379.61764705882354,68.17647058823529
1278,840.5909090909091,357.04545454545456,69.22727272727273
1279,841.0,331.0,69.0
1280,844.8125,361.25,66.125
1281,837.3157894736842,262.2631578947368,71.26315789473684
1282,841.5454545454545,302.90909090909093,67.63636363636364
1283,838.969696969697,245.24242424242425,69.48484848484848
1284,840.1875,258.9375,68.625
1285,843.1724137931035,294.82758620689657,66.34482758620689
1286,844.2,272.55,65.7
1287,852.9090909090909,379.95454545454544,58.86363636363637
1288,854.5,402.92857142857144,57.857142857142854
1289,842.0,226.0,67.5
1290,848.0322580645161,292.38709677419354,62.41935483870968
1291,852.9166666666666,298.4166666666667,59.166666666666664
1292,854.7272727272727,317.77272727272725,57.31818181818182
1293,847.0833333333334,219.75,62.541666666666664
1294,856.7857142857143,333.85714285714283,55.714285714285715
1295,867.3461538461538,290.61538461538464,46.0
1296,872.9090909090909,339.6363636363636,41.5
1297,816.96875,338.6875,88.53125
1298,819.9333333333333,372.73333333333335,86.0
1299,815.9583333333334,311.9166666666667,88.79166666666667
1300,820.92,359.24,85.52
1301,822.5,322.9166666666667,83.66666666666667
1302,821.6666666666666,298.3333333333333,85.0
1303,828.9285714285714,346.4642857142857,78.64285714285714
1304,824.35,269.5,81.85
1305,824.8888888888889,249.33333333333334,82.55555555555556
1306,831.5806451612904,361.4516129032258,76.29032258064517
1307,836.9074074074074,408.74074074074076,72.48148148148148
1308,837.4,398.6,72.4
1309,836.5384615384615,382.0,72.92307692307692
1310,836.9411764705883,378.0,72.11764705882354
1311,834.1923076923077,294.7307692307692,73.84615384615384
1312,837.5,332.90909090909093,71.27272727272727
1313,842.1071428571429,392.10714285714283,67.53571428571429
1314,840.7272727272727,360.8181818181818,68.0
1315,849.1,387.1,62.1
1316,844.4333333333333,253.63333333333333,64.53333333333333
1317,855.8,368.0,55.95
1318,857.8333333333334,363.8333333333333,54.0
1319,861.4285714285714,394.35714285714283,51.785714285714285
1320,855.4285714285714,329.5,55.607142857142854
1321,862.4,333.26666666666665,49.766666666666666
1322,815.2857142857143,332.7142857142857,89.0
1323,815.2,323.0,89.0
1324,815.8235294117648,319.2352941176471,88.82352941176471
1325,818.0714285714286,338.07142857142856,86.85714285714286
1326,815.5,291.6363636363636,88.86363636363636
1327,817.5,320.0,87.44444444444444
1328,819.2272727272727,321.3181818181818,85.68181818181819
1329,819.375,311.9583333333333,85.79166666666667
1330,824.32,319.96,81.64
1331,827.939393939394,334.5151515151515,78.54545454545455
1332,833.1333333333333,384.53333333333336,75.2
1333,824.2222222222222,263.55555555555554,81.83333333333333
1334,828.9545454545455,300.8636363636364,77.72727272727273
1335,830.3225806451613,235.03225806451613,76.35483870967742
1336,836.1,273.5,72.1
1337,841.1818181818181,321.45454545454544,68.27272727272727
1338,844.1785714285714,338.2142857142857,65.67857142857143
1339,848.8,403.2,61.8
1340,848.2307692307693,379.2307692307692,62.42307692307692
1341,838.5,251.64705882352942,69.47058823529412
1342,837.8484848484849,240.45454545454547,69.48484848484848
1343,840.9655172413793,242.79310344827587,67.41379310344827
1344,844.9629629629629,237.25925925925927,63.074074074074076
1345,858.0,401.0,54.0
1346,848.8928571428571,222.28571428571428,60.535714285714285
1347,856.8666666666667,304.6,53.86666666666667
1348,856.5454545454545,233.72727272727272,54.54545454545455
1349,868.6333333333333,350.8333333333333,44.46666666666667
1350,864.5238095238095,248.38095238095238,47.80952380952381
1351,867.2222222222222,266.3333333333333,46.0
1352,866.9629629629629,275.51851851851853,45.0
1353,821.1666666666666,368.6666666666667,84.56666666666666
1354,816.7894736842105,308.4736842105263,87.84210526315789
1355,819.8214285714286,331.0,85.64285714285714
1356,819.9,302.7,85.0
1357,830.3,349.05,76.9
1358,833.8181818181819,396.1818181818182,74.0
1359,829.695652173913,272.39130434782606,76.47826086956522
1360,835.4545454545455,339.59090909090907,72.0909090909091
1361,836.6875,348.1875,71.28125
1362,831.7391304347826,252.47826086956522,74.34782608695652
1363,836.0370370370371,291.74074074074076,71.5925925925926
1364,841.3478260869565,364.69565217391306,67.3913043478261
1365,834.8,254.68,72.6
1366,844.4666666666667,385.46666666666664,64.5
1367,836.6363636363636,258.90909090909093,70.5
1368,834.64,230.8,71.8
1369,849.5833333333334,397.75,61.166666666666664
1370,844.8076923076923,343.5,64.5
1371,849.7142857142857,383.3333333333333,60.61904761904762
1372,850.1818181818181,377.6363636363636,60.18181818181818
1373,843.5263157894736,277.6842105263158,64.78947368421052
1374,848.7777777777778,339.8333333333333,61.22222222222222
1375,842.08,234.04,66.24
1376,842.7368421052631,225.57894736842104,65.3157894736842
1377,846.7857142857143,266.2142857142857,62.142857142857146
1378,847.5652173913044,271.5652173913044,61.608695652173914
1379,854.0555555555555,347.55555555555554,57.05555555555556
1380,851.6,318.8,59.0
1381,851.0454545454545,303.95454545454544,58.95454545454545
1382,859.5454545454545,399.09090909090907,52.09090909090909
1383,852.2142857142857,280.92857142857144,57.92857142857143
1384,859.0,360.96666666666664,52.43333333333333
1385,853.6923076923077,283.0,56.0
1386,856.7142857142857,324.6666666666667,53.904761904761905
1387,867.5652173913044,381.0,45.65217391304348
1388,865.8461538461538,325.3076923076923,46.42307692307692
1389,860.8461538461538,242.69230769230768,50.42307692307692
1390,871.9090909090909,369.3181818181818,42.0
1391,818.3571428571429,349.82142857142856,86.57142857142857
1392,822.75,367.6875,82.75
1393,822.0416666666666,328.2916666666667,83.16666666666667
1394,829.8571428571429,383.6190476190476,77.52380952380952
1395,828.5625,365.3125,78.0
1396,831.2758620689655,368.41379310344826,75.55172413793103
1397,828.8571428571429,326.3809523809524,77.61904761904762
1398,828.32,285.96,77.76
1399,825.7,237.0,79.65
1400,838.0,399.75,70.0
1401,830.1428571428571,298.57142857142856,75.9047619047619
1402,840.4545454545455,384.8181818181818,68.0
1403,838.8181818181819,344.77272727272725,69.31818181818181
1404,835.36,269.44,71.36
1405,842.32,347.48,65.8
1406,844.5454545454545,368.6363636363636,64.54545454545455
1407,841.4285714285714,289.82142857142856,66.42857142857143
1408,843.7333333333333,296.3333333333333,64.33333333333333
1409,843.0,266.59090909090907,65.0909090909091
1410,841.6818181818181,229.4090909090909,65.68181818181819
1411,852.5,353.03125,57.5
1412,844.6666666666666,243.75,63.583333333333336
1413,847.9090909090909,288.95454545454544,60.68181818181818
1414,855.5714285714286,342.0,55.42857142857143
1415,858.7560975609756,349.9024390243902,51.5609756097561
1416,858.4375,301.75,51.625
1417,864.0,364.45454545454544,48.0
1418,859.0,298.5,51.0
1419,856.0,229.52941176470588,53.94117647058823
1420,866.5416666666666,254.41666666666666,44.75
1421,817.4,325.75,87.05
1422,813.9166666666666,274.9583333333333,88.875
1423,815.8,297.7,88.0
1424,824.3333333333334,356.8,81.1
1425,825.1666666666666,305.4166666666667,80.5
1426,831.5,394.75,75.25
1427,832.4285714285714,363.7857142857143,74.21428571428571
1428,833.2631578947369,359.1578947368421,73.89473684210526
1429,828.9583333333334,308.125,76.54166666666667
1430,837.96,388.04,69.88
1431,831.125,277.8333333333333,74.66666666666667
1432,844.1785714285714,380.85714285714283,63.642857142857146
1433,839.2173913043479,281.3478260869565,68.1304347826087
1434,845.4615384615385,356.11538461538464,63.5
1435,846.0909090909091,365.3636363636364,62.54545454545455
1436,842.0,299.0,66.0
1437,849.1,393.8,60.5
1438,846.5,328.5,63.0
1439,848.6333333333333,343.8,60.46666666666667
1440,850.5,359.9642857142857,59.42857142857143
1441,845.3478260869565,286.8695652173913,62.65217391304348
1442,852.6451612903226,303.93548387096774,56.516129032258064
1443,857.52,327.52,52.4
1444,857.7058823529412,318.5882352941176,52.588235294117645
1445,864.5384615384615,349.53846153846155,47.12820512820513
1446,861.1666666666666,293.4166666666667,49.5
1447,858.6,239.25,51.65
1448,866.0,298.0,47.0
1449,865.2,261.1333333333333,45.733333333333334
1450,866.0384615384615,281.2692307692308,44.76923076923077
1451,869.0882352941177,280.52941176470586,42.588235294117645
1452,814.5,305.2857142857143,89.0
1453,811.6666666666666,271.3333333333333,89.0
1454,819.1538461538462,341.7307692307692,85.11538461538461
1455,815.5,251.21428571428572,87.39285714285714
1456,821.0833333333334,303.75,83.125
1457,826.5625,356.0625,79.0625
1458,821.0,277.86206896551727,82.96551724137932
1459,827.56,340.36,78.24
1460,829.5625,354.875,76.375
1461,833.0,391.0,74.0
1462,824.3793103448276,250.86206896551724,79.6896551724138
1463,830.9166666666666,327.7916666666667,75.08333333333333
1464,827.3666666666667,267.6333333333333,77.7
1465,835.04,343.4,71.28
1466,839.6,374.5,68.9
1467,838.1666666666666,335.4583333333333,68.75
1468,832.8,245.44,72.6
1469,841.44,342.56,66.48
1470,834.64,250.52,71.24
1471,837.0,266.0,69.5
1472,837.0,272.8333333333333,69.5
1473,846.96,374.8,61.44
1474,845.1,337.45,63.1
1475,841.8666666666667,261.6,65.2
1476,846.5,323.4,61.5
1477,845.6818181818181,249.95454545454547,62.54545454545455
1478,854.5588235294117,355.38235294117646,55.411764705882355
1479,850.8181818181819,299.45454545454544,57.45454545454545
1480,856.2903225806451,284.64516129032256,53.483870967741936
1481,860.483870967742,346.5806451612903,49.806451612903224
1482,858.8181818181819,315.6363636363636,50.90909090909091
1483,862.25,299.5,49.0
1484,861.9354838709677,286.38709677419354,48.16129032258065
1485,870.25,363.0625,42.1875
1486,868.25,268.125,44.0
1487,813.2857142857143,327.64285714285717,89.0
1488,816.4782608695652,304.7826086956522,86.6086956521739
1489,816.258064516129,291.8709677419355,86.35483870967742
1490,816.7142857142857,297.0,86.07142857142857
1491,817.4375,278.65625,85.5
1492,817.9444444444445,259.44444444444446,85.05555555555556
1493,826.5666666666667,371.1666666666667,78.3
1494,824.925925925926,291.18518518518516,79.51851851851852
1495,825.1904761904761,297.95238095238096,79.23809523809524
1496,829.0952380952381,331.42857142857144,76.0952380952381
1497,824.9,275.65,79.05
1498,826.4444444444445,294.72222222222223,78.0
1499,832.0,322.5,75.0
1500,826.8823529411765,250.58823529411765,78.0
1501,833.25,335.75,72.8
1502,831.36,302.08,74.36
1503,837.1666666666666,377.1666666666667,70.0
1504,827.0,236.06666666666666,77.73333333333333
1505,838.03125,393.84375,68.75
1506,841.28,382.28,65.76
1507,830.5714285714286,229.76190476190476,74.38095238095238
1508,839.2380952380952,329.14285714285717,67.38095238095238
1509,844.2173913043479,390.6521739130435,63.56521739130435
1510,837.9310344827586,269.6551724137931,68.3103448275862
1511,844.5925925925926,349.74074074074076,63.111111111111114
1512,839.5,263.75,67.125
1513,840.6875,268.3125,66.25
1514,843.0909090909091,285.45454545454544,64.63636363636364
1515,847.6666666666666,364.75,60.458333333333336
1516,838.3,222.95,68.15
1517,847.5,335.5,60.90909090909091
1518,857.3870967741935,366.9032258064516,52.54838709677419
1519,851.8636363636364,286.6818181818182,56.59090909090909
1520,850.6666666666666,226.66666666666666,57.61904761904762
1521,857.1,295.8,52.9
1522,869.0666666666667,372.93333333333334,43.333333333333336
1523,869.34375,344.5625,42.53125
1524,870.4230769230769,352.1923076923077,41.61538461538461
1525,818.4285714285714,376.35714285714283,85.78571428571429
1526,814.8,280.8,87.84
1527,819.0,333.57142857142856,84.04761904761905
1528,822.7368421052631,362.8421052631579,81.36842105263158
1529,822.4444444444445,337.962962962963,81.55555555555556
1530,824.1666666666666,347.53333333333336,80.63333333333334
1531,820.304347826087,289.6521739130435,82.8695652173913
1532,823.0526315789474,324.57894736842104,81.0
1533,818.92,269.2,84.2
1534,823.0,294.4761904761905,81.38095238095238
1535,825.5909090909091,327.54545454545456,79.36363636363636
1536,821.4545454545455,247.36363636363637,81.9090909090909
1537,834.8333333333334,390.0,72.16666666666667
1538,827.75,304.375,76.70833333333333
1539,835.1153846153846,383.03846153846155,70.88461538461539
1540,825.875,230.3125,78.25
1541,829.9130434782609,283.5652173913044,74.73913043478261
1542,831.4,269.85,74.05
1543,832.3478260869565,276.30434782608694,72.95652173913044
1544,830.5,241.5,74.45454545454545
1545,836.695652173913,328.4782608695652,69.47826086956522
1546,839.8235294117648,355.11764705882354,67.58823529411765
1547,841.1481481481482,388.25925925925924,65.70370370370371
1548,841.625,365.625,65.5
1549,837.0454545454545,285.5,68.77272727272727
1550,845.64,395.32,62.48
1551,838.75,248.4375,67.46875
1552,844.7586206896551,296.62068965517244,62.3448275862069
1553,839.2173913043479,219.6086956521739,66.30434782608695
1554,850.6666666666666,332.3333333333333,59.0
1555,857.5454545454545,290.6666666666667,51.45454545454545
1556,863.8888888888889,320.05555555555554,46.388888888888886
1557,867.5909090909091,290.22727272727275,42.77272727272727
1558,813.0,354.0,88.0
1559,815.5714285714286,331.7142857142857,87.46428571428571
1560,819.5714285714286,382.0,84.42857142857143
1561,812.4545454545455,283.0,89.0
1562,814.75,286.125,87.3125
1563,818.2608695652174,326.39130434782606,84.73913043478261
1564,813.1034482758621,256.6896551724138,88.51724137931035
1565,823.5,368.88461538461536,80.23076923076923
1566,827.0,385.6666666666667,79.0
1567,819.0344827586207,282.17241379310343,83.65517241379311
1568,821.3636363636364,309.40909090909093,82.27272727272727
1569,823.48,333.76,80.04
1570,818.3888888888889,242.38888888888889,84.16666666666667
1571,828.2692307692307,372.38461538461536,76.34615384615384
1572,819.9411764705883,238.35294117647058,82.88235294117646
1573,827.5,336.5,76.68181818181819
1574,832.5714285714286,386.35714285714283,73.5
1575,833.7692307692307,394.7692307692308,72.0
1576,827.0454545454545,290.40909090909093,76.77272727272727
1577,828.8235294117648,310.94117647058823,75.52941176470588
1578,823.5833333333334,231.75,80.0
1579,837.08,381.8,68.88
1580,828.7692307692307,245.76923076923077,75.76923076923077
1581,841.0,370.54545454545456,66.45454545454545
1582,831.0,249.4,73.15
1583,831.1176470588235,234.76470588235293,73.47058823529412
1584,833.56,265.12,71.44
1585,836.3,290.75,69.0
1586,842.9615384615385,360.7692307692308,64.42307692307692
1587,844.12,372.64,63.2
1588,849.5454545454545,401.6363636363636,59.18181818181818
1589,847.15,294.45,60.35
1590,853.8857142857142,371.1714285714286,54.51428571428571
1591,852.96875,324.46875,55.46875
1592,853.76,297.04,54.32
1593,850.9230769230769,221.92307692307693,56.69230769230769
1594,862.8620689655172,383.17241379310343,47.37931034482759
1595,861.5714285714286,324.35714285714283,48.642857142857146
1596,862.3529411764706,331.1470588235294,47.38235294117647
1597,813.4285714285714,343.0,88.35714285714286
1598,819.2592592592592,357.1111111111111,83.70370370370371
1599,811.8148148148148,250.88888888888889,88.77777777777777
1600,819.6,338.5,83.43333333333334
1601,820.8823529411765,350.4117647058824,82.5
1602,814.5416666666666,275.125,86.79166666666667
1603,829.25,390.75,77.0
1604,823.6666666666666,338.76190476190476,79.71428571428571
1605,825.6774193548387,352.4193548387097,78.41935483870968
1606,819.9655172413793,259.7931034482759,81.82758620689656
1607,822.75,270.9583333333333,79.70833333333333
1608,824.3333333333334,245.16666666666666,79.83333333333333
1609,828.2962962962963,288.3703703703704,75.29629629629629
1610,833.6666666666666,328.5,71.91666666666667
1611,828.1666666666666,249.91666666666666,76.08333333333333
1612,832.5,305.0,73.0
1613,839.3571428571429,338.4642857142857,66.46428571428571
1614,834.1666666666666,255.41666666666666,70.04166666666667
1615,834.3333333333334,222.46666666666667,70.13333333333334
1616,842.8666666666667,332.1,63.63333333333333
1617,853.4615384615385,400.84615384615387,55.0
1618,843.0666666666667,259.6333333333333,62.63333333333333
1619,847.9090909090909,322.90909090909093,59.27272727272727
1620,842.2,220.4,65.0
1621,849.0,328.82608695652175,58.52173913043478
1622,859.1621621621622,340.13513513513516,49.513513513513516
1623,863.6666666666666,388.8333333333333,47.0
1624,851.9166666666666,226.16666666666666,55.375
1625,861.2608695652174,306.17391304347825,47.73913043478261
1626,815.3478260869565,364.4782608695652,86.52173913043478
1627,819.4137931034483,372.86206896551727,83.37931034482759
1628,817.3636363636364,308.09090909090907,84.77272727272727
1629,820.4375,344.09375,82.53125
1630,822.0,373.68,80.64
1631,816.8620689655172,284.86206896551727,85.27586206896552
1632,817.8928571428571,289.9642857142857,84.21428571428571
1633,821.8571428571429,307.64285714285717,80.39285714285714
1634,822.1034482758621,300.9310344827586,80.75862068965517
1635,829.15,376.75,75.35
1636,827.4736842105264,343.2631578947368,76.47368421052632
1637,832.4285714285714,379.92857142857144,72.85714285714286
1638,827.7142857142857,323.8095238095238,76.14285714285714
1639,822.5,239.92857142857142,80.5
1640,821.5384615384615,234.6153846153846,81.0
1641,824.2068965517242,262.44827586206895,78.41379310344827
1642,831.9230769230769,354.7692307692308,72.84615384615384
1643,831.1,321.0,73.1
1644,834.695652173913,352.7391304347826,70.43478260869566
1645,836.4705882352941,348.7647058823529,68.70588235294117
1646,827.4117647058823,227.64705882352942,75.41176470588235
1647,837.2916666666666,340.4583333333333,68.33333333333333
1648,834.7222222222222,295.5,70.5
1649,834.3076923076923,287.2307692307692,70.84615384615384
1650,835.2758620689655,277.0344827586207,69.51724137931035
1651,844.9444444444445,384.3888888888889,61.888888888888886
1652,839.1578947368421,283.57894736842104,66.10526315789474
1653,836.8888888888889,228.88888888888889,67.5
1654,844.5,301.2142857142857,61.785714285714285
1655,841.75,223.5,63.0
1656,863.3333333333334,377.3333333333333,47.0
1657,855.53125,273.71875,52.34375
1658,854.4444444444445,237.55555555555554,53.666666666666664
1659,866.5555555555555,376.77777777777777,43.72222222222222
1660,865.8857142857142,337.8857142857143,43.457142857142856
1661,813.1578947368421,348.8421052631579,88.0
1662,818.3809523809524,363.04761904761904,84.38095238095238
1663,817.5882352941177,348.02941176470586,84.38235294117646
1664,813.3076923076923,263.9230769230769,87.34615384615384
1665,823.25,387.6,79.8
1666,824.1578947368421,345.1578947368421,79.0
1667,821.5,281.85,80.95
1668,823.2608695652174,285.17391304347825,78.78260869565217
1669,824.3333333333334,280.6666666666667,78.625
1670,821.8421052631579,258.4736842105263,80.15789473684211
1671,822.7727272727273,266.59090909090907,79.31818181818181
1672,828.6,336.4,75.0
1673,830.9166666666666,343.5416666666667,72.83333333333333
1674,826.9032258064516,276.51612903225805,76.3225806451613
1675,836.125,357.875,69.125
1676,834.65,337.9,70.1
1677,838.0909090909091,346.77272727272725,67.13636363636364
1678,832.6,260.8666666666667,71.2
1679,840.3181818181819,355.3636363636364,65.68181818181819
1680,832.8181818181819,239.72727272727272,70.63636363636364
1681,839.85,331.45,65.2
1682,837.047619047619,274.0952380952381,67.42857142857143
1683,843.45,342.55,62.55
1684,847.060606060606,372.0,59.484848484848484
1685,847.8260869565217,352.5217391304348,58.34782608695652
1686,848.8461538461538,357.34615384615387,57.84615384615385
1687,850.0952380952381,320.95238095238096,56.476190476190474
1688,852.075,346.675,54.65
1689,850.6666666666666,273.75757575757575,55.666666666666664
1690,851.5,231.0,56.0
1691,869.9642857142857,345.32142857142856,39.75
1692,824.0416666666666,303.125,78.16666666666667
1693,832.8,386.6,71.8
1694,824.8666666666667,241.2,78.26666666666667
1695,830.5833333333334,292.0416666666667,72.75
1696,831.2631578947369,286.94736842105266,72.10526315789474
1697,841.2916666666666,396.7083333333333,64.54166666666667
1698,839.5714285714286,361.14285714285717,66.0
1699,831.2222222222222,257.0,71.72222222222223
1700,834.1739130434783,281.8695652173913,69.52173913043478
1701,841.32,375.84,63.64
1702,830.5862068965517,225.31034482758622,71.72413793103448
1703,839.4193548387096,326.8709677419355,65.51612903225806
1704,840.7916666666666,336.9583333333333,64.5
1705,835.2666666666667,261.53333333333336,68.5
1706,845.9333333333333,389.46666666666664,61.06666666666667
1707,841.8928571428571,325.17857142857144,63.57142857142857
1708,839.6666666666666,274.5,65.33333333333333
1709,837.9473684210526,225.31578947368422,66.05263157894737
1710,841.6,219.0,62.6
1711,848.2,221.0,58.1
1712,865.8260869565217,381.8695652173913,43.69565217391305
1713,859.9230769230769,245.6153846153846,48.30769230769231
1714,861.952380952381,250.61904761904762,46.333333333333336
1715,870.5555555555555,366.6666666666667,40.0
1716,810.7142857142857,340.0,89.0
1717,810.2142857142857,332.85714285714283,89.0
1718,813.5,359.22222222222223,87.0
1719,814.6923076923077,343.9230769230769,85.6923076923077
1720,818.8888888888889,388.3888888888889,82.05555555555556
1721,818.1363636363636,298.45454545454544,82.9090909090909
1722,820.4583333333334,286.875,80.70833333333333
1723,820.5862068965517,275.41379310344826,80.55172413793103
1724,819.7142857142857,243.85714285714286,81.64285714285714
1725,831.2413793103449,349.3448275862069,72.51724137931035
1726,834.5,396.0,70.0
1727,828.1923076923077,293.1923076923077,74.57692307692308
1728,826.6875,241.5625,75.875
1729,835.7058823529412,352.6470588235294,68.52941176470588
1730,837.9230769230769,367.15384615384613,66.53846153846153
1731,831.8823529411765,282.4117647058824,71.0
1732,837.5238095238095,334.0,66.61904761904762
1733,844.3666666666667,400.8666666666667,61.56666666666667
1734,836.7826086956521,287.5652173913044,67.21739130434783
1735,837.0434782608696,293.0,67.0
1736,844.12,328.08,61.4
1737,845.7222222222222,271.94444444444446,59.47222222222222
1738,853.0333333333333,340.46666666666664,53.733333333333334
1739,855.375,337.125,52.375
1740,850.7058823529412,289.3529411764706,55.05882352941177
1741,853.04,289.0,53.08
1742,863.7222222222222,386.44444444444446,44.888888888888886
1743,864.3142857142857,347.0285714285714,44.08571428571429
1744,864.5454545454545,333.1818181818182,43.54545454545455
1745,860.5333333333333,257.2,46.93333333333333
1746,862.8695652173913,271.1304347826087,44.608695652173914
1747,810.8148148148148,297.25925925925924,88.5925925925926
1748,817.84,367.36,82.92
1749,819.7916666666666,269.125,81.54166666666667
1750,825.4193548387096,348.7741935483871,76.64516129032258
1751,828.6315789473684,364.0,74.73684210526316
1752,831.7,324.6,72.0
1753,830.0,297.8965517241379,72.82758620689656
1754,829.0833333333334,282.0833333333333,72.83333333333333
1755,832.6666666666666,300.5,71.0
1756,834.5,295.6666666666667,68.54166666666667
1757,833.0,227.82758620689654,69.86206896551724
1758,833.6190476190476,234.28571428571428,69.33333333333333
1759,837.421052631579,278.42105263157896,66.21052631578948
1760,844.0769230769231,359.9230769230769,61.34615384615385
1761,846.875,381.25,59.625
1762,845.3928571428571,357.0,59.642857142857146
1763,850.3333333333334,402.8666666666667,56.8
1764,841.5714285714286,283.4761904761905,62.666666666666664
1765,846.6969696969697,254.0,58.27272727272727
1766,854.4375,305.5625,52.1875
1767,851.9666666666667,277.93333333333334,53.46666666666667
1768,860.9130434782609,297.17391304347825,46.130434782608695
1769,857.4761904761905,239.52380952380952,49.38095238095238
1770,860.6875,286.53125,45.6875
1771,866.7352941176471,340.52941176470586,41.411764705882355
1772,868.0,277.0,41.0
1773,814.78125,352.71875,85.125
1774,815.4782608695652,264.69565217391306,85.04347826086956
1775,828.0,353.2307692307692,74.03846153846153
1776,825.0952380952381,295.3333333333333,76.19047619047619
1777,832.5,358.8076923076923,70.42307692307692
1778,824.1111111111111,227.77777777777777,76.88888888888889
1779,836.625,372.1875,67.375
1780,829.9375,273.5,72.125
1781,843.3684210526316,379.1578947368421,61.78947368421053
1782,846.3076923076923,386.0,59.61538461538461
1783,840.1052631578947,290.36842105263156,64.15789473684211
1784,838.875,279.9166666666667,64.41666666666667
1785,840.304347826087,299.0,63.52173913043478
1786,844.9375,332.5625,59.625
1787,841.53125,253.03125,62.53125
1788,848.8285714285714,345.62857142857143,56.371428571428574
1789,842.7826086956521,249.30434782608697,61.08695652173913
1790,843.9666666666667,254.63333333333333,60.36666666666667
1791,847.6486486486486,269.94594594594594,56.62162162162162
1792,859.5769230769231,327.65384615384613,47.11538461538461
1793,854.25,242.16666666666666,51.666666666666664
1794,862.3333333333334,302.0,46.0
1795,862.2222222222222,291.55555555555554,44.44444444444444
1796,865.0,301.0,43.666666666666664
1797,869.6666666666666,351.6111111111111,39.0
1798,809.8666666666667,309.8,89.0
1799,811.8947368421053,323.4736842105263,87.89473684210526
1800,810.25,314.3333333333333,89.0
1801,812.7,347.5,86.15
1802,815.44,368.96,84.52
1803,814.6071428571429,359.5357142857143,84.85714285714286
1804,811.0689655172414,303.37931034482756,87.6896551724138
1805,809.5294117647059,260.6470588235294,89.0
1806,815.3529411764706,336.70588235294116,85.23529411764706
1807,820.0322580645161,342.5806451612903,80.41935483870968
1808,821.304347826087,322.5217391304348,79.1304347826087
1809,828.625,384.75,74.625
1810,823.5925925925926,325.6666666666667,77.66666666666667
1811,827.5555555555555,320.55555555555554,74.44444444444444
1812,822.8620689655172,272.13793103448273,76.79310344827586
1813,829.421052631579,332.42105263157896,72.89473684210526
1814,824.925925925926,269.1111111111111,76.0
1815,830.875,365.5,70.33333333333333
1816,824.8125,233.5625,76.25
1817,833.0,346.4736842105263,69.84210526315789
1818,834.9285714285714,367.25,67.53571428571429
1819,836.3076923076923,360.84615384615387,67.84615384615384
1820,832.2,305.4,71.0
1821,827.6190476190476,245.57142857142858,73.66666666666667
1822,838.4736842105264,350.2631578947368,65.36842105263158
1823,830.7826086956521,235.65217391304347,71.3913043478261
1824,832.85,268.85,69.15
1825,840.1923076923077,356.5,63.61538461538461
1826,839.9285714285714,351.75,63.42857142857143
1827,840.5,346.39285714285717,63.535714285714285
1828,842.5238095238095,290.0952380952381,61.523809523809526
1829,844.6666666666666,319.44444444444446,59.51851851851852
1830,846.0526315789474,296.36842105263156,58.0
1831,842.7,219.75,60.65
1832,858.2857142857143,390.85714285714283,50.0
1833,853.0,321.5,53.0
1834,847.24,256.44,56.2
1835,849.5428571428571,262.9714285714286,54.57142857142857
1836,858.5,317.0,49.0
1837,854.75,235.5625,51.1875
1838,859.5,276.5,47.666666666666664
1839,867.875,357.5,40.5
1840,808.9565217391304,304.0869565217391,89.0
1841,811.9230769230769,335.2692307692308,87.38461538461539
1842,817.8846153846154,362.2692307692308,82.15384615384616
1843,816.5454545454545,329.72727272727275,83.27272727272727
1844,814.3214285714286,300.39285714285717,84.57142857142857
1845,813.0526315789474,258.36842105263156,86.10526315789474
1846,818.6,313.8,82.0
1847,819.4761904761905,318.85714285714283,80.38095238095238
1848,825.72,328.24,75.44
1849,828.1428571428571,358.3809523809524,73.66666666666667
1850,826.9583333333334,345.25,73.75
1851,824.8333333333334,283.1666666666667,76.11111111111111
1852,832.0588235294117,377.1764705882353,70.41176470588235
1853,823.3571428571429,244.0,76.78571428571429
1854,826.6538461538462,274.2307692307692,74.38461538461539
1855,826.5333333333333,250.66666666666666,75.0
1856,832.6,322.8,71.0
1857,832.3,330.75,69.95
1858,831.0,278.3076923076923,71.07692307692308
1859,837.8695652173913,377.0,64.69565217391305
1860,827.8857142857142,228.88571428571427,72.6
1861,831.8157894736842,249.78947368421052,69.39473684210526
1862,841.6216216216217,363.6216216216216,62.189189189189186
1863,837.4375,294.84375,65.0625
1864,849.76,384.48,55.44
1865,848.0625,328.0,56.6875
1866,853.0714285714286,371.2857142857143,52.32142857142857
1867,850.6666666666666,234.14285714285714,53.523809523809526
1868,859.8333333333334,314.8333333333333,47.0
1869,862.6190476190476,258.7142857142857,43.523809523809526
1870,813.2105263157895,373.0,85.63157894736842
1871,814.2857142857143,380.82142857142856,84.64285714285714
1872,809.0,291.7857142857143,88.5
1873,814.0833333333334,311.0,84.625
1874,816.2352941176471,322.94117647058823,83.41176470588235
1875,816.4230769230769,318.96153846153845,82.57692307692308
1876,819.5,326.5,82.0
1877,822.2222222222222,363.27777777777777,77.88888888888889
1878,822.3214285714286,337.82142857142856,77.64285714285714
1879,822.1025641025641,343.8205128205128,77.46153846153847
1880,829.0833333333334,395.6666666666667,73.08333333333333
1881,821.1212121212121,294.3636363636364,78.3030303030303
1882,825.5416666666666,299.9583333333333,75.16666666666667
1883,827.6086956521739,303.7826086956522,73.47826086956522
1884,834.35,376.9,68.3
1885,827.5294117647059,255.1764705882353,73.3529411764706
1886,829.25,252.625,71.9375
1887,840.5416666666666,368.6666666666667,62.666666666666664
1888,832.0,245.28,68.8
1889,835.8214285714286,270.0,66.14285714285714
1890,846.04,361.72,58.32
1891,837.625,237.75,65.0
1892,853.05,363.3,51.7
1893,855.65625,335.625,49.53125
1894,856.1428571428571,304.85714285714283,49.38095238095238
1895,858.4166666666666,343.44444444444446,47.30555555555556
1896,860.0588235294117,347.02941176470586,45.470588235294116
1897,857.2,295.56666666666666,47.8
1898,866.8181818181819,370.6363636363636,41.36363636363637
1899,872.8571428571429,371.2857142857143,35.0
1900,807.8571428571429,283.57142857142856,89.0
1901,807.6363636363636,265.45454545454544,89.0
1902,810.7647058823529,312.47058823529414,87.05882352941177
1903,813.1739130434783,320.60869565217394,85.26086956521739
1904,813.0,314.6875,85.125
1905,820.4166666666666,391.0833333333333,79.91666666666667
1906,818.6551724137931,347.51724137931035,80.58620689655173
1907,820.0416666666666,356.8333333333333,79.875
1908,817.53125,322.34375,81.46875
1909,820.1851851851852,350.81481481481484,79.22222222222223
1910,820.0,328.42857142857144,79.48571428571428
1911,815.2068965517242,261.58620689655174,83.10344827586206
1912,822.4666666666667,332.7,77.16666666666667
1913,822.1304347826087,307.2608695652174,77.65217391304348
1914,820.3333333333334,243.8,78.93333333333334
1915,819.8421052631579,235.78947368421052,79.21052631578948
1916,827.8,328.2,73.32
1917,821.9230769230769,235.30769230769232,77.76923076923077
1918,827.0,268.53333333333336,73.36666666666666
1919,830.65,291.05,70.05
1920,833.7142857142857,278.14285714285717,67.53571428571429
1921,841.0,321.0,63.0
1922,837.8709677419355,284.16129032258067,63.645161290322584
1923,842.3428571428572,339.14285714285717,60.48571428571429
1924,839.8333333333334,303.6666666666667,62.0
1925,837.5555555555555,224.88888888888889,64.05555555555556
1926,843.3793103448276,299.7586206896552,59.689655172413794
1927,845.7142857142857,317.39285714285717,57.535714285714285
1928,845.5238095238095,301.6190476190476,57.61904761904762
1929,849.4,285.0,54.2
1930,845.8148148148148,220.33333333333334,56.51851851851852
1931,857.7619047619048,240.95238095238096,47.04761904761905
1932,866.6666666666666,362.1666666666667,40.27777777777778
1933,863.0588235294117,285.4117647058824,42.8235294117647
1934,808.0526315789474,326.6842105263158,88.89473684210526
1935,807.0,288.3333333333333,89.0
1936,814.8,374.85,83.8
1937,812.516129032258,330.80645161290323,85.58064516129032
1938,812.7916666666666,325.1666666666667,85.375
1939,816.7142857142857,379.8095238095238,81.95238095238095
1940,815.5384615384615,293.7307692307692,82.6923076923077
1941,814.2121212121212,272.3636363636364,83.45454545454545
1942,818.0,309.42105263157896,81.15789473684211
1943,821.7307692307693,357.38461538461536,77.92307692307692
1944,815.4545454545455,267.04545454545456,82.18181818181819
1945,818.34375,294.6875,80.3125
1946,824.8571428571429,366.5,75.60714285714286
1947,826.6315789473684,376.6842105263158,73.26315789473684
1948,820.84,288.32,78.32
1949,826.8333333333334,338.1,73.56666666666666
1950,821.1428571428571,248.28571428571428,77.61904761904762
1951,832.7857142857143,399.42857142857144,68.85714285714286
1952,822.3478260869565,251.65217391304347,76.30434782608695
1953,825.2608695652174,280.7826086956522,74.34782608695652
1954,829.24,334.56,70.72
1955,830.75,341.6875,70.0
1956,834.0,345.52,67.84
1957,832.7,321.2,69.0
1958,837.6153846153846,372.03846153846155,63.5
1959,840.8461538461538,396.38461538461536,61.80769230769231
1960,831.0384615384615,264.46153846153845,69.46153846153847
1961,834.1724137931035,282.44827586206895,66.86206896551724
1962,833.9411764705883,265.94117647058823,67.47058823529412
1963,833.0645161290323,223.16129032258064,67.54838709677419
1964,841.5,333.92857142857144,60.92857142857143
1965,834.8387096774194,245.0,65.70967741935483
1966,839.5,294.06666666666666,62.46666666666667
1967,836.3714285714286,249.85714285714286,64.57142857142857
1968,847.4347826086956,374.4782608695652,56.08695652173913
1969,849.84375,376.90625,54.4375
1970,849.2592592592592,302.8888888888889,54.44444444444444
1971,854.0384615384615,324.61538461538464,49.73076923076923
1972,853.1666666666666,285.2857142857143,50.523809523809526
1973,864.7272727272727,377.8181818181818,42.0
1974,864.0,275.0,43.0
1975,810.0,365.5,86.0
1976,806.3636363636364,275.27272727272725,89.0
1977,810.9090909090909,308.5,86.18181818181819
1978,809.5185185185185,275.6666666666667,87.5925925925926
1979,812.1739130434783,305.2173913043478,85.08695652173913
1980,817.125,352.5416666666667,81.16666666666667
1981,824.421052631579,384.57894736842104,75.78947368421052
1982,824.3225806451613,360.93548387096774,74.83870967741936
1983,831.9130434782609,412.5217391304348,69.69565217391305
1984,821.8181818181819,285.8484848484849,76.63636363636364
1985,831.5,410.5,70.2
1986,819.75,230.1875,78.5625
1987,827.2307692307693,307.5,72.57692307692308
1988,835.8,387.85714285714283,65.34285714285714
1989,831.1739130434783,326.04347826086956,69.04347826086956
1990,828.65,266.05,71.6
1991,834.28,326.04,67.04
1992,836.0434782608696,344.6521739130435,65.82608695652173
1993,837.6363636363636,360.0,64.0909090909091
1994,832.5333333333333,273.73333333333335,68.06666666666666
1995,832.6666666666666,255.02380952380952,67.35714285714286
1996,838.9090909090909,329.6969696969697,62.515151515151516
1997,838.6944444444445,248.58333333333334,61.638888888888886
1998,845.3548387096774,323.38709677419354,57.0
1999,849.4166666666666,325.2083333333333,54.166666666666664
2000,843.0,219.68,58.56
2001,851.71875,321.34375,51.375
2002,849.12,229.68,53.28
2003,864.72,334.24,40.52
2004,809.8620689655172,350.6896551724138,87.27586206896552
2005,814.04,355.84,83.04
2006,808.3529411764706,266.0882352941176,87.55882352941177
2007,810.68,281.52,86.28
2008,811.5135135135135,286.5405405405405,85.35135135135135
2009,809.1111111111111,253.55555555555554,87.03703703703704
2010,812.6129032258065,279.2903225806452,84.51612903225806
2011,814.7142857142857,310.9047619047619,82.76190476190476
2012,814.0384615384615,285.6923076923077,83.38461538461539
2013,816.0967741935484,289.93548387096774,81.45161290322581
2014,824.1724137931035,377.48275862068965,75.41379310344827
2015,818.3809523809524,247.52380952380952,79.42857142857143
2016,827.6666666666666,357.8095238095238,71.9047619047619
2017,827.8928571428571,338.7857142857143,71.5
2018,827.28,321.48,72.24
2019,829.8181818181819,349.54545454545456,70.36363636363636
2020,834.9375,395.5,66.3125
2021,832.2083333333334,339.8333333333333,68.16666666666667
2022,836.5714285714286,403.7142857142857,64.85714285714286
2023,825.8333333333334,250.0,73.0
2024,833.5714285714286,354.35714285714283,67.07142857142857
2025,835.4,380.1,65.46666666666667
2026,830.5483870967741,297.2258064516129,69.64516129032258
2027,835.0,358.22727272727275,66.0909090909091
2028,833.4375,334.375,67.125
2029,838.6363636363636,401.0,63.09090909090909
2030,830.0769230769231,274.0,69.76923076923077
2031,830.6,259.15,69.45
2032,837.047619047619,258.95238095238096,63.04761904761905
2033,851.0,402.0,53.0
2034,841.1904761904761,268.23809523809524,59.642857142857146
2035,842.7941176470588,257.8235294117647,58.529411764705884
2036,847.1176470588235,297.52941176470586,55.35294117647059
2037,859.3913043478261,378.17391304347825,45.30434782608695
2038,862.0,269.54545454545456,42.86363636363637
2039,816.0454545454545,342.45454545454544,82.0
2040,816.6666666666666,335.3333333333333,82.0
2041,819.2173913043479,371.8695652173913,78.91304347826087
2042,815.56,301.56,81.76
2043,815.6,279.8333333333333,81.56666666666666
2044,823.6086956521739,356.5652173913044,75.3913043478261
2045,821.5,300.7857142857143,76.85714285714286
2046,826.6363636363636,363.3181818181818,72.86363636363636
2047,832.047619047619,393.5,67.95238095238095
2048,831.2083333333334,355.2083333333333,69.04166666666667
2049,831.6666666666666,371.85714285714283,68.33333333333333
2050,826.1764705882352,277.2352941176471,72.88235294117646
2051,830.0,302.0,71.0
2052,825.25,224.75,74.0
2053,828.4722222222222,243.33333333333334,70.5
2054,836.9444444444445,341.77777777777777,64.11111111111111
2055,834.96875,300.15625,65.40625
2056,834.9,287.2,65.16666666666667
2057,842.3809523809524,325.85714285714283,59.38095238095238
2058,835.5333333333333,219.6,64.46666666666667
2059,839.3863636363636,263.97727272727275,60.81818181818182
2060,848.4,342.8,54.8
2061,846.78125,318.0,55.34375
2062,856.3,385.3,48.0
2063,850.4166666666666,296.0,52.083333333333336
2064,852.6875,317.0625,50.0625
2065,858.875,387.4375,46.0
2066,856.5833333333334,324.1666666666667,47.666666666666664
2067,863.6756756756756,348.3783783783784,41.189189189189186
2068,859.4444444444445,297.94444444444446,43.666666666666664
2069,859.0,254.13636363636363,44.72727272727273
2070,809.0,329.61538461538464,87.26923076923077
2071,810.6923076923077,338.96153846153845,85.6923076923077
2072,808.0909090909091,285.6363636363636,87.42424242424242
2073,809.4411764705883,294.79411764705884,86.44117647058823
2074,814.0816326530612,347.9795918367347,82.42857142857143
2075,814.3214285714286,337.82142857142856,82.67857142857143
2076,820.8387096774194,354.06451612903226,76.70967741935483
2077,818.3333333333334,310.04761904761904,79.04761904761905
2078,817.551724137931,303.7586206896552,79.44827586206897
2079,817.3548387096774,283.258064516129,79.58064516129032
2080,822.2962962962963,341.1111111111111,75.70370370370371
2081,825.2857142857143,368.57142857142856,73.42857142857143
2082,818.8695652173913,269.39130434782606,78.56521739130434
2083,827.4375,380.25,72.25
2084,819.125,259.5,78.46875
2085,824.75,333.4375,74.3125
2086,827.5,352.22222222222223,72.0
2087,827.9666666666667,344.76666666666665,70.73333333333333
2088,827.8636363636364,328.72727272727275,71.22727272727273
2089,822.6470588235294,246.58823529411765,75.23529411764706
2090,823.9512195121952,232.6829268292683,73.1951219512195
2091,827.0370370370371,262.14814814814815,71.33333333333333
2092,833.7727272727273,340.09090909090907,65.95454545454545
2093,830.8,301.25,68.25
2094,828.5,231.75,69.95833333333333
2095,837.1111111111111,322.962962962963,63.629629629629626
2096,830.7647058823529,240.2941176470588,68.6470588235294
2097,842.2,393.8666666666667,59.5
2098,843.8823529411765,405.4117647058824,58.0
2099,844.0625,398.8125,58.4375
2100,832.8095238095239,240.9047619047619,65.85714285714286
2101,839.08,325.96,61.08
2102,845.7894736842105,351.42105263157896,56.21052631578947
2103,842.421052631579,293.42105263157896,59.26315789473684
2104,844.1,279.6,57.05
2105,849.7777777777778,354.4074074074074,52.666666666666664
2106,850.0,316.4,53.0
2107,852.3076923076923,301.4230769230769,50.30769230769231
2108,853.1818181818181,267.27272727272725,49.60606060606061
2109,860.0,314.25,44.5
2110,862.1875,280.5625,41.625
2111,808.2,343.25,87.75
2112,804.7692307692307,260.15384615384613,89.0
2113,810.3823529411765,273.11764705882354,85.38235294117646
2114,821.8695652173913,369.82608695652175,76.21739130434783
2115,816.1724137931035,269.62068965517244,80.37931034482759
2116,818.0,274.51851851851853,78.4074074074074
2117,819.2352941176471,280.52941176470586,78.05882352941177
2118,820.3333333333334,264.80555555555554,76.58333333333333
2119,822.625,289.5833333333333,74.91666666666667
2120,822.4411764705883,276.9117647058824,75.1470588235294
2121,825.1153846153846,287.8076923076923,73.23076923076923
2122,826.8571428571429,311.7142857142857,72.0
2123,834.3333333333334,353.7083333333333,65.33333333333333
2124,830.5294117647059,288.88235294117646,68.58823529411765
2125,835.0526315789474,331.5263157894737,65.42105263157895
2126,835.695652173913,337.17391304347825,64.3913043478261
2127,841.25,405.5,60.25
2128,840.1951219512196,382.8536585365854,60.53658536585366
2129,838.0294117647059,336.5,62.470588235294116
2130,842.08,363.48,59.4
2131,832.7777777777778,219.55555555555554,65.94444444444444
2132,854.9428571428572,333.4,47.48571428571429
2133,856.3333333333334,322.3333333333333,46.0
2134,855.8636363636364,248.5909090909091,46.59090909090909
2135,861.5,330.26666666666665,41.96666666666667
2136,806.6,338.4,88.66666666666667
2137,811.6428571428571,335.25,84.35714285714286
2138,812.0,304.25,83.35714285714286
2139,814.44,326.6,81.76
2140,818.24,366.48,78.24
2141,815.5666666666667,332.6,80.36666666666666
2142,824.8181818181819,381.45454545454544,74.0
2143,821.6470588235294,346.55882352941177,75.47058823529412
2144,817.1904761904761,263.76190476190476,78.80952380952381
2145,818.9166666666666,252.25,77.83333333333333
2146,833.5714285714286,401.0,67.0
2147,824.2758620689655,292.9310344827586,72.65517241379311
2148,830.4285714285714,362.6190476190476,68.14285714285714
2149,821.8333333333334,230.66666666666666,75.5
2150,826.6071428571429,291.0357142857143,71.39285714285714
2151,827.7307692307693,284.8076923076923,70.5
2152,826.0454545454545,271.90909090909093,71.5
2153,830.578947368421,331.36842105263156,67.84210526315789
2154,831.64,321.84,66.76
2155,827.9130434782609,254.82608695652175,70.3913043478261
2156,829.6666666666666,282.7083333333333,68.70833333333333
2157,832.0526315789474,297.3157894736842,67.05263157894737
2158,833.56,273.96,65.48
2159,845.4705882352941,404.0,56.05882352941177
2160,844.5,370.55263157894734,56.44736842105263
2161,840.9565217391304,273.0869565217391,59.47826086956522
2162,845.5,305.0,56.0
2163,841.0,262.62,57.66
2164,853.3888888888889,395.05555555555554,49.72222222222222
2165,849.9285714285714,291.35714285714283,52.0
2166,845.5454545454545,228.5909090909091,55.13636363636363
2167,853.3333333333334,328.5833333333333,48.75
2168,853.44,320.08,48.48
2169,863.7619047619048,373.0,40.19047619047619
2170,807.75,299.0,87.0
2171,808.5652173913044,301.2173913043478,85.6086956521739
2172,814.4615384615385,366.9230769230769,81.15384615384616
2173,817.5652173913044,337.30434782608694,78.78260869565217
2174,817.2,289.7,79.43333333333334
2175,821.2,325.76,75.6
2176,819.4193548387096,291.0967741935484,76.58064516129032
2177,822.64,296.2,74.24
2178,825.2631578947369,299.10526315789474,72.26315789473684
2179,821.7142857142857,226.0,74.78571428571429
2180,826.55,296.8,70.9
2181,830.8275862068965,350.44827586206895,67.51724137931035
2182,833.125,363.875,66.375
2183,826.6896551724138,236.9655172413793,70.51724137931035
2184,832.5,291.17857142857144,66.32142857142857
2185,829.2272727272727,228.5909090909091,68.31818181818181
2186,835.9655172413793,241.0,62.724137931034484
2187,851.3125,400.125,50.875
2188,846.7857142857143,339.7857142857143,53.92857142857143
2189,844.6428571428571,283.35714285714283,54.67857142857143
2190,856.0,394.0,48.0
2191,850.4545454545455,293.45454545454544,50.45454545454545
2192,860.5263157894736,382.7894736842105,42.78947368421053
2193,851.1304347826087,239.2173913043478,50.130434782608695
2194,853.421052631579,236.94736842105263,48.0
2195,862.3157894736842,292.94736842105266,41.526315789473685
2196,863.88,286.44,39.4
2197,864.4615384615385,274.0,39.15384615384615
2198,804.9565217391304,299.2608695652174,89.0
2199,811.28,351.92,83.48
2200,811.5294117647059,326.2352941176471,83.05882352941177
2201,815.875,363.03125,79.65625
2202,810.6,261.8,83.95
2203,822.1764705882352,372.5882352941176,74.6470588235294
2204,824.3703703703703,325.8888888888889,72.5925925925926
2205,821.36,251.28,74.2
2206,830.5652173913044,358.69565217391306,67.43478260869566
2207,826.2608695652174,275.9130434782609,70.78260869565217
2208,825.1111111111111,257.962962962963,71.4074074074074
2209,832.5714285714286,322.92857142857144,65.07142857142857
2210,826.6666666666666,223.77777777777777,70.08333333333333
2211,839.9615384615385,377.34615384615387,59.80769230769231
2212,841.0,401.2,58.6
2213,838.969696969697,360.5151515151515,60.484848484848484
2214,841.3666666666667,385.3666666666667,58.56666666666667
2215,835.7142857142857,303.6190476190476,63.0
2216,832.8333333333334,225.88888888888889,65.05555555555556
2217,842.5652173913044,328.17391304347825,57.52173913043478
2218,836.219512195122,236.21951219512195,61.51219512195122
2219,839.8620689655172,253.06896551724137,58.758620689655174
2220,853.4,400.4,49.0
2221,846.8,293.4,53.2
2222,844.4736842105264,223.26315789473685,55.1578947368421
2223,848.2127659574468,255.70212765957447,51.659574468085104
2224,846.6521739130435,224.43478260869566,53.391304347826086
2225,855.8275862068965,352.17241379310343,46.37931034482759
2226,852.1052631578947,290.7368421052632,48.5
2227,848.9166666666666,234.54166666666666,51.583333333333336
2228,850.9230769230769,255.23076923076923,49.53846153846154
2229,863.3333333333334,340.93333333333334,39.333333333333336
2230,857.9565217391304,248.91304347826087,44.34782608695652
2231,812.8108108108108,369.43243243243245,82.5945945945946
2232,814.9714285714285,358.25714285714287,80.37142857142857
2233,815.2142857142857,275.75,79.64285714285714
2234,819.6111111111111,329.94444444444446,76.61111111111111
2235,819.92,296.24,76.0
2236,823.0,305.14285714285717,74.42857142857143
2237,825.0,347.3181818181818,72.13636363636364
2238,829.1379310344828,383.0344827586207,69.27586206896552
2239,820.88,268.56,74.56
2240,823.275,237.95,72.35
2241,828.1666666666666,277.8,68.6
2242,835.0,345.94117647058823,63.8235294117647
2243,834.0909090909091,327.72727272727275,64.03030303030303
2244,831.4285714285714,270.0,66.52380952380952
2245,831.4,262.35,66.15
2246,829.7692307692307,236.76923076923077,66.6923076923077
2247,834.8275862068965,296.58620689655174,63.275862068965516
2248,839.3793103448276,330.55172413793105,59.6551724137931
2249,855.8888888888889,328.25925925925924,44.888888888888886
2250,850.8571428571429,233.53571428571428,49.464285714285715
2251,862.75,366.35,40.3
2252,804.6363636363636,332.09090909090907,88.57575757575758
2253,806.0,306.95454545454544,87.9090909090909
2254,805.4705882352941,312.6470588235294,88.0
2255,808.578947368421,323.10526315789474,86.0
2256,811.4347826086956,291.17391304347825,83.08695652173913
2257,810.8,275.92,82.92
2258,818.5925925925926,322.51851851851853,77.14814814814815
2259,819.5,314.0,77.5
2260,821.9545454545455,329.6818181818182,73.95454545454545
2261,823.3333333333334,319.0,74.0
2262,825.1111111111111,280.2962962962963,71.07407407407408
2263,824.46875,245.4375,71.53125
2264,826.9473684210526,268.36842105263156,69.63157894736842
2265,833.88,363.96,64.12
2266,829.9615384615385,286.1923076923077,67.23076923076923
2267,837.0,289.90909090909093,62.0
2268,838.3103448275862,321.86206896551727,60.0
2269,846.5806451612904,373.8709677419355,53.45161290322581
2270,845.6341463414634,357.6829268292683,53.951219512195124
2271,846.7096774193549,364.741935483871,53.32258064516129
2272,844.6744186046511,346.8139534883721,54.41860465116279
2273,836.9090909090909,218.04545454545453,61.22727272727273
2274,848.0,340.2682926829268,51.58536585365854
2275,842.0,224.375,57.0
2276,858.5,325.0,43.0
2277,864.6,356.1,38.5
2278,859.7777777777778,265.48148148148147,41.81481481481482
2279,808.1538461538462,351.0769230769231,85.61538461538461
2280,801.0,263.0,89.0
2281,809.6666666666666,357.8333333333333,83.93333333333334
2282,804.3461538461538,280.15384615384613,87.96153846153847
2283,812.6363636363636,307.1515151515151,81.42424242424242
2284,816.3636363636364,299.90909090909093,78.4090909090909
2285,820.0645161290323,351.6774193548387,75.29032258064517
2286,829.1071428571429,376.92857142857144,68.42857142857143
2287,818.2857142857143,228.0,77.0
2288,830.280701754386,412.03508771929825,65.54385964912281
2289,820.6315789473684,234.31578947368422,74.63157894736842
2290,831.3428571428572,373.0571428571429,65.74285714285715
2291,826.7083333333334,304.0,69.45833333333333
2292,832.8275862068965,367.82758620689657,64.82758620689656
2293,822.8285714285714,227.6,72.34285714285714
2294,827.6363636363636,292.22727272727275,68.86363636363636
2295,832.3636363636364,278.57575757575756,64.57575757575758
2296,828.3703703703703,221.03703703703704,67.66666666666667
2297,838.6875,303.8125,59.625
2298,838.125,296.6666666666667,59.708333333333336
2299,845.9545454545455,320.27272727272725,52.77272727272727
2300,845.7560975609756,278.8292682926829,52.5609756097561
2301,848.6315789473684,303.7368421052632,51.21052631578947
2302,853.96,357.8,46.44
2303,854.9090909090909,243.45454545454547,45.54545454545455
2304,864.8888888888889,344.4074074074074,37.407407407407405
2305,803.6,284.9428571428571,88.6
2306,809.2692307692307,371.34615384615387,84.0
2307,809.925,341.775,83.575
2308,806.1818181818181,271.0,86.42424242424242
2309,811.5333333333333,321.46666666666664,82.93333333333334
2310,811.8846153846154,332.5,81.73076923076923
2311,813.9565217391304,340.6521739130435,80.30434782608695
2312,812.1481481481482,296.81481481481484,81.5925925925926
2313,818.1724137931035,309.7241379310345,76.24137931034483
2314,822.7428571428571,356.45714285714286,72.57142857142857
2315,821.2352941176471,300.4117647058824,73.94117647058823
2316,822.9629629629629,303.74074074074076,72.33333333333333
2317,826.2692307692307,331.46153846153845,69.6923076923077
2318,827.4545454545455,346.42424242424244,68.57575757575758
2319,830.8214285714286,388.85714285714283,66.07142857142857
2320,833.4565217391304,392.1304347826087,63.52173913043478
2321,826.6,261.28,69.28
2322,828.2173913043479,271.9130434782609,68.04347826086956
2323,826.3428571428572,246.9142857142857,69.11428571428571
2324,828.7058823529412,265.70588235294116,67.44117647058823
2325,836.8181818181819,365.77272727272725,61.63636363636363
2326,837.7368421052631,291.3157894736842,59.73684210526316
2327,834.0454545454545,222.95454545454547,62.45454545454545
2328,840.4736842105264,298.3157894736842,57.68421052631579
2329,842.1794871794872,278.8205128205128,55.15384615384615
2330,847.2222222222222,325.4074074074074,52.44444444444444
2331,846.0,309.0,53.0
2332,856.6666666666666,392.8333333333333,45.333333333333336
2333,849.4444444444445,279.52777777777777,49.22222222222222
2334,857.8636363636364,377.6818181818182,43.18181818181818
2335,847.4375,227.3125,51.0625
2336,853.96875,292.46875,45.5625
2337,861.875,377.625,40.25
2338,862.9487179487179,331.1794871794872,38.43589743589744
2339,863.6666666666666,291.0,39.0
2340,803.25,323.75,88.75
2341,806.2702702702703,356.05405405405406,86.48648648648648
2342,807.2222222222222,342.5,85.55555555555556
2343,809.96,314.28,83.28
2344,808.0,293.2,84.32
2345,814.3103448275862,370.0,79.44827586206897
2346,813.36,325.84,79.96
2347,815.3870967741935,343.2258064516129,78.64516129032258
2348,812.551724137931,285.0689655172414,80.37931034482759
2349,816.12,326.2,77.8
2350,818.7142857142857,359.6666666666667,75.61904761904762
2351,821.21875,365.1875,74.40625
2352,824.125,376.125,71.0
2353,817.6333333333333,269.53333333333336,76.33333333333333
2354,821.1851851851852,273.77777777777777,73.4074074074074
2355,829.1304347826087,367.3478260869565,67.6086956521739
2356,821.875,253.625,72.375
2357,828.9615384615385,327.0769230769231,67.15384615384616
2358,832.6206896551724,319.51724137931035,63.793103448275865
2359,831.44,294.68,64.76
2360,832.1,283.35,64.25
2361,834.625,286.2916666666667,62.625
2362,840.0,322.0,57.714285714285715
2363,841.09375,337.5625,56.6875
2364,839.8809523809524,274.54761904761904,56.69047619047619
2365,846.4444444444445,336.44444444444446,52.111111111111114
2366,848.8333333333334,353.0,50.388888888888886
2367,844.1923076923077,261.9230769230769,54.07692307692308
2368,848.8064516129032,334.1290322580645,49.61290322580645
2369,863.5,368.6666666666667,38.0
2370,863.12,350.2,38.2
2371,863.6,325.0,39.0
2372,859.7428571428571,275.37142857142857,40.457142857142856
2373,805.6666666666666,332.52777777777777,86.33333333333333
2374,807.6153846153846,310.2692307692308,84.65384615384616
2375,806.8333333333334,276.4166666666667,85.375
2376,808.6176470588235,282.1470588235294,83.44117647058823
2377,815.0909090909091,359.09090909090907,78.45454545454545
2378,810.9285714285714,280.64285714285717,81.5
2379,814.2352941176471,321.1764705882353,79.17647058823529
2380,816.6428571428571,305.14285714285717,77.46428571428571
2381,818.6153846153846,333.03846153846155,75.03846153846153
2382,814.9166666666666,258.125,78.25
2383,821.0333333333333,345.8333333333333,72.63333333333334
2384,817.7619047619048,282.23809523809524,75.85714285714286
2385,823.2692307692307,334.2307692307692,71.61538461538461
2386,826.6190476190476,353.14285714285717,68.85714285714286
2387,824.6666666666666,320.6111111111111,70.11111111111111
2388,824.0833333333334,306.6666666666667,70.75
2389,821.76,269.56,72.4
2390,823.3333333333334,266.0,71.42857142857143
2391,830.0,344.0,68.0
2392,830.7083333333334,348.0416666666667,65.66666666666667
2393,833.5294117647059,378.20588235294116,63.411764705882355
2394,830.7931034482758,335.1034482758621,65.34482758620689
2395,830.9512195121952,251.02439024390245,64.4390243902439
2396,835.1875,301.8125,61.125
2397,832.0967741935484,246.48387096774192,63.45161290322581
2398,845.741935483871,369.4516129032258,52.516129032258064
2399,845.3214285714286,288.14285714285717,52.67857142857143
2400,847.1290322580645,272.16129032258067,50.54838709677419
2401,859.1428571428571,315.57142857142856,41.714285714285715
2402,858.25,253.25,42.0
2403,803.0,336.0,89.0
2404,801.0,287.5,89.0
2405,804.7391304347826,319.5217391304348,87.08695652173913
2406,808.7058823529412,332.2352941176471,83.32352941176471
2407,814.8,354.26666666666665,78.5
2408,810.0416666666666,264.9166666666667,82.16666666666667
2409,816.2962962962963,340.18518518518516,77.0
2410,818.32,301.76,75.76
2411,820.2903225806451,323.741935483871,73.38709677419355
2412,826.8888888888889,417.7111111111111,67.02222222222223
2413,827.25,321.85,67.65
2414,832.6756756756756,386.0810810810811,63.37837837837838
2415,832.0370370370371,349.74074074074076,63.592592592592595
2416,828.8,280.32,66.36
2417,827.3333333333334,260.3888888888889,67.5
2418,841.1818181818181,297.09090909090907,55.57575757575758
2419,843.4,315.4,54.3
2420,844.6896551724138,303.9655172413793,53.310344827586206
2421,856.5714285714286,387.04761904761904,43.857142857142854
2422,853.0,319.52941176470586,46.05882352941177
2423,853.0833333333334,297.5,45.361111111111114
2424,861.9166666666666,361.1666666666667,39.416666666666664
2425,857.6129032258065,288.0967741935484,41.32258064516129
2426,801.0,328.5,89.0
2427,803.2272727272727,352.09090909090907,86.95454545454545
2428,812.3333333333334,347.9166666666667,79.83333333333333
2429,810.1481481481482,286.74074074074076,82.03703703703704
2430,814.8620689655172,349.6551724137931,78.0
2431,816.75,334.75,76.75
2432,818.1724137931035,337.2758620689655,75.55172413793103
2433,813.5833333333334,252.22222222222223,78.02777777777777
2434,820.2083333333334,351.5,72.625
2435,826.6216216216217,393.86486486486484,67.64864864864865
2436,819.047619047619,279.1904761904762,73.9047619047619
2437,828.7727272727273,397.90909090909093,66.4090909090909
2438,830.3333333333334,357.6296296296296,65.44444444444444
2439,826.5172413793103,297.7241379310345,68.44827586206897
2440,833.5384615384615,403.02564102564105,62.41025641025641
2441,837.3888888888889,404.0,59.5
2442,836.0714285714286,391.9642857142857,59.785714285714285
2443,838.75,395.875,59.0
2444,828.8823529411765,274.11764705882354,65.76470588235294
2445,834.0,339.8666666666667,62.13333333333333
2446,828.125,256.225,66.375
2447,831.2352941176471,301.38235294117646,63.85294117647059
2448,841.421052631579,354.6842105263158,55.473684210526315
2449,847.1739130434783,366.0869565217391,51.26086956521739
2450,840.6829268292682,265.9268292682927,55.26829268292683
2451,850.3636363636364,297.93939393939394,47.42424242424242
2452,852.5925925925926,335.2037037037037,45.351851851851855
2453,849.1621621621622,271.3783783783784,48.45945945945946
2454,859.5714285714286,382.82142857142856,40.67857142857143
2455,805.7142857142857,365.8095238095238,85.95238095238095
2456,803.7142857142857,302.42857142857144,86.89285714285714
2457,806.1739130434783,329.7391304347826,84.65217391304348
2458,804.7619047619048,290.5238095238095,85.85714285714286
2459,806.4285714285714,288.57142857142856,84.37142857142857
2460,808.6,308.93333333333334,83.0
2461,813.44,309.76,79.36
2462,813.8666666666667,330.53333333333336,78.36666666666666
2463,816.4666666666667,345.73333333333335,76.6
2464,819.2222222222222,376.22222222222223,74.22222222222223
2465,815.3,318.55,77.25
2466,822.1666666666666,376.6111111111111,72.11111111111111
2467,815.8928571428571,286.39285714285717,76.32142857142857
2468,822.8333333333334,362.6666666666667,71.77777777777777
2469,821.7096774193549,339.258064516129,71.70967741935483
2470,818.741935483871,305.83870967741933,74.45161290322581
2471,823.5909090909091,352.27272727272725,71.0
2472,817.1923076923077,273.7307692307692,75.42307692307692
2473,826.6,336.3333333333333,68.93333333333334
2474,823.5,300.2692307692308,70.46153846153847
2475,829.9354838709677,379.7096774193548,64.87096774193549
2476,825.16,286.44,69.16
2477,824.5,273.6666666666667,69.27777777777777
2478,829.6521739130435,328.04347826086956,65.21739130434783
2479,825.0,256.35,68.75
2480,827.741935483871,292.3225806451613,66.51612903225806
2481,835.75,336.5,60.8125
2482,834.1333333333333,292.8666666666667,61.13333333333333
2483,831.4117647058823,218.1764705882353,63.05882352941177
2484,840.1578947368421,317.7894736842105,56.31578947368421
2485,841.1428571428571,306.7857142857143,55.464285714285715
2486,851.7777777777778,397.8888888888889,47.333333333333336
2487,849.3055555555555,265.6111111111111,48.138888888888886
2488,850.6666666666666,280.38461538461536,46.51282051282051
2489,849.7777777777778,242.44444444444446,47.51851851851852
2490,862.7058823529412,364.11764705882354,37.705882352941174
2491,857.0,261.25,41.9375
2492,800.7368421052631,313.7894736842105,88.84210526315789
2493,803.0,342.2692307692308,87.23076923076923
2494,799.64,292.12,88.96
2495,800.3333333333334,279.8,89.0
2496,806.5151515151515,347.1515151515151,84.45454545454545
2497,804.6521739130435,311.4347826086956,86.04347826086956
2498,805.7826086956521,304.82608695652175,84.73913043478261
2499,804.0833333333334,281.0,86.04166666666667
2500,810.2857142857143,354.2857142857143,81.64285714285714
2501,810.0714285714286,269.14285714285717,80.67857142857143
2502,811.741935483871,278.35483870967744,79.45161290322581
2503,812.7142857142857,268.7142857142857,78.75
2504,822.8,409.4,71.0
2505,813.9545454545455,284.1363636363636,77.86363636363636
2506,814.4848484848485,279.24242424242425,77.45454545454545
2507,825.3125,381.375,68.90625
2508,815.8,252.31428571428572,75.54285714285714
2509,821.0,288.0,73.0
2510,821.0,279.9130434782609,71.91304347826087
2511,827.65625,353.84375,66.59375
2512,825.25,318.25,69.0
2513,820.4666666666667,249.6,72.26666666666667
2514,828.15625,300.03125,65.5625
2515,834.2916666666666,331.25,61.416666666666664
2516,835.3684210526316,268.42105263157896,59.526315789473685
2517,840.9032258064516,301.3225806451613,55.0
2518,842.3478260869565,320.0869565217391,54.0
2519,840.7692307692307,258.05128205128204,54.46153846153846
2520,840.2666666666667,219.33333333333334,55.46666666666667
2521,854.24,381.52,44.56
2522,852.7317073170732,347.780487804878,45.46341463414634
2523,848.3157894736842,294.4736842105263,48.73684210526316
2524,854.8888888888889,363.6666666666667,44.55555555555556
2525,858.5714285714286,268.2142857142857,39.642857142857146
2526,799.625,299.0,89.0
2527,801.0645161290323,309.06451612903226,88.61290322580645
2528,802.1428571428571,335.35714285714283,87.4047619047619
2529,800.8484848484849,256.6363636363636,88.36363636363636
2530,808.3214285714286,336.4642857142857,82.64285714285714
2531,812.08,292.24,79.68
2532,810.1428571428571,263.14285714285717,80.28571428571429
2533,813.84375,294.96875,77.375
2534,816.6969696969697,265.3030303030303,74.66666666666667
2535,823.1428571428571,325.0,70.85714285714286
2536,820.6153846153846,288.88461538461536,71.65384615384616
2537,819.125,257.5833333333333,72.29166666666667
2538,828.8461538461538,362.15384615384613,65.84615384615384
2539,823.0,293.0,69.8076923076923
2540,829.1923076923077,343.61538461538464,65.15384615384616
2541,822.875,252.0625,70.3125
2542,835.551724137931,397.9310344827586,59.51724137931034
2543,831.56,333.84,63.04
2544,837.5,326.1818181818182,58.18181818181818
2545,840.1612903225806,322.64516129032256,55.45161290322581
2546,849.9117647058823,361.29411764705884,46.588235294117645
2547,846.0,289.1333333333333,50.666666666666664
2548,853.8235294117648,320.3529411764706,43.88235294117647
2549,861.7941176470588,338.29411764705884,37.38235294117647
2550,860.0,280.258064516129,38.41935483870968
2551,802.36,328.68,87.4
2552,800.8709677419355,303.7741935483871,88.12903225806451
2553,805.4137931034483,336.6896551724138,84.44827586206897
2554,805.5555555555555,320.4074074074074,84.51851851851852
2555,808.75,342.1666666666667,81.75
2556,809.5,323.34375,81.40625
2557,818.0384615384615,355.9230769230769,74.23076923076923
2558,814.1034482758621,265.1034482758621,76.89655172413794
2559,816.8888888888889,291.27777777777777,75.0
2560,817.6363636363636,285.8636363636364,74.18181818181819
2561,823.5909090909091,342.90909090909093,69.72727272727273
2562,830.1538461538462,405.38461538461536,64.0
2563,818.8837209302326,243.69767441860466,71.51162790697674
2564,820.9444444444445,262.1666666666667,70.88888888888889
2565,823.3928571428571,265.17857142857144,69.35714285714286
2566,830.1666666666666,338.76666666666665,63.666666666666664
2567,831.2777777777778,343.72222222222223,63.388888888888886
2568,833.1666666666666,345.3333333333333,62.0
2569,833.4583333333334,325.9583333333333,60.875
2570,837.25,305.75,58.0
2571,843.3714285714286,382.3142857142857,52.285714285714285
2572,847.8823529411765,394.47058823529414,49.64705882352941
2573,852.0,393.22222222222223,46.77777777777778
2574,846.9583333333334,321.5,49.666666666666664
2575,841.9666666666667,227.16666666666666,53.46666666666667
2576,847.64,304.12,48.72
2577,850.8,325.45714285714286,45.65714285714286
2578,849.6666666666666,303.4761904761905,46.80952380952381
2579,851.6666666666666,237.33333333333334,46.0
2580,855.0,300.08,42.08
2581,857.7307692307693,283.6923076923077,39.65384615384615
2582,805.9629629629629,351.9259259259259,83.81481481481481
2583,808.8571428571429,327.92857142857144,81.39285714285714
2584,812.48,289.72,78.2
2585,818.952380952381,335.0952380952381,73.0952380952381
2586,821.4736842105264,330.1578947368421,70.78947368421052
2587,823.6363636363636,349.40909090909093,69.5
2588,824.675,373.375,67.625
2589,827.6470588235294,403.38235294117646,65.6470588235294
2590,825.7586206896551,359.58620689655174,67.51724137931035
2591,821.3103448275862,274.2758620689655,70.86206896551724
2592,825.4444444444445,281.18518518518516,67.4074074074074
2593,828.04,286.24,65.04
2594,845.7777777777778,404.1111111111111,50.77777777777778
2595,834.4761904761905,218.52380952380952,59.0
2596,841.34375,275.1875,52.6875
2597,841.1578947368421,221.42105263157896,53.36842105263158
2598,844.625,233.3125,50.53125
2599,856.2666666666667,348.8,41.86666666666667
2600,853.7058823529412,245.88235294117646,43.470588235294116
2601,858.0,258.8181818181818,39.72727272727273
2602,800.35,296.75,88.0
2603,810.9444444444445,335.0,79.0
2604,808.4736842105264,275.2105263157895,81.15789473684211
2605,811.8333333333334,299.4166666666667,79.16666666666667
2606,816.1818181818181,368.3181818181818,75.04545454545455
2607,815.258064516129,327.83870967741933,75.7741935483871
2608,815.6,342.08,75.0
2609,819.6153846153846,366.88461538461536,72.46153846153847
2610,816.5652173913044,322.5652173913044,75.04347826086956
2611,825.1282051282051,386.4871794871795,67.23076923076923
2612,819.9166666666666,296.0416666666667,71.29166666666667
2613,817.0833333333334,223.16666666666666,74.0
2614,826.4333333333333,332.93333333333334,66.43333333333334
2615,822.24,282.68,69.32
2616,830.1785714285714,374.4642857142857,62.892857142857146
2617,831.5370370370371,368.6296296296296,61.77777777777778
2618,834.04,318.48,59.0
2619,829.8536585365854,242.0487804878049,62.4390243902439
2620,834.90625,301.1875,58.71875
2621,832.8461538461538,263.28205128205127,60.17948717948718
2622,846.6666666666666,400.44444444444446,49.833333333333336
2623,847.25,238.0625,48.125
2624,857.9583333333334,370.375,40.0
2625,861.3333333333334,373.3333333333333,38.0
2626,851.4545454545455,240.72727272727272,44.45454545454545
2627,853.578947368421,254.0,43.10526315789474
2628,802.6296296296297,298.1111111111111,85.77777777777777
2629,808.96,364.36,80.8
2630,807.3666666666667,318.9,82.03333333333333
2631,806.0434782608696,275.6521739130435,83.0
2632,814.8928571428571,297.39285714285717,75.53571428571429
2633,820.3846153846154,357.5769230769231,70.73076923076923
2634,819.1111111111111,308.14814814814815,72.11111111111111
2635,817.1470588235294,295.2647058823529,73.55882352941177
2636,823.5666666666667,334.53333333333336,68.4
2637,817.7659574468086,230.4468085106383,72.06382978723404
2638,826.2,248.62857142857143,64.85714285714286
2639,839.1395348837209,374.74418604651163,55.06976744186046
2640,839.6410256410256,270.28205128205127,53.53846153846154
2641,844.1666666666666,254.93333333333334,49.8
2642,857.6363636363636,294.40909090909093,39.63636363636363
2643,862.0,277.0,37.0
2644,823.875,399.25,67.0
2645,819.0454545454545,299.59090909090907,72.0
2646,817.0,252.3,73.25
2647,825.4565217391304,370.8478260869565,65.52173913043478
2648,825.7083333333334,347.8333333333333,66.75
2649,826.7631578947369,365.63157894736844,64.76315789473684
2650,821.3125,247.5625,69.875
2651,824.2608695652174,288.0869565217391,67.43478260869566
2652,823.0666666666667,269.1333333333333,67.93333333333334
2653,824.6086956521739,275.95652173913044,66.91304347826087
2654,820.7659574468086,227.59574468085106,69.02127659574468
2655,825.6,269.7,66.1
2656,834.9444444444445,376.77777777777777,59.111111111111114
2657,823.4571428571429,220.37142857142857,67.54285714285714
2658,832.1428571428571,321.42857142857144,60.642857142857146
2659,834.7333333333333,329.8,58.56666666666667
2660,827.44,218.8,64.36
2661,832.0,297.4,60.4
2662,834.7857142857143,294.35714285714283,57.92857142857143
2663,836.7037037037037,301.22222222222223,56.7037037037037
2664,838.3888888888889,327.5,55.111111111111114
2665,845.8684210526316,339.0,49.026315789473685
2666,847.8809523809524,328.92857142857144,47.04761904761905
2667,851.1071428571429,316.82142857142856,44.464285714285715
2668,845.7777777777778,230.55555555555554,48.629629629629626
2669,856.7894736842105,340.7368421052632,40.05263157894737
2670,853.7333333333333,294.53333333333336,42.8
2671,797.6666666666666,318.3333333333333,89.0
2672,801.0967741935484,324.2258064516129,86.58064516129032
2673,802.4285714285714,348.32142857142856,85.5
2674,801.0588235294117,283.97058823529414,86.52941176470588
2675,807.7407407407408,348.22222222222223,81.33333333333333
2676,808.2647058823529,337.8235294117647,80.3529411764706
2677,809.25,296.60714285714283,79.53571428571429
2678,811.7,308.2,77.6
2679,812.1515151515151,302.3030303030303,77.15151515151516
2680,817.1818181818181,371.04545454545456,73.31818181818181
2681,816.25,347.7857142857143,74.42857142857143
2682,816.7586206896551,340.0689655172414,73.48275862068965
2683,817.03125,329.625,73.28125
2684,816.24,270.32,73.64
2685,824.5454545454545,365.90909090909093,67.13636363636364
2686,822.2941176470588,323.52941176470586,68.82352941176471
2687,823.25,293.8333333333333,67.75
2688,820.125,255.875,69.95833333333333
2689,820.1428571428571,222.71428571428572,69.53571428571429
2690,830.7894736842105,287.10526315789474,61.68421052631579
2691,830.0666666666667,246.36666666666667,60.833333333333336
2692,835.4736842105264,290.1578947368421,57.578947368421055
2693,841.5,342.0,53.0
2694,843.4444444444445,324.44444444444446,51.0
2695,848.2894736842105,344.2368421052632,46.36842105263158
2696,854.8571428571429,384.64285714285717,42.0
2697,847.6486486486486,270.13513513513516,46.513513513513516
2698,855.3617021276596,334.1063829787234,40.148936170212764
2699,858.8333333333334,287.6,37.46666666666667
2700,800.4,308.05,86.5
2701,809.0357142857143,357.57142857142856,79.67857142857143
2702,803.8928571428571,283.0,83.64285714285714
2703,805.7307692307693,303.96153846153845,82.53846153846153
2704,807.9411764705883,307.88235294117646,80.94117647058823
2705,810.5833333333334,339.4166666666667,77.875
2706,810.85,313.05,77.65
2707,812.2857142857143,322.5238095238095,77.38095238095238
2708,810.6,258.48,77.6
2709,812.71875,290.0625,76.28125
2710,817.7272727272727,225.36363636363637,71.21212121212122
2711,825.3636363636364,296.40909090909093,65.63636363636364
2712,829.28,329.12,62.68
2713,822.516129032258,242.6451612903226,67.61290322580645
2714,823.1578947368421,248.02631578947367,66.78947368421052
2715,827.1363636363636,277.3636363636364,64.45454545454545
2716,829.7037037037037,303.8888888888889,62.18518518518518
2717,832.0,288.63157894736844,59.55263157894737
2718,842.0833333333334,373.75,51.666666666666664
2719,835.2,248.4,56.525
2720,840.6216216216217,282.56756756756755,52.351351351351354
2721,845.9512195121952,290.1951219512195,47.8780487804878
2722,841.7391304347826,224.7391304347826,51.21739130434783
2723,798.1,332.2,89.0
2724,802.060606060606,293.3636363636364,84.9090909090909
2725,808.21875,343.75,79.78125
2726,806.3181818181819,312.8181818181818,81.36363636363636
2727,808.7619047619048,319.57142857142856,79.71428571428571
2728,815.8333333333334,363.375,74.04166666666667
2729,817.88,360.84,72.44
2730,814.5454545454545,301.54545454545456,74.5
2731,812.0384615384615,261.84615384615387,75.8076923076923
2732,819.24,303.96,70.56
2733,822.2352941176471,303.88235294117646,68.29411764705883
2734,820.8965517241379,277.3103448275862,68.65517241379311
2735,825.5714285714286,322.5357142857143,65.57142857142857
2736,828.3333333333334,292.55555555555554,63.44444444444444
2737,832.4074074074074,335.8888888888889,59.96296296296296
2738,829.625,298.0416666666667,61.875
2739,836.5428571428571,364.0857142857143,55.857142857142854
2740,839.9047619047619,328.9047619047619,53.095238095238095
2741,841.2692307692307,346.2307692307692,51.69230769230769
2742,846.75,399.0,48.0
2743,842.7857142857143,305.60714285714283,50.535714285714285
2744,854.1666666666666,376.1333333333333,41.333333333333336
2745,861.0625,352.1875,36.125
2746,857.5,274.0,38.142857142857146
2747,804.625,324.2916666666667,82.875
2748,806.2142857142857,333.10714285714283,81.5
2749,804.6428571428571,287.82142857142856,82.14285714285714
2750,806.2222222222222,295.2962962962963,81.48148148148148
2751,808.2692307692307,312.38461538461536,79.53846153846153
2752,808.1875,287.375,80.125
2753,812.7,306.6666666666667,75.66666666666667
2754,812.1153846153846,269.7307692307692,76.07692307692308
2755,818.3888888888889,326.1111111111111,71.11111111111111
2756,816.4444444444445,275.1111111111111,72.81481481481481
2757,822.8421052631579,355.57894736842104,67.6842105263158
2758,817.2608695652174,269.7391304347826,71.3913043478261
2759,823.578947368421,339.42105263157896,67.10526315789474
2760,818.8,279.92,70.12
2761,818.5,266.75,69.91666666666667
2762,826.8666666666667,349.3,64.1
2763,821.8,259.6,68.26666666666667
2764,828.1578947368421,281.2105263157895,63.21052631578947
2765,843.2142857142857,336.64285714285717,50.214285714285715
2766,845.4117647058823,348.8529411764706,47.6764705882353
2767,843.2941176470588,267.1764705882353,49.23529411764706
2768,857.75,377.375,39.375
2769,854.0,319.0,42.0
2770,858.5,360.0,37.0
2771,858.125,329.375,37.75
2772,859.1923076923077,332.9230769230769,36.61538461538461
2773,797.4857142857143,326.7142857142857,88.57142857142857
2774,797.4230769230769,282.96153846153845,88.34615384615384
2775,801.4615384615385,328.9230769230769,85.11538461538461
2776,805.551724137931,360.7586206896552,81.58620689655173
2777,808.5384615384615,369.38461538461536,79.3076923076923
2778,809.44,352.44,78.52
2779,808.3181818181819,306.1818181818182,79.18181818181819
2780,809.875,327.6666666666667,77.875
2781,811.6129032258065,347.0,76.48387096774194
2782,812.6111111111111,351.8333333333333,75.83333333333333
2783,818.8620689655172,352.82758620689657,70.51724137931035
2784,815.2083333333334,304.75,73.0
2785,819.7272727272727,307.6363636363636,69.36363636363636
2786,823.0,263.5,67.0
2787,829.3,325.6,61.65
2788,825.2926829268292,257.4146341463415,63.46341463414634
2789,851.0,391.0,44.0
2790,850.258064516129,329.2258064516129,43.12903225806452
2791,856.1052631578947,355.05263157894734,38.578947368421055
2792,852.7368421052631,259.2631578947368,41.21052631578947
2793,855.3636363636364,264.09090909090907,39.0
2794,799.0,318.1818181818182,87.0
2795,808.7619047619048,363.1904761904762,78.71428571428571
2796,808.9642857142857,286.25,77.67857142857143
2797,817.84375,362.59375,70.6875
2798,813.6666666666666,281.3333333333333,74.5
2799,816.3333333333334,291.7916666666667,72.125
2800,825.3333333333334,356.9047619047619,65.33333333333333
2801,820.0,299.6666666666667,68.0
2802,823.7142857142857,329.3333333333333,65.85714285714286
2803,826.6923076923077,321.7307692307692,63.65384615384615
2804,822.4444444444445,234.44444444444446,66.48148148148148
2805,832.9375,373.21875,58.0625
2806,830.4166666666666,304.0,60.208333333333336
2807,834.3333333333334,322.4583333333333,57.208333333333336
2808,838.7368421052631,317.1578947368421,52.73684210526316
2809,846.3,403.0,47.2
2810,840.0,299.3333333333333,52.0
2811,836.875,224.125,54.0
2812,840.3023255813954,258.1162790697674,50.604651162790695
2813,851.0,363.05882352941177,42.73529411764706
2814,852.9655172413793,278.8965517241379,40.51724137931034
2815,859.9130434782609,343.39130434782606,35.65217391304348
2816,799.0,356.1666666666667,86.33333333333333
2817,797.0952380952381,322.04761904761904,87.85714285714286
2818,801.3333333333334,353.8888888888889,85.0
2819,801.45,310.8,84.85
2820,800.0384615384615,305.38461538461536,84.73076923076923
2821,803.3333333333334,309.0,83.0
2822,807.1764705882352,327.2352941176471,79.76470588235294
2823,806.3461538461538,282.11538461538464,79.92307692307692
2824,808.8214285714286,280.7857142857143,78.25
2825,813.1,336.15,75.0
2826,808.8888888888889,267.44444444444446,78.33333333333333
2827,817.0,338.875,71.75
2828,817.2916666666666,333.5,71.41666666666667
2829,810.2758620689655,252.6206896551724,75.79310344827586
2830,817.7142857142857,319.57142857142856,71.42857142857143
2831,820.6666666666666,329.42857142857144,68.38095238095238
2832,819.4375,299.9375,69.5625
2833,818.1363636363636,286.54545454545456,70.0
2834,819.1052631578947,271.42105263157896,68.89473684210526
2835,824.6842105263158,337.6842105263158,64.6842105263158
2836,823.8666666666667,302.6666666666667,65.66666666666667
2837,825.9142857142857,298.74285714285713,63.42857142857143
2838,842.3333333333334,366.3095238095238,50.11904761904762
2839,838.1428571428571,304.57142857142856,53.23809523809524
2840,840.5,309.0,52.0
2841,847.3333333333334,396.6666666666667,46.0
2842,843.3157894736842,318.4736842105263,49.10526315789474
2843,838.2777777777778,238.05555555555554,53.0
2844,842.75,293.75,49.0
2845,851.5,387.0,43.0
2846,852.9761904761905,345.92857142857144,40.476190476190474
2847,795.9565217391304,308.0,88.65217391304348
2848,799.1764705882352,332.8235294117647,86.0
2849,799.5909090909091,340.72727272727275,85.22727272727273
2850,800.5,320.55555555555554,85.11111111111111
2851,802.2333333333333,344.1,83.43333333333334
2852,802.8181818181819,330.8636363636364,82.95454545454545
2853,800.1,279.03333333333336,84.7
2854,810.9615384615385,334.96153846153845,76.42307692307692
2855,807.0909090909091,274.969696969697,78.51515151515152
2856,814.4,353.1,73.45
2857,820.3,411.2,68.7
2858,813.4666666666667,309.53333333333336,74.06666666666666
2859,819.2666666666667,347.6,69.6
2860,821.1,343.2,68.2
2861,822.65,344.5,66.2
2862,821.5,323.2142857142857,67.0
2863,819.8518518518518,288.8888888888889,68.22222222222223
2864,824.9130434782609,327.04347826086956,64.21739130434783
2865,825.44,333.08,63.8
2866,821.2592592592592,272.0,66.70370370370371
2867,830.46875,390.03125,59.4375
2868,823.0,291.0,66.0
2869,832.46875,367.8125,57.625
2870,836.6666666666666,318.8888888888889,54.18518518518518
2871,841.0666666666667,341.1333333333333,50.8
2872,844.5,393.125,48.0
2873,840.4230769230769,287.0,50.65384615384615
2874,844.8333333333334,332.3333333333333,48.166666666666664
2875,842.7586206896551,236.89655172413794,48.6551724137931
2876,854.0,381.5,40.0
2877,855.2307692307693,361.7692307692308,39.07692307692308
2878,854.0,303.5,41.0
2879,795.6,300.06666666666666,88.53333333333333
2880,795.7407407407408,277.3333333333333,87.77777777777777
2881,802.972972972973,350.18918918918916,82.45945945945945
2882,807.5714285714286,347.4642857142857,78.39285714285714
2883,806.0625,292.21875,79.59375
2884,805.3076923076923,269.3076923076923,80.5
2885,810.65,318.2,75.95
2886,809.9583333333334,277.6666666666667,76.625
2887,809.9310344827586,283.0,76.27586206896552
2888,812.2307692307693,273.7307692307692,74.46153846153847
2889,820.3783783783783,377.18918918918916,67.48648648648648
2890,813.25,265.125,73.59375
2891,815.0416666666666,279.4583333333333,72.0
2892,823.5555555555555,362.3333333333333,65.72222222222223
2893,818.3333333333334,262.0,69.33333333333333
2894,827.1,342.2,62.6
2895,823.8965517241379,273.44827586206895,64.55172413793103
2896,822.75,252.96428571428572,65.35714285714286
2897,828.4285714285714,293.04761904761904,61.0
2898,831.1379310344828,334.58620689655174,58.10344827586207
2899,830.5416666666666,296.875,58.75
2900,833.8181818181819,317.8787878787879,56.36363636363637
2901,846.1304347826087,317.2608695652174,45.82608695652174
2902,845.1,294.9,46.8
2903,848.1538461538462,299.4230769230769,44.46153846153846
2904,853.2105263157895,327.7894736842105,39.94736842105263
2905,796.0,337.2105263157895,88.0
2906,798.3333333333334,299.5925925925926,85.66666666666667
2907,805.5416666666666,353.9166666666667,80.04166666666667
2908,807.8333333333334,319.2,77.63333333333334
2909,813.875,344.375,73.29166666666667
2910,813.2307692307693,326.38461538461536,74.15384615384616
2911,816.9090909090909,374.27272727272725,69.66666666666667
2912,819.12,338.04,68.92
2913,814.6538461538462,287.0,71.6923076923077
2914,817.0,322.0,70.0
2915,820.9285714285714,298.2857142857143,66.60714285714286
2916,826.875,333.4166666666667,61.625
2917,822.8285714285714,229.22857142857143,64.11428571428571
2918,826.8947368421053,217.42105263157896,61.0
2919,828.375,217.58333333333334,59.208333333333336
2920,833.3783783783783,272.94594594594594,55.5945945945946
2921,838.1724137931035,231.27586206896552,51.62068965517241
2922,845.4444444444445,266.72222222222223,45.361111111111114
2923,858.1538461538462,364.61538461538464,36.23076923076923
2924,849.8620689655172,243.3448275862069,42.48275862068966
2925,850.3571428571429,249.42857142857142,42.214285714285715
2926,854.7777777777778,292.1111111111111,37.888888888888886
2927,792.875,293.25,89.0
2928,801.1428571428571,365.9047619047619,83.04761904761905
2929,796.9565217391304,280.17391304347825,86.30434782608695
2930,803.4090909090909,327.54545454545456,81.13636363636364
2931,808.2380952380952,296.2857142857143,77.42857142857143
2932,811.65,321.5,74.15
2933,811.3,288.75,74.8
2934,815.0588235294117,324.4117647058824,72.05882352941177
2935,819.8709677419355,350.93548387096774,67.54838709677419
2936,824.3461538461538,343.6923076923077,63.69230769230769
2937,823.0,310.75,66.0
2938,826.5555555555555,287.8888888888889,61.74074074074074
2939,830.625,323.375,58.333333333333336
2940,839.75,405.375,51.875
2941,831.4285714285714,286.2857142857143,57.57142857142857
2942,829.2285714285714,252.0,58.6
2943,836.25,332.75,53.65
2944,831.9354838709677,253.48387096774192,56.645161290322584
2945,843.5,320.45454545454544,47.45454545454545
2946,853.9130434782609,373.04347826086956,38.869565217391305
2947,848.4166666666666,303.4166666666667,42.75
2948,853.4,321.6,39.7
2949,853.8823529411765,298.47058823529414,38.529411764705884
2950,851.3888888888889,254.11111111111111,40.22222222222222
2951,855.5555555555555,283.3888888888889,36.888888888888886
2952,792.7272727272727,303.90909090909093,89.0
2953,796.4,329.9,87.05
2954,796.24,310.4,86.76
2955,803.7857142857143,341.5357142857143,80.89285714285714
2956,803.75,301.9,80.3
2957,809.35,324.0,75.8
2958,814.5,375.5,73.0
2959,810.1111111111111,311.48148148148147,75.51851851851852
2960,813.5,336.3333333333333,72.83333333333333
2961,817.3809523809524,330.0,69.76190476190476
2962,817.4,295.1,69.3
2963,820.7333333333333,334.46666666666664,67.06666666666666
2964,821.4782608695652,350.39130434782606,65.91304347826087
2965,820.8620689655172,284.6896551724138,66.51724137931035
2966,829.1388888888889,371.3611111111111,59.05555555555556
2967,819.2222222222222,238.13888888888889,66.55555555555556
2968,823.8235294117648,286.88235294117646,63.94117647058823
2969,826.1142857142858,322.42857142857144,61.457142857142856
2970,829.7037037037037,327.962962962963,58.592592592592595
2971,832.3846153846154,327.61538461538464,56.5
2972,831.4583333333334,300.9583333333333,57.333333333333336
2973,838.6521739130435,322.1304347826087,51.47826086956522
2974,838.6315789473684,303.3157894736842,51.473684210526315
2975,835.3703703703703,219.77777777777777,53.03703703703704
2976,842.5135135135135,273.43243243243245,47.08108108108108
2977,848.8636363636364,319.27272727272725,42.63636363636363
2978,843.3913043478261,233.34782608695653,46.608695652173914
2979,857.7222222222222,337.1666666666667,35.333333333333336
2980,853.6538461538462,268.61538461538464,38.42307692307692
2981,855.1428571428571,272.5238095238095,36.333333333333336
2982,794.48,318.24,88.2
2983,793.5925925925926,287.6296296296296,88.5925925925926
2984,802.5555555555555,363.6296296296296,81.25925925925925
2985,802.7741935483871,319.51612903225805,81.61290322580645
2986,799.9677419354839,290.3225806451613,83.51612903225806
2987,803.3684210526316,307.3157894736842,81.10526315789474
2988,803.7727272727273,322.90909090909093,80.04545454545455
2989,807.64,356.28,77.16
2990,811.5,355.7142857142857,75.07142857142857
2991,809.9333333333333,343.03333333333336,75.36666666666666
2992,804.7826086956521,263.60869565217394,78.8695652173913
2993,814.4375,366.5625,71.9375
2994,804.6666666666666,230.53333333333333,78.93333333333334
2995,814.64,356.28,71.36
2996,810.5833333333334,296.5416666666667,74.625
2997,813.04,298.2,72.64
2998,814.3636363636364,309.1363636363636,71.54545454545455
2999,816.4,273.8666666666667,70.0
3000,815.2631578947369,257.7368421052632,70.47368421052632
3001,819.1428571428571,308.14285714285717,67.57142857142857
3002,819.1764705882352,252.58823529411765,66.58823529411765
3003,823.074074074074,293.3333333333333,63.77777777777778
3004,833.0,406.77777777777777,55.888888888888886
3005,832.25,377.8,56.8
3006,833.4736842105264,401.36842105263156,55.89473684210526
3007,827.0,236.89743589743588,59.48717948717949
3008,841.2,405.5,50.0
3009,841.6315789473684,399.0,49.421052631578945
3010,835.44,299.88,53.52
3011,843.4074074074074,303.55555555555554,46.48148148148148
3012,849.7307692307693,378.5769230769231,42.03846153846154
3013,846.16,305.24,44.48
3014,845.2727272727273,241.5,44.45454545454545
3015,858.2352941176471,347.70588235294116,34.529411764705884
3016,791.8888888888889,323.22222222222223,89.0
3017,796.9230769230769,337.38461538461536,85.6923076923077
3018,805.516129032258,339.80645161290323,78.70967741935483
3019,806.4642857142857,324.35714285714283,77.53571428571429
3020,808.7083333333334,328.6666666666667,76.25
3021,811.0384615384615,348.84615384615387,74.11538461538461
3022,812.1111111111111,292.44444444444446,72.66666666666667
3023,814.6785714285714,300.7142857142857,70.64285714285714
3024,814.4347826086956,295.2173913043478,70.69565217391305
3025,812.6666666666666,270.6666666666667,72.41666666666667
3026,819.3,365.3333333333333,66.6
3027,820.0,359.8181818181818,65.63636363636364
3028,824.9756097560976,403.0975609756098,62.53658536585366
3029,817.7714285714286,243.88571428571427,67.48571428571428
3030,823.0,280.0,65.0
3031,829.4827586206897,380.62068965517244,58.55172413793103
3032,824.3333333333334,304.3333333333333,63.333333333333336
3033,828.7,319.7,59.8
3034,830.2,247.54285714285714,57.25714285714286
3035,845.3823529411765,348.5882352941176,45.0
3036,837.1111111111111,225.88888888888889,51.666666666666664
3037,840.4,223.6,49.0
3038,843.6285714285714,287.54285714285714,44.82857142857143
3039,844.3636363636364,236.22727272727272,44.81818181818182
3040,849.84,296.48,40.44
3041,796.6470588235294,323.47058823529414,86.0
3042,801.3181818181819,301.90909090909093,82.31818181818181
3043,810.4,399.4,75.2
3044,807.4,307.95,76.95
3045,807.6785714285714,291.7142857142857,76.39285714285714
3046,810.32,331.32,74.24
3047,807.28,260.12,76.36
3048,813.6666666666666,329.55555555555554,71.94444444444444
3049,808.0,228.0,76.0
3050,817.7391304347826,293.4782608695652,67.65217391304348
3051,818.5263157894736,264.1578947368421,66.78947368421052
3052,824.1333333333333,338.4,62.56666666666667
3053,829.8,355.72,57.64
3054,822.6666666666666,240.08333333333334,62.125
3055,828.925925925926,218.22222222222223,57.2962962962963
3056,847.0,323.5,45.0
3057,852.0,367.0,39.666666666666664
3058,853.9333333333333,277.93333333333334,37.333333333333336
3059,792.1111111111111,279.94444444444446,89.0
3060,798.8,356.9,83.66666666666667
3061,798.2777777777778,317.44444444444446,83.72222222222223
3062,800.3333333333334,312.3333333333333,83.0
3063,800.2962962962963,275.8888888888889,81.5925925925926
3064,802.5666666666667,295.73333333333335,80.36666666666666
3065,806.969696969697,351.6060606060606,76.48484848484848
3066,803.0526315789474,277.8421052631579,80.15789473684211
3067,805.125,302.4166666666667,78.125
3068,809.4375,360.4375,74.5625
3069,806.9310344827586,302.37931034482756,76.44827586206897
3070,808.6666666666666,301.22222222222223,74.96296296296296
3071,810.4285714285714,285.0,73.46428571428571
3072,814.7037037037037,335.9259259259259,70.25925925925925
3073,819.3333333333334,406.3333333333333,67.0
3074,818.75,356.85,67.2
3075,819.3888888888889,302.5,65.83333333333333
3076,821.7368421052631,322.2105263157895,64.10526315789474
3077,821.5357142857143,299.75,64.17857142857143
3078,827.4814814814815,337.85185185185185,59.592592592592595
3079,825.48,301.4,60.84
3080,822.5,217.625,63.125
3081,828.2352941176471,267.52941176470586,58.029411764705884
3082,832.96,296.56,54.68
3083,836.125,325.625,52.416666666666664
3084,838.4285714285714,334.85714285714283,50.42857142857143
3085,830.7058823529412,221.2941176470588,55.94117647058823
3086,845.75,389.5,44.5
3087,849.9642857142857,384.64285714285717,41.214285714285715
3088,843.7083333333334,254.25,45.333333333333336
3089,846.078947368421,280.3421052631579,42.73684210526316
3090,853.7142857142857,345.82142857142856,37.17857142857143
3091,796.1785714285714,347.07142857142856,85.60714285714286
3092,793.9090909090909,303.6363636363636,87.31818181818181
3093,798.5263157894736,334.3157894736842,83.84210526315789
3094,799.125,322.4583333333333,83.16666666666667
3095,800.9230769230769,345.15384615384613,81.6923076923077
3096,801.4285714285714,334.35714285714283,81.46428571428571
3097,801.7878787878788,287.3636363636364,80.45454545454545
3098,807.1481481481482,337.77777777777777,76.5925925925926
3099,812.1739130434783,362.39130434782606,72.21739130434783
3100,812.8181818181819,341.3030303030303,71.48484848484848
3101,807.3928571428571,241.32142857142858,75.5
3102,816.1,303.9,69.0
3103,821.304347826087,348.0869565217391,64.30434782608695
3104,820.6551724137931,340.6896551724138,64.58620689655173
3105,816.5714285714286,279.9047619047619,68.0952380952381
3106,820.4117647058823,325.8235294117647,65.11764705882354
3107,823.75,349.95,62.95
3108,827.6888888888889,360.26666666666665,58.55555555555556
3109,829.35,289.7,57.35
3110,827.0512820512821,262.87179487179486,58.61538461538461
3111,837.1463414634146,351.9756097560976,50.609756097560975
3112,844.2666666666667,398.3333333333333,45.2
3113,840.8,335.6,49.0
3114,838.3636363636364,299.09090909090907,50.0
3115,840.0,303.0,48.0
3116,846.9230769230769,381.6923076923077,43.30769230769231
3117,842.35,244.45,45.9
3118,847.4,323.0,41.325
3119,853.0,379.0,38.0
3120,844.8974358974359,270.7692307692308,43.38461538461539
3121,854.0,353.7857142857143,36.357142857142854
3122,792.0,330.1,88.35
3123,804.0689655172414,310.17241379310343,78.79310344827586
3124,808.4117647058823,269.6470588235294,74.17647058823529
3125,812.3333333333334,275.44444444444446,71.44444444444444
3126,815.952380952381,327.23809523809524,68.23809523809524
3127,818.421052631579,340.63157894736844,66.94736842105263
3128,815.6842105263158,284.4736842105263,68.52631578947368
3129,818.4,329.65,66.4
3130,819.4347826086956,294.95652173913044,65.43478260869566
3131,826.75,377.3333333333333,60.75
3132,823.6666666666666,327.1666666666667,62.4
3133,824.2142857142857,345.42857142857144,61.535714285714285
3134,832.6153846153846,323.7307692307692,54.53846153846154
3135,827.6153846153846,242.84615384615384,57.38461538461539
3136,834.7894736842105,282.57894736842104,52.473684210526315
3137,844.5714285714286,327.2857142857143,45.714285714285715
3138,839.0,232.42307692307693,48.5
3139,845.6333333333333,296.76666666666665,42.666666666666664
3140,796.4285714285714,351.07142857142856,84.71428571428571
3141,793.3846153846154,282.1923076923077,87.26923076923077
3142,796.7222222222222,326.3333333333333,84.05555555555556
3143,803.3913043478261,350.9130434782609,78.73913043478261
3144,802.25,305.5833333333333,79.45833333333333
3145,804.2592592592592,282.14814814814815,77.70370370370371
3146,804.3333333333334,267.9259259259259,77.92592592592592
3147,810.76,348.12,72.32
3148,806.4545454545455,275.04545454545456,75.77272727272727
3149,815.8571428571429,348.95238095238096,68.38095238095238
3150,813.7368421052631,306.6842105263158,69.89473684210526
3151,816.85,333.2,67.55
3152,811.2307692307693,258.38461538461536,71.34615384615384
3153,810.25,233.0,71.61111111111111
3154,814.1666666666666,263.0416666666667,69.375
3155,819.8461538461538,288.6923076923077,64.65384615384616
3156,817.7666666666667,247.53333333333333,66.26666666666667
3157,819.3529411764706,269.05882352941177,65.0
3158,826.68,332.36,59.0
3159,818.8333333333334,218.33333333333334,65.16666666666667
3160,829.3181818181819,319.3181818181818,56.54545454545455
3161,830.6363636363636,303.72727272727275,55.45454545454545
3162,838.7142857142857,322.57142857142856,48.76190476190476
3163,841.4054054054054,332.35135135135135,46.45945945945946
3164,837.7547169811321,283.07547169811323,48.264150943396224
3165,836.3,221.15,50.45
3166,847.625,332.65625,40.5625
3167,854.95,330.8,34.95
3168,792.7586206896551,325.55172413793105,87.51724137931035
3169,798.9166666666666,308.4583333333333,82.5
3170,798.2058823529412,285.97058823529414,82.47058823529412
3171,799.05,280.975,81.425
3172,807.578947368421,308.2631578947368,74.84210526315789
3173,809.32,325.4,73.6
3174,812.5185185185185,289.8888888888889,70.18518518518519
3175,817.7826086956521,345.7391304347826,66.3913043478261
3176,815.1153846153846,300.11538461538464,68.15384615384616
3177,813.6111111111111,267.6111111111111,69.61111111111111
3178,819.4,335.6,65.33333333333333
3179,815.3,273.7,68.25
3180,812.7837837837837,231.02702702702703,69.02702702702703
3181,816.6315789473684,268.7894736842105,67.0
3182,840.2,397.6666666666667,47.333333333333336
3183,842.4705882352941,393.05882352941177,45.94117647058823
3184,845.7222222222222,348.4166666666667,42.30555555555556
3185,844.3428571428572,325.2857142857143,42.94285714285714
3186,847.6857142857143,300.7142857142857,40.51428571428571
3187,852.1666666666666,326.1666666666667,37.666666666666664
3188,849.1785714285714,286.5357142857143,39.142857142857146
3189,790.1666666666666,310.1666666666667,89.0
3190,793.7941176470588,292.11764705882354,85.70588235294117
3191,797.0,311.0,85.0
3192,795.5,296.32142857142856,84.46428571428571
3193,800.1764705882352,358.7647058823529,80.41176470588235
3194,802.53125,345.21875,78.53125
3195,803.5263157894736,295.63157894736844,77.84210526315789
3196,804.1034482758621,287.13793103448273,77.20689655172414
3197,808.6363636363636,354.5,73.86363636363636
3198,806.4782608695652,287.0869565217391,75.30434782608695
3199,809.421052631579,311.57894736842104,72.78947368421052
3200,809.0689655172414,305.58620689655174,73.06896551724138
3201,807.3809523809524,280.14285714285717,74.19047619047619
3202,807.0384615384615,264.46153846153845,74.26923076923077
3203,814.55,340.3,69.25
3204,814.88,344.64,68.36
3205,815.2,310.0,68.2
3206,813.44,277.68,69.52
3207,819.2666666666667,355.46666666666664,64.93333333333334
3208,817.35,289.65,66.15
3209,821.4375,332.5,62.75
3210,823.8125,352.4375,61.125
3211,818.8076923076923,274.2692307692308,64.6923076923077
3212,815.1935483870968,220.5483870967742,66.87096774193549
3213,825.6666666666666,346.6060606060606,59.21212121212121
3214,818.3333333333334,227.6,64.26666666666667
3215,824.3809523809524,288.57142857142856,60.23809523809524
3216,840.4545454545455,405.27272727272725,47.0
3217,835.2142857142857,306.35714285714283,51.285714285714285
3218,837.7333333333333,304.46666666666664,49.06666666666667
3219,847.1428571428571,389.5,41.07142857142857
3220,840.0,291.1578947368421,46.5
3221,839.5,227.7,47.3
3222,848.4666666666667,249.86666666666667,39.86666666666667
3223,791.0,343.3333333333333,87.0
3224,791.5,313.4230769230769,87.57692307692308
3225,793.6896551724138,300.3448275862069,85.79310344827586
3226,794.8333333333334,319.3888888888889,84.88888888888889
3227,797.1153846153846,342.1923076923077,83.11538461538461
3228,795.258064516129,307.19354838709677,84.51612903225806
3229,798.0416666666666,331.375,82.54166666666667
3230,803.7037037037037,342.6666666666667,76.92592592592592
3231,800.4705882352941,282.3235294117647,79.55882352941177
3232,806.3939393939394,334.2121212121212,75.45454545454545
3233,804.9615384615385,312.5769230769231,76.46153846153847
3234,807.2,318.56,74.48
3235,810.1153846153846,353.3076923076923,72.0
3236,807.9166666666666,299.4166666666667,73.66666666666667
3237,811.8095238095239,325.85714285714283,70.19047619047619
3238,809.2647058823529,266.20588235294116,72.3529411764706
3239,816.3333333333334,322.0,67.33333333333333
3240,822.2857142857143,303.85714285714283,62.0
3241,821.64,294.84,61.8
3242,831.030303030303,379.3030303030303,54.42424242424242
3243,826.5,319.5,58.0
3244,825.2727272727273,293.6818181818182,58.68181818181818
3245,828.6470588235294,332.11764705882354,56.470588235294116
3246,831.0681818181819,359.6818181818182,54.09090909090909
3247,826.804347826087,258.0,56.97826086956522
3248,848.695652173913,318.39130434782606,39.391304347826086
3249,852.1739130434783,336.04347826086956,36.56521739130435
3250,855.2777777777778,362.55555555555554,34.05555555555556
3251,851.4074074074074,296.14814814814815,36.629629629629626
3252,794.1363636363636,328.8181818181818,85.27272727272727
3253,795.4827586206897,347.3448275862069,83.27586206896552
3254,796.2758620689655,302.0,83.17241379310344
3255,798.2307692307693,315.9230769230769,81.6923076923077
3256,801.2083333333334,327.3333333333333,79.25
3257,801.7142857142857,320.1904761904762,78.95238095238095
3258,805.9629629629629,347.0740740740741,75.55555555555556
3259,801.6538461538462,290.61538461538464,78.57692307692308
3260,810.3214285714286,334.2857142857143,71.60714285714286
3261,805.6666666666666,233.77777777777777,75.55555555555556
3262,817.5555555555555,322.3333333333333,65.55555555555556
3263,822.4,381.25714285714287,60.6
3264,816.4,282.15,66.05
3265,821.8421052631579,358.89473684210526,61.44736842105263
3266,824.25,375.3611111111111,59.611111111111114
3267,825.6086956521739,300.4347826086956,58.65217391304348
3268,832.42,354.06,52.0
3269,838.2,402.3333333333333,48.733333333333334
3270,831.9047619047619,317.3809523809524,53.38095238095238
3271,838.3,364.0,47.833333333333336
3272,841.1,401.5,45.9
3273,831.88,250.68,53.2
3274,844.6153846153846,385.9230769230769,42.84615384615385
3275,848.4,264.36,39.0
3276,856.0,341.3,34.3
3277,789.96,299.52,88.64
3278,806.5357142857143,339.7857142857143,74.42857142857143
3279,807.5625,336.3125,73.0
3280,808.4,293.2,73.0
3281,811.32,330.68,70.08
3282,813.3333333333334,322.6666666666667,69.0
3283,813.5555555555555,335.962962962963,68.11111111111111
3284,825.71875,383.0625,58.0625
3285,823.5,341.875,59.9375
3286,821.7692307692307,285.5,61.61538461538461
3287,823.71875,327.84375,59.53125
3288,823.2916666666666,320.875,60.0
3289,831.2222222222222,351.44444444444446,53.833333333333336
3290,844.2857142857143,396.42857142857144,43.57142857142857
3291,840.8888888888889,352.22222222222223,45.888888888888886
3292,834.7555555555556,278.84444444444443,49.62222222222222
3293,844.9428571428572,374.2,42.25714285714286
3294,842.4166666666666,318.8333333333333,43.916666666666664
3295,836.1578947368421,225.47368421052633,48.63157894736842
3296,847.5483870967741,375.80645161290323,39.645161290322584
3297,842.2380952380952,301.0952380952381,43.61904761904762
3298,856.0666666666667,352.0,33.4
3299,852.375,322.125,34.875
3300,847.9655172413793,257.3448275862069,38.758620689655174
3301,851.8333333333334,289.77777777777777,35.94444444444444
3302,789.6666666666666,308.3888888888889,87.77777777777777
3303,792.35,333.55,86.15
3304,795.8666666666667,353.0,82.7
3305,798.4,302.08,80.68
3306,805.0952380952381,356.42857142857144,75.38095238095238
3307,801.0357142857143,275.9642857142857,78.25
3308,805.04,326.56,74.8
3309,804.4545454545455,280.09090909090907,75.9090909090909
3310,815.0666666666667,325.6,66.5
3311,820.6363636363636,387.45454545454544,63.0
3312,815.5625,304.6875,66.875
3313,809.525,227.9,70.625
3314,812.2051282051282,243.84615384615384,68.48717948717949
3315,823.6046511627907,388.6046511627907,59.25581395348837
3316,825.25,323.7,58.3
3317,827.4642857142857,324.67857142857144,56.357142857142854
3318,825.0666666666667,305.73333333333335,57.8
3319,826.8095238095239,302.23809523809524,56.57142857142857
3320,826.6521739130435,296.4347826086956,56.91304347826087
3321,836.6923076923077,407.38461538461536,49.23076923076923
3322,836.9428571428572,359.45714285714286,48.34285714285714
3323,829.1578947368421,220.68421052631578,54.05263157894737
3324,834.6,284.2,50.8
3325,836.3333333333334,287.5,49.166666666666664
3326,832.4615384615385,226.65384615384616,51.46153846153846
3327,834.2051282051282,266.15384615384613,49.53846153846154
3328,840.6666666666666,321.0,46.0
3329,839.3333333333334,299.3333333333333,46.666666666666664
3330,848.2857142857143,383.7142857142857,39.0
3331,848.0,363.9259259259259,38.925925925925924
3332,838.7777777777778,233.92592592592592,46.333333333333336
3333,845.6666666666666,305.0,41.0
3334,851.3809523809524,370.3333333333333,36.714285714285715
3335,852.3,365.7,36.0
3336,852.8181818181819,374.90909090909093,35.72727272727273
3337,847.4864864864865,272.8378378378378,38.5945945945946
3338,791.304347826087,339.60869565217394,86.0
3339,791.8636363636364,322.09090909090907,86.18181818181819
3340,793.25,311.6,85.4
3341,798.1379310344828,349.9310344827586,81.24137931034483
3342,798.9642857142857,340.64285714285717,79.89285714285714
3343,800.5806451612904,354.64516129032256,78.38709677419355
3344,799.0,311.125,80.25
3345,798.1714285714286,291.1714285714286,80.45714285714286
3346,802.5333333333333,329.3,76.66666666666667
3347,802.8518518518518,318.18518518518516,76.5925925925926
3348,803.7333333333333,322.06666666666666,75.33333333333333
3349,808.2142857142857,367.85714285714283,72.32142857142857
3350,807.6153846153846,321.38461538461536,72.57692307692308
3351,805.2857142857143,291.4642857142857,74.17857142857143
3352,811.516129032258,354.06451612903226,69.64516129032258
3353,809.6,302.4,70.9
3354,810.6,296.8666666666667,70.46666666666667
3355,814.3333333333334,331.6666666666667,69.0
3356,810.0,273.0,70.04
3357,812.3461538461538,293.6923076923077,68.5
3358,817.25,350.0833333333333,64.79166666666667
3359,813.9285714285714,289.35714285714283,67.42857142857143
3360,817.36,331.48,64.16
3361,826.4166666666666,375.3958333333333,57.041666666666664
3362,817.6571428571428,218.0857142857143,63.371428571428574
3363,829.4347826086956,328.5217391304348,54.130434782608695
3364,829.9615384615385,308.61538461538464,53.61538461538461
3365,831.9411764705883,327.6470588235294,52.35294117647059
3366,832.4375,322.25,51.75
3367,831.375,303.1875,52.75
3368,834.4375,326.1875,50.1875
3369,833.4444444444445,301.0,51.0
3370,832.2105263157895,218.47368421052633,50.473684210526315
3371,843.2173913043479,343.9130434782609,42.56521739130435
3372,844.1071428571429,260.25,41.535714285714285
3373,793.7857142857143,337.14285714285717,84.28571428571429
3374,790.2173913043479,287.5652173913044,86.69565217391305
3375,795.1333333333333,296.53333333333336,82.63333333333334
3376,797.3157894736842,332.63157894736844,80.47368421052632
3377,796.7391304347826,306.17391304347825,81.26086956521739
3378,803.8,305.9,75.75
3379,801.0384615384615,264.03846153846155,76.8076923076923
3380,807.8076923076923,343.0,72.3076923076923
3381,810.3703703703703,359.7037037037037,70.4074074074074
3382,807.6153846153846,330.9230769230769,72.38461538461539
3383,815.8333333333334,414.1666666666667,66.0
3384,802.125,224.6875,76.25
3385,808.7916666666666,278.9166666666667,70.75
3386,806.4117647058823,235.58823529411765,73.0
3387,810.2068965517242,222.13793103448276,69.48275862068965
3388,821.5,332.2692307692308,60.61538461538461
3389,818.8666666666667,290.7,62.56666666666667
3390,821.8076923076923,296.03846153846155,60.0
3391,824.3913043478261,288.5217391304348,58.26086956521739
3392,826.0,307.5,56.0
3393,829.4615384615385,293.84615384615387,53.61538461538461
3394,841.0,326.1,44.9
3395,843.9629629629629,268.81481481481484,41.25925925925926
3396,852.1142857142858,346.2,34.57142857142857
3397,852.0,268.0,36.0
3398,788.7083333333334,320.25,87.79166666666667
3399,786.9444444444445,293.3333333333333,89.0
3400,793.05,355.35,84.7
3401,796.6666666666666,320.9583333333333,81.75
3402,798.1379310344828,345.13793103448273,80.3103448275862
3403,800.0,336.10714285714283,78.60714285714286
3404,797.3939393939394,295.8484848484849,80.12121212121212
3405,800.4375,312.375,78.0625
3406,801.4090909090909,307.45454545454544,77.27272727272727
3407,805.7692307692307,346.0769230769231,73.88461538461539
3408,803.5,260.5,76.0
3409,805.1818181818181,274.8636363636364,73.81818181818181
3410,808.375,284.4375,70.9375
3411,814.4545454545455,355.3636363636364,66.36363636363636
3412,813.1666666666666,320.3333333333333,68.0
3413,815.3478260869565,341.04347826086956,65.78260869565217
3414,814.3225806451613,295.3225806451613,66.45161290322581
3415,815.304347826087,305.0869565217391,64.8695652173913
3416,818.4137931034483,322.44827586206895,62.55172413793103
3417,825.2941176470588,329.3529411764706,57.294117647058826
3418,821.3428571428572,271.34285714285716,59.57142857142857
3419,821.3125,217.1875,60.375
3420,832.5,310.0,52.0
3421,835.8823529411765,318.6470588235294,47.94117647058823
3422,832.3076923076923,254.87179487179486,50.333333333333336
3423,837.5,304.625,46.9375
3424,838.0,295.5,46.0
3425,850.0769230769231,275.53846153846155,35.92307692307692
3426,787.1052631578947,324.63157894736844,88.73684210526316
3427,796.2,337.1666666666667,80.63333333333334
3428,801.6,324.45,77.1
3429,799.6153846153846,284.61538461538464,78.0
3430,804.2307692307693,331.2307692307692,74.5
3431,801.0,228.25,77.25
3432,807.5454545454545,271.22727272727275,71.95454545454545
3433,810.0,302.22222222222223,69.05555555555556
3434,813.1666666666666,351.46666666666664,66.56666666666666
3435,814.8571428571429,359.75,65.57142857142857
3436,811.1379310344828,280.8965517241379,68.24137931034483
3437,818.0,359.0833333333333,63.208333333333336
3438,818.6363636363636,337.90909090909093,62.27272727272727
3439,813.6666666666666,254.77777777777777,65.88888888888889
3440,816.2307692307693,293.2307692307692,64.26923076923077
3441,817.1111111111111,277.5925925925926,63.44444444444444
3442,815.2549019607843,251.64705882352942,64.52941176470588
3443,821.8,337.6,59.45
3444,818.3793103448276,282.0344827586207,62.275862068965516
3445,822.0,304.1111111111111,59.629629629629626
3446,831.5,408.5,50.0
3447,787.6666666666666,313.95238095238096,88.19047619047619
3448,789.1578947368421,302.42105263157896,86.94736842105263
3449,790.6,317.4,86.0
3450,794.0857142857143,337.0285714285714,82.4
3451,793.9310344827586,310.8965517241379,82.65517241379311
3452,798.3913043478261,300.82608695652175,78.78260869565217
3453,800.8888888888889,300.962962962963,76.88888888888889
3454,806.5384615384615,297.1923076923077,72.26923076923077
3455,809.7647058823529,344.4117647058824,69.05882352941177
3456,811.3333333333334,253.66666666666666,67.0
3457,819.3448275862069,348.7586206896552,61.55172413793103
3458,812.2777777777778,248.33333333333334,66.55555555555556
3459,816.0434782608696,300.17391304347825,64.17391304347827
3460,819.72,326.92,61.0
3461,830.7,279.7,51.36666666666667
3462,840.3,237.5,43.55
3463,785.2,301.1,89.0
3464,800.7826086956521,350.2608695652174,76.82608695652173
3465,802.2631578947369,337.4736842105263,76.0
3466,807.8928571428571,344.0,70.53571428571429
3467,805.0869565217391,285.3478260869565,73.0
3468,809.5,337.95,69.85
3469,808.4074074074074,308.037037037037,70.03703703703704
3470,813.5263157894736,365.0,66.0
3471,811.7666666666667,340.3666666666667,67.53333333333333
3472,812.7083333333334,346.7916666666667,66.91666666666667
3473,813.9047619047619,335.6666666666667,65.85714285714286
3474,807.0,222.875,71.25
3475,816.5652173913044,326.1304347826087,63.73913043478261
3476,817.4705882352941,328.8235294117647,62.23529411764706
3477,816.0882352941177,287.05882352941177,63.55882352941177
3478,821.0869565217391,259.95652173913044,58.56521739130435
3479,827.8695652173913,321.1304347826087,53.65217391304348
3480,829.625,332.2083333333333,52.416666666666664
3481,825.3571428571429,218.39285714285714,55.67857142857143
3482,835.1666666666666,268.14285714285717,47.142857142857146
3483,844.2,393.8,40.8
3484,847.6470588235294,374.88235294117646,37.35294117647059
3485,852.5666666666667,332.6,32.63333333333333
3486,785.5652173913044,307.30434782608694,88.91304347826087
3487,787.5625,297.0,87.375
3488,791.1,292.4,84.2
3489,790.0,236.5,86.0
3490,797.15,323.9,79.85
3491,802.9545454545455,351.22727272727275,74.68181818181819
3492,804.4090909090909,361.04545454545456,73.81818181818181
3493,800.9354838709677,292.5483870967742,76.45161290322581
3494,814.2941176470588,395.38235294117646,65.3529411764706
3495,814.5,400.5,65.0
3496,817.4,406.4,64.2
3497,803.5714285714286,239.71428571428572,74.07142857142857
3498,809.0357142857143,288.67857142857144,68.78571428571429
3499,810.0,297.89285714285717,67.82142857142857
3500,811.25,275.25,68.0
3501,815.952380952381,338.23809523809524,63.904761904761905
3502,813.2222222222222,300.5,66.0
3503,811.96875,278.125,66.46875
3504,814.7692307692307,320.0,64.38461538461539
3505,823.0571428571428,401.37142857142857,57.57142857142857
3506,817.4,306.4,62.86666666666667
3507,820.9090909090909,347.3181818181818,59.59090909090909
3508,820.9285714285714,352.5,59.404761904761905
3509,831.8085106382979,337.17021276595744,49.95744680851064
3510,834.4,300.2,49.0
3511,829.05,219.3,51.85
3512,843.6666666666666,378.2,40.666666666666664
3513,833.55,230.25,48.35
3514,842.5,318.3125,41.3125
3515,841.6153846153846,274.61538461538464,41.15384615384615
3516,843.5454545454545,245.54545454545453,39.63636363636363
3517,852.0,358.0,32.9
3518,787.5666666666667,331.8333333333333,87.33333333333333
3519,789.8421052631579,297.36842105263156,85.10526315789474
3520,792.8214285714286,323.32142857142856,82.75
3521,796.2962962962963,278.44444444444446,79.66666666666667
3522,799.4285714285714,279.48571428571427,76.65714285714286
3523,801.6,299.48,74.76
3524,806.551724137931,364.0,71.27586206896552
3525,805.7894736842105,326.7894736842105,72.26315789473684
3526,803.95,302.65,73.2
3527,811.0,285.72727272727275,67.31818181818181
3528,818.8888888888889,386.72222222222223,60.5
3529,812.9,286.8,65.5
3530,817.1666666666666,298.0,63.0
3531,818.3333333333334,300.875,60.708333333333336
3532,822.2068965517242,334.2758620689655,58.37931034482759
3533,826.3913043478261,404.82608695652175,54.17391304347826
3534,816.8571428571429,248.54761904761904,61.57142857142857
3535,824.6315789473684,318.7368421052632,56.1578947368421
3536,828.3571428571429,298.64285714285717,52.857142857142854
3537,835.6190476190476,355.04761904761904,46.76190476190476
3538,834.6428571428571,289.0,47.0
3539,842.8636363636364,343.90909090909093,40.18181818181818
3540,847.3333333333334,327.8333333333333,37.166666666666664
3541,847.625,264.3125,36.625
3542,788.8235294117648,328.8235294117647,86.0
3543,790.7741935483871,325.64516129032256,84.2258064516129
3544,791.4848484848485,331.93939393939394,83.42424242424242
3545,790.0,303.0967741935484,84.6774193548387
3546,794.6,316.2,82.4
3547,797.8,296.0,78.05
3548,803.741935483871,355.3225806451613,73.2258064516129
3549,801.0384615384615,275.3076923076923,75.3076923076923
3550,801.7692307692307,284.6923076923077,74.6923076923077
3551,805.8571428571429,290.2142857142857,71.46428571428571
3552,811.7142857142857,330.76190476190476,66.9047619047619
3553,812.25,310.25,67.0
3554,809.0384615384615,267.5,68.42307692307692
3555,809.6785714285714,271.4642857142857,67.64285714285714
3556,825.62,356.52,54.32
3557,823.609756097561,253.73170731707316,55.609756097560975
3558,830.05,317.5,51.45
3559,836.560975609756,337.1707317073171,45.41463414634146
3560,836.1428571428571,318.7142857142857,45.61904761904762
3561,842.0434782608696,383.69565217391306,40.73913043478261
3562,837.8717948717949,292.2307692307692,43.97435897435897
3563,835.0,229.14285714285714,46.285714285714285
3564,840.5625,242.15625,41.59375
3565,845.2222222222222,297.6666666666667,38.44444444444444
3566,850.0434782608696,339.0,33.91304347826087
3567,845.0952380952381,251.42857142857142,38.38095238095238
3568,850.8,326.8,33.6
3569,852.6666666666666,339.8888888888889,32.0
3570,789.9459459459459,308.72972972972974,84.51351351351352
3571,790.6153846153846,318.1923076923077,83.65384615384616
3572,795.4074074074074,317.3333333333333,80.37037037037037
3573,797.7058823529412,316.88235294117646,78.23529411764706
3574,800.1764705882352,312.94117647058823,76.05882352941177
3575,802.4285714285714,336.1904761904762,73.95238095238095
3576,801.2083333333334,308.9166666666667,74.95833333333333
3577,806.6111111111111,356.8888888888889,71.05555555555556
3578,809.32,326.4,67.72
3579,815.0,363.3225806451613,63.483870967741936
3580,812.9545454545455,328.45454545454544,65.0909090909091
3581,814.625,343.7083333333333,63.666666666666664
3582,819.1818181818181,322.59090909090907,60.18181818181818
3583,819.074074074074,289.14814814814815,60.111111111111114
3584,823.0,292.16,56.36
3585,830.7391304347826,403.2173913043478,50.47826086956522
3586,826.3333333333334,305.75,53.458333333333336
3587,831.1428571428571,319.92857142857144,49.607142857142854
3588,833.1818181818181,305.27272727272725,48.72727272727273
3589,835.0769230769231,323.2307692307692,46.38461538461539
3590,836.5,314.0,46.5
3591,837.3636363636364,300.09090909090907,45.0
3592,831.9230769230769,223.53846153846155,48.38461538461539
3593,838.0,233.0,45.0
3594,849.4761904761905,285.3333333333333,34.285714285714285
3595,787.4545454545455,311.27272727272725,86.0909090909091
3596,787.25,292.5,86.375
3597,790.0,315.0,85.0
3598,797.24,327.88,78.16
3599,797.2272727272727,306.09090909090907,78.0909090909091
3600,800.1578947368421,346.0,75.55263157894737
3601,805.483870967742,351.06451612903226,71.35483870967742
3602,805.7272727272727,338.3181818181818,70.95454545454545
3603,804.6086956521739,306.7391304347826,71.65217391304348
3604,803.5217391304348,266.6521739130435,72.56521739130434
3605,814.5714285714286,355.6666666666667,64.23809523809524
3606,818.0,377.2857142857143,60.476190476190474
3607,816.3888888888889,342.3333333333333,61.77777777777778
3608,812.3333333333334,274.4583333333333,65.33333333333333
3609,821.3333333333334,295.6111111111111,57.833333333333336
3610,822.75,298.9,56.45
3611,829.2105263157895,306.05263157894734,51.31578947368421
3612,837.0,398.7692307692308,45.15384615384615
3613,827.1904761904761,224.33333333333334,51.904761904761905
3614,847.2058823529412,333.47058823529414,35.588235294117645
3615,850.8888888888889,352.55555555555554,33.44444444444444
3616,847.7142857142857,294.2142857142857,35.57142857142857
3617,846.2380952380952,256.9047619047619,36.57142857142857
3618,783.0,330.0,88.0
3619,786.0,341.0,87.0
3620,784.3333333333334,318.2962962962963,88.48148148148148
3621,791.6785714285714,305.60714285714283,82.53571428571429
3622,812.8666666666667,345.46666666666664,65.0
3623,806.9166666666666,244.875,68.52083333333333
3624,805.825,233.225,69.25
3625,815.2272727272727,333.95454545454544,62.59090909090909
3626,813.6666666666666,310.6666666666667,63.666666666666664
3627,819.8461538461538,378.61538461538464,58.51282051282051
3628,818.6,341.28,60.04
3629,821.1111111111111,326.0,57.666666666666664
3630,820.8571428571429,319.76190476190476,57.95238095238095
3631,823.8636363636364,302.72727272727275,55.0
3632,831.060606060606,367.09090909090907,49.18181818181818
3633,824.7058823529412,224.41176470588235,54.05882352941177
3634,832.1315789473684,284.60526315789474,48.026315789473685
3635,837.8536585365854,328.219512195122,43.170731707317074
3636,840.3888888888889,298.1111111111111,40.833333333333336
3637,842.625,305.625,38.9375
3638,845.75,285.42857142857144,36.57142857142857
3639,793.1470588235294,350.1470588235294,81.3529411764706
3640,792.6896551724138,300.55172413793105,81.51724137931035
3641,796.8787878787879,340.0,77.39393939393939
3642,796.7916666666666,321.9166666666667,77.75
3643,795.4230769230769,283.84615384615387,78.84615384615384
3644,799.12,332.16,75.84
3645,796.6071428571429,289.5,77.53571428571429
3646,802.7058823529412,366.6470588235294,72.82352941176471
3647,801.1428571428571,341.4642857142857,74.39285714285714
3648,802.6896551724138,340.0344827586207,72.65517241379311
3649,808.0,377.5,70.0
3650,802.9090909090909,320.09090909090907,72.5909090909091
3651,802.0,296.08,73.56
3652,801.7647058823529,280.29411764705884,73.41176470588235
3653,804.6111111111111,302.3888888888889,71.16666666666667
3654,805.8846153846154,297.7307692307692,70.11538461538461
3655,804.75,258.8611111111111,69.88888888888889
3656,810.8857142857142,291.1142857142857,65.54285714285714
3657,817.28,306.44,60.68
3658,816.25,294.0416666666667,60.916666666666664
3659,819.6,315.8,59.0
3660,814.2647058823529,268.11764705882354,61.55882352941177
3661,827.7391304347826,405.69565217391306,51.91304347826087
3662,833.8888888888889,404.6666666666667,48.0
3663,824.4186046511628,265.2325581395349,53.55813953488372
3664,836.6875,404.4375,45.125
3665,832.6666666666666,323.75,48.0
3666,840.5555555555555,390.6296296296296,41.48148148148148
3667,836.1739130434783,303.95652173913044,44.47826086956522
3668,839.6363636363636,252.45454545454547,40.77272727272727
3669,842.1904761904761,255.61904761904762,38.95238095238095
3670,845.304347826087,271.3478260869565,36.69565217391305
3671,785.8333333333334,324.7916666666667,86.66666666666667
3672,790.3333333333334,340.1212121212121,83.39393939393939
3673,791.3888888888889,345.1111111111111,81.94444444444444
3674,791.5333333333333,293.76666666666665,81.56666666666666
3675,793.9166666666666,328.3888888888889,79.47222222222223
3676,793.6086956521739,305.82608695652175,80.04347826086956
3677,799.1333333333333,355.1666666666667,75.26666666666667
3678,791.6666666666666,231.66666666666666,82.0
3679,799.304347826087,304.30434782608694,75.52173913043478
3680,800.36,270.4,73.56
3681,804.3,312.4,71.25
3682,806.6363636363636,357.06060606060606,68.78787878787878
3683,805.6111111111111,329.72222222222223,70.11111111111111
3684,806.6,350.4,68.95
3685,805.1851851851852,323.25925925925924,70.4074074074074
3686,804.3846153846154,275.2307692307692,70.65384615384616
3687,806.421052631579,292.8421052631579,69.3157894736842
3688,815.1627906976744,382.5813953488372,61.627906976744185
3689,806.2758620689655,227.0344827586207,69.24137931034483
3690,814.1428571428571,302.0357142857143,62.357142857142854
3691,820.6730769230769,364.11538461538464,56.76923076923077
3692,816.7073170731708,281.2439024390244,59.53658536585366
3693,819.6190476190476,301.3809523809524,58.04761904761905
3694,821.1458333333334,246.60416666666666,55.875
3695,828.4761904761905,324.8095238095238,51.23809523809524
3696,828.7333333333333,300.2,51.0
3697,836.5,392.1666666666667,45.0
3698,839.1875,398.6875,42.375
3699,835.5,316.0,44.0
3700,838.75,302.0,41.833333333333336
3701,848.9090909090909,362.6363636363636,33.72727272727273
3702,842.3333333333334,261.1666666666667,39.083333333333336
3703,785.3846153846154,318.4230769230769,86.46153846153847
3704,787.6071428571429,335.82142857142856,84.82142857142857
3705,794.25,312.0,79.25
3706,799.0625,326.9375,74.8125
3707,801.3571428571429,310.25,72.60714285714286
3708,802.4761904761905,293.95238095238096,72.14285714285714
3709,815.030303030303,389.7878787878788,61.15151515151515
3710,813.125,282.4583333333333,63.041666666666664
3711,813.0689655172414,260.37931034482756,62.41379310344828
3712,815.375,286.5,61.0625
3713,823.7,362.475,53.925
3714,819.8333333333334,288.9,57.53333333333333
3715,821.7647058823529,307.1764705882353,56.529411764705884
3716,816.5416666666666,247.5,59.375
3717,824.3157894736842,325.5263157894737,54.1578947368421
3718,823.8235294117648,297.2352941176471,54.11764705882353
3719,827.5,340.6875,51.125
3720,823.3684210526316,217.42105263157896,53.73684210526316
3721,828.5714285714286,225.66666666666666,49.857142857142854
3722,846.2173913043479,280.60869565217394,34.65217391304348
3723,783.5,333.0,88.0
3724,783.1666666666666,290.2916666666667,88.20833333333333
3725,783.2,238.0,88.2
3726,790.5806451612904,330.93548387096774,81.7741935483871
3727,793.2121212121212,344.3030303030303,80.24242424242425
3728,789.25,297.42857142857144,83.03571428571429
3729,796.0277777777778,334.8611111111111,77.58333333333333
3730,791.7647058823529,286.61764705882354,80.5
3731,798.2333333333333,288.46666666666664,75.4
3732,801.2631578947369,325.2105263157895,72.89473684210526
3733,794.8333333333334,228.66666666666666,78.16666666666667
3734,802.7,332.2,71.95
3735,809.4615384615385,343.5,66.57692307692308
3736,804.3333333333334,284.3809523809524,70.14285714285714
3737,808.0322580645161,305.93548387096774,67.48387096774194
3738,813.4888888888889,375.97777777777776,62.355555555555554
3739,810.2,281.84,65.52
3740,811.3913043478261,296.7391304347826,64.65217391304348
3741,818.1714285714286,383.77142857142854,58.77142857142857
3742,808.4137931034483,244.86206896551724,66.37931034482759
3743,822.0,408.5,57.166666666666664
3744,821.6190476190476,330.6190476190476,55.76190476190476
3745,827.25,382.10714285714283,51.57142857142857
3746,831.7826086956521,300.4782608695652,47.08695652173913
3747,842.3714285714286,378.22857142857146,38.48571428571429
3748,844.5,301.0,37.0
3749,848.125,292.0625,33.5625
3750,782.551724137931,296.0,88.48275862068965
3751,784.258064516129,307.51612903225805,86.51612903225806
3752,786.3157894736842,324.10526315789474,85.05263157894737
3753,792.0869565217391,321.82608695652175,80.91304347826087
3754,793.7826086956521,339.5652173913044,79.43478260869566
3755,793.0645161290323,292.03225806451616,79.48387096774194
3756,798.3571428571429,362.0357142857143,75.0
3757,797.0,317.7692307692308,76.3076923076923
3758,796.6206896551724,309.37931034482756,76.48275862068965
3759,799.1481481481482,318.44444444444446,74.33333333333333
3760,806.258064516129,332.7741935483871,68.35483870967742
3761,807.88,335.88,66.92
3762,813.25,405.0,62.84375
3763,805.3939393939394,273.969696969697,68.60606060606061
3764,812.1304347826087,348.5217391304348,63.34782608695652
3765,811.9473684210526,335.3157894736842,64.0
3766,812.1538461538462,323.2307692307692,63.61538461538461
3767,812.2857142857143,303.9047619047619,63.523809523809526
3768,814.5,319.5,62.0
3769,815.2058823529412,332.20588235294116,60.44117647058823
3770,813.5,290.77272727272725,62.5
3771,818.95,330.9,57.7
3772,820.7826086956521,323.8695652173913,56.04347826086956
3773,821.8269230769231,256.36538461538464,53.55769230769231
3774,840.9166666666666,396.6666666666667,39.916666666666664
3775,842.5263157894736,385.1578947368421,38.26315789473684
3776,838.0,258.85714285714283,41.285714285714285
3777,847.0909090909091,275.45454545454544,34.09090909090909
3778,789.6666666666666,312.6666666666667,83.0
3779,791.1304347826087,309.6521739130435,80.95652173913044
3780,791.9032258064516,275.7741935483871,79.83870967741936
3781,800.6060606060606,348.0,73.18181818181819
3782,805.8260869565217,340.95652173913044,68.3913043478261
3783,807.1578947368421,293.8421052631579,67.3157894736842
3784,815.0,323.14814814814815,60.666666666666664
3785,810.1860465116279,256.48837209302326,63.69767441860465
3786,828.4615384615385,303.96153846153845,49.34615384615385
3787,832.0,341.26666666666665,46.266666666666666
3788,832.1190476190476,333.7142857142857,45.595238095238095
3789,829.0,279.2413793103448,48.689655172413794
3790,825.0,216.0,52.0
3791,836.0689655172414,319.3103448275862,42.41379310344828
3792,845.0,297.0,36.0
3793,783.3636363636364,313.1818181818182,87.22727272727273
3794,794.4230769230769,278.7692307692308,77.57692307692308
3795,802.3636363636364,346.0,70.86363636363636
3796,808.4615384615385,349.6923076923077,66.23076923076923
3797,809.7391304347826,340.2173913043478,64.43478260869566
3798,813.9705882352941,350.7352941176471,61.44117647058823
3799,812.6666666666666,329.0,62.55555555555556
3800,820.5769230769231,372.40384615384613,55.03846153846154
3801,816.0,295.22222222222223,58.888888888888886
3802,819.25,217.71428571428572,55.642857142857146
3803,838.5,324.0882352941176,40.35294117647059
3804,841.3333333333334,320.3333333333333,39.0
3805,835.65,235.6,42.55
3806,839.7948717948718,275.3333333333333,38.51282051282051
3807,847.0,276.0,33.0
3808,780.5,290.0,89.0
3809,781.0,314.5,89.0
3810,784.64,298.4,85.68
3811,796.3225806451613,350.1290322580645,76.12903225806451
3812,794.76,300.92,77.04
3813,799.1666666666666,304.875,73.0
3814,801.15,270.3,71.0
3815,807.1,320.9,67.3
3816,807.85,298.55,65.95
3817,809.1818181818181,302.45454545454544,64.54545454545455
3818,811.7647058823529,340.0,62.705882352941174
3819,813.125,337.0833333333333,61.041666666666664
3820,817.2727272727273,368.7090909090909,57.654545454545456
3821,819.125,341.7083333333333,56.583333333333336
3822,816.1052631578947,285.94736842105266,58.8421052631579
3823,821.6923076923077,317.84615384615387,54.57692307692308
3824,814.4,214.0,60.8
3825,829.4814814814815,401.5925925925926,48.44444444444444
3826,823.1304347826087,302.04347826086956,52.78260869565217
3827,832.2727272727273,402.0,46.0
3828,826.4545454545455,290.1363636363636,50.09090909090909
3829,835.4705882352941,402.6470588235294,43.0
3830,835.3333333333334,391.55555555555554,42.77777777777778
3831,827.4615384615385,259.64102564102564,48.717948717948715
3832,834.0454545454545,321.3636363636364,44.04545454545455
3833,827.3333333333334,218.93333333333334,49.4
3834,845.0,384.4,36.0
3835,845.1578947368421,367.2631578947368,34.78947368421053
3836,848.0555555555555,344.77777777777777,32.55555555555556
3837,786.25,312.25,84.05
3838,792.8181818181819,318.45454545454544,79.0
3839,795.5862068965517,325.1034482758621,75.6896551724138
3840,797.9565217391304,312.5217391304348,73.95652173913044
3841,802.0,327.5217391304348,70.82608695652173
3842,797.0,227.5,76.0
3843,808.48,331.64,65.32
3844,806.3809523809524,283.5238095238095,67.14285714285714
3845,805.7666666666667,277.8666666666667,67.26666666666667
3846,807.3157894736842,274.4736842105263,65.73684210526316
3847,812.8,346.25,61.6
3848,812.4615384615385,306.9230769230769,61.76923076923077
3849,811.32,276.48,62.56
3850,815.84,338.0,58.96
3851,815.6190476190476,304.95238095238096,58.95238095238095
3852,821.4,307.2,54.6
3853,823.5833333333334,320.7916666666667,52.583333333333336
3854,821.0909090909091,276.6363636363636,54.0
3855,827.0,362.97435897435895,48.30769230769231
3856,831.36,384.04,46.68
3857,832.16,393.76,45.36
3858,827.4347826086956,324.82608695652175,49.130434782608695
3859,832.5,351.65625,45.09375
3860,825.3617021276596,253.08510638297872,49.97872340425532
3861,830.0,318.1666666666667,46.833333333333336
3862,830.7619047619048,278.54761904761904,46.214285714285715
3863,829.7941176470588,227.91176470588235,46.529411764705884
3864,837.0,316.0,40.642857142857146
3865,840.0357142857143,248.03571428571428,38.42857142857143
3866,842.2105263157895,262.05263157894734,36.526315789473685
3867,781.9166666666666,323.9166666666667,87.5
3868,786.5,332.03125,83.59375
3869,787.2285714285714,303.1142857142857,82.6
3870,795.375,335.84375,75.5625
3871,798.2083333333334,359.25,73.20833333333333
3872,795.9166666666666,299.375,75.375
3873,796.5833333333334,294.7083333333333,74.75
3874,802.695652173913,359.8695652173913,69.91304347826087
3875,800.6363636363636,299.27272727272725,71.13636363636364
3876,801.4444444444445,279.74074074074076,70.18518518518519
3877,808.92,363.4,64.88
3878,809.6666666666666,358.7142857142857,64.47619047619048
3879,807.8181818181819,269.95454545454544,65.63636363636364
3880,810.5263157894736,286.7894736842105,62.63157894736842
3881,815.28,328.44,58.68
3882,823.4651162790698,377.3488372093023,52.27906976744186
3883,818.9375,303.0625,56.0625
3884,829.030303030303,397.57575757575756,46.666666666666664
3885,824.6086956521739,304.60869565217394,50.95652173913044
3886,828.0,316.0,50.0
3887,825.8108108108108,232.8108108108108,49.4054054054054
3888,832.375,231.625,44.333333333333336
3889,844.5384615384615,376.53846153846155,35.07692307692308
3890,838.9090909090909,295.09090909090907,38.81818181818182
3891,842.9375,346.1875,36.0625
3892,842.2068965517242,328.58620689655174,35.793103448275865
3893,837.5,243.75,39.857142857142854
3894,780.7391304347826,308.9130434782609,88.17391304347827
3895,785.3461538461538,320.61538461538464,83.92307692307692
3896,792.6296296296297,324.85185185185185,77.70370370370371
3897,788.0,232.14285714285714,82.57142857142857
3898,791.7857142857143,303.5,78.53571428571429
3899,791.5172413793103,298.0689655172414,78.48275862068965
3900,792.9354838709677,292.64516129032256,77.41935483870968
3901,798.08,330.72,73.16
3902,797.9310344827586,291.82758620689657,73.41379310344827
3903,798.7407407407408,287.14814814814815,72.33333333333333
3904,797.6521739130435,276.0869565217391,73.52173913043478
3905,803.25,284.25,68.59375
3906,808.1818181818181,350.45454545454544,64.0909090909091
3907,805.25,288.4,66.85
3908,807.7,307.65,65.25
3909,809.2857142857143,328.85714285714283,63.714285714285715
3910,808.2105263157895,277.94736842105266,64.05263157894737
3911,810.9375,295.25,62.6875
3912,808.2571428571429,234.14285714285714,63.628571428571426
3913,816.1578947368421,323.42105263157896,58.0
3914,819.3181818181819,296.1818181818182,55.09090909090909
3915,824.9777777777778,367.97777777777776,50.2
3916,816.5333333333333,216.93333333333334,57.13333333333333
3917,825.1333333333333,318.56666666666666,50.56666666666667
3918,825.4181818181818,348.3090909090909,49.43636363636364
3919,827.7857142857143,337.0,48.92857142857143
3920,827.7083333333334,307.2916666666667,47.833333333333336
3921,838.3125,387.4375,39.6875
3922,838.15,318.7,39.5
3923,837.5,304.8125,40.1875
3924,843.8181818181819,353.40909090909093,34.72727272727273
3925,837.3333333333334,239.22222222222223,40.666666666666664
3926,779.25,319.8333333333333,88.625
3927,781.1212121212121,336.969696969697,86.3030303030303
3928,783.2666666666667,290.1,84.66666666666667
3929,787.7368421052631,340.4736842105263,81.3157894736842
3930,786.6538461538462,291.88461538461536,82.61538461538461
3931,797.0,400.0,76.0
3932,788.7096774193549,304.06451612903226,80.58064516129032
3933,794.6296296296297,343.48148148148147,75.70370370370371
3934,801.0384615384615,364.1923076923077,71.0
3935,801.36,351.04,70.12
3936,802.4,345.35,69.05
3937,795.8,222.3,74.8
3938,801.1034482758621,292.62068965517244,70.10344827586206
3939,802.4,300.1,68.95
3940,805.375,329.625,66.875
3941,802.3333333333334,289.4583333333333,68.66666666666667
3942,799.0666666666667,221.66666666666666,71.93333333333334
3943,815.5862068965517,347.62068965517244,57.62068965517241
3944,819.0,336.0,56.25
3945,816.0816326530612,278.0612244897959,56.46938775510204
3946,820.9166666666666,292.75,53.25
3947,828.925,357.725,46.625
3948,826.1904761904761,298.14285714285717,49.523809523809526
3949,834.0833333333334,396.75,43.083333333333336
3950,822.6,220.9,51.4
3951,830.2941176470588,323.47058823529414,45.8235294117647
3952,832.6470588235294,290.70588235294116,43.529411764705884
3953,839.8571428571429,338.42857142857144,37.42857142857143
3954,848.0,324.0,33.0
3955,848.0,335.27272727272725,31.636363636363637
3956,842.8965517241379,271.44827586206895,34.51724137931034
3957,845.4782608695652,284.95652173913044,32.608695652173914
3958,777.5,310.1875,89.0
3959,782.4827586206897,342.6551724137931,85.86206896551724
3960,781.2777777777778,293.55555555555554,86.33333333333333
3961,786.0370370370371,327.5925925925926,82.51851851851852
3962,787.1538461538462,335.7307692307692,81.6923076923077
3963,786.695652173913,315.4347826086956,82.3913043478261
3964,787.3478260869565,320.9130434782609,81.73913043478261
3965,789.0434782608696,317.7826086956522,80.47826086956522
3966,790.3888888888889,323.6111111111111,79.16666666666667
3967,791.6086956521739,287.30434782608694,78.17391304347827
3968,794.5,303.6363636363636,75.4090909090909
3969,798.8260869565217,335.8695652173913,72.52173913043478
3970,798.0,298.05555555555554,73.0
3971,802.375,307.9583333333333,69.33333333333333
3972,799.7142857142857,243.5,71.14285714285714
3973,807.2,344.44,65.36
3974,804.9629629629629,302.55555555555554,66.48148148148148
3975,806.2972972972973,292.94594594594594,65.54054054054055
3976,807.0666666666667,287.1333333333333,64.93333333333334
3977,810.8571428571429,323.7142857142857,61.607142857142854
3978,807.8,282.68,63.68
3979,812.3636363636364,301.72727272727275,60.515151515151516
3980,817.6153846153846,318.4230769230769,56.57692307692308
3981,829.6521739130435,406.17391304347825,45.69565217391305
3982,822.8484848484849,269.3030303030303,50.696969696969695
3983,829.4375,304.125,45.5625
3984,830.8,286.4,45.2
3985,827.2,222.64,47.56
3986,834.0952380952381,303.57142857142856,42.333333333333336
3987,846.9230769230769,353.0,31.923076923076923
3988,777.7666666666667,272.73333333333335,88.23333333333333
3989,784.1818181818181,304.59090909090907,84.0909090909091
3990,783.8928571428571,295.35714285714283,84.07142857142857
3991,788.5185185185185,296.22222222222223,80.48148148148148
3992,791.741935483871,343.258064516129,77.41935483870968
3993,793.4,329.96,76.28
3994,796.0,337.3333333333333,73.83333333333333
3995,799.1538461538462,356.34615384615387,71.92307692307692
3996,795.7142857142857,307.39285714285717,74.39285714285714
3997,793.9629629629629,282.2962962962963,75.4074074074074
3998,798.6111111111111,318.1666666666667,72.22222222222223
3999,800.3076923076923,338.9230769230769,70.8076923076923
4000,801.7,336.55,69.05
4001,802.9130434782609,324.0869565217391,67.95652173913044
4002,806.6538461538462,326.5769230769231,65.38461538461539
4003,806.3809523809524,336.8095238095238,65.0952380952381
4004,808.8846153846154,344.53846153846155,63.34615384615385
4005,808.6666666666666,311.6666666666667,63.333333333333336
4006,805.75,258.375,66.0
4007,812.3076923076923,342.0769230769231,60.42307692307692
4008,814.24,343.0,58.6
4009,811.2068965517242,282.13793103448273,61.0
4010,811.5185185185185,276.18518518518516,60.44444444444444
4011,813.2380952380952,289.57142857142856,59.42857142857143
4012,814.8163265306123,258.2448979591837,57.265306122448976
4013,823.0,327.5652173913044,50.65217391304348
4014,821.8235294117648,287.38235294117646,51.44117647058823
4015,824.7272727272727,280.09090909090907,50.18181818181818
4016,836.2916666666666,396.7083333333333,40.583333333333336
4017,832.0,307.0,44.0
4018,831.6666666666666,300.8888888888889,44.0
4019,829.5666666666667,226.2,44.6
4020,838.027027027027,333.2972972972973,37.810810810810814
4021,844.2380952380952,371.1904761904762,33.57142857142857
4022,846.2941176470588,366.8235294117647,32.23529411764706
4023,838.8636363636364,252.63636363636363,37.5
4024,845.1481481481482,340.48148148148147,32.55555555555556
4025,788.4375,346.09375,80.375
4026,793.0,398.75,77.0
4027,790.2173913043479,280.4347826086956,77.8695652173913
4028,792.8,225.6,77.0
4029,799.8947368421053,313.05263157894734,70.42105263157895
4030,804.4166666666666,266.625,66.5
4031,809.2758620689655,333.37931034482756,62.55172413793103
4032,807.952380952381,291.1904761904762,63.523809523809526
4033,816.9444444444445,328.3333333333333,56.44444444444444
4034,815.3636363636364,297.59090909090907,56.90909090909091
4035,819.2352941176471,329.2352941176471,54.1764705882353
4036,824.6363636363636,403.6363636363636,49.63636363636363
4037,820.625,339.25,52.1875
4038,833.0,405.5,44.0
4039,823.5666666666667,223.3,49.63333333333333
4040,833.6363636363636,327.6666666666667,41.484848484848484
4041,840.2571428571429,321.8285714285714,36.285714285714285
4042,833.1818181818181,231.27272727272728,41.59090909090909
4043,844.578947368421,348.4736842105263,33.05263157894737
4044,841.24,285.88,34.92
4045,843.0769230769231,294.84615384615387,34.23076923076923
4046,779.4782608695652,329.7391304347826,87.6086956521739
4047,782.3888888888889,315.3888888888889,84.94444444444444
4048,785.0333333333333,308.5,82.56666666666666
4049,787.7647058823529,337.3235294117647,79.67647058823529
4050,790.7916666666666,338.0833333333333,78.16666666666667
4051,789.0,308.2758620689655,78.6896551724138
4052,790.2432432432432,274.1081081081081,77.24324324324324
4053,795.3333333333334,284.7916666666667,73.70833333333333
4054,798.28,323.16,70.72
4055,796.3636363636364,280.0681818181818,72.43181818181819
4056,803.44,341.2,67.0
4057,808.3076923076923,379.97435897435895,62.53846153846154
4058,821.0454545454545,405.90909090909093,52.31818181818182
4059,823.7142857142857,408.14285714285717,51.0
4060,818.0357142857143,321.0,54.57142857142857
4061,815.625,287.15625,56.1875
4062,816.5,292.3333333333333,55.888888888888886
4063,827.5,408.42857142857144,47.5
4064,820.3157894736842,297.8421052631579,52.73684210526316
4065,820.8888888888889,273.44444444444446,52.5
4066,825.9565217391304,318.82608695652175,47.869565217391305
4067,826.7333333333333,283.1333333333333,46.31111111111111
4068,834.7878787878788,329.8484848484849,39.63636363636363
4069,831.8571428571429,239.92857142857142,42.857142857142854
4070,841.5454545454545,301.27272727272725,35.27272727272727
4071,779.1379310344828,316.55172413793105,87.37931034482759
4072,778.04,288.24,87.92
4073,778.6388888888889,296.69444444444446,87.61111111111111
4074,783.2222222222222,338.1111111111111,84.33333333333333
4075,786.4857142857143,331.0571428571429,80.65714285714286
4076,788.8620689655172,328.9655172413793,78.75862068965517
4077,787.2916666666666,290.375,80.16666666666667
4078,791.4,319.05,77.05
4079,793.76,321.04,74.8
4080,795.4722222222222,342.3333333333333,73.47222222222223
4081,795.3548387096774,321.51612903225805,72.90322580645162
4082,793.3214285714286,273.7142857142857,74.67857142857143
4083,800.0,307.5,71.0
4084,799.7142857142857,237.14285714285714,70.42857142857143
4085,808.6206896551724,353.17241379310343,62.48275862068966
4086,807.3333333333334,325.04761904761904,63.42857142857143
4087,807.1111111111111,308.6666666666667,63.55555555555556
4088,808.2222222222222,299.74074074074076,62.370370370370374
4089,809.6666666666666,295.9047619047619,61.0
4090,807.9142857142857,268.62857142857143,62.31428571428572
4091,805.6363636363636,214.9090909090909,64.54545454545455
4092,825.1666666666666,410.0,49.0
4093,822.1136363636364,373.75,50.45454545454545
4094,819.8936170212766,264.48936170212767,51.61702127659574
4095,826.125,324.25,47.291666666666664
4096,780.8571428571429,327.25,85.60714285714286
4097,784.0294117647059,344.7352941176471,81.6470588235294
4098,796.5333333333333,326.73333333333335,72.23333333333333
4099,798.2258064516129,334.35483870967744,70.58064516129032
4100,797.0,293.7878787878788,71.60606060606061
4101,800.6451612903226,330.96774193548384,68.74193548387096
4102,800.4615384615385,296.5,68.1923076923077
4103,804.2307692307693,278.7307692307692,65.34615384615384
4104,805.64,296.32,64.0
4105,811.1363636363636,346.6818181818182,59.27272727272727
4106,809.9642857142857,272.32142857142856,60.464285714285715
4107,813.6129032258065,302.2903225806452,57.32258064516129
4108,815.0,308.0,57.0
4109,809.4642857142857,219.25,60.035714285714285
4110,820.1388888888889,333.02777777777777,52.416666666666664
4111,819.75,325.67857142857144,52.642857142857146
4112,811.875,214.375,58.75
4113,823.1304347826087,332.2173913043478,49.52173913043478
4114,821.4666666666667,292.3333333333333,50.93333333333333
4115,825.2439024390244,333.6829268292683,46.97560975609756
4116,822.375,217.08333333333334,49.541666666666664
4117,845.625,362.0,32.25
4118,778.5625,285.875,86.28125
4119,791.6666666666666,338.73333333333335,75.6
4120,790.7368421052631,309.10526315789474,76.94736842105263
4121,792.3809523809524,311.04761904761904,74.9047619047619
4122,797.081081081081,344.8378378378378,71.37837837837837
4123,796.1428571428571,312.4761904761905,72.0
4124,792.7391304347826,226.7391304347826,74.43478260869566
4125,799.3666666666667,320.73333333333335,69.4
4126,805.4,356.84,64.24
4127,802.6,320.92,66.28
4128,802.7826086956521,271.04347826086956,66.17391304347827
4129,806.7777777777778,320.3333333333333,63.166666666666664
4130,808.0,304.3333333333333,62.333333333333336
4131,814.3846153846154,337.38461538461536,56.76923076923077
4132,807.3555555555556,235.7111111111111,61.333333333333336
4133,821.2962962962963,323.1111111111111,50.629629629629626
4134,815.9574468085107,242.95744680851064,54.04255319148936
4135,821.5405405405405,283.3243243243243,49.86486486486486
4136,819.2068965517242,217.79310344827587,52.275862068965516
4137,831.0,249.41666666666666,42.291666666666664
4138,833.1111111111111,293.0444444444444,39.55555555555556
4139,835.8571428571429,292.04761904761904,37.714285714285715
4140,839.72,266.92,34.8
4141,780.1388888888889,320.05555555555554,85.55555555555556
4142,784.3076923076923,299.61538461538464,81.38461538461539
4143,802.1176470588235,306.29411764705884,66.88235294117646
4144,801.4285714285714,247.57142857142858,67.85714285714286
4145,803.2105263157895,283.57894736842104,65.21052631578948
4146,802.6279069767442,246.6046511627907,65.0
4147,816.925925925926,405.9259259259259,55.370370370370374
4148,810.7407407407408,321.22222222222223,59.25925925925926
4149,804.5641025641025,229.7948717948718,62.84615384615385
4150,814.7058823529412,344.0882352941176,56.35294117647059
4151,816.09375,300.375,54.46875
4152,818.7272727272727,319.0,52.81818181818182
4153,822.7241379310345,337.7931034482759,49.03448275862069
4154,823.0454545454545,306.0,48.90909090909091
4155,819.8461538461538,250.28205128205127,50.53846153846154
4156,823.0,290.8421052631579,48.68421052631579
4157,825.5555555555555,300.8888888888889,46.72222222222222
4158,839.1764705882352,386.94117647058823,35.94117647058823
4159,840.6363636363636,380.72727272727275,34.63636363636363
4160,832.5,235.3,40.1
4161,842.2608695652174,276.17391304347825,32.56521739130435
4162,775.2857142857143,316.0,88.85714285714286
4163,774.1538461538462,299.0769230769231,89.0
4164,778.71875,306.71875,86.4375
4165,776.9310344827586,280.48275862068965,87.10344827586206
4166,781.6428571428571,331.17857142857144,83.78571428571429
4167,783.0666666666667,324.2,81.93333333333334
4168,785.7096774193549,308.51612903225805,80.45161290322581
4169,784.7894736842105,312.3157894736842,80.47368421052632
4170,798.0882352941177,387.9117647058824,70.5
4171,790.6428571428571,294.67857142857144,76.03571428571429
4172,788.5,227.5,78.0
4173,800.3333333333334,353.0740740740741,68.22222222222223
4174,798.3333333333334,304.0,70.33333333333333
4175,797.7714285714286,275.4,69.54285714285714
4176,794.1,219.8,72.3
4177,801.2105263157895,292.57894736842104,66.84210526315789
4178,807.8888888888889,328.51851851851853,61.55555555555556
4179,810.5714285714286,361.53061224489795,58.775510204081634
4180,808.1666666666666,307.6666666666667,61.333333333333336
4181,803.5102040816327,251.87755102040816,64.12244897959184
4182,811.3333333333334,335.26666666666665,59.13333333333333
4183,815.5714285714286,361.6190476190476,55.76190476190476
4184,815.0,324.65384615384613,55.57692307692308
4185,817.6666666666666,305.1666666666667,53.166666666666664
4186,830.3,338.2,43.0
4187,825.7619047619048,267.1904761904762,45.95238095238095
4188,835.3125,322.9166666666667,37.541666666666664
4189,838.0,316.5,37.0
4190,841.5263157894736,357.2105263157895,33.36842105263158
4191,838.2222222222222,296.05555555555554,35.5
4192,843.7,331.3,31.4
4193,780.5769230769231,309.53846153846155,84.57692307692308
4194,782.3888888888889,318.72222222222223,82.58333333333333
4195,785.8214285714286,324.82142857142856,79.82142857142857
4196,787.1,318.6,78.7
4197,789.6129032258065,333.64516129032256,76.74193548387096
4198,794.68,364.88,72.24
4199,790.9629629629629,288.48148148148147,75.29629629629629
4200,798.5185185185185,303.3333333333333,68.74074074074075
4201,801.1612903225806,333.8709677419355,66.6774193548387
4202,802.0,297.6666666666667,66.08333333333333
4203,809.6153846153846,350.2307692307692,60.34615384615385
4204,804.0588235294117,273.47058823529414,64.38235294117646
4205,810.9444444444445,306.22222222222223,59.0
4206,809.6052631578947,293.7105263157895,59.473684210526315
4207,812.8181818181819,332.27272727272725,57.09090909090909
4208,810.0416666666666,286.2083333333333,59.541666666666664
4209,814.8148148148148,335.1111111111111,54.851851851851855
4210,821.2727272727273,401.72727272727275,51.0
4211,816.6,348.8,53.6
4212,830.125,389.25,42.791666666666664
4213,832.0,241.0,40.0
4214,835.6538461538462,243.30769230769232,37.53846153846154
4215,838.2222222222222,254.33333333333334,35.44444444444444
4216,842.5,292.0,32.0
4217,777.96,314.08,85.8
4218,787.5263157894736,342.8421052631579,78.10526315789474
4219,787.1111111111111,293.0,78.33333333333333
4220,788.72,300.08,77.04
4221,790.3703703703703,304.6296296296296,75.51851851851852
4222,785.8235294117648,229.88235294117646,79.41176470588235
4223,794.3181818181819,307.72727272727275,72.0909090909091
4224,797.0,328.4583333333333,70.33333333333333
4225,797.7037037037037,340.8888888888889,69.51851851851852
4226,796.5151515151515,289.030303030303,70.33333333333333
4227,803.6875,352.0,65.0625
4228,802.8235294117648,346.6764705882353,65.05882352941177
4229,798.3928571428571,278.5,67.71428571428571
4230,796.5555555555555,235.22222222222223,69.88888888888889
4231,800.258064516129,275.1290322580645,66.93548387096774
4232,806.84,348.0,61.8
4233,807.9090909090909,338.40909090909093,60.72727272727273
4234,810.8604651162791,366.74418604651163,57.604651162790695
4235,806.5,274.22727272727275,61.95454545454545
4236,809.84375,280.71875,58.625
4237,811.6,293.23333333333335,57.43333333333333
4238,821.1,359.7,49.84
4239,819.7692307692307,317.2692307692308,50.69230769230769
4240,816.448275862069,278.55172413793105,52.689655172413794
4241,820.3076923076923,306.0769230769231,50.92307692307692
4242,822.0,314.57142857142856,49.142857142857146
4243,829.3333333333334,399.0952380952381,43.666666666666664
4244,835.25,392.25,39.0
4245,834.5384615384615,303.65384615384613,38.42307692307692
4246,841.8695652173913,336.30434782608694,31.782608695652176
4247,778.1363636363636,296.59090909090907,85.04545454545455
4248,781.4666666666667,299.2,82.8
4249,790.1666666666666,277.9166666666667,74.75
4250,796.4347826086956,309.39130434782606,70.08695652173913
4251,800.6666666666666,350.5,66.5
4252,799.7647058823529,284.4117647058824,67.47058823529412
4253,802.4705882352941,304.47058823529414,65.05882352941177
4254,804.6666666666666,300.0,64.66666666666667
4255,807.3333333333334,343.5833333333333,61.333333333333336
4256,806.1290322580645,288.2258064516129,61.58064516129032
4257,811.5294117647059,326.9117647058824,57.23529411764706
4258,809.6111111111111,299.22222222222223,59.0
4259,807.5151515151515,212.3030303030303,59.60606060606061
4260,812.3809523809524,263.4761904761905,56.476190476190474
4261,815.6666666666666,293.4583333333333,53.708333333333336
4262,811.8571428571429,215.8095238095238,56.38095238095238
4263,823.0,356.75,47.7
4264,821.7777777777778,264.85185185185185,47.44444444444444
4265,830.2285714285714,335.0,41.31428571428572
4266,824.1724137931035,224.24137931034483,46.37931034482759
4267,835.6538461538462,248.84615384615384,36.84615384615385
4268,843.2571428571429,345.3142857142857,30.457142857142856
4269,775.1428571428571,306.2857142857143,87.78571428571429
4270,781.4,313.08,82.44
4271,782.5,294.57142857142856,81.10714285714286
4272,789.1666666666666,324.375,75.70833333333333
4273,792.6538461538462,303.46153846153845,73.34615384615384
4274,792.0,292.71875,73.375
4275,796.0833333333334,297.625,70.29166666666667
4276,801.8333333333334,340.125,65.0
4277,803.125,323.875,65.0
4278,802.8235294117648,332.9117647058824,64.52941176470588
4279,804.7586206896551,337.0344827586207,63.310344827586206
4280,803.5555555555555,311.1666666666667,63.44444444444444
4281,804.1111111111111,287.3703703703704,63.55555555555556
4282,810.3181818181819,380.20454545454544,57.52272727272727
4283,820.1111111111111,411.1111111111111,51.44444444444444
4284,815.25,315.75,54.0
4285,814.9411764705883,217.23529411764707,53.8235294117647
4286,826.1020408163265,340.14285714285717,44.0
4287,826.8378378378378,348.4594594594595,43.4054054054054
4288,821.72,220.36,47.68
4289,829.0,306.5,42.5
4290,829.75,317.75,41.2
4291,825.8139534883721,253.02325581395348,44.44186046511628
4292,825.84,244.68,44.64
4293,831.2631578947369,304.2105263157895,40.473684210526315
4294,827.875,229.20833333333334,42.666666666666664
4295,839.9047619047619,280.57142857142856,33.142857142857146
4296,773.7878787878788,284.7878787878788,87.66666666666667
4297,781.7741935483871,304.38709677419354,81.58064516129032
4298,783.4074074074074,316.2962962962963,80.44444444444444
4299,785.375,303.0,79.03125
4300,785.8888888888889,287.55555555555554,78.29629629629629
4301,790.6470588235294,327.0882352941176,74.23529411764706
4302,791.1153846153846,316.88461538461536,73.88461538461539
4303,794.4,340.28,71.36
4304,793.7272727272727,301.0,71.57575757575758
4305,793.4761904761905,287.57142857142856,71.95238095238095
4306,803.1935483870968,390.38709677419354,64.35483870967742
4307,796.45,282.05,69.7
4308,805.2142857142857,356.14285714285717,62.25
4309,801.3939393939394,289.8484848484849,65.42424242424242
4310,807.7826086956521,369.60869565217394,59.32608695652174
4311,798.6451612903226,220.70967741935485,67.03225806451613
4312,802.1111111111111,268.4074074074074,64.33333333333333
4313,804.8888888888889,293.3703703703704,61.77777777777778
4314,807.3913043478261,324.4782608695652,60.0
4315,809.1071428571429,340.17857142857144,58.75
4316,809.2307692307693,330.4230769230769,58.61538461538461
4317,816.1,405.7,53.0
4318,816.0,377.0,52.609756097560975
4319,815.75,283.22222222222223,52.361111111111114
4320,818.6428571428571,273.94642857142856,50.0
4321,828.4375,321.25,43.1875
4322,835.9,389.4,37.0
4323,838.32,374.76,34.44
4324,833.25,237.25,38.0
4325,772.5714285714286,306.42857142857144,89.0
4326,775.7037037037037,321.3703703703704,87.03703703703704
4327,778.3333333333334,303.94444444444446,84.94444444444444
4328,784.3548387096774,341.93548387096774,79.41935483870968
4329,786.16,324.2,77.92
4330,790.88,286.44,73.92
4331,793.875,331.75,71.58333333333333
4332,796.0,351.8484848484849,69.72727272727273
4333,800.0714285714286,386.85714285714283,66.75
4334,789.0625,224.5,75.8125
4335,791.9333333333333,276.6666666666667,73.0
4336,791.0,221.9090909090909,73.9090909090909
4337,793.96875,272.96875,70.46875
4338,797.09375,290.71875,68.375
4339,800.8695652173913,328.4347826086956,65.6086956521739
4340,803.8,349.84,63.24
4341,806.1379310344828,393.6551724137931,60.172413793103445
4342,812.3684210526316,410.2105263157895,56.421052631578945
4343,811.3125,285.625,57.3125
4344,814.6666666666666,304.6666666666667,55.0
4345,817.0666666666667,353.84444444444443,51.355555555555554
4346,818.95,299.95,49.95
4347,820.0909090909091,292.6363636363636,48.90909090909091
4348,823.5,347.2173913043478,45.47826086956522
4349,834.1111111111111,341.0,37.72222222222222
4350,834.5,297.0,37.0
4351,839.5652173913044,353.1304347826087,32.82608695652174
4352,837.5217391304348,289.2173913043478,34.43478260869565
4353,774.5555555555555,327.0,87.77777777777777
4354,776.3214285714286,331.92857142857144,86.39285714285714
4355,780.5652173913044,337.0,82.34782608695652
4356,779.2727272727273,303.969696969697,83.36363636363636
4357,778.5,290.1818181818182,84.22727272727273
4358,781.6206896551724,331.82758620689657,81.48275862068965
4359,787.1153846153846,328.61538461538464,76.57692307692308
4360,788.6,319.2,75.3
4361,794.625,356.5625,71.1875
4362,803.65,342.9,63.05
4363,801.9375,318.875,64.1875
4364,805.6296296296297,377.8703703703704,60.5
4365,799.7222222222222,264.44444444444446,66.16666666666667
4366,806.4,259.0,61.0
4367,806.0,250.27906976744185,60.093023255813954
4368,807.7352941176471,252.91176470588235,58.088235294117645
4369,817.1304347826087,302.5652173913044,51.34782608695652
4370,828.6,404.93333333333334,43.0
4371,823.9473684210526,325.63157894736844,45.1578947368421
4372,830.4705882352941,398.0,40.8235294117647
4373,822.1818181818181,246.45454545454547,46.72727272727273
4374,827.2553191489362,279.78723404255317,41.787234042553195
4375,774.3333333333334,313.24242424242425,87.54545454545455
4376,778.6153846153846,325.38461538461536,83.34615384615384
4377,778.2857142857143,319.14285714285717,83.95238095238095
4378,794.5185185185185,387.81481481481484,70.4074074074074
4379,797.1666666666666,335.2083333333333,68.25
4380,802.92,328.88,63.16
4381,802.6666666666666,282.3333333333333,62.94444444444444
4382,806.4583333333334,277.2083333333333,59.666666666666664
4383,813.32,361.02,53.56
4384,806.2222222222222,262.8888888888889,59.166666666666664
4385,810.5294117647059,306.88235294117646,56.529411764705884
4386,811.6666666666666,319.5,55.6
4387,819.4791666666666,365.0,48.416666666666664
4388,816.2962962962963,291.0740740740741,50.74074074074074
4389,826.1578947368421,299.6842105263158,42.94736842105263
4390,833.9677419354839,272.6774193548387,36.483870967741936
4391,838.6666666666666,302.3333333333333,34.333333333333336
4392,839.6818181818181,287.5,31.636363636363637
4393,787.375,341.3333333333333,76.20833333333333
4394,786.3076923076923,319.61538461538464,76.73076923076923
4395,787.1724137931035,283.2758620689655,75.17241379310344
4396,799.5,392.5,67.0
4397,797.0,321.14285714285717,67.71428571428571
4398,798.2272727272727,300.6818181818182,66.63636363636364
4399,804.695652173913,333.6521739130435,61.69565217391305
4400,802.1333333333333,302.1,63.333333333333336
4401,801.7666666666667,291.3333333333333,63.266666666666666
4402,803.6666666666666,312.3333333333333,62.0
4403,803.5,308.8,62.0
4404,801.875,277.8333333333333,63.458333333333336
4405,806.0588235294117,303.2352941176471,60.0
4406,809.5,321.4166666666667,57.25
4407,812.6111111111111,368.27777777777777,54.2037037037037
4408,812.6315789473684,329.94736842105266,54.578947368421055
4409,814.4761904761905,327.3333333333333,53.333333333333336
4410,814.0869565217391,322.39130434782606,53.17391304347826
4411,816.4583333333334,296.5,51.375
4412,813.5384615384615,225.0,53.03846153846154
4413,818.0769230769231,219.53846153846155,49.57692307692308
4414,830.7142857142857,388.2857142857143,40.19047619047619
4415,832.3888888888889,396.6111111111111,38.833333333333336
4416,826.4,289.6666666666667,43.266666666666666
4417,823.2727272727273,229.96969696969697,44.72727272727273
4418,831.6153846153846,318.38461538461536,38.46153846153846
4419,835.15625,356.59375,35.53125
4420,837.4,385.6,33.85
4421,835.0,317.4,35.6
4422,840.1818181818181,364.72727272727275,32.0
4423,841.16,368.68,30.56
4424,838.4285714285714,271.42857142857144,32.392857142857146
4425,774.8125,294.8125,86.0
4426,782.0434782608696,353.17391304347825,79.91304347826087
4427,781.6296296296297,336.8888888888889,80.29629629629629
4428,783.0,351.0,78.52
4429,788.5,400.0,76.0
4430,788.304347826087,332.95652173913044,74.91304347826087
4431,791.0434782608696,335.39130434782606,72.56521739130434
4432,792.4666666666667,320.8,71.43333333333334
4433,791.0,271.65384615384613,72.11538461538461
4434,796.25,326.7,68.15
4435,795.7777777777778,307.44444444444446,68.4074074074074
4436,799.375,279.9583333333333,65.33333333333333
4437,805.5625,353.25,60.3125
4438,802.7037037037037,268.9259259259259,62.25925925925926
4439,803.32,278.96,61.68
4440,807.5714285714286,289.8095238095238,58.142857142857146
4441,811.5769230769231,292.1923076923077,54.88461538461539
4442,808.8536585365854,259.2682926829268,56.53658536585366
4443,822.4090909090909,367.27272727272725,45.81818181818182
4444,820.5471698113207,351.52830188679246,46.77358490566038
4445,818.7666666666667,227.4,48.46666666666667
4446,823.5833333333334,287.4166666666667,44.833333333333336
4447,823.5833333333334,223.08333333333334,43.958333333333336
4448,837.2647058823529,361.5,33.38235294117647
4449,831.2307692307693,266.11538461538464,38.07692307692308
4450,836.0,283.0,34.0
4451,772.2258064516129,296.83870967741933,87.6774193548387
4452,771.3333333333334,239.66666666666666,89.0
4453,777.0714285714286,313.10714285714283,83.64285714285714
4454,778.55,294.85,82.7
4455,783.7391304347826,329.2608695652174,78.65217391304348
4456,789.2222222222222,340.9259259259259,73.5925925925926
4457,791.48,346.92,72.24
4458,795.64,346.28,68.56
4459,800.0,315.75,65.0
4460,800.7272727272727,307.45454545454544,63.63636363636363
4461,809.578947368421,342.2631578947368,56.78947368421053
4462,807.925925925926,303.74074074074076,57.666666666666664
4463,809.12,298.08,56.68
4464,816.4074074074074,403.6296296296296,51.0
4465,811.7407407407408,297.6296296296296,54.51851851851852
4466,812.8181818181819,307.1818181818182,54.0
4467,819.3243243243244,397.3243243243243,47.7027027027027
4468,808.1395348837209,240.65116279069767,56.51162790697674
4469,821.7368421052631,408.7894736842105,46.73684210526316
4470,819.3181818181819,326.54545454545456,48.63636363636363
4471,810.6785714285714,214.89285714285714,54.357142857142854
4472,817.695652173913,307.69565217391306,49.21739130434783
4473,821.6190476190476,337.85714285714283,46.42857142857143
4474,815.6,216.05,51.05
4475,838.8125,373.375,32.3125
4476,836.88,327.28,33.6
4477,770.2,313.8,89.0
4478,769.1428571428571,296.42857142857144,89.0
4479,780.0434782608696,319.0,80.65217391304348
4480,783.9473684210526,308.63157894736844,77.0
4481,780.3333333333334,230.5,80.33333333333333
4482,786.741935483871,293.9032258064516,75.51612903225806
4483,796.0,402.0,70.0
4484,788.551724137931,300.13793103448273,73.58620689655173
4485,793.2222222222222,337.0,70.07407407407408
4486,791.25,294.9642857142857,71.28571428571429
4487,793.8214285714286,331.5,69.28571428571429
4488,797.92,344.08,65.76
4489,803.0,324.0,63.0
4490,797.2857142857143,248.6904761904762,64.85714285714286
4491,806.4285714285714,332.42857142857144,59.714285714285715
4492,804.7666666666667,297.3333333333333,60.3
4493,809.53125,335.5,55.84375
4494,802.525,245.5,60.325
4495,814.0,333.5,52.416666666666664
4496,827.1764705882352,401.5882352941176,41.529411764705884
4497,819.8181818181819,294.22727272727275,47.18181818181818
4498,829.2727272727273,326.90909090909093,39.90909090909091
4499,833.5,383.3333333333333,36.43333333333333
4500,828.8,232.2,40.4
4501,835.0,308.0,35.0
4502,834.7741935483871,321.61290322580646,34.516129032258064
4503,841.5,361.4,29.75
4504,836.8125,294.46875,32.53125
4505,777.5,330.77272727272725,82.72727272727273
4506,784.7407407407408,303.1111111111111,76.62962962962963
4507,787.0,311.0,76.0
4508,788.3913043478261,322.0,73.47826086956522
4509,790.7142857142857,327.60714285714283,71.92857142857143
4510,791.875,305.46875,70.5
4511,793.1923076923077,301.11538461538464,69.42307692307692
4512,797.2631578947369,295.7894736842105,66.42105263157895
4513,798.5652173913044,299.30434782608694,64.73913043478261
4514,797.5357142857143,269.92857142857144,65.42857142857143
4515,802.6086956521739,339.7826086956522,61.56521739130435
4516,807.3333333333334,390.0,57.857142857142854
4517,805.3333333333334,349.030303030303,59.36363636363637
4518,803.55,301.95,61.15
4519,806.9310344827586,336.8965517241379,57.689655172413794
4520,802.0222222222222,259.73333333333335,60.577777777777776
4521,804.4782608695652,272.3478260869565,59.869565217391305
4522,805.84,284.76,58.36
4523,809.3529411764706,287.2647058823529,55.44117647058823
4524,813.25,302.875,52.791666666666664
4525,810.8444444444444,259.4888888888889,53.55555555555556
4526,824.8235294117648,407.1764705882353,43.88235294117647
4527,824.4615384615385,304.38461538461536,43.38461538461539
4528,773.5172413793103,310.9310344827586,85.55172413793103
4529,781.5384615384615,305.61538461538464,78.84615384615384
4530,791.5,311.6111111111111,70.94444444444444
4531,800.0434782608696,353.2608695652174,63.78260869565217
4532,798.1818181818181,275.3181818181818,64.5909090909091
4533,803.1,324.3,61.1
4534,807.65625,281.5,56.5625
4535,809.7619047619048,302.0,55.142857142857146
4536,815.1111111111111,321.0,51.0
4537,817.9444444444445,318.8888888888889,48.5
4538,817.9545454545455,299.3181818181818,48.09090909090909
4539,823.0217391304348,283.0652173913044,43.52173913043478
4540,830.4814814814815,366.75925925925924,37.851851851851855
4541,774.6785714285714,321.89285714285717,84.64285714285714
4542,773.4090909090909,305.09090909090907,85.68181818181819
4543,777.8695652173913,309.04347826086956,81.95652173913044
4544,779.7,325.6333333333333,80.46666666666667
4545,784.28,333.92,76.68
4546,786.3103448275862,308.8965517241379,74.17241379310344
4547,786.8571428571429,274.8095238095238,74.0
4548,795.71875,350.8125,66.59375
4549,792.4666666666667,292.6,69.5
4550,794.75,296.0,68.0
4551,797.3571428571429,321.92857142857144,66.0
4552,800.9047619047619,357.7142857142857,62.666666666666664
4553,795.6,289.3,66.4
4554,791.4375,218.375,70.1875
4555,796.8846153846154,284.03846153846155,65.42307692307692
4556,803.1363636363636,345.40909090909093,61.13636363636363
4557,804.88,343.08,59.28
4558,800.9333333333333,273.0,62.666666666666664
4559,809.0625,325.75,55.5
4560,818.3333333333334,409.9166666666667,48.666666666666664
4561,818.6451612903226,321.7096774193548,46.54838709677419
4562,821.0,298.6666666666667,45.55555555555556
4563,820.375,281.6875,46.125
4564,831.75,303.8,36.4
4565,831.7931034482758,290.6551724137931,35.58620689655172
4566,837.0909090909091,266.6363636363636,31.545454545454547
4567,769.6296296296297,309.7037037037037,88.51851851851852
4568,793.5833333333334,340.8333333333333,68.29166666666667
4569,787.6666666666666,235.83333333333334,72.66666666666667
4570,791.9142857142857,281.74285714285713,69.45714285714286
4571,795.1470588235294,338.8235294117647,66.38235294117646
4572,796.2121212121212,333.0,65.72727272727273
4573,794.9629629629629,304.18518518518516,66.96296296296296
4574,801.5,320.0,61.54545454545455
4575,798.2608695652174,284.0869565217391,63.82608695652174
4576,800.0,297.0,62.85
4577,803.3846153846154,329.46153846153845,60.34615384615385
4578,806.2631578947369,326.10526315789474,58.05263157894737
4579,817.5909090909091,371.25,47.40909090909091
4580,811.25,267.11538461538464,52.44230769230769
4581,819.9814814814815,360.81481481481484,45.851851851851855
4582,820.2222222222222,306.8888888888889,45.77777777777778
4583,820.6875,320.5625,44.875
4584,824.1176470588235,323.6470588235294,42.588235294117645
4585,819.1428571428571,223.75,46.32142857142857
4586,823.4848484848485,260.72727272727275,42.60606060606061
4587,825.6,300.4,40.8
4588,829.0454545454545,303.45454545454544,38.5
4589,830.75,295.54545454545456,35.52272727272727
4590,832.25,251.125,35.21875
4591,834.0333333333333,264.4,33.86666666666667
4592,770.0285714285715,306.0,87.51428571428572
4593,773.05,316.85,85.75
4594,774.1481481481482,300.3703703703704,84.03703703703704
4595,775.9666666666667,290.3,82.33333333333333
4596,780.8157894736842,320.86842105263156,78.57894736842105
4597,782.2413793103449,340.0689655172414,77.03448275862068
4598,781.90625,290.78125,77.84375
4599,782.6,227.2,78.0
4600,794.5384615384615,371.4230769230769,67.11538461538461
4601,791.7272727272727,238.5909090909091,69.04545454545455
4602,794.3571428571429,284.2857142857143,66.78571428571429
4603,794.741935483871,262.7741935483871,65.61290322580645
4604,802.7037037037037,254.75925925925927,58.77777777777778
4605,805.4814814814815,264.462962962963,56.55555555555556
4606,809.6521739130435,317.95652173913044,53.65217391304348
4607,805.4285714285714,212.78571428571428,57.42857142857143
4608,827.7446808510638,291.468085106383,38.340425531914896
4609,827.0,238.42857142857142,39.095238095238095
4610,833.0,313.25,34.75
4611,836.1818181818181,333.3030303030303,31.606060606060606
4612,830.5714285714286,266.57142857142856,35.714285714285715
4613,831.25,245.33333333333334,36.083333333333336
4614,773.88,307.52,83.88
4615,788.5,317.95,72.1
4616,786.7407407407408,294.51851851851853,73.18518518518519
4617,787.9032258064516,306.61290322580646,72.3225806451613
4618,787.1,289.03333333333336,72.63333333333334
4619,785.2222222222222,223.77777777777777,74.72222222222223
4620,788.2758620689655,276.8965517241379,71.55172413793103
4621,796.9090909090909,336.8787878787879,64.54545454545455
4622,801.074074074074,351.55555555555554,61.51851851851852
4623,802.3333333333334,335.962962962963,60.148148148148145
4624,803.5652173913044,320.4782608695652,59.26086956521739
4625,798.7708333333334,254.79166666666666,61.583333333333336
4626,806.8055555555555,292.69444444444446,56.388888888888886
4627,817.8,405.56666666666666,47.53333333333333
4628,813.4642857142857,329.64285714285717,50.607142857142854
4629,816.6363636363636,356.0,48.54545454545455
4630,821.0,406.17391304347825,45.04347826086956
4631,821.8,397.6857142857143,44.457142857142856
4632,812.4888888888889,264.0,50.51111111111111
4633,825.4285714285714,406.64285714285717,41.92857142857143
4634,813.9318181818181,256.70454545454544,49.47727272727273
4635,825.9444444444445,293.27777777777777,39.77777777777778
4636,827.9714285714285,257.51428571428573,37.65714285714286
4637,837.375,340.90625,30.53125
4638,766.375,304.0,89.0
4639,769.8064516129032,318.6774193548387,87.61290322580645
4640,776.5333333333333,320.8,81.66666666666667
4641,777.2608695652174,301.04347826086956,81.21739130434783
4642,778.5454545454545,333.0,79.81818181818181
4643,782.7333333333333,297.1666666666667,76.13333333333334
4644,784.6428571428571,302.17857142857144,74.46428571428571
4645,789.03125,353.0625,70.6875
4646,790.44,343.08,70.16
4647,790.88,348.56,69.6
4648,790.7333333333333,325.1666666666667,69.6
4649,794.5,328.94444444444446,66.61111111111111
4650,796.4761904761905,328.76190476190476,64.80952380952381
4651,798.0,340.82142857142856,63.42857142857143
4652,792.64,248.92,67.24
4653,800.6666666666666,288.81481481481484,61.25925925925926
4654,805.3636363636364,317.95454545454544,57.27272727272727
4655,803.9722222222222,277.1111111111111,57.361111111111114
4656,815.081081081081,348.1081081081081,48.648648648648646
4657,815.64,222.8,48.0
4658,827.5555555555555,391.3333333333333,38.888888888888886
4659,819.1351351351351,260.7027027027027,44.729729729729726
4660,828.8285714285714,343.9142857142857,37.457142857142856
4661,833.3333333333334,257.6666666666667,34.0
4662,785.8461538461538,316.53846153846155,73.84615384615384
4663,789.2592592592592,334.44444444444446,70.62962962962963
4664,788.6666666666666,288.7083333333333,70.83333333333333
4665,791.2,310.0,69.08
4666,797.1666666666666,348.3333333333333,64.11111111111111
4667,792.4,276.8,67.52
4668,799.0588235294117,345.6764705882353,62.529411764705884
4669,797.5172413793103,325.0,63.3448275862069
4670,796.85,304.0,64.1
4671,795.7692307692307,266.2307692307692,64.46153846153847
4672,807.0333333333333,345.6,56.2
4673,805.5806451612904,332.35483870967744,56.54838709677419
4674,812.8125,243.97916666666666,49.479166666666664
4675,823.4736842105264,320.0,41.421052631578945
4676,830.0,392.5,36.5
4677,822.0,228.13636363636363,42.5
4678,823.6538461538462,231.15384615384616,40.76923076923077
4679,834.7083333333334,351.375,32.333333333333336
4680,831.5714285714286,300.2857142857143,34.57142857142857
4681,770.6785714285714,322.92857142857144,85.92857142857143
4682,780.0869565217391,326.2173913043478,77.82608695652173
4683,781.7826086956521,324.6521739130435,76.34782608695652
4684,787.0384615384615,343.61538461538464,72.34615384615384
4685,788.0,339.1304347826087,71.47826086956522
4686,781.125,225.125,76.0
4687,787.65625,300.40625,71.5
4688,800.0,400.32,61.76
4689,787.5555555555555,219.55555555555554,71.44444444444444
4690,788.5555555555555,222.66666666666666,70.0
4691,797.8076923076923,331.7307692307692,63.03846153846154
4692,796.4545454545455,290.2121212121212,63.90909090909091
4693,799.85,274.55,60.95
4694,802.2916666666666,282.125,59.0
4695,809.0588235294117,336.8235294117647,53.44117647058823
4696,808.46875,323.96875,53.6875
4697,810.9230769230769,317.9230769230769,51.61538461538461
4698,805.8965517241379,215.31034482758622,55.44827586206897
4699,809.1190476190476,251.92857142857142,52.523809523809526
4700,809.4705882352941,217.94117647058823,52.294117647058826
4701,811.2727272727273,214.5909090909091,51.13636363636363
4702,822.1388888888889,371.0833333333333,42.166666666666664
4703,818.0344827586207,302.82758620689657,45.48275862068966
4704,826.1428571428571,402.0571428571429,39.457142857142856
4705,821.0512820512821,339.3333333333333,42.43589743589744
4706,818.6470588235294,294.7647058823529,45.1764705882353
4707,820.9090909090909,316.8181818181818,43.27272727272727
4708,814.3888888888889,216.66666666666666,48.611111111111114
4709,828.1818181818181,397.77272727272725,37.63636363636363
4710,817.0,218.48,46.12
4711,822.6363636363636,288.72727272727275,42.18181818181818
4712,827.5116279069767,328.13953488372096,37.41860465116279
4713,833.9411764705883,377.94117647058823,32.8235294117647
4714,832.0625,332.28125,33.96875
4715,775.8064516129032,314.61290322580646,81.3225806451613
4716,780.4,314.8,77.8
4717,781.1290322580645,318.35483870967744,76.54838709677419
4718,783.0,329.2903225806452,75.0
4719,785.0909090909091,335.57575757575756,73.48484848484848
4720,785.0,325.55555555555554,73.5925925925926
4721,791.35,321.45,68.05
4722,785.2142857142857,227.57142857142858,72.64285714285714
4723,799.0,395.07142857142856,62.57142857142857
4724,791.65625,290.875,67.53125
4725,791.5,285.0,67.125
4726,800.0,332.8,61.333333333333336
4727,797.2758620689655,279.48275862068965,62.51724137931034
4728,807.2105263157895,340.2631578947368,54.89473684210526
4729,807.7037037037037,295.55555555555554,54.407407407407405
4730,812.4090909090909,305.22727272727275,50.45454545454545
4731,813.5555555555555,326.22222222222223,49.333333333333336
4732,818.1290322580645,344.4516129032258,45.483870967741936
4733,824.0,335.0,41.0
4734,822.4666666666667,316.4,41.46666666666667
4735,824.2666666666667,304.6,40.13333333333333
4736,824.468085106383,282.0,39.38297872340426
4737,829.0434782608696,319.6521739130435,36.56521739130435
4738,832.3333333333334,358.3333333333333,33.0
4739,835.7727272727273,362.1363636363636,30.772727272727273
4740,832.8214285714286,286.14285714285717,33.035714285714285
4741,768.5217391304348,312.4782608695652,86.8695652173913
4742,766.3846153846154,240.6153846153846,88.76923076923077
4743,773.2666666666667,316.06666666666666,83.36666666666666
4744,775.625,335.5416666666667,81.45833333333333
4745,769.0,239.0,87.0
4746,788.78125,318.625,70.25
4747,792.4444444444445,308.22222222222223,66.14814814814815
4748,793.0434782608696,294.0869565217391,65.91304347826087
4749,790.1428571428571,225.66666666666666,68.38095238095238
4750,795.05,295.3,64.0
4751,801.38,371.18,58.74
4752,798.1071428571429,305.07142857142856,61.785714285714285
4753,797.52,284.36,62.0
4754,800.4,305.25,60.05
4755,801.5,292.5833333333333,59.375
4756,807.8888888888889,330.5925925925926,54.22222222222222
4757,804.4583333333334,285.4583333333333,56.5
4758,815.304347826087,306.17391304347825,47.56521739130435
4759,817.1034482758621,330.2758620689655,45.55172413793103
4760,820.0,298.5882352941176,43.411764705882355
4761,817.9411764705883,227.61764705882354,44.44117647058823
4762,826.2,232.2,38.6
4763,826.9642857142857,242.39285714285714,37.142857142857146
4764,831.2,280.65714285714284,32.82857142857143
4765,774.6666666666666,326.0952380952381,81.14285714285714
4766,777.24,312.16,79.36
4767,782.4444444444445,321.1111111111111,74.94444444444444
4768,782.09375,291.4375,75.28125
4769,777.8125,229.125,78.9375
4770,791.0714285714286,336.39285714285717,68.10714285714286
4771,792.525,345.825,66.325
4772,791.4166666666666,298.375,66.91666666666667
4773,794.0,278.7586206896552,64.82758620689656
4774,795.8571428571429,270.35714285714283,62.785714285714285
4775,799.074074074074,294.8888888888889,60.96296296296296
4776,809.7,328.15,52.05
4777,814.03125,322.34375,48.15625
4778,815.4285714285714,327.5238095238095,47.23809523809524
4779,813.4,301.84,48.4
4780,812.5,297.5,49.36363636363637
4781,822.2857142857143,256.55102040816325,40.63265306122449
4782,831.2,307.4,35.0
4783,837.4761904761905,344.85714285714283,28.523809523809526
4784,772.7586206896551,323.58620689655174,82.72413793103448
4785,776.75,328.35,79.0
4786,779.5,303.3636363636364,76.86363636363636
4787,783.5882352941177,341.55882352941177,73.52941176470588
4788,786.6521739130435,324.30434782608694,71.43478260869566
4789,787.96,278.84,69.28
4790,790.6111111111111,305.1666666666667,67.66666666666667
4791,793.2,320.05,65.75
4792,793.1379310344828,273.2068965517241,65.17241379310344
4793,798.5652173913044,327.4782608695652,61.391304347826086
4794,801.1,298.0,58.733333333333334
4795,802.5384615384615,323.15384615384613,57.333333333333336
4796,800.7222222222222,275.3333333333333,58.72222222222222
4797,808.047619047619,301.8095238095238,52.904761904761905
4798,814.0,352.8,47.925
4799,821.2432432432432,397.18918918918916,42.4054054054054
4800,811.4642857142857,222.03571428571428,49.107142857142854
4801,819.4285714285714,324.3809523809524,43.142857142857146
4802,824.0909090909091,326.1363636363636,39.5
4803,831.7307692307693,385.7307692307692,33.5
4804,835.1111111111111,374.6296296296296,30.62962962962963
4805,838.0,366.0,29.0
4806,839.0,327.0,28.0
4807,767.4444444444445,296.26666666666665,86.44444444444444
4808,770.3461538461538,326.65384615384613,84.11538461538461
4809,790.5,386.0,69.0
4810,786.0,283.17241379310343,70.72413793103448
4811,788.4090909090909,295.22727272727275,69.27272727272727
4812,798.9130434782609,280.5652173913044,60.21739130434783
4813,803.15625,304.0625,56.6875
4814,805.3333333333334,320.53333333333336,55.13333333333333
4815,809.3809523809524,323.0,51.714285714285715
4816,805.2083333333334,258.1041666666667,54.0
4817,809.8333333333334,301.27777777777777,51.166666666666664
4818,812.75,309.625,48.875
4819,822.875,390.25,40.0625
4820,820.9375,302.0,42.0625
4821,824.1666666666666,331.5833333333333,39.666666666666664
4822,818.08,221.48,43.68
4823,835.9375,370.375,29.1875
4824,767.7,301.7,86.35
4825,769.4583333333334,313.3333333333333,84.79166666666667
4826,775.7692307692307,321.6923076923077,79.65384615384616
4827,780.6571428571428,336.1142857142857,75.48571428571428
4828,788.4166666666666,301.9583333333333,69.20833333333333
4829,790.1481481481482,331.2962962962963,67.55555555555556
4830,791.44,325.2,65.84
4831,795.2727272727273,298.90909090909093,62.63636363636363
4832,797.9333333333333,300.3666666666667,60.63333333333333
4833,799.4444444444445,323.77777777777777,59.888888888888886
4834,802.32,346.56,57.6
4835,800.8947368421053,307.7368421052632,58.05263157894737
4836,797.5666666666667,213.0,60.36666666666667
4837,808.9032258064516,286.96774193548384,51.38709677419355
4838,818.55,410.75,43.55
4839,815.6071428571429,356.8392857142857,45.464285714285715
4840,820.9444444444445,407.77777777777777,42.388888888888886
4841,817.9090909090909,284.27272727272725,44.0
4842,826.4444444444445,352.64444444444445,36.84444444444444
4843,829.3928571428571,325.4642857142857,33.714285714285715
4844,831.5,315.0,32.5
4845,836.5,357.0,29.0
4846,782.2142857142857,297.85714285714283,73.67857142857143
4847,785.6111111111111,311.8888888888889,71.0
4848,796.0,355.45454545454544,63.0
4849,796.4090909090909,349.3636363636364,61.81818181818182
4850,793.3,299.9,64.6
4851,803.5675675675676,349.5135135135135,55.45945945945946
4852,808.0909090909091,392.75,52.13636363636363
4853,803.1111111111111,297.3333333333333,55.74074074074074
4854,811.6551724137931,408.0,48.96551724137931
4855,816.75,401.0,45.083333333333336
4856,808.9565217391304,296.2173913043478,51.21739130434783
4857,812.3703703703703,331.4074074074074,47.592592592592595
4858,817.8064516129032,369.8709677419355,43.774193548387096
4859,818.3,306.55,43.1
4860,812.7692307692307,215.07692307692307,46.84615384615385
4861,824.1052631578947,301.0,38.526315789473685
4862,826.5714285714286,301.7857142857143,36.214285714285715
4863,828.8666666666667,245.86666666666667,34.333333333333336
4864,836.1,335.6333333333333,28.566666666666666
4865,832.9117647058823,274.1764705882353,30.470588235294116
4866,769.5185185185185,302.51851851851853,84.22222222222223
4867,773.2903225806451,306.06451612903226,80.58064516129032
4868,777.7,292.46666666666664,77.23333333333333
4869,780.44,308.28,75.28
4870,784.0357142857143,329.17857142857144,71.82142857142857
4871,789.1111111111111,346.037037037037,68.18518518518519
4872,785.2647058823529,305.4117647058824,70.55882352941177
4873,785.2380952380952,293.8095238095238,71.04761904761905
4874,787.2,288.76,68.72
4875,795.8333333333334,336.2083333333333,61.708333333333336
4876,797.9565217391304,343.7826086956522,60.65217391304348
4877,794.4583333333334,275.375,62.875
4878,797.3333333333334,309.77777777777777,61.22222222222222
4879,803.4761904761905,374.57142857142856,56.333333333333336
4880,797.9473684210526,286.10526315789474,59.526315789473685
4881,802.695652173913,353.6521739130435,56.43478260869565
4882,800.6428571428571,292.85714285714283,56.714285714285715
4883,809.4545454545455,336.22727272727275,50.54545454545455
4884,818.8125,402.3125,43.0
4885,809.5,281.2368421052632,49.26315789473684
4886,814.6666666666666,297.8888888888889,46.22222222222222
4887,810.375,214.29166666666666,49.375
4888,811.75,226.6875,47.8125
4889,820.9285714285714,323.7857142857143,40.642857142857146
4890,818.4,286.0888888888889,41.666666666666664
4891,765.125,321.625,87.625
4892,769.68,319.52,84.0
4893,771.3448275862069,303.2413793103448,82.55172413793103
4894,787.8,397.6,69.0
4895,782.5806451612904,302.5483870967742,72.41935483870968
4896,783.1428571428571,286.85714285714283,71.92857142857143
4897,796.0,321.38461538461536,61.5
4898,800.547619047619,390.1190476190476,57.07142857142857
4899,794.9545454545455,292.72727272727275,62.18181818181818
4900,801.0,328.0,59.0
4901,793.5294117647059,256.03921568627453,61.86274509803921
4902,801.6666666666666,342.875,56.208333333333336
4903,804.2051282051282,344.6923076923077,54.0
4904,804.0666666666667,302.26666666666665,54.5
4905,802.4634146341464,239.609756097561,54.829268292682926
4906,804.1111111111111,218.94444444444446,54.0
4907,804.7692307692307,213.92307692307693,53.15384615384615
4908,816.8888888888889,333.1333333333333,43.48888888888889
4909,820.6875,361.4375,40.8125
4910,821.6428571428571,290.64285714285717,40.142857142857146
4911,818.03125,260.96875,41.78125
4912,829.1851851851852,294.18518518518516,32.592592592592595
4913,835.0,330.09090909090907,29.181818181818183
4914,831.0909090909091,256.6363636363636,31.545454545454547
4915,832.1935483870968,279.93548387096774,30.225806451612904
4916,765.0333333333333,305.7,87.0
4917,766.7368421052631,318.7368421052632,85.84210526315789
4918,770.0,310.9375,82.71875
4919,782.1666666666666,398.3333333333333,74.66666666666667
4920,775.1666666666666,305.4,78.6
4921,777.0645161290323,310.48387096774195,77.12903225806451
4922,780.9047619047619,317.76190476190476,74.0952380952381
4923,776.375,227.875,77.0
4924,785.8484848484849,329.969696969697,69.60606060606061
4925,793.5,411.0,65.0
4926,788.1724137931035,326.3103448275862,67.48275862068965
4927,791.0344827586207,285.8965517241379,64.96551724137932
4928,797.8636363636364,338.5,59.63636363636363
4929,799.9545454545455,351.04545454545456,57.90909090909091
4930,799.6785714285714,288.5357142857143,57.57142857142857
4931,803.4285714285714,325.57142857142856,55.142857142857146
4932,805.8139534883721,342.3720930232558,52.44186046511628
4933,802.5882352941177,288.3529411764706,55.23529411764706
4934,806.5925925925926,332.4074074074074,52.0
4935,812.3793103448276,402.55172413793105,47.48275862068966
4936,813.35,408.05,46.9
4937,815.3333333333334,407.73333333333335,45.06666666666667
4938,813.2545454545455,348.03636363636366,45.945454545454545
4939,821.074074074074,405.51851851851853,40.407407407407405
4940,824.0434782608696,388.8695652173913,37.869565217391305
4941,827.9333333333333,389.93333333333334,34.46666666666667
4942,819.4516129032259,226.7741935483871,40.29032258064516
4943,829.5714285714286,306.14285714285717,33.142857142857146
4944,826.8947368421053,274.9736842105263,34.473684210526315
4945,835.3461538461538,351.2307692307692,27.692307692307693
4946,763.95,310.95,87.6
4947,767.0285714285715,308.54285714285714,84.62857142857143
4948,776.6296296296297,322.48148148148147,76.70370370370371
4949,778.8,298.5,75.53333333333333
4950,781.4782608695652,291.2608695652174,73.04347826086956
4951,786.4285714285714,337.1904761904762,69.19047619047619
4952,787.2608695652174,317.69565217391306,68.30434782608695
4953,791.1176470588235,332.4117647058824,65.58823529411765
4954,798.25,411.25,61.0
4955,783.6666666666666,224.0,70.86666666666666
4956,796.0434782608696,357.95652173913044,60.65217391304348
4957,793.0434782608696,306.5217391304348,63.0
4958,798.483870967742,333.64516129032256,58.96774193548387
4959,799.0,309.0,59.0
4960,805.1666666666666,411.0,53.1
4961,804.8918918918919,402.8918918918919,53.08108108108108
4962,795.9777777777778,259.9111111111111,59.888888888888886
4963,805.4705882352941,297.52941176470586,53.1764705882353
4964,808.8723404255319,352.51063829787233,49.212765957446805
4965,800.6666666666666,212.27777777777777,56.5
4966,816.795918367347,358.2244897959184,42.61224489795919
4967,811.925925925926,221.5185185185185,46.592592592592595
4968,827.5483870967741,384.741935483871,34.61290322580645
4969,822.4545454545455,316.8181818181818,39.0
4970,823.8888888888889,318.8333333333333,36.94444444444444
4971,816.7333333333333,225.83333333333334,42.233333333333334
4972,829.1875,365.71875,32.84375
4973,828.2380952380952,251.9047619047619,33.285714285714285
4974,829.8235294117648,264.2352941176471,31.764705882352942
4975,832.5625,269.0625,29.875
4976,764.03125,316.09375,87.0625
4977,777.8333333333334,328.1666666666667,75.79166666666667
4978,774.6,234.2,79.0
4979,782.0,316.0,72.0
4980,794.5,411.5,63.0
4981,788.5384615384615,308.3076923076923,67.15384615384616
4982,788.6551724137931,320.44827586206895,66.48275862068965
4983,787.2333333333333,293.26666666666665,67.36666666666666
4984,790.0,303.04347826086956,65.34782608695652
4985,795.8333333333334,353.3333333333333,60.833333333333336
4986,792.6428571428571,282.25,63.07142857142857
4987,798.3846153846154,303.11538461538464,58.23076923076923
4988,800.1666666666666,281.25,56.625
4989,798.56,266.82,57.36
4990,802.6153846153846,293.2692307692308,54.26923076923077
4991,809.3125,334.78125,48.59375
4992,816.3913043478261,397.0869565217391,43.56521739130435
4993,823.9444444444445,400.27777777777777,37.333333333333336
4994,815.1296296296297,270.74074074074076,42.925925925925924
4995,825.15,345.65,35.45
4996,817.3157894736842,231.6315789473684,41.78947368421053
4997,829.5862068965517,380.62068965517244,32.44827586206897
4998,819.2857142857143,238.0,40.392857142857146
4999,824.0,236.0,36.4
5000,831.0,290.6,30.8
5001,775.6818181818181,316.6363636363636,77.77272727272727
5002,781.5909090909091,307.8181818181818,72.27272727272727
5003,784.3333333333334,290.375,69.95833333333333
5004,786.65,312.15,67.85
5005,792.4814814814815,333.81481481481484,63.629629629629626
5006,796.75,372.4166666666667,60.0
5007,793.1304347826087,327.2173913043478,62.69565217391305
5008,791.0,268.0,63.7
5009,802.3695652173913,380.04347826086956,54.58695652173913
5010,798.2222222222222,319.6666666666667,58.22222222222222
5011,800.4117647058823,328.8529411764706,56.470588235294116
5012,802.8125,338.5625,54.53125
5013,803.0,333.88461538461536,53.73076923076923
5014,808.625,328.875,49.625
5015,820.1363636363636,397.59090909090907,39.77272727272727
5016,820.6666666666666,232.66666666666666,38.80952380952381
5017,831.0322580645161,347.3225806451613,30.387096774193548
5018,834.8214285714286,340.10714285714283,27.178571428571427
5019,763.5,215.5,87.5
5020,772.6363636363636,316.45454545454544,79.31818181818181
5021,777.7142857142857,314.10714285714283,75.46428571428571
5022,780.28,328.04,72.76
5023,784.95,350.1,69.8
5024,785.0,323.21875,69.40625
5025,792.0,339.3333333333333,64.66666666666667
5026,787.7142857142857,287.32142857142856,66.46428571428571
5027,792.5172413793103,339.41379310344826,62.6551724137931
5028,786.3333333333334,217.66666666666666,69.0
5029,794.4782608695652,331.04347826086956,61.130434782608695
5030,792.3,288.8,63.1
5031,803.5,412.0,55.5
5032,799.0566037735849,366.9433962264151,56.679245283018865
5033,799.0,319.0,59.0
5034,798.5454545454545,339.3939393939394,57.303030303030305
5035,796.0,277.0769230769231,59.53846153846154
5036,805.047619047619,387.1904761904762,51.595238095238095
5037,806.7555555555556,376.68888888888887,50.31111111111111
5038,804.0434782608696,327.82608695652175,53.130434782608695
5039,803.9565217391304,293.82608695652175,52.130434782608695
5040,822.1666666666666,294.0833333333333,38.0
5041,823.9555555555555,328.22222222222223,35.17777777777778
5042,829.9333333333333,355.6666666666667,30.6
5043,831.1923076923077,286.2692307692308,29.423076923076923
5044,783.3142857142857,340.54285714285714,70.48571428571428
5045,781.7,322.25,71.95
5046,781.64,297.68,71.72
5047,783.5769230769231,317.84615384615387,70.11538461538461
5048,786.1851851851852,341.74074074074076,68.37037037037037
5049,779.0833333333334,228.41666666666666,73.75
5050,787.6086956521739,336.04347826086956,66.91304347826087
5051,785.4594594594595,280.86486486486484,67.4054054054054
5052,794.6666666666666,361.7083333333333,60.458333333333336
5053,800.5,309.9166666666667,55.916666666666664
5054,808.1666666666666,304.3333333333333,49.5
5055,812.6206896551724,303.7586206896552,45.55172413793103
5056,813.7307692307693,320.1923076923077,44.46153846153846
5057,808.9,212.9,47.9
5058,822.0,323.53333333333336,37.36666666666667
5059,827.1538461538462,300.2307692307692,32.84615384615385
5060,832.7142857142857,361.6666666666667,28.238095238095237
5061,833.5833333333334,324.6666666666667,28.583333333333332
5062,765.6,323.44,84.96
5063,769.78125,313.5,80.875
5064,770.8,320.55,80.25
5065,774.65625,301.5,76.75
5066,782.75,301.375,70.08333333333333
5067,783.0,241.0,69.6086956521739
5068,789.3478260869565,295.4782608695652,65.1304347826087
5069,793.1875,344.8125,62.1875
5070,794.9583333333334,306.5416666666667,60.333333333333336
5071,801.4285714285714,317.85714285714283,54.42857142857143
5072,805.0384615384615,338.2307692307692,51.65384615384615
5073,803.275,287.65,52.55
5074,807.8,324.35,49.35
5075,807.952380952381,299.7142857142857,49.19047619047619
5076,811.3181818181819,343.77272727272725,45.54545454545455
5077,803.0909090909091,219.22727272727272,52.0
5078,813.5,311.0,45.5
5079,815.2352941176471,321.0,42.1764705882353
5080,824.6923076923077,395.9230769230769,35.30769230769231
5081,818.2857142857143,302.42857142857144,40.19047619047619
5082,813.0909090909091,220.1818181818182,44.54545454545455
5083,821.3720930232558,330.6511627906977,37.41860465116279
5084,819.9767441860465,279.30232558139534,37.7906976744186
5085,828.8421052631579,326.8421052631579,31.263157894736842
5086,830.6086956521739,341.82608695652175,29.608695652173914
5087,827.1621621621622,283.6216216216216,32.54054054054054
5088,824.1176470588235,248.73529411764707,34.35294117647059
5089,823.7619047619048,242.1904761904762,34.61904761904762
5090,834.1891891891892,330.94594594594594,26.56756756756757
5091,764.5384615384615,312.53846153846155,85.42307692307692
5092,777.76,302.56,74.28
5093,782.6,335.16,70.28
5094,785.0,304.10526315789474,68.10526315789474
5095,789.0416666666666,276.6666666666667,64.5
5096,797.2222222222222,363.55555555555554,58.0
5097,796.0416666666666,327.7083333333333,59.25
5098,796.4545454545455,345.24242424242425,58.39393939393939
5099,793.5652173913044,296.7826086956522,60.82608695652174
5100,799.551724137931,334.9655172413793,55.62068965517241
5101,803.6818181818181,322.77272727272725,52.18181818181818
5102,810.1304347826087,321.8695652173913,46.869565217391305
5103,811.3513513513514,334.8918918918919,45.486486486486484
5104,811.5454545454545,326.1363636363636,45.63636363636363
5105,806.7692307692307,242.82051282051282,49.17948717948718
5106,817.8064516129032,392.38709677419354,40.516129032258064
5107,811.4444444444445,293.94444444444446,45.27777777777778
5108,810.7924528301887,272.0943396226415,44.84905660377358
5109,813.8421052631579,297.57894736842104,43.63157894736842
5110,819.7333333333333,321.3333333333333,38.733333333333334
5111,830.0,376.5238095238095,30.428571428571427
5112,823.8709677419355,291.0,34.54838709677419
5113,826.0526315789474,270.36842105263156,33.421052631578945
5114,778.8571428571429,334.32142857142856,72.71428571428571
5115,780.6666666666666,227.33333333333334,70.66666666666667
5116,786.1515151515151,298.72727272727275,66.42424242424242
5117,793.59375,339.78125,60.59375
5118,793.5,325.27272727272725,60.68181818181818
5119,792.1724137931035,302.58620689655174,61.51724137931034
5120,795.8125,352.3125,58.5625
5121,791.2903225806451,278.16129032258067,62.0
5122,794.918918918919,298.5405405405405,58.648648648648646
5123,795.7096774193549,292.48387096774195,58.32258064516129
5124,797.3870967741935,296.93548387096774,56.61290322580645
5125,805.1363636363636,327.04545454545456,50.77272727272727
5126,806.4,319.0,50.4
5127,812.2105263157895,403.10526315789474,45.10526315789474
5128,810.1060606060606,364.6363636363636,45.68181818181818
5129,800.0,214.53846153846155,54.53846153846154
5130,808.6315789473684,326.89473684210526,47.421052631578945
5131,804.7222222222222,217.72222222222223,50.5
5132,808.2307692307693,253.65384615384616,47.53846153846154
5133,820.04,403.04,38.52
5134,807.8235294117648,217.94117647058823,47.8235294117647
5135,816.6666666666666,298.6666666666667,41.333333333333336
5136,817.1428571428571,319.07142857142856,40.0
5137,820.65,240.45,36.75
5138,829.1428571428571,260.76190476190476,30.238095238095237
5139,771.7272727272727,310.969696969697,78.51515151515152
5140,772.0285714285715,321.3142857142857,77.8
5141,775.2432432432432,307.3783783783784,75.4054054054054
5142,786.5,409.0,67.0
5143,780.1764705882352,311.47058823529414,71.11764705882354
5144,789.0,411.5,66.0
5145,782.1891891891892,308.97297297297297,69.43243243243244
5146,783.5384615384615,296.03846153846155,68.23076923076923
5147,795.5,406.0,60.0
5148,794.7,321.3,59.4
5149,792.0909090909091,286.77272727272725,61.18181818181818
5150,793.3529411764706,291.47058823529414,60.0
5151,799.1379310344828,322.0344827586207,55.275862068965516
5152,799.7037037037037,304.0740740740741,55.18518518518518
5153,802.9130434782609,302.0,52.21739130434783
5154,808.75,309.375,48.0
5155,805.6739130434783,248.7826086956522,49.0
5156,810.6363636363636,216.0909090909091,45.0
5157,818.7021276595744,289.93617021276594,37.765957446808514
5158,823.7096774193549,304.64516129032256,34.483870967741936
5159,767.2571428571429,322.0285714285714,82.42857142857143
5160,765.1176470588235,304.55882352941177,83.52941176470588
5161,774.0625,318.4375,76.0625
5162,780.5714285714286,326.57142857142856,70.60714285714286
5163,786.5,385.4375,66.125
5164,787.0416666666666,339.4166666666667,65.5
5165,778.3571428571429,222.42857142857142,71.85714285714286
5166,788.9545454545455,344.22727272727275,63.81818181818182
5167,789.7333333333333,298.8666666666667,63.36666666666667
5168,795.9333333333333,368.46666666666664,58.6
5169,793.56,347.6,59.76
5170,794.2083333333334,281.5833333333333,59.25
5171,804.85,300.05,50.35
5172,816.5333333333333,409.0,41.13333333333333
5173,808.8823529411765,290.4117647058824,46.94117647058823
5174,818.0909090909091,363.72727272727275,38.75
5175,821.0,394.8,37.0
5176,830.3571428571429,372.5,28.928571428571427
5177,831.551724137931,366.82758620689657,28.448275862068964
5178,765.8333333333334,316.1111111111111,82.58333333333333
5179,767.2571428571429,307.22857142857146,81.54285714285714
5180,780.08,391.44,71.36
5181,769.0,230.0,81.0
5182,776.0869565217391,320.2173913043478,74.3913043478261
5183,777.1333333333333,309.06666666666666,73.33333333333333
5184,783.5,346.5357142857143,68.53571428571429
5185,783.75,333.25,67.66666666666667
5186,788.4545454545455,385.3636363636364,64.31818181818181
5187,790.24,386.64,62.88
5188,787.5,333.3636363636364,64.63636363636364
5189,779.1818181818181,218.9090909090909,70.9090909090909
5190,787.5,281.96666666666664,64.33333333333333
5191,793.5,302.44444444444446,59.388888888888886
5192,795.1818181818181,285.95454545454544,57.77272727272727
5193,796.578947368421,270.8421052631579,56.36842105263158
5194,815.88,398.28,41.36
5195,810.9310344827586,287.62068965517244,44.0
5196,817.8181818181819,359.1212121212121,38.696969696969695
5197,816.25,315.75,41.5
5198,815.7368421052631,324.0,40.578947368421055
5199,818.0,306.6818181818182,38.36363636363637
5200,813.3214285714286,221.78571428571428,42.357142857142854
5201,819.7027027027027,302.1081081081081,36.54054054054054
5202,828.6206896551724,332.41379310344826,29.482758620689655
5203,777.2666666666667,366.0,72.6
5204,777.6666666666666,316.0,73.0
5205,779.5862068965517,289.9310344827586,70.58620689655173
5206,780.6896551724138,295.2413793103448,70.10344827586206
5207,783.7777777777778,321.25925925925924,67.44444444444444
5208,793.0,413.0,61.0
5209,789.9090909090909,322.8181818181818,62.45454545454545
5210,790.0,310.0,62.666666666666664
5211,797.1818181818181,361.030303030303,55.96969696969697
5212,797.2105263157895,347.10526315789474,56.578947368421055
5213,794.0,307.5,58.208333333333336
5214,799.8269230769231,352.28846153846155,53.88461538461539
5215,796.4090909090909,307.77272727272725,56.5
5216,804.12,332.24,49.76
5217,805.6666666666666,293.3030303030303,48.54545454545455
5218,812.24,324.68,43.36
5219,813.2272727272727,302.77272727272725,42.27272727272727
5220,823.25,315.125,34.5
5221,819.1666666666666,231.9,36.5
5222,822.9166666666666,262.8333333333333,34.666666666666664
5223,827.0,314.5,31.0
5224,776.1578947368421,297.2894736842105,73.42105263157895
5225,787.0,308.0,65.0
5226,791.8181818181819,334.90909090909093,61.09090909090909
5227,797.2,351.85,56.25
5228,792.2222222222222,286.55555555555554,59.44444444444444
5229,795.6875,324.375,56.75
5230,806.75,407.32142857142856,47.57142857142857
5231,806.8235294117648,331.4117647058824,47.23529411764706
5232,803.3125,277.3541666666667,49.145833333333336
5233,815.0,404.7142857142857,41.57142857142857
5234,809.1666666666666,289.22222222222223,45.111111111111114
5235,814.5,223.38888888888889,40.111111111111114
5236,825.2857142857143,256.57142857142856,32.0
5237,772.8461538461538,313.1923076923077,76.3076923076923
5238,775.5348837209302,329.3255813953488,73.48837209302326
5239,778.0333333333333,318.6,71.53333333333333
5240,777.8888888888889,302.55555555555554,71.81481481481481
5241,774.421052631579,230.52631578947367,74.21052631578948
5242,781.7941176470588,327.88235294117646,68.5
5243,788.25,412.25,63.25
5244,787.1724137931035,304.2413793103448,63.6551724137931
5245,781.1538461538462,218.0,68.76923076923077
5246,786.8,289.06666666666666,63.93333333333333
5247,787.925925925926,294.7037037037037,62.96296296296296
5248,796.0909090909091,332.5,56.72727272727273
5249,790.6904761904761,259.8809523809524,60.142857142857146
5250,793.2666666666667,262.9111111111111,57.71111111111111
5251,799.8235294117648,361.7843137254902,52.470588235294116
5252,799.5217391304348,296.7826086956522,53.47826086956522
5253,796.8723404255319,271.63829787234044,54.191489361702125
5254,810.8666666666667,412.46666666666664,44.53333333333333
5255,805.0,308.0,50.0
5256,814.0,413.0,43.0
5257,812.6666666666666,400.7142857142857,43.142857142857146
5258,808.0,303.5,46.5
5259,817.6666666666666,391.06060606060606,38.484848484848484
5260,807.5,213.0,46.0
5261,824.9032258064516,353.5806451612903,32.29032258064516
5262,830.1578947368421,336.89473684210526,27.789473684210527
5263,823.8571428571429,244.85714285714286,32.0
5264,827.6315789473684,267.7368421052632,29.263157894736842
5265,770.0,304.43589743589746,77.71794871794872
5266,774.5454545454545,312.8636363636364,74.0909090909091
5267,777.8148148148148,332.1111111111111,71.22222222222223
5268,797.6818181818181,345.8636363636364,54.68181818181818
5269,805.2,408.4,49.2
5270,795.9565217391304,285.8478260869565,55.52173913043478
5271,808.7333333333333,330.8,45.733333333333334
5272,810.8571428571429,317.0,43.42857142857143
5273,810.7083333333334,282.2083333333333,42.520833333333336
5274,813.5853658536586,285.7317073170732,40.31707317073171
5275,823.9090909090909,391.3636363636364,34.0
5276,820.4444444444445,320.05555555555554,35.111111111111114
5277,825.5666666666667,377.96666666666664,31.466666666666665
5278,830.44,344.76,27.24
5279,828.75,274.6666666666667,28.166666666666668
5280,762.1612903225806,317.51612903225805,84.25806451612904
5281,772.90625,323.21875,75.53125
5282,771.0,229.5,78.0
5283,782.5,307.5625,67.1875
5284,784.8461538461538,321.3076923076923,65.26923076923077
5285,783.55,303.65,65.85
5286,786.060606060606,338.45454545454544,63.63636363636363
5287,792.3513513513514,373.2162162162162,58.351351351351354
5288,789.1481481481482,306.6296296296296,61.55555555555556
5289,789.04,290.36,61.76
5290,796.9565217391304,327.6521739130435,55.0
5291,803.3846153846154,398.5128205128205,49.256410256410255
5292,789.9512195121952,228.09756097560975,58.8780487804878
5293,801.75,371.9791666666667,50.208333333333336
5294,800.25,331.2142857142857,52.142857142857146
5295,792.6046511627907,223.46511627906978,57.58139534883721
5296,797.7741935483871,288.61290322580646,53.45161290322581
5297,820.0,401.6666666666667,36.53333333333333
5298,817.304347826087,335.54347826086956,37.369565217391305
5299,822.15625,385.375,34.40625
5300,824.4333333333333,383.1,32.5
5301,762.6363636363636,311.969696969697,83.54545454545455
5302,781.4782608695652,317.3478260869565,67.56521739130434
5303,783.0,326.3181818181818,66.63636363636364
5304,781.45,301.05,67.7
5305,784.03125,294.3125,65.4375
5306,786.1578947368421,328.05263157894734,63.28947368421053
5307,788.48,346.64,61.76
5308,790.8181818181819,329.6666666666667,59.90909090909091
5309,794.5,302.5,57.2
5310,794.3793103448276,291.41379310344826,56.55172413793103
5311,795.1296296296297,251.27777777777777,54.96296296296296
5312,803.0833333333334,320.8333333333333,50.0
5313,802.1923076923077,289.46153846153845,49.65384615384615
5314,805.0,319.75,48.125
5315,804.0666666666667,286.8222222222222,47.51111111111111
5316,808.7037037037037,322.77777777777777,44.55555555555556
5317,801.0,214.1818181818182,50.45454545454545
5318,811.4,333.7,42.9
5319,808.8571428571429,306.2857142857143,43.785714285714285
5320,822.4545454545455,295.45454545454544,33.36363636363637
5321,818.3076923076923,247.10256410256412,35.53846153846154
5322,822.6176470588235,275.4117647058824,32.470588235294116
5323,779.0,321.42105263157896,69.57894736842105
5324,772.5833333333334,224.58333333333334,74.0
5325,782.3703703703703,339.6296296296296,66.66666666666667
5326,776.0,228.11111111111111,72.33333333333333
5327,781.3611111111111,288.19444444444446,66.75
5328,787.28,333.48,62.16
5329,787.4375,318.875,62.53125
5330,788.3333333333334,339.8666666666667,61.43333333333333
5331,791.5333333333333,354.6666666666667,59.06666666666667
5332,788.5454545454545,299.09090909090907,61.18181818181818
5333,791.8,341.0,59.0
5334,791.939393939394,325.45454545454544,58.45454545454545
5335,787.7407407407408,274.8888888888889,61.2962962962963
5336,789.1071428571429,281.67857142857144,60.357142857142854
5337,795.9545454545455,339.04545454545456,55.04545454545455
5338,798.6923076923077,342.2692307692308,53.11538461538461
5339,800.68,357.2,51.48
5340,799.0833333333334,338.1666666666667,52.458333333333336
5341,797.7272727272727,301.8787878787879,53.36363636363637
5342,797.6666666666666,306.6666666666667,53.0
5343,799.5416666666666,292.0,51.708333333333336
5344,795.1428571428571,211.14285714285714,55.0
5345,805.15,298.35,47.5
5346,809.0769230769231,338.0769230769231,43.84615384615385
5347,815.4761904761905,404.8095238095238,39.285714285714285
5348,809.0666666666667,301.6666666666667,43.86666666666667
5349,817.0645161290323,368.48387096774195,37.58064516129032
5350,815.3333333333334,300.72222222222223,38.666666666666664
5351,809.0357142857143,218.92857142857142,43.07142857142857
5352,813.75,238.0,39.375
5353,829.7,354.7,27.6
5354,822.6111111111111,269.47222222222223,31.444444444444443
5355,823.2777777777778,252.0,31.61111111111111
5356,775.7916666666666,307.0,71.45833333333333
5357,775.2142857142857,290.64285714285717,71.92857142857143
5358,780.52,312.0,67.72
5359,784.6818181818181,299.0,64.27272727272727
5360,787.8181818181819,327.3636363636364,61.63636363636363
5361,802.1666666666666,412.1111111111111,50.0
5362,793.0,281.5,57.0
5363,797.64,327.64,53.2
5364,794.0540540540541,265.8918918918919,55.16216216216216
5365,794.6136363636364,229.47727272727272,54.43181818181818
5366,803.0377358490566,272.52830188679246,47.264150943396224
5367,817.4444444444445,320.94444444444446,36.833333333333336
5368,811.0967741935484,227.4516129032258,41.354838709677416
5369,813.6875,228.53125,38.9375
5370,823.9354838709677,319.93548387096774,30.70967741935484
5371,829.8571428571429,354.7142857142857,27.0
5372,827.0,290.375,28.416666666666668
5373,827.060606060606,283.030303030303,28.21212121212121
5374,771.3823529411765,301.20588235294116,74.88235294117646
5375,790.4,359.44,59.4
5376,793.5,342.875,57.0
5377,794.9333333333333,298.6333333333333,54.766666666666666
5378,796.0,319.0,54.0
5379,793.7234042553191,280.63829787234044,54.8936170212766
5380,800.6944444444445,336.1388888888889,50.52777777777778
5381,799.7777777777778,304.85185185185185,51.370370370370374
5382,796.4375,266.6666666666667,52.833333333333336
5383,802.2857142857143,220.78571428571428,48.5
5384,802.8461538461538,216.07692307692307,48.07692307692308
5385,812.4878048780488,342.4146341463415,40.390243902439025
5386,811.3333333333334,315.93333333333334,41.46666666666667
5387,812.4736842105264,303.2631578947368,40.05263157894737
5388,822.0,292.0571428571429,31.571428571428573
5389,767.0,233.0,79.0
5390,781.4,396.9,67.5
5391,775.3333333333334,326.6666666666667,71.77777777777777
5392,777.5,337.53125,69.5
5393,778.7857142857143,333.2142857142857,68.60714285714286
5394,776.125,286.78125,70.59375
5395,778.0571428571428,304.54285714285714,68.51428571428572
5396,782.96875,325.75,64.6875
5397,782.9,285.1,64.73333333333333
5398,779.4545454545455,216.45454545454547,67.0909090909091
5399,792.7307692307693,369.7692307692308,56.69230769230769
5400,792.5555555555555,350.2962962962963,57.55555555555556
5401,789.0370370370371,304.5925925925926,59.666666666666664
5402,789.6666666666666,295.48148148148147,59.666666666666664
5403,789.0,278.14814814814815,59.2962962962963
5404,796.047619047619,366.3095238095238,53.476190476190474
5405,795.9642857142857,333.0,53.714285714285715
5406,805.0454545454545,402.6363636363636,46.54545454545455
5407,800.7368421052631,325.5263157894737,50.526315789473685
5408,792.1739130434783,226.2608695652174,56.0
5409,804.9565217391304,335.30434782608694,46.30434782608695
5410,805.6875,297.625,45.1875
5411,823.0454545454545,359.1363636363636,31.40909090909091
5412,820.6666666666666,328.8,32.766666666666666
5413,814.64,234.96,37.48
5414,817.8571428571429,235.57142857142858,35.42857142857143
5415,819.5,239.6,34.0
5416,768.5909090909091,315.5,76.77272727272727
5417,768.6176470588235,308.8529411764706,76.41176470588235
5418,777.0,405.75,71.0
5419,777.5,299.5,69.5
5420,779.0882352941177,275.05882352941177,67.32352941176471
5421,792.6923076923077,365.35897435897436,55.64102564102564
5422,794.9655172413793,216.3448275862069,53.55172413793103
5423,804.7391304347826,322.7391304347826,46.43478260869565
5424,808.952380952381,330.04761904761904,42.476190476190474
5425,803.8163265306123,255.08163265306123,45.48979591836735
5426,804.7222222222222,218.83333333333334,46.22222222222222
5427,817.9473684210526,397.05263157894734,35.526315789473685
5428,808.0,229.04347826086956,43.21739130434783
5429,818.1111111111111,316.3333333333333,35.22222222222222
5430,782.4736842105264,336.10526315789474,65.0
5431,789.0,350.0,60.5
5432,788.7692307692307,345.2307692307692,60.0
5433,788.8260869565217,335.95652173913044,59.69565217391305
5434,784.68,277.72,62.76
5435,787.3461538461538,322.7692307692308,60.53846153846154
5436,785.3181818181819,283.27272727272725,62.22727272727273
5437,791.8518518518518,335.037037037037,56.81481481481482
5438,790.1153846153846,289.61538461538464,58.34615384615385
5439,790.04,294.4,57.76
5440,806.4324324324324,402.2972972972973,44.62162162162162
5441,801.0,304.6666666666667,49.0
5442,802.5833333333334,301.8333333333333,47.458333333333336
5443,806.8571428571429,327.9047619047619,44.57142857142857
5444,805.9,319.6,44.4
5445,805.5384615384615,220.69230769230768,44.57692307692308
5446,820.9629629629629,302.81481481481484,31.814814814814813
5447,824.8611111111111,363.80555555555554,28.583333333333332
5448,825.8823529411765,326.3529411764706,27.705882352941178
5449,828.4705882352941,349.70588235294116,26.352941176470587
5450,828.0625,330.0625,26.3125
5451,824.0,280.0,28.0
5452,771.0,318.38709677419354,74.06451612903226
5453,773.2222222222222,321.18518518518516,72.44444444444444
5454,778.5,392.35714285714283,68.57142857142857
5455,775.0769230769231,312.0,70.23076923076923
5456,778.0689655172414,293.1034482758621,68.3103448275862
5457,780.2333333333333,296.93333333333334,66.43333333333334
5458,783.7037037037037,332.6296296296296,63.55555555555556
5459,784.5333333333333,343.3666666666667,62.6
5460,784.5909090909091,302.22727272727275,62.59090909090909
5461,784.3333333333334,271.7878787878788,62.03030303030303
5462,791.5384615384615,297.5769230769231,56.53846153846154
5463,793.7575757575758,304.93939393939394,54.57575757575758
5464,796.4193548387096,322.0967741935484,52.41935483870968
5465,790.5,218.5,57.0
5466,811.0,410.55555555555554,41.22222222222222
5467,803.9285714285714,305.64285714285717,46.0
5468,812.5,407.8333333333333,40.0
5469,804.7234042553191,275.9574468085106,44.57446808510638
5470,816.9459459459459,332.1621621621622,34.7027027027027
5471,817.8055555555555,290.69444444444446,34.138888888888886
5472,818.5,279.62,33.28
5473,824.5625,321.5625,28.4375
5474,820.0,259.0,32.9
5475,773.0714285714286,221.85714285714286,72.0
5476,785.2,310.3,62.0
5477,790.75,343.0,58.0
5478,788.75,331.375,58.0
5479,786.88,287.88,60.36
5480,791.8076923076923,329.65384615384613,56.38461538461539
5481,789.7,301.7,58.1
5482,793.6923076923077,361.05128205128204,53.84615384615385
5483,792.5,310.0,57.0
5484,790.9574468085107,276.06382978723406,55.702127659574465
5485,796.2,258.77777777777777,51.24444444444445
5486,808.5454545454545,413.3636363636364,42.90909090909091
5487,806.5238095238095,343.6904761904762,43.714285714285715
5488,802.448275862069,263.4655172413793,46.08620689655172
5489,806.3636363636364,293.3181818181818,43.63636363636363
5490,816.8666666666667,306.4,35.4
5491,821.7073170731708,336.780487804878,30.585365853658537
5492,826.0,314.0,29.0
5493,822.5,248.2,30.0
5494,770.5769230769231,307.2692307692308,73.6923076923077
5495,779.1764705882352,322.05882352941177,67.23529411764706
5496,778.8695652173913,330.2173913043478,66.82608695652173
5497,775.875,218.125,69.125
5498,777.5,222.16666666666666,67.83333333333333
5499,785.4444444444445,294.4074074074074,60.74074074074074
5500,785.5,256.5,61.0
5501,797.5128205128206,372.8974358974359,50.76923076923077
5502,800.1176470588235,322.52941176470586,47.76470588235294
5503,808.5238095238095,403.2857142857143,42.285714285714285
5504,806.0,309.0,45.0
5505,814.48,400.76,37.6
5506,808.75,297.5,42.375
5507,807.6969696969697,288.3030303030303,42.09090909090909
5508,821.8409090909091,328.27272727272725,30.136363636363637
5509,822.9642857142857,274.35714285714283,29.142857142857142
5510,769.4347826086956,312.7826086956522,74.78260869565217
5511,771.9230769230769,311.34615384615387,71.84615384615384
5512,774.025641025641,322.94871794871796,70.46153846153847
5513,772.8148148148148,298.962962962963,71.55555555555556
5514,775.0909090909091,329.2121212121212,69.72727272727273
5515,779.7391304347826,358.5652173913044,65.73913043478261
5516,783.65625,289.03125,62.28125
5517,790.2592592592592,305.2962962962963,56.55555555555556
5518,788.8095238095239,282.42857142857144,57.57142857142857
5519,798.3157894736842,330.0,50.421052631578945
5520,798.8947368421053,299.57894736842104,49.89473684210526
5521,807.7857142857143,320.85714285714283,42.0
5522,812.4285714285714,288.14285714285717,37.92857142857143
5523,810.15,257.375,38.725
5524,825.7931034482758,340.2758620689655,26.586206896551722
5525,770.6111111111111,302.05555555555554,72.77777777777777
5526,774.0,295.24,70.28
5527,786.6666666666666,259.25,59.666666666666664
5528,794.6666666666666,356.5238095238095,51.833333333333336
5529,801.4444444444445,411.0,47.833333333333336
5530,790.7222222222222,216.94444444444446,55.27777777777778
5531,791.5757575757576,222.15151515151516,54.333333333333336
5532,802.4375,364.25,45.6875
5533,803.0,309.0,44.0
5534,802.6666666666666,214.22222222222223,46.0
5535,811.8571428571429,321.07142857142856,38.785714285714285
5536,812.0,297.77777777777777,38.0
5537,820.0,392.2,32.0
5538,780.3333333333334,400.0,65.0
5539,768.3333333333334,226.16666666666666,74.83333333333333
5540,774.08,290.56,69.48
5541,786.4642857142857,352.5,59.5
5542,782.483870967742,295.9032258064516,62.516129032258064
5543,787.1612903225806,341.06451612903226,58.903225806451616
5544,791.3809523809524,388.6666666666667,55.714285714285715
5545,790.92,346.64,55.88
5546,796.5,367.6666666666667,51.333333333333336
5547,791.6578947368421,292.2631578947368,54.421052631578945
5548,797.4285714285714,322.3333333333333,50.04761904761905
5549,798.7692307692307,293.53846153846155,48.53846153846154
5550,793.2173913043479,223.2173913043478,52.26086956521739
5551,803.5,315.0,46.0
5552,809.75,403.0625,40.3125
5553,799.6428571428571,225.42857142857142,47.607142857142854
5554,808.7727272727273,326.8636363636364,40.5
5555,807.15,302.55,41.6
5556,812.2307692307693,346.53846153846155,38.23076923076923
5557,804.85,223.75,42.95
5558,807.32,223.44,41.16
5559,814.0,301.4166666666667,36.25
5560,817.5454545454545,318.0,33.09090909090909
5561,824.4347826086956,371.9130434782609,27.695652173913043
5562,822.3333333333334,294.0,29.0
5563,772.8,317.1333333333333,70.13333333333334
5564,785.0,411.5,63.0
5565,779.0,308.7142857142857,66.14285714285714
5566,785.4166666666666,331.75,60.333333333333336
5567,784.5555555555555,318.55555555555554,61.111111111111114
5568,784.7096774193549,307.19354838709677,60.54838709677419
5569,789.4827586206897,340.6551724137931,56.55172413793103
5570,787.6666666666666,308.1666666666667,58.22222222222222
5571,786.48,285.28,58.6
5572,790.8235294117648,320.6470588235294,55.64705882352941
5573,793.6,338.8,53.08
5574,795.6551724137931,333.6551724137931,51.03448275862069
5575,793.3529411764706,271.5882352941176,51.705882352941174
5576,799.35,326.8,48.25
5577,804.0,333.9047619047619,44.23809523809524
5578,806.1923076923077,334.7307692307692,42.42307692307692
5579,799.1666666666666,213.66666666666666,48.333333333333336
5580,803.6666666666666,214.94444444444446,43.666666666666664
5581,811.8,306.0,37.35
5582,817.0,324.0,34.0
5583,821.3448275862069,372.9655172413793,30.275862068965516
5584,822.2083333333334,286.4583333333333,28.541666666666668
5585,774.6666666666666,395.1666666666667,69.16666666666667
5586,779.125,340.59375,64.625
5587,779.7,295.7,64.4
5588,786.5652173913044,326.0869565217391,58.73913043478261
5589,787.8333333333334,347.625,57.708333333333336
5590,785.6428571428571,299.75,59.464285714285715
5591,789.0526315789474,325.36842105263156,56.73684210526316
5592,786.8695652173913,262.9130434782609,57.47826086956522
5593,800.5652173913044,404.5217391304348,47.56521739130435
5594,793.6818181818181,295.0,52.5
5595,798.0,317.0,50.0
5596,799.7674418604652,359.1162790697674,47.2093023255814
5597,796.1,297.3,51.0
5598,800.0,296.5625,47.3125
5599,796.7142857142857,249.11904761904762,48.666666666666664
5600,807.1219512195122,372.7317073170732,41.41463414634146
5601,809.1842105263158,283.63157894736844,38.86842105263158
5602,814.84,349.64,34.38
5603,818.4782608695652,382.2608695652174,32.43478260869565
5604,809.7142857142857,233.14285714285714,38.42857142857143
5605,819.25,262.9166666666667,30.708333333333332
5606,777.7096774193549,337.0967741935484,66.38709677419355
5607,773.0,226.66666666666666,70.0
5608,782.6315789473684,348.5263157894737,61.578947368421055
5609,781.0,308.6,63.9
5610,779.9642857142857,301.82142857142856,63.392857142857146
5611,787.2941176470588,335.70588235294116,58.0
5612,783.2777777777778,278.55555555555554,60.833333333333336
5613,790.2068965517242,336.7241379310345,54.793103448275865
5614,791.7407407407408,323.6296296296296,53.629629629629626
5615,796.5,308.0,50.0
5616,802.8545454545455,347.94545454545454,44.054545454545455
5617,794.258064516129,220.41935483870967,50.58064516129032
5618,804.8,356.68,42.5
5619,810.3404255319149,351.4255319148936,37.723404255319146
5620,815.0,401.3157894736842,35.21052631578947
5621,807.7777777777778,299.1666666666667,40.166666666666664
5622,813.6153846153846,289.2307692307692,36.0
5623,821.2,388.4,30.0
5624,809.1428571428571,226.28571428571428,38.607142857142854
5625,816.0,305.625,33.0
5626,821.2083333333334,267.1666666666667,28.458333333333332
5627,772.0,403.625,72.0
5628,776.3448275862069,318.37931034482756,66.48275862068965
5629,778.15,325.3,65.6
5630,776.9333333333333,290.23333333333335,65.76666666666667
5631,782.1538461538462,337.65384615384613,62.38461538461539
5632,785.36,291.72,58.6
5633,794.4444444444445,303.6111111111111,51.111111111111114
5634,799.0454545454545,306.22727272727275,46.86363636363637
5635,811.2666666666667,407.3333333333333,38.0
5636,810.3823529411765,389.7352941176471,38.3235294117647
5637,817.0434782608696,388.1304347826087,32.56521739130435
5638,813.8717948717949,266.64102564102564,34.43589743589744
5639,817.5833333333334,287.5,31.75
5640,824.25,345.75,26.75
5641,816.4444444444445,240.94444444444446,32.05555555555556
5642,776.6666666666666,300.8333333333333,67.0
5643,777.8,304.95,65.05
5644,781.5652173913044,328.5217391304348,61.78260869565217
5645,779.0882352941177,289.7647058823529,63.529411764705884
5646,776.3571428571429,220.42857142857142,65.35714285714286
5647,784.8,318.4,59.0
5648,784.1052631578947,275.36842105263156,59.473684210526315
5649,787.52,287.68,56.56
5650,790.3214285714286,330.5,54.392857142857146
5651,794.9473684210526,291.8421052631579,50.473684210526315
5652,803.5909090909091,301.54545454545456,43.54545454545455
5653,816.1,398.25,33.4
5654,812.9444444444445,320.3888888888889,35.611111111111114
5655,812.9565217391304,298.8695652173913,34.608695652173914
5656,818.8857142857142,342.42857142857144,30.057142857142857
5657,814.4615384615385,249.84615384615384,34.0
5658,813.85,238.85,33.95
5659,773.9714285714285,333.8285714285714,68.37142857142857
5660,773.4,321.6,68.75
5661,780.2,317.8,62.2
5662,775.0,216.0,66.66666666666667
5663,781.952380952381,301.23809523809524,60.857142857142854
5664,782.9444444444445,283.8888888888889,59.833333333333336
5665,789.7692307692307,299.46153846153845,54.56410256410256
5666,804.6111111111111,407.5,42.94444444444444
5667,804.3333333333334,307.0833333333333,42.083333333333336
5668,799.75,219.0,45.53125
5669,807.0,319.47058823529414,40.0
5670,805.625,281.7916666666667,41.041666666666664
5671,817.5714285714286,313.14285714285717,31.0
5672,824.5,366.0,26.0
5673,756.75,234.75,82.0
5674,772.5,301.95454545454544,68.9090909090909
5675,774.6571428571428,311.22857142857146,66.54285714285714
5676,774.8461538461538,295.3076923076923,66.92307692307692
5677,779.0967741935484,322.16129032258067,63.354838709677416
5678,783.7916666666666,348.375,59.5
5679,782.952380952381,326.1904761904762,60.19047619047619
5680,779.8928571428571,280.67857142857144,62.57142857142857
5681,798.0,410.0,49.0
5682,789.6,318.8,54.05
5683,796.4772727272727,356.3863636363636,48.36363636363637
5684,797.1363636363636,333.1363636363636,48.40909090909091
5685,807.0,412.2,41.0
5686,805.1052631578947,324.8421052631579,41.68421052631579
5687,805.4137931034483,337.0689655172414,40.58620689655172
5688,805.125,341.8333333333333,40.541666666666664
5689,799.2,235.28571428571428,45.48571428571429
5690,802.5714285714286,219.28571428571428,42.857142857142854
5691,811.7380952380952,335.1666666666667,35.166666666666664
5692,813.0,272.0,33.833333333333336
5693,819.25,322.625,29.25
5694,770.2352941176471,307.4117647058824,70.6470588235294
5695,772.5217391304348,296.30434782608694,68.17391304347827
5696,776.1153846153846,298.5,65.0
5697,772.0,218.66666666666666,69.33333333333333
5698,774.0666666666667,254.66666666666666,65.73333333333333
5699,783.1851851851852,337.0740740740741,59.55555555555556
5700,778.25,248.5,63.083333333333336
5701,783.0952380952381,311.4761904761905,59.095238095238095
5702,783.45,304.25,59.0
5703,785.6428571428571,321.57142857142856,57.357142857142854
5704,786.6666666666666,330.76666666666665,56.53333333333333
5705,786.6451612903226,300.93548387096774,56.41935483870968
5706,799.75,325.5,45.75
5707,798.9090909090909,319.54545454545456,45.90909090909091
5708,808.3913043478261,324.39130434782606,38.34782608695652
5709,805.0408163265306,266.40816326530614,39.755102040816325
5710,809.1666666666666,302.3333333333333,37.75
5711,819.375,380.0416666666667,29.291666666666668
5712,810.4,229.0,37.0
5713,820.6666666666666,367.48148148148147,27.814814814814813
5714,811.3333333333334,234.33333333333334,35.0
5715,822.7,351.9,26.5
5716,823.1612903225806,333.83870967741933,25.580645161290324
5717,773.027027027027,327.05405405405406,67.45945945945945
5718,773.7368421052631,305.36842105263156,67.15789473684211
5719,777.4117647058823,335.6470588235294,63.8235294117647
5720,770.25,220.25,71.0
5721,779.5769230769231,344.15384615384613,62.23076923076923
5722,784.1724137931035,280.1034482758621,58.3448275862069
5723,792.09375,326.8125,51.59375
5724,794.6538461538462,327.96153846153845,49.61538461538461
5725,796.8571428571429,300.42857142857144,47.785714285714285
5726,791.0666666666667,217.06666666666666,52.0
5727,803.8888888888889,218.94444444444446,41.0
5728,817.1851851851852,318.5925925925926,30.074074074074073
5729,816.2173913043479,274.39130434782606,31.217391304347824
5730,824.3125,357.1875,25.125
5731,778.125,331.5833333333333,63.333333333333336
5732,780.4848484848485,333.42424242424244,61.06060606060606
5733,783.56,330.56,58.4
5734,784.5806451612904,339.4193548387097,57.516129032258064
5735,786.4,293.5,56.333333333333336
5736,788.7878787878788,305.1212121212121,53.878787878787875
5737,791.0,290.2142857142857,51.714285714285715
5738,800.1875,404.0625,45.25
5739,797.6734693877551,352.9591836734694,46.10204081632653
5740,804.2666666666667,395.73333333333335,41.31111111111111
5741,799.4736842105264,302.7368421052632,44.63157894736842
5742,807.25,370.8863636363636,38.38636363636363
5743,796.4285714285714,216.61904761904762,46.714285714285715
5744,810.7,404.35,35.95
5745,805.0,306.88,40.28
5746,816.2272727272727,329.5,30.818181818181817
5747,816.6111111111111,303.72222222222223,30.77777777777778
5748,768.0,229.16666666666666,71.0
5749,773.0,221.92857142857142,67.0
5750,774.1666666666666,232.5,65.66666666666667
5751,779.1666666666666,285.3,61.3
5752,784.4705882352941,351.8235294117647,57.38235294117647
5753,781.4,256.0,59.52
5754,783.1428571428571,259.5,58.57142857142857
5755,786.1,219.1,56.0
5756,799.1538461538462,276.75,44.05769230769231
5757,795.5,211.5,48.0
5758,807.0909090909091,318.77272727272725,38.27272727272727
5759,817.04,384.84,30.2
5760,814.0,321.73333333333335,32.333333333333336
5761,813.9411764705883,315.4117647058824,32.411764705882355
5762,776.1923076923077,377.5769230769231,64.38461538461539
5763,766.6666666666666,221.66666666666666,73.0
5764,776.5625,327.125,63.8125
5765,770.9444444444445,229.72222222222223,68.38888888888889
5766,771.8421052631579,235.47368421052633,67.52631578947368
5767,780.2903225806451,295.7741935483871,60.645161290322584
5768,797.1724137931035,408.3103448275862,46.724137931034484
5769,791.0,320.6666666666667,51.666666666666664
5770,800.8,411.2,43.8
5771,794.2380952380952,303.7142857142857,48.80952380952381
5772,787.625,215.20833333333334,53.708333333333336
5773,798.2727272727273,213.0,45.09090909090909
5774,809.1111111111111,319.72222222222223,36.333333333333336
5775,809.4807692307693,286.3076923076923,34.82692307692308
5776,812.25,291.5,34.0
5777,814.3333333333334,301.3333333333333,33.0
5778,776.8636363636364,307.5,62.72727272727273
5779,780.75,341.6666666666667,59.708333333333336
5780,781.8571428571429,324.35714285714283,58.642857142857146
5781,790.45,334.2,52.2
5782,790.9230769230769,316.6923076923077,51.0
5783,790.9,300.35,51.55
5784,793.8888888888889,320.1111111111111,48.22222222222222
5785,792.1363636363636,216.0,49.86363636363637
5786,803.3333333333334,317.3333333333333,42.333333333333336
5787,804.5333333333333,222.73333333333332,39.46666666666667
5788,812.9756097560976,333.780487804878,32.51219512195122
5789,811.2083333333334,243.33333333333334,33.291666666666664
5790,813.3448275862069,251.44827586206895,31.413793103448278
5791,821.2068965517242,328.2413793103448,26.06896551724138
5792,818.3181818181819,291.40909090909093,27.40909090909091
5793,768.88,322.4,70.28
5794,767.95,312.35,70.55
5795,774.1428571428571,323.2857142857143,65.39285714285714
5796,770.0769230769231,223.6153846153846,68.23076923076923
5797,782.5,344.5,58.0
5798,785.7058823529412,385.9117647058824,55.0
5799,778.7,275.76666666666665,60.666666666666664
5800,781.4666666666667,291.0,58.93333333333333
5801,785.8709677419355,343.258064516129,55.41935483870968
5802,785.4583333333334,336.8333333333333,55.708333333333336
5803,786.5714285714286,326.0952380952381,55.142857142857146
5804,790.36,388.88,51.68
5805,784.3333333333334,283.48148148148147,56.44444444444444
5806,786.5,225.35714285714286,54.42857142857143
5807,792.7222222222222,297.8888888888889,49.5
5808,797.0408163265306,368.0816326530612,44.734693877551024
5809,803.8947368421053,328.1578947368421,39.89473684210526
5810,820.3333333333334,363.0,26.333333333333332
5811,817.6666666666666,314.25,28.25
5812,813.6923076923077,245.0,31.23076923076923
5813,817.125,278.125,28.1875
5814,821.7894736842105,342.10526315789474,24.63157894736842
5815,817.6666666666666,262.93333333333334,27.733333333333334
5816,773.3636363636364,334.54545454545456,65.36363636363636
5817,773.6111111111111,307.55555555555554,65.16666666666667
5818,776.2222222222222,294.05555555555554,63.388888888888886
5819,787.5714285714286,387.85714285714283,53.464285714285715
5820,784.6153846153846,347.7692307692308,56.23076923076923
5821,785.551724137931,320.7586206896552,55.41379310344828
5822,784.3,274.1,54.75
5823,793.5,362.57894736842104,48.13157894736842
5824,787.7407407407408,223.8148148148148,52.2962962962963
5825,796.1052631578947,326.94736842105266,46.526315789473685
5826,803.68,357.4,39.4
5827,800.5,298.92857142857144,42.785714285714285
5828,795.3548387096774,225.6451612903226,46.16129032258065
5829,810.9166666666666,394.25,35.166666666666664
5830,814.0967741935484,379.80645161290323,31.032258064516128
5831,815.3846153846154,373.9230769230769,29.82051282051282
5832,819.4,321.8666666666667,26.866666666666667
5833,817.72,271.04,27.4
5834,754.8461538461538,232.15384615384616,80.0
5835,771.6363636363636,321.54545454545456,66.86363636363636
5836,768.0,233.5,70.0
5837,776.8666666666667,339.1333333333333,62.1
5838,782.5,401.8333333333333,58.333333333333336
5839,776.2333333333333,298.5,62.53333333333333
5840,778.6071428571429,305.42857142857144,60.5
5841,782.5,308.7,57.1
5842,782.9047619047619,288.9047619047619,57.23809523809524
5843,787.8928571428571,329.0,52.642857142857146
5844,780.7234042553191,237.5744680851064,57.59574468085106
5845,785.8666666666667,220.33333333333334,54.0
5846,798.4230769230769,323.0769230769231,44.15384615384615
5847,800.5909090909091,323.22727272727275,41.77272727272727
5848,807.9090909090909,397.72727272727275,36.54545454545455
5849,818.25,375.625,27.375
5850,807.7142857142857,241.22857142857143,34.6
5851,769.45,217.8,67.75
5852,775.6666666666666,283.6666666666667,63.0
5853,771.6875,229.3125,65.25
5854,791.28,389.04,49.38
5855,787.3870967741935,316.83870967741933,52.483870967741936
5856,798.9583333333334,407.0416666666667,43.25
5857,797.6739130434783,346.80434782608694,43.67391304347826
5858,791.8181818181819,253.74545454545455,47.945454545454545
5859,804.5882352941177,412.05882352941177,39.411764705882355
5860,799.9767441860465,371.72093023255815,41.372093023255815
5861,796.96,294.0,44.52
5862,806.0,408.42857142857144,38.0
5863,797.7777777777778,217.4814814814815,43.51851851851852
5864,809.3421052631579,382.44736842105266,34.0
5865,804.65,302.85,38.55
5866,805.4,298.6,38.0
5867,800.1666666666666,223.25,42.083333333333336
5868,811.3823529411765,389.44117647058823,32.44117647058823
5869,807.5882352941177,300.6470588235294,35.88235294117647
5870,803.5,236.3846153846154,38.61538461538461
5871,809.40625,317.5625,33.90625
5872,804.4411764705883,225.91176470588235,37.61764705882353
5873,806.3913043478261,227.04347826086956,35.869565217391305
5874,818.84,348.52,26.36
5875,749.4375,238.4375,84.4375
5876,768.5277777777778,318.8888888888889,68.36111111111111
5877,769.1071428571429,307.25,68.21428571428571
5878,767.0,220.85714285714286,70.0
5879,772.0,300.125,65.8125
5880,768.0,225.0,70.0
5881,770.4,227.8,66.8
5882,772.5,217.0,65.0
5883,777.3333333333334,290.3333333333333,60.370370370370374
5884,780.3888888888889,320.6666666666667,58.5
5885,782.6666666666666,326.04761904761904,56.714285714285715
5886,784.2857142857143,307.42857142857144,56.0
5887,795.0,412.0,48.0
5888,785.6551724137931,293.0344827586207,53.55172413793103
5889,786.8571428571429,298.7142857142857,53.0
5890,789.2173913043479,294.5652173913044,51.391304347826086
5891,792.75,324.3,48.25
5892,785.6739130434783,241.5,52.108695652173914
5893,800.5,403.77777777777777,42.0
5894,791.6037735849056,270.20754716981133,47.43396226415094
5895,795.9459459459459,281.05405405405406,44.432432432432435
5896,806.875,405.0,36.5625
5897,809.2105263157895,303.1578947368421,33.63157894736842
5898,813.0967741935484,282.6774193548387,30.419354838709676
5899,814.0526315789474,289.7368421052632,29.473684210526315
5900,819.0,276.5,26.0
5901,769.5,301.5833333333333,67.33333333333333
5902,764.0,224.4,71.8
5903,772.4545454545455,328.3636363636364,64.81818181818181
5904,781.36,334.52,57.52
5905,778.4193548387096,281.0967741935484,59.54838709677419
5906,780.0,276.6363636363636,58.54545454545455
5907,781.5238095238095,295.3333333333333,56.904761904761905
5908,785.32,332.44,54.32
5909,802.3333333333334,414.6666666666667,41.0
5910,797.1333333333333,329.8,44.53333333333333
5911,787.8461538461538,213.15384615384616,50.92307692307692
5912,805.5238095238095,399.5238095238095,37.57142857142857
5913,802.5555555555555,322.27777777777777,39.55555555555556
5914,796.1944444444445,229.19444444444446,44.166666666666664
5915,810.0,400.0,34.0
5916,810.9285714285714,396.14285714285717,33.0
5917,814.2307692307693,357.5,29.53846153846154
5918,810.5128205128206,287.64102564102564,31.846153846153847
5919,818.75,338.4375,25.6875
5920,816.1875,285.15625,27.125
5921,763.6666666666666,399.3333333333333,74.0
5922,774.04,303.44,63.56
5923,772.5217391304348,291.30434782608694,64.34782608695652
5924,777.0,318.0,62.0
5925,775.9411764705883,327.97058823529414,61.55882352941177
5926,778.7741935483871,328.741935483871,59.516129032258064
5927,787.8947368421053,381.8157894736842,51.44736842105263
5928,783.0,298.4230769230769,55.5
5929,780.75,212.25,57.0
5930,784.6590909090909,248.72727272727272,53.13636363636363
5931,795.5238095238095,304.14285714285717,45.04761904761905
5932,803.6666666666666,403.9166666666667,39.0
5933,790.9545454545455,214.13636363636363,47.81818181818182
5934,798.9473684210526,305.5263157894737,42.36842105263158
5935,801.5333333333333,301.46666666666664,40.06666666666667
5936,806.0869565217391,305.6521739130435,35.73913043478261
5937,803.8333333333334,238.66666666666666,36.61904761904762
5938,811.2272727272727,304.6363636363636,31.227272727272727
5939,818.125,356.375,25.75
5940,810.0,235.0,33.0
5941,819.4444444444445,366.55555555555554,24.88888888888889
5942,813.9354838709677,267.61290322580646,28.580645161290324
5943,777.5625,346.34375,59.5
5944,779.0,298.6923076923077,58.53846153846154
5945,778.6666666666666,286.4583333333333,58.666666666666664
5946,780.5,303.96666666666664,57.5
5947,786.4666666666667,337.93333333333334,52.5
5948,790.2093023255813,353.4418604651163,48.51162790697674
5949,789.1363636363636,330.95454545454544,50.31818181818182
5950,798.6666666666666,415.0,42.666666666666664
5951,799.375,343.2708333333333,41.0
5952,795.9166666666666,287.97222222222223,43.27777777777778
5953,804.2631578947369,341.0263157894737,36.63157894736842
5954,798.5555555555555,216.05555555555554,41.333333333333336
5955,806.3333333333334,313.3333333333333,35.0
5956,815.32,363.52,28.16
5957,813.9423076923077,340.38461538461536,28.673076923076923
5958,806.7931034482758,230.86206896551724,34.206896551724135
5959,814.5,332.0,28.44736842105263
5960,761.6521739130435,256.0869565217391,71.65217391304348
5961,769.258064516129,332.5806451612903,66.51612903225806
5962,766.8529411764706,297.3529411764706,67.76470588235294
5963,779.3333333333334,339.2962962962963,58.074074074074076
5964,773.25,218.0,63.0
5965,782.1162790697674,288.9767441860465,55.16279069767442
5966,787.0857142857143,324.3142857142857,51.31428571428572
5967,790.6666666666666,308.0,49.666666666666664
5968,791.925925925926,306.14814814814815,47.148148148148145
5969,789.9117647058823,226.11764705882354,48.38235294117647
5970,797.3,318.75,42.6
5971,800.7931034482758,333.0344827586207,39.37931034482759
5972,813.4,388.9,29.95
5973,765.2105263157895,308.2105263157895,69.78947368421052
5974,770.32,312.32,65.56
5975,774.0,333.2,62.44
5976,779.1333333333333,377.8666666666667,58.666666666666664
5977,774.5,311.875,61.916666666666664
5978,777.5416666666666,334.5833333333333,59.458333333333336
5979,781.4444444444445,341.1666666666667,56.27777777777778
5980,782.4,304.4,54.44
5981,786.15,303.25,51.95
5982,784.1224489795918,277.46938775510205,52.59183673469388
5983,785.3076923076923,218.0,52.0
5984,793.1333333333333,290.3333333333333,45.5
5985,793.28,220.88,45.56
5986,803.9375,323.875,37.25
5987,807.7837837837837,262.8918918918919,33.2972972972973
5988,813.6666666666666,273.14285714285717,28.714285714285715
5989,769.2857142857143,307.3809523809524,65.95238095238095
5990,767.6363636363636,233.4090909090909,66.5
5991,773.0,291.0571428571429,61.6
5992,777.5555555555555,307.6666666666667,59.0
5993,779.0,313.5,59.0
5994,781.28,329.8,55.52
5995,779.3,280.6,57.2
5996,792.4130434782609,349.7391304347826,46.108695652173914
5997,792.6315789473684,301.2105263157895,46.1578947368421
5998,792.7826086956521,215.56521739130434,45.56521739130435
5999,804.1764705882352,318.52941176470586,36.705882352941174
6000,799.3809523809524,280.14285714285717,39.166666666666664
6001,799.421052631579,220.89473684210526,40.0
6002,808.2777777777778,298.77777777777777,32.666666666666664
6003,809.6842105263158,318.42105263157896,31.68421052631579
6004,812.4347826086956,318.5652173913044,29.347826086956523
6005,770.56,320.4,64.6
6006,764.0,232.4,70.0
6007,772.8333333333334,323.6111111111111,62.833333333333336
6008,774.7333333333333,343.03333333333336,61.36666666666667
6009,777.1428571428571,381.2857142857143,59.714285714285715
6010,775.1212121212121,295.8484848484849,60.333333333333336
6011,776.3333333333334,302.3809523809524,59.38095238095238
6012,780.35,234.85,55.75
6013,788.578947368421,327.42105263157896,49.1578947368421
6014,786.060606060606,223.78787878787878,49.84848484848485
6015,793.6666666666666,211.0,44.666666666666664
6016,798.6444444444444,289.06666666666666,39.28888888888889
6017,802.1363636363636,307.8636363636364,37.59090909090909
6018,803.7368421052631,278.42105263157896,36.36842105263158
6019,814.0370370370371,383.9259259259259,28.25925925925926
6020,807.7,247.8,32.333333333333336
6021,771.3448275862069,338.37931034482756,63.62068965517241
6022,773.6969696969697,301.6666666666667,61.42424242424242
6023,778.4705882352941,349.4117647058824,57.705882352941174
6024,773.9166666666666,281.5,60.833333333333336
6025,781.8333333333334,347.55555555555554,55.0
6026,787.2,307.6,50.6
6027,788.1578947368421,321.89473684210526,49.421052631578945
6028,787.4545454545455,298.0,49.81818181818182
6029,782.3076923076923,227.69230769230768,53.84615384615385
6030,789.1176470588235,301.97058823529414,48.470588235294116
6031,805.56,395.0,34.64
6032,806.3611111111111,335.80555555555554,33.888888888888886
6033,808.75,323.5,31.75
6034,810.0555555555555,332.6388888888889,30.47222222222222
6035,821.5,417.0,22.0
6036,814.5,258.75,27.25
6037,765.4375,236.3125,67.8125
6038,765.7058823529412,229.05882352941177,66.58823529411765
6039,771.0344827586207,296.2068965517241,62.89655172413793
6040,778.0,330.2,57.4
6041,779.4571428571429,353.9142857142857,56.2
6042,781.3333333333334,323.26666666666665,54.8
6043,783.4333333333333,319.6333333333333,52.833333333333336
6044,793.3125,326.625,44.75
6045,794.6111111111111,300.44444444444446,43.27777777777778
6046,796.21875,279.3125,41.625
6047,796.2608695652174,249.2391304347826,40.65217391304348
6048,794.5,213.66666666666666,42.75
6049,804.9,320.1,34.85
6050,807.5,307.2,32.0
6051,811.0,327.0,30.0
6052,812.0,305.125,28.75
6053,767.36,323.64,66.24
6054,765.875,310.4166666666667,67.33333333333333
6055,769.7916666666666,331.875,63.791666666666664
6056,770.421052631579,307.3157894736842,63.473684210526315
6057,775.3243243243244,340.0810810810811,59.513513513513516
6058,773.3235294117648,307.0882352941176,60.911764705882355
6059,771.8846153846154,285.34615384615387,62.0
6060,777.2162162162163,324.7837837837838,57.567567567567565
6061,776.7142857142857,294.6666666666667,57.95238095238095
6062,781.08,336.84,54.92
6063,783.0512820512821,383.12820512820514,52.333333333333336
6064,778.2608695652174,290.82608695652175,56.73913043478261
6065,779.25,284.375,56.041666666666664
6066,783.578947368421,307.94736842105266,52.36842105263158
6067,779.7894736842105,216.47368421052633,55.36842105263158
6068,799.7222222222222,413.77777777777777,39.666666666666664
6069,799.2,405.6,39.86666666666667
6070,795.9583333333334,300.375,41.5
6071,804.3333333333334,380.7916666666667,35.333333333333336
6072,795.3235294117648,227.23529411764707,41.55882352941177
6073,809.8333333333334,393.75,30.958333333333332
6074,799.8181818181819,223.8181818181818,38.36363636363637
6075,813.84375,344.8125,26.375
6076,814.7692307692307,318.84615384615387,26.384615384615383
6077,811.5833333333334,254.25,27.333333333333332
6078,759.6666666666666,395.3333333333333,74.0
6079,773.2352941176471,381.52941176470586,61.64705882352941
6080,777.0,412.5,60.0
6081,764.0,232.14285714285714,68.0
6082,768.0625,225.4375,64.9375
6083,775.4285714285714,277.3333333333333,58.76190476190476
6084,782.2903225806451,327.03225806451616,53.25806451612903
6085,781.3333333333334,298.3333333333333,53.63636363636363
6086,784.1212121212121,295.6060606060606,51.515151515151516
6087,795.0,411.5,44.0
6088,790.0,322.3076923076923,47.0
6089,790.3023255813954,259.6046511627907,45.18604651162791
6090,788.3076923076923,223.23076923076923,47.0
6091,804.2857142857143,401.5,34.92857142857143
6092,797.7222222222222,316.3333333333333,39.44444444444444
6093,804.3939393939394,388.030303030303,34.60606060606061
6094,807.9772727272727,355.3863636363636,31.363636363636363
6095,809.2608695652174,262.5217391304348,30.0
6096,812.9230769230769,294.0769230769231,27.384615384615383
6097,745.25,239.25,84.75
6098,754.0,232.83333333333334,76.66666666666667
6099,764.0,312.0,69.0
6100,765.7647058823529,328.7647058823529,66.82352941176471
6101,764.92,303.68,67.52
6102,773.2083333333334,322.4583333333333,60.416666666666664
6103,785.4444444444445,392.51851851851853,49.77777777777778
6104,792.2,409.8,46.0
6105,791.6153846153846,414.7692307692308,45.23076923076923
6106,790.5,394.7692307692308,46.03846153846154
6107,790.9333333333333,322.93333333333334,45.06666666666667
6108,801.2307692307693,411.2307692307692,37.61538461538461
6109,792.2857142857143,218.42857142857142,43.57142857142857
6110,795.3636363636364,221.0,41.54545454545455
6111,801.9375,299.9375,36.6875
6112,808.6923076923077,374.88461538461536,30.615384615384617
6113,804.3125,300.5,34.5
6114,806.6,330.6,32.1
6115,814.4736842105264,368.6842105263158,26.31578947368421
6116,811.3636363636364,282.1818181818182,28.181818181818183
6117,742.0,224.0,87.0
6118,752.0,230.5,78.5
6119,767.5428571428571,292.8857142857143,64.65714285714286
6120,769.4230769230769,311.53846153846155,63.23076923076923
6121,772.6363636363636,337.40909090909093,61.22727272727273
6122,778.0909090909091,345.5,56.54545454545455
6123,779.75,342.0833333333333,54.75
6124,777.2592592592592,301.44444444444446,56.407407407407405
6125,784.7857142857143,334.7142857142857,50.642857142857146
6126,788.1904761904761,294.23809523809524,47.19047619047619
6127,791.5,318.5,44.2
6128,785.8,214.7,49.0
6129,793.28,295.0,43.44
6130,802.04,403.16,36.52
6131,787.75,217.875,47.0625
6132,796.5,320.72727272727275,40.27272727272727
6133,806.9090909090909,419.45454545454544,33.27272727272727
6134,792.0526315789474,223.6315789473684,43.31578947368421
6135,804.7727272727273,285.97727272727275,32.61363636363637
6136,811.6666666666666,373.0,27.666666666666668
6137,800.6111111111111,224.27777777777777,36.111111111111114
6138,816.4,336.55,23.0
6139,814.25,281.5,25.5
6140,766.0454545454545,299.45454545454544,65.72727272727273
6141,768.6551724137931,326.82758620689657,63.793103448275865
6142,768.7368421052631,302.7894736842105,63.26315789473684
6143,778.84,410.76,55.28
6144,773.0,286.2352941176471,59.588235294117645
6145,775.2333333333333,310.6666666666667,57.46666666666667
6146,781.1153846153846,292.46153846153845,52.38461538461539
6147,787.2,316.4,47.95
6148,795.7272727272727,407.1363636363636,41.27272727272727
6149,796.7906976744187,382.2093023255814,40.04651162790697
6150,796.4736842105264,306.2105263157895,40.421052631578945
6151,798.2727272727273,298.1818181818182,38.63636363636363
6152,799.1428571428571,304.7142857142857,38.0
6153,800.1346153846154,282.15384615384613,35.86538461538461
6154,801.7826086956521,234.43478260869566,34.47826086956522
6155,813.7878787878788,350.54545454545456,25.545454545454547
6156,805.9090909090909,242.45454545454547,31.545454545454547
6157,809.0,247.4,29.4
6158,754.8095238095239,256.4761904761905,74.61904761904762
6159,763.4333333333333,323.3,67.5
6160,763.125,316.875,68.0
6161,771.925925925926,400.48148148148147,60.74074074074074
6162,776.4375,409.0625,57.3125
6163,772.125,329.0,60.583333333333336
6164,773.0833333333334,312.3333333333333,59.291666666666664
6165,777.75,319.25,56.5
6166,776.8181818181819,306.77272727272725,56.54545454545455
6167,775.0,284.6842105263158,57.63157894736842
6168,780.1,332.93333333333334,53.56666666666667
6169,777.5483870967741,296.7096774193548,55.483870967741936
6170,779.0,311.0,54.0
6171,797.5,415.5,41.0
6172,802.5,407.75,35.875
6173,789.1875,223.5,45.0
6174,798.8888888888889,320.8888888888889,37.888888888888886
6175,806.0,397.61538461538464,32.38461538461539
6176,803.2432432432432,342.64864864864865,34.32432432432432
6177,797.9354838709677,230.16129032258064,37.61290322580645
6178,810.28,379.24,28.6
6179,815.5625,362.875,24.0
6180,806.6428571428571,237.5,31.071428571428573
6181,766.2941176470588,304.94117647058823,65.0
6182,769.3461538461538,320.5,62.38461538461539
6183,773.6,334.0,58.96
6184,777.4193548387096,324.9032258064516,55.58064516129032
6185,774.1111111111111,273.8888888888889,58.0
6186,774.9545454545455,261.8636363636364,56.72727272727273
6187,783.4130434782609,369.5217391304348,49.91304347826087
6188,780.6428571428571,302.60714285714283,52.392857142857146
6189,778.2619047619048,232.42857142857142,53.523809523809526
6190,782.25,235.30555555555554,49.75
6191,789.1739130434783,297.82608695652175,45.47826086956522
6192,801.35,397.25,36.1
6193,802.4285714285714,305.07142857142856,34.42857142857143
6194,804.7857142857143,343.26190476190476,31.5
6195,810.4,323.0,27.0
6196,807.75,256.2142857142857,29.464285714285715
6197,812.875,274.0,25.6875
6198,738.4444444444445,309.44444444444446,87.0
6199,761.2162162162163,306.97297297297297,68.43243243243244
6200,767.9230769230769,289.5,62.96153846153846
6201,776.6785714285714,339.5,56.464285714285715
6202,776.8666666666667,333.2,55.53333333333333
6203,787.8666666666667,317.2,45.86666666666667
6204,791.875,321.9166666666667,42.666666666666664
6205,808.75,386.9,29.05
6206,801.5,267.875,34.4375
6207,813.0,378.5,27.0
6208,810.4878048780488,328.1951219512195,26.73170731707317
6209,808.2352941176471,286.4117647058824,28.794117647058822
6210,760.4285714285714,398.57142857142856,70.28571428571429
6211,765.375,333.96875,65.375
6212,765.75,311.5625,64.9375
6213,768.8076923076923,334.84615384615387,62.30769230769231
6214,771.5,345.2894736842105,59.73684210526316
6215,772.4,328.2,58.457142857142856
6216,779.5625,383.1875,53.4375
6217,779.1785714285714,345.5,53.357142857142854
6218,770.3783783783783,240.8108108108108,59.108108108108105
6219,787.6428571428571,379.1666666666667,45.61904761904762
6220,789.7407407407408,331.1111111111111,44.592592592592595
6221,791.0526315789474,303.2631578947368,43.73684210526316
6222,793.3,325.1,40.7
6223,788.2,213.6,46.0
6224,788.6666666666666,217.73333333333332,44.8
6225,800.5294117647059,322.11764705882354,35.94117647058823
6226,804.6944444444445,387.1111111111111,31.555555555555557
6227,805.0689655172414,336.44827586206895,31.344827586206897
6228,806.4761904761905,326.8095238095238,30.476190476190474
6229,809.0909090909091,277.3636363636364,27.545454545454547
6230,774.04,391.44,57.72
6231,763.4615384615385,219.46153846153845,66.38461538461539
6232,772.2413793103449,299.62068965517244,58.55172413793103
6233,773.7727272727273,291.6363636363636,57.5
6234,777.5357142857143,349.67857142857144,54.57142857142857
6235,777.4736842105264,291.63157894736844,54.0
6236,781.6551724137931,323.58620689655174,51.206896551724135
6237,782.44,339.48,50.48
6238,783.28125,330.1875,49.625
6239,784.5238095238095,335.3333333333333,48.38095238095238
6240,782.6666666666666,300.23809523809524,50.23809523809524
6241,784.0,315.0,50.0
6242,784.3333333333334,325.57142857142856,48.76190476190476
6243,778.34,247.04,52.46
6244,798.4666666666667,404.1333333333333,37.93333333333333
6245,801.5,316.0,35.0
6246,807.0,320.6666666666667,30.0
6247,805.5,232.0,32.0
6248,811.7714285714286,339.0,25.34285714285714
6249,810.3529411764706,268.70588235294116,25.88235294117647
6250,745.44,317.92,80.72
6251,770.1,392.6,60.8
6252,770.1851851851852,297.74074074074076,60.48148148148148
6253,771.2272727272727,303.59090909090907,59.5
6254,772.75,322.0,58.25
6255,792.0,411.0,42.0
6256,779.4545454545455,229.54545454545453,52.18181818181818
6257,786.6666666666666,303.3333333333333,46.583333333333336
6258,792.9019607843137,344.7450980392157,40.745098039215684
6259,798.5555555555555,353.4,35.75555555555555
6260,792.94,275.86,40.14
6261,810.7619047619048,361.04761904761904,26.38095238095238
6262,804.0882352941177,283.1764705882353,30.61764705882353
6263,740.2916666666666,309.625,85.41666666666667
6264,740.7567567567568,323.2972972972973,84.64864864864865
6265,772.7777777777778,395.55555555555554,59.0
6266,768.0384615384615,329.3076923076923,61.69230769230769
6267,777.8666666666667,338.2,53.63333333333333
6268,785.9473684210526,324.05263157894734,47.0
6269,798.74,342.46,35.38
6270,805.2333333333333,267.1666666666667,30.2
6271,810.3333333333334,325.3333333333333,25.0
6272,738.0,319.82608695652175,86.0
6273,744.5,312.0,82.0
6274,755.0,401.0,74.0
6275,763.7619047619048,319.8095238095238,65.0952380952381
6276,765.2564102564103,337.84615384615387,63.46153846153846
6277,758.5555555555555,223.77777777777777,70.0
6278,761.3076923076923,235.46153846153845,67.0
6279,770.8846153846154,294.84615384615387,58.69230769230769
6280,772.56,304.52,57.48
6281,773.0,279.1875,57.25
6282,774.5833333333334,288.625,55.75
6283,780.0,321.0,53.0
6284,779.5,307.0,53.0
6285,783.2727272727273,319.8181818181818,49.27272727272727
6286,791.0967741935484,393.741935483871,42.12903225806452
6287,791.0,309.0,44.0
6288,789.8235294117648,326.7647058823529,42.705882352941174
6289,791.1458333333334,258.4791666666667,41.166666666666664
6290,795.9130434782609,291.7826086956522,37.26086956521739
6291,791.7692307692307,215.30769230769232,40.92307692307692
6292,792.55,223.3,39.85
6293,801.2,319.2,33.4
6294,804.0,318.6363636363636,31.0
6295,737.3428571428572,304.74285714285713,86.37142857142857
6296,743.1,238.0,82.2
6297,745.1428571428571,249.57142857142858,80.07142857142857
6298,764.04,297.84,63.88
6299,767.4666666666667,301.6333333333333,61.46666666666667
6300,768.36,311.64,60.6
6301,772.7307692307693,337.7692307692308,57.53846153846154
6302,774.0,320.35714285714283,56.285714285714285
6303,776.4666666666667,326.8666666666667,53.63333333333333
6304,774.2592592592592,282.77777777777777,55.7037037037037
6305,780.25,310.25,51.25
6306,796.9285714285714,367.7857142857143,36.42857142857143
6307,787.3589743589744,235.33333333333334,43.43589743589744
6308,793.1333333333333,262.1777777777778,38.8
6309,793.2692307692307,235.84615384615384,39.38461538461539
6310,801.4,302.0,33.0
6311,810.6875,355.46875,25.40625
6312,806.875,263.3125,28.0
6313,743.8947368421053,323.57894736842104,81.47368421052632
6314,757.8,402.6,71.0
6315,749.0,233.5,77.0
6316,763.6666666666666,327.8,65.0
6317,764.695652173913,331.7826086956522,63.391304347826086
6318,764.9565217391304,322.17391304347825,63.30434782608695
6319,769.8064516129032,339.48387096774195,59.516129032258064
6320,769.304347826087,324.4782608695652,59.56521739130435
6321,768.0,292.625,61.0
6322,768.4545454545455,285.54545454545456,61.0
6323,774.1111111111111,345.3703703703704,56.03703703703704
6324,772.7037037037037,330.77777777777777,56.74074074074074
6325,774.9,303.3,54.43333333333333
6326,775.551724137931,286.1034482758621,53.724137931034484
6327,781.304347826087,304.4347826086956,49.391304347826086
6328,786.1764705882352,335.55882352941177,44.61764705882353
6329,789.75,333.40625,41.8125
6330,791.4666666666667,303.3333333333333,41.0
6331,794.6086956521739,320.7826086956522,38.34782608695652
6332,801.0714285714286,397.92857142857144,33.714285714285715
6333,795.625,317.125,37.25
6334,800.578947368421,285.42105263157896,33.63157894736842
6335,806.1428571428571,334.7857142857143,28.535714285714285
6336,801.6666666666666,237.16666666666666,31.708333333333332
6337,804.1515151515151,279.1212121212121,29.454545454545453
6338,808.2,318.6,27.2
6339,810.2857142857143,297.85714285714283,26.142857142857142
6340,740.2105263157895,306.3421052631579,83.42105263157895
6341,745.2068965517242,311.58620689655174,79.44827586206897
6342,760.6315789473684,318.94736842105266,66.84210526315789
6343,761.6363636363636,305.95454545454544,65.95454545454545
6344,756.7058823529412,242.05882352941177,69.94117647058823
6345,768.1153846153846,334.5,60.38461538461539
6346,765.7307692307693,295.96153846153845,62.19230769230769
6347,768.8,308.12,59.6
6348,769.7692307692307,289.38461538461536,58.61538461538461
6349,775.1,321.2,53.96666666666667
6350,776.6785714285714,297.35714285714283,53.392857142857146
6351,777.9142857142857,329.8,51.542857142857144
6352,784.4444444444445,297.6666666666667,47.0
6353,800.6153846153846,404.15384615384613,33.69230769230769
6354,793.1578947368421,301.36842105263156,39.36842105263158
6355,795.6666666666666,301.0833333333333,37.083333333333336
6356,794.3055555555555,282.69444444444446,37.75
6357,804.8888888888889,383.55555555555554,29.40740740740741
6358,793.5769230769231,224.76923076923077,37.73076923076923
6359,807.5652173913044,366.60869565217394,27.130434782608695
6360,812.4736842105264,332.1578947368421,23.210526315789473
6361,763.375,308.125,63.958333333333336
6362,759.4,221.2,67.6
6363,775.7647058823529,354.1764705882353,54.411764705882355
6364,772.44,298.6,56.4
6365,780.375,295.0625,50.125
6366,789.2222222222222,409.77777777777777,43.77777777777778
6367,784.0,308.0,48.0
6368,792.4545454545455,414.8181818181818,41.0
6369,793.9166666666666,407.0833333333333,38.916666666666664
6370,788.4285714285714,315.6666666666667,43.38095238095238
6371,797.8913043478261,363.95652173913044,34.54347826086956
6372,795.1463414634146,277.8536585365854,36.53658536585366
6373,796.2727272727273,265.1363636363636,36.27272727272727
6374,807.84,383.28,26.48
6375,803.25,303.0,31.0
6376,804.3333333333334,244.8095238095238,29.238095238095237
6377,809.0,291.0,26.0
6378,805.15,250.25,28.5
6379,811.125,342.625,23.125
6380,750.2857142857143,232.42857142857142,74.71428571428571
6381,757.625,311.3125,68.40625
6382,753.0,229.0,73.0
6383,763.078947368421,291.7105263157895,63.473684210526315
6384,768.5882352941177,319.7647058823529,59.35294117647059
6385,770.448275862069,284.44827586206895,57.51724137931034
6386,780.078947368421,335.2368421052632,49.60526315789474
6387,791.0,405.5,41.0
6388,792.25,399.3125,39.0
6389,781.6666666666666,233.73333333333332,47.5
6390,796.4,410.2,36.0
6391,790.4166666666666,316.0833333333333,41.083333333333336
6392,797.1875,401.1875,36.0
6393,784.3076923076923,218.53846153846155,45.53846153846154
6394,788.6666666666666,214.16666666666666,42.833333333333336
6395,793.9615384615385,296.0,37.65384615384615
6396,800.0,339.0,32.333333333333336
6397,802.6428571428571,331.35714285714283,30.285714285714285
6398,795.6666666666666,228.5,35.666666666666664
6399,805.0,290.625,29.375
6400,810.0,372.7857142857143,24.535714285714285
6401,810.7619047619048,366.4761904761905,24.285714285714285
6402,802.5555555555555,254.66666666666666,29.944444444444443
6403,805.3125,269.9375,27.6875
6404,740.4117647058823,326.52941176470586,83.0
6405,742.6,306.0,81.05
6406,764.3636363636364,326.77272727272725,62.59090909090909
6407,772.75,325.375,55.875
6408,773.4090909090909,336.59090909090907,55.27272727272727
6409,769.2307692307693,274.53846153846155,57.92307692307692
6410,772.8965517241379,295.37931034482756,54.86206896551724
6411,778.2340425531914,346.1063829787234,50.297872340425535
6412,786.8378378378378,381.2432432432432,42.91891891891892
6413,791.0714285714286,398.07142857142856,40.785714285714285
6414,785.5263157894736,307.0,44.63157894736842
6415,787.25,299.1,43.3
6416,786.0,220.42857142857142,43.5
6417,796.8,222.4,35.13333333333333
6418,800.7931034482758,243.48275862068965,31.448275862068964
6419,806.6363636363636,282.45454545454544,26.03030303030303
6420,745.36,317.8,78.4
6421,760.5,324.90909090909093,65.77272727272727
6422,757.0,234.0,68.0
6423,765.7272727272727,322.45454545454544,61.36363636363637
6424,760.4705882352941,252.52941176470588,64.82352941176471
6425,769.3571428571429,333.82142857142856,58.464285714285715
6426,761.2,219.8,65.0
6427,770.0,346.5,58.0
6428,763.8,219.0,62.8
6429,777.3913043478261,305.2173913043478,50.608695652173914
6430,772.0,209.5,56.0
6431,782.6818181818181,318.95454545454544,46.45454545454545
6432,786.7894736842105,323.57894736842104,43.26315789473684
6433,790.08,329.32,40.2
6434,784.5,210.0,45.5
6435,800.3846153846154,393.96153846153845,31.76923076923077
6436,796.4,320.9,35.55
6437,788.4782608695652,219.0,40.69565217391305
6438,803.6829268292682,360.9268292682927,28.878048780487806
6439,796.5833333333334,234.25,34.5
6440,803.7333333333333,316.73333333333335,28.733333333333334
6441,799.3076923076923,231.42307692307693,31.807692307692307
6442,811.5,359.0,23.0
6443,810.2608695652174,348.39130434782606,23.52173913043478
6444,738.5,315.0,83.5
6445,757.0,318.3333333333333,68.33333333333333
6446,760.7826086956521,311.6521739130435,64.52173913043478
6447,759.1578947368421,229.1315789473684,65.39473684210526
6448,770.6551724137931,342.1034482758621,56.44827586206897
6449,774.5238095238095,333.1904761904762,53.476190476190474
6450,775.1025641025641,348.0,52.205128205128204
6451,771.45,275.25,55.7
6452,776.4782608695652,323.2173913043478,51.78260869565217
6453,779.4230769230769,325.46153846153845,49.42307692307692
6454,781.2,299.8,48.0
6455,781.8,210.0,47.0
6456,797.3076923076923,407.15384615384613,34.84615384615385
6457,793.0,306.57142857142856,37.857142857142854
6458,793.2424242424242,235.12121212121212,36.57575757575758
6459,802.9333333333333,259.73333333333335,29.0
6460,738.7272727272727,312.09090909090907,83.54545454545455
6461,736.6785714285714,302.35714285714283,84.17857142857143
6462,757.1428571428571,323.67857142857144,67.53571428571429
6463,764.3913043478261,307.0869565217391,61.43478260869565
6464,766.8947368421053,284.7368421052632,59.10526315789474
6465,770.25,291.75,56.535714285714285
6466,770.5757575757576,251.06060606060606,55.42424242424242
6467,774.9333333333333,300.6333333333333,51.833333333333336
6468,775.8,293.15555555555557,51.08888888888889
6469,778.9090909090909,238.21212121212122,47.72727272727273
6470,793.8,402.35,37.4
6471,791.2830188679245,344.75471698113205,37.9622641509434
6472,796.2820512820513,391.8974358974359,34.53846153846154
6473,786.0857142857143,224.28571428571428,41.714285714285715
6474,795.75,306.42857142857144,34.535714285714285
6475,796.0,301.0,35.0
6476,804.0,391.1,28.1
6477,805.3939393939394,378.6363636363636,27.303030303030305
6478,801.0833333333334,287.3333333333333,30.416666666666668
6479,730.0625,291.3125,88.0
6480,758.7368421052631,300.1578947368421,66.21052631578948
6481,777.7272727272727,340.34090909090907,49.43181818181818
6482,780.9545454545455,321.90909090909093,47.59090909090909
6483,780.0,308.0,48.333333333333336
6484,781.1052631578947,328.6842105263158,46.94736842105263
6485,783.0,325.34615384615387,45.42307692307692
6486,780.4642857142857,225.5,46.607142857142854
6487,788.4285714285714,321.76190476190476,41.23809523809524
6488,797.0370370370371,398.48148148148147,34.25925925925926
6489,803.1764705882352,325.5882352941176,28.470588235294116
6490,804.047619047619,303.04761904761904,27.38095238095238
6491,805.1428571428571,288.2857142857143,26.857142857142858
6492,806.1935483870968,274.7741935483871,25.35483870967742
6493,808.1538461538462,295.46153846153845,23.846153846153847
6494,735.0,311.0,86.0
6495,736.375,330.71875,83.90625
6496,740.75,316.5,81.25
6497,757.6842105263158,222.42105263157896,66.0
6498,763.2857142857143,286.2857142857143,61.61904761904762
6499,766.6363636363636,302.22727272727275,58.63636363636363
6500,768.7368421052631,308.10526315789474,57.1578947368421
6501,769.75,321.375,56.416666666666664
6502,771.8095238095239,330.1904761904762,54.80952380952381
6503,770.9473684210526,306.4736842105263,55.1578947368421
6504,769.7083333333334,262.2083333333333,56.208333333333336
6505,774.4117647058823,287.6470588235294,51.588235294117645
6506,786.9019607843137,343.1764705882353,41.19607843137255
6507,789.9473684210526,333.7368421052632,39.1578947368421
6508,797.9111111111112,361.24444444444447,32.422222222222224
6509,794.1666666666666,283.0833333333333,34.638888888888886
6510,791.7619047619048,252.28571428571428,36.76190476190476
6511,791.95,220.1,36.65
6512,797.1666666666666,282.6904761904762,32.404761904761905
6513,805.7741935483871,336.741935483871,25.258064516129032
6514,732.0769230769231,300.15384615384613,87.38461538461539
6515,732.7058823529412,294.79411764705884,86.61764705882354
6516,736.0,318.61538461538464,84.38461538461539
6517,739.78125,329.40625,81.46875
6518,742.0,325.88461538461536,79.61538461538461
6519,763.24,372.36,61.6
6520,763.6153846153846,332.2307692307692,61.15384615384615
6521,758.125,240.5,65.875
6522,767.1578947368421,342.7894736842105,58.421052631578945
6523,765.8421052631579,296.89473684210526,59.10526315789474
6524,772.1111111111111,350.48148148148147,54.148148148148145
6525,773.59375,338.875,52.6875
6526,772.9166666666666,291.7916666666667,53.208333333333336
6527,779.5357142857143,294.2857142857143,47.535714285714285
6528,775.5675675675676,235.05405405405406,50.32432432432432
6529,782.1304347826087,302.5217391304348,45.391304347826086
6530,785.5,305.3181818181818,42.81818181818182
6531,782.5,240.625,44.3125
6532,789.8571428571429,320.14285714285717,38.92857142857143
6533,783.72,228.16,43.52
6534,799.0909090909091,319.22727272727275,31.227272727272727
6535,798.9047619047619,302.42857142857144,31.761904761904763
6536,800.2916666666666,249.375,29.666666666666668
6537,803.8571428571429,294.85714285714283,27.142857142857142
6538,762.0,397.0,62.714285714285715
6539,756.9333333333333,308.76666666666665,66.26666666666667
6540,759.1,332.0,64.46666666666667
6541,758.8888888888889,319.2962962962963,64.62962962962963
6542,764.8333333333334,393.3333333333333,60.0
6543,761.2222222222222,318.0,62.666666666666664
6544,766.15,327.0,59.05
6545,764.8181818181819,291.1212121212121,59.57575757575758
6546,773.6666666666666,353.0833333333333,52.0
6547,777.3404255319149,331.51063829787233,48.61702127659574
6548,777.3333333333334,299.2083333333333,49.375
6549,785.3333333333334,290.97777777777776,41.333333333333336
6550,796.0,357.3333333333333,34.22222222222222
6551,804.5,258.1666666666667,25.833333333333332
6552,741.7142857142857,314.57142857142856,80.0
6553,762.4444444444445,339.6666666666667,61.94444444444444
6554,769.0,411.0,58.0
6555,759.3571428571429,227.89285714285714,63.285714285714285
6556,768.516129032258,337.16129032258067,56.483870967741936
6557,760.5,222.5,63.0
6558,770.75,345.85714285714283,54.642857142857146
6559,764.5555555555555,238.38888888888889,59.27777777777778
6560,768.2,278.73333333333335,56.4
6561,781.7857142857143,394.92857142857144,45.142857142857146
6562,783.2777777777778,393.25,43.44444444444444
6563,789.8333333333334,409.1666666666667,39.0
6564,778.8333333333334,206.83333333333334,48.0
6565,780.25,220.95,45.65
6566,782.6,214.26666666666668,44.4
6567,784.3125,216.5625,42.1875
6568,799.7777777777778,399.77777777777777,30.444444444444443
6569,801.6,395.6,29.133333333333333
6570,795.5,321.72727272727275,33.40909090909091
6571,803.695652173913,386.5652173913044,26.73913043478261
6572,803.6969696969697,350.3939393939394,26.545454545454547
6573,795.6666666666666,237.62962962962962,32.55555555555556
6574,804.8333333333334,267.8333333333333,25.166666666666668
6575,733.0555555555555,300.94444444444446,85.52777777777777
6576,756.5,317.8076923076923,66.23076923076923
6577,759.8181818181819,324.27272727272725,63.54545454545455
6578,754.0,222.0,68.0
6579,756.1111111111111,232.55555555555554,66.33333333333333
6580,768.0833333333334,326.1666666666667,56.333333333333336
6581,767.421052631579,297.10526315789474,57.1578947368421
6582,772.1538461538462,355.0,53.69230769230769
6583,767.551724137931,302.86206896551727,56.51724137931034
6584,767.7391304347826,311.7391304347826,56.34782608695652
6585,765.1176470588235,248.0,58.23529411764706
6586,769.75,300.95,55.0
6587,769.829268292683,257.390243902439,54.26829268292683
6588,788.5555555555555,393.037037037037,39.592592592592595
6589,779.7142857142857,236.34285714285716,45.542857142857144
6590,786.4375,302.3125,41.0625
6591,785.7105263157895,287.10526315789474,40.36842105263158
6592,788.8,298.12,38.6
6593,790.3846153846154,302.0769230769231,37.30769230769231
6594,788.9761904761905,279.92857142857144,37.476190476190474
6595,800.9473684210526,387.6842105263158,28.842105263157894
6596,801.9230769230769,283.35897435897436,27.17948717948718
6597,807.1333333333333,353.3333333333333,23.8
6598,805.7894736842105,323.6842105263158,24.36842105263158
6599,734.0967741935484,323.5806451612903,84.38709677419355
6600,743.3333333333334,313.77777777777777,77.0
6601,753.1739130434783,306.17391304347825,67.8695652173913
6602,760.8974358974359,391.2564102564103,61.69230769230769
6603,751.8181818181819,228.54545454545453,69.72727272727273
6604,762.7931034482758,325.7931034482759,60.41379310344828
6605,766.9333333333333,372.93333333333334,57.53333333333333
6606,762.8148148148148,296.3703703703704,60.81481481481482
6607,765.6666666666666,310.6666666666667,59.0
6608,772.2222222222222,327.0,52.333333333333336
6609,775.3333333333334,311.6666666666667,49.666666666666664
6610,778.2916666666666,303.5833333333333,47.458333333333336
6611,786.2631578947369,399.36842105263156,41.10526315789474
6612,782.3,321.85,43.85
6613,778.9722222222222,242.25,45.666666666666664
6614,789.1388888888889,388.8333333333333,37.666666666666664
6615,798.1538461538462,387.53846153846155,31.0
6616,787.952380952381,221.95238095238096,38.333333333333336
6617,799.46875,335.78125,29.53125
6618,801.1176470588235,339.55882352941177,27.5
6619,800.3333333333334,300.0,29.666666666666668
6620,803.9411764705883,330.5,25.38235294117647
6621,733.9047619047619,307.85714285714283,84.9047619047619
6622,736.3333333333334,322.1111111111111,82.38888888888889
6623,757.8,304.88,64.4
6624,759.6071428571429,302.7857142857143,62.5
6625,760.625,308.3333333333333,62.416666666666664
6626,765.6521739130435,290.2173913043478,57.52173913043478
6627,773.3870967741935,333.16129032258067,51.225806451612904
6628,771.2,304.96666666666664,52.56666666666667
6629,774.6538461538462,319.96153846153845,50.38461538461539
6630,784.7333333333333,392.97777777777776,41.48888888888889
6631,779.578947368421,298.10526315789474,46.21052631578947
6632,775.5,229.71428571428572,48.0
6633,781.6842105263158,298.1578947368421,44.0
6634,791.9230769230769,299.15384615384613,35.53846153846154
6635,800.0,331.5,28.0
6636,793.25,228.29166666666666,33.166666666666664
6637,803.75,319.25,25.75
6638,805.5588235294117,344.0,23.529411764705884
6639,801.1578947368421,253.05263157894737,27.526315789473685
6640,737.36,302.24,81.2
6641,746.2857142857143,231.57142857142858,73.0
6642,749.7142857142857,223.42857142857142,70.14285714285714
6643,752.7407407407408,248.1851851851852,67.51851851851852
6644,760.4814814814815,333.85185185185185,62.370370370370374
6645,758.0434782608696,297.2608695652174,63.69565217391305
6646,766.2413793103449,331.3103448275862,57.41379310344828
6647,759.0,217.25,63.0
6648,770.0,324.0,53.92857142857143
6649,788.5384615384615,405.2307692307692,38.84615384615385
6650,795.5769230769231,395.8076923076923,31.923076923076923
6651,794.5,337.25,33.5
6652,798.258064516129,283.0967741935484,29.451612903225808
6653,800.9166666666666,289.6666666666667,27.916666666666668
6654,802.8125,312.875,25.9375
6655,806.7647058823529,361.47058823529414,23.11764705882353
6656,800.8181818181819,264.1818181818182,27.454545454545453
6657,800.4117647058823,245.0,28.058823529411764
6658,804.0,290.9230769230769,25.307692307692307
6659,808.0,329.0,23.0
6660,729.1111111111111,304.6666666666667,87.0
6661,732.2857142857143,327.85714285714283,85.0
6662,740.6206896551724,304.7931034482759,78.10344827586206
6663,763.5,404.0,59.5
6664,754.0,228.5,68.0
6665,755.5,279.5,65.0
6666,763.9024390243902,338.5365853658537,58.31707317073171
6667,757.3333333333334,220.33333333333334,64.08333333333333
6668,767.32,288.12,55.44
6669,769.6666666666666,298.57575757575756,53.333333333333336
6670,768.5555555555555,278.22222222222223,54.44444444444444
6671,781.6764705882352,384.5,43.38235294117647
6672,791.2631578947369,396.05263157894734,35.89473684210526
6673,791.9302325581396,377.6744186046512,33.604651162790695
6674,789.45,320.5,36.85
6675,790.5185185185185,230.92592592592592,35.48148148148148
6676,791.25,223.82142857142858,34.5
6677,801.0,298.25,27.125
6678,808.2,338.5,21.2
6679,736.2666666666667,328.0,81.66666666666667
6680,748.1363636363636,234.77272727272728,70.86363636363636
6681,757.1538461538462,337.46153846153845,63.73076923076923
6682,752.0,233.0,68.0
6683,762.2105263157895,302.89473684210526,59.73684210526316
6684,765.8571428571429,345.5238095238095,56.714285714285715
6685,766.7931034482758,294.51724137931035,55.48275862068966
6686,776.2272727272727,320.95454545454544,48.22727272727273
6687,778.5833333333334,323.2916666666667,45.833333333333336
6688,787.25,416.0,40.0
6689,775.3636363636364,234.0909090909091,48.0
6690,793.0,410.3333333333333,34.888888888888886
6691,786.7142857142857,304.42857142857144,38.857142857142854
6692,784.7948717948718,273.87179487179486,39.84615384615385
6693,793.35,296.25,33.2
6694,799.35,383.95,28.2
6695,799.3684210526316,367.94736842105266,28.63157894736842
6696,798.5416666666666,315.4583333333333,28.791666666666668
6697,802.2424242424242,372.4848484848485,25.545454545454547
6698,800.125,319.125,28.0
6699,806.5,368.8125,23.0
6700,807.6,354.8,21.0
6701,728.4,224.6,86.0
6702,743.4285714285714,232.28571428571428,74.85714285714286
6703,752.7777777777778,311.55555555555554,67.25925925925925
6704,748.0,228.28571428571428,71.0
6705,760.3157894736842,321.63157894736844,61.21052631578947
6706,758.9333333333333,293.03333333333336,61.7
6707,762.1052631578947,284.36842105263156,59.526315789473685
6708,766.3157894736842,274.10526315789474,55.73684210526316
6709,779.2608695652174,317.6521739130435,44.608695652173914
6710,788.5454545454545,414.54545454545456,38.09090909090909
6711,783.1304347826087,322.7391304347826,41.82608695652174
6712,787.0666666666667,324.53333333333336,39.0
6713,792.0555555555555,401.6666666666667,34.666666666666664
6714,780.8260869565217,224.82608695652175,42.52173913043478
6715,780.68,243.18,41.68
6716,782.1,233.675,40.85
6717,784.2608695652174,220.6086956521739,40.130434782608695
6718,798.0588235294117,392.4117647058824,29.470588235294116
6719,794.0,301.35714285714283,32.07142857142857
6720,788.1304347826087,223.47826086956522,36.34782608695652
6721,797.5833333333334,303.3333333333333,29.5
6722,803.7272727272727,378.95454545454544,24.227272727272727
6723,797.0,232.75,30.0
6724,730.4347826086956,317.7391304347826,85.34782608695652
6725,734.2068965517242,318.2758620689655,82.03448275862068
6726,733.0,297.8421052631579,83.0
6727,737.4347826086956,323.82608695652175,79.78260869565217
6728,737.5833333333334,313.0833333333333,79.41666666666667
6729,743.25,237.25,75.0
6730,761.4285714285714,401.14285714285717,61.142857142857146
6731,762.25,397.9166666666667,59.666666666666664
6732,758.8928571428571,328.92857142857144,61.92857142857143
6733,765.5,402.5,58.0
6734,767.4347826086956,341.69565217391306,54.82608695652174
6735,767.952380952381,329.5238095238095,54.523809523809526
6736,769.6666666666666,332.6666666666667,52.629629629629626
6737,763.7727272727273,263.09090909090907,56.45454545454545
6738,767.0,266.53333333333336,55.0
6739,772.1,326.1666666666667,50.13333333333333
6740,772.3529411764706,304.4117647058824,50.411764705882355
6741,776.7142857142857,349.69642857142856,45.714285714285715
6742,776.4705882352941,327.97058823529414,46.94117647058823
6743,777.375,317.625,46.0
6744,780.56,306.16,43.64
6745,773.1428571428571,206.57142857142858,49.57142857142857
6746,782.4615384615385,297.03846153846155,41.38461538461539
6747,788.1842105263158,334.3421052631579,36.44736842105263
6748,790.9,318.65,34.55
6749,795.3103448275862,340.44827586206895,31.06896551724138
6750,790.6875,265.9375,34.625
6751,799.72,358.74,27.16
6752,801.5,326.0,26.5
6753,796.6111111111111,242.05555555555554,29.833333333333332
6754,739.4848484848485,327.3333333333333,77.66666666666667
6755,752.1923076923077,320.84615384615387,67.23076923076923
6756,755.1739130434783,325.5652173913044,64.78260869565217
6757,756.2083333333334,309.5833333333333,63.541666666666664
6758,760.65625,336.46875,60.03125
6759,767.55,334.8,54.55
6760,770.0454545454545,343.6818181818182,52.27272727272727
6761,769.4736842105264,260.94736842105266,51.8421052631579
6762,773.5714285714286,316.35714285714283,48.5
6763,785.25,411.0,41.0
6764,775.578947368421,228.78947368421052,45.89473684210526
6765,790.0,404.85714285714283,36.0
6766,783.875,320.7916666666667,39.833333333333336
6767,792.2083333333334,385.125,33.5
6768,793.2432432432432,357.02702702702703,32.16216216216216
6769,791.6666666666666,307.6666666666667,34.833333333333336
6770,790.5,303.75,34.25
6771,786.48,227.56,37.52
6772,794.6470588235294,319.29411764705884,31.294117647058822
6773,800.5,380.875,26.15625
6774,797.875,328.125,28.625
6775,794.1,229.9,31.0
6776,797.8387096774194,259.4193548387097,27.612903225806452
6777,732.2222222222222,310.94444444444446,83.83333333333333
6778,733.6153846153846,305.61538461538464,81.6923076923077
6779,754.1818181818181,331.27272727272725,64.9090909090909
6780,757.7333333333333,311.3333333333333,61.56666666666667
6781,751.7272727272727,222.0909090909091,66.45454545454545
6782,761.6666666666666,294.96666666666664,58.63333333333333
6783,766.0384615384615,309.03846153846155,54.88461538461539
6784,765.0645161290323,260.0,55.225806451612904
6785,768.25,274.5,53.375
6786,771.5,298.14285714285717,50.92857142857143
6787,774.5217391304348,296.39130434782606,47.65217391304348
6788,772.6842105263158,239.3684210526316,48.8421052631579
6789,780.1666666666666,290.05555555555554,42.44444444444444
6790,782.2,307.45,41.1
6791,779.1428571428571,235.96428571428572,42.92857142857143
6792,794.0,408.0,33.0
6793,790.9629629629629,240.92592592592592,33.333333333333336
6794,795.6923076923077,268.1923076923077,29.23076923076923
6795,726.3548387096774,295.0,87.06451612903226
6796,736.7407407407408,303.14814814814815,79.0
6797,743.9285714285714,237.35714285714286,72.64285714285714
6798,750.3333333333334,316.6666666666667,68.66666666666667
6799,752.8064516129032,304.93548387096774,65.51612903225806
6800,767.0,412.0,55.0
6801,759.6428571428571,288.85714285714283,60.357142857142854
6802,763.5625,307.75,57.25
6803,762.4444444444445,300.51851851851853,57.55555555555556
6804,762.741935483871,285.64516129032256,57.45161290322581
6805,766.2,321.8,55.0
6806,768.0,338.4736842105263,53.10526315789474
6807,769.6818181818181,348.54545454545456,51.72727272727273
6808,766.9285714285714,305.10714285714283,53.607142857142854
6809,770.0833333333334,322.1666666666667,51.75
6810,775.8,424.8,45.2
6811,779.9411764705883,326.2352941176471,43.0
6812,783.1212121212121,328.030303030303,40.06060606060606
6813,779.5925925925926,230.14814814814815,42.44444444444444
6814,787.421052631579,314.6842105263158,36.473684210526315
6815,796.0,287.0,30.166666666666668
6816,801.2941176470588,276.6470588235294,25.470588235294116
6817,724.875,291.125,88.0
6818,737.6666666666666,233.66666666666666,78.0
6819,754.5,407.5,66.0
6820,748.0,231.8,69.0
6821,752.2941176470588,230.23529411764707,66.11764705882354
6822,754.16,226.64,64.0
6823,766.85,347.35,53.95
6824,756.9285714285714,224.71428571428572,61.464285714285715
6825,764.4722222222222,299.5,55.47222222222222
6826,765.92,281.96,54.28
6827,775.8571428571429,415.7142857142857,47.0
6828,765.0625,270.875,54.75
6829,772.5111111111111,336.55555555555554,48.51111111111111
6830,771.7575757575758,290.8484848484849,49.121212121212125
6831,776.7666666666667,294.73333333333335,44.6
6832,774.4666666666667,208.73333333333332,46.666666666666664
6833,779.0833333333334,214.75,43.0
6834,804.0833333333334,348.75,22.375
6835,728.5172413793103,305.6551724137931,85.51724137931035
6836,730.9310344827586,319.0689655172414,83.55172413793103
6837,731.3214285714286,303.9642857142857,83.42857142857143
6838,733.3235294117648,332.2647058823529,81.5
6839,726.0,229.0,88.0
6840,732.3076923076923,310.65384615384613,82.0
6841,740.05,317.75,76.3
6842,748.6206896551724,311.82758620689657,68.58620689655173
6843,756.3703703703703,320.51851851851853,62.18518518518518
6844,756.8823529411765,337.94117647058823,61.470588235294116
6845,758.8709677419355,298.2903225806452,59.96774193548387
6846,762.2,324.53333333333336,57.733333333333334
6847,774.5,416.5,49.0
6848,760.0357142857143,244.46428571428572,58.214285714285715
6849,769.6111111111111,359.3888888888889,50.55555555555556
6850,769.6818181818181,338.45454545454544,51.13636363636363
6851,766.3888888888889,250.27777777777777,53.333333333333336
6852,777.6666666666666,299.8888888888889,44.166666666666664
6853,775.9375,221.6875,45.4375
6854,784.6315789473684,318.42105263157896,38.0
6855,777.304347826087,223.08695652173913,43.56521739130435
6856,791.5294117647059,392.52941176470586,33.0
6857,782.8461538461538,279.6666666666667,39.23076923076923
6858,780.0,220.92592592592592,41.407407407407405
6859,803.0,355.2173913043478,22.608695652173914
6860,801.074074074074,271.1111111111111,24.444444444444443
6861,757.46875,397.46875,61.4375
6862,756.0,218.8181818181818,61.90909090909091
6863,763.6774193548387,328.61290322580646,55.58064516129032
6864,774.9047619047619,300.1904761904762,46.0
6865,788.0,412.6666666666667,36.666666666666664
6866,784.875,342.725,37.25
6867,783.5,299.375,38.375
6868,792.1034482758621,387.7241379310345,31.482758620689655
6869,788.76,323.52,34.48
6870,787.6,295.8,34.68
6871,782.4,224.5,39.2
6872,786.8837209302326,258.3488372093023,35.16279069767442
6873,788.5121951219512,269.5853658536585,33.5609756097561
6874,799.4583333333334,366.4583333333333,25.625
6875,795.2222222222222,250.05555555555554,28.22222222222222
6876,732.875,315.125,80.75
6877,735.5,310.2,79.0
6878,756.5,405.0,63.0
6879,752.45,320.85,65.05
6880,749.2666666666667,226.13333333333333,67.0
6881,756.6071428571429,306.0357142857143,61.357142857142854
6882,760.0384615384615,306.11538461538464,57.96153846153846
6883,765.6666666666666,286.57142857142856,53.61904761904762
6884,764.8571428571429,244.42857142857142,53.857142857142854
6885,771.0,203.66666666666666,48.0
6886,774.3529411764706,235.41176470588235,45.94117647058823
6887,783.9487179487179,331.5897435897436,37.61538461538461
6888,777.4,218.9,43.1
6889,790.8333333333334,399.3333333333333,33.0
6890,781.5384615384615,214.76923076923077,40.46153846153846
6891,792.5,314.8,30.6
6892,794.6666666666666,333.3333333333333,29.333333333333332
6893,791.1777777777778,282.6,31.511111111111113
6894,797.6666666666666,288.0,27.0
6895,726.08,300.72,86.36
6896,730.6,328.3,82.8
6897,748.36,325.16,67.72
6898,754.625,333.2916666666667,62.583333333333336
6899,753.6,299.6,63.52
6900,756.9615384615385,331.7692307692308,60.5
6901,755.3529411764706,296.5882352941176,62.0
6902,757.4,302.8,60.0
6903,767.5714285714286,409.7142857142857,52.285714285714285
6904,761.1578947368421,295.1578947368421,56.78947368421053
6905,765.516129032258,325.19354838709677,53.516129032258064
6906,765.56,320.36,52.84
6907,762.9090909090909,277.40909090909093,55.18181818181818
6908,765.0,291.80645161290323,53.645161290322584
6909,771.2666666666667,323.06666666666666,48.36666666666667
6910,773.0512820512821,289.38461538461536,46.38461538461539
6911,782.5853658536586,381.4390243902439,38.53658536585366
6912,772.2105263157895,238.89473684210526,46.8421052631579
6913,787.9230769230769,409.46153846153845,35.07692307692308
6914,775.9069767441861,241.8372093023256,43.58139534883721
6915,775.4375,214.8125,44.3125
6916,786.2068965517242,307.0344827586207,35.62068965517241
6917,794.2352941176471,385.29411764705884,29.764705882352942
6918,786.7058823529412,226.5,34.470588235294116
6919,796.4444444444445,335.77777777777777,26.666666666666668
6920,801.6666666666666,372.4166666666667,23.0
6921,801.8333333333334,360.4,22.5
6922,802.0,319.0,22.666666666666668
6923,800.5,258.0,24.0
6924,732.1,300.0,81.46666666666667
6925,734.3225806451613,317.741935483871,78.6774193548387
6926,739.6551724137931,326.86206896551727,74.44827586206897
6927,739.6451612903226,306.0,74.54838709677419
6928,746.9230769230769,305.53846153846155,68.46153846153847
6929,750.2857142857143,326.5,65.64285714285714
6930,757.65,325.9,59.7
6931,766.125,278.1666666666667,52.5
6932,769.1724137931035,319.3448275862069,49.6551724137931
6933,776.9444444444445,355.94444444444446,43.611111111111114
6934,769.0,204.0,50.0
6935,788.1052631578947,393.10526315789474,34.10526315789474
6936,781.5757575757576,229.42424242424244,38.42424242424242
6937,790.1351351351351,339.7837837837838,31.64864864864865
6938,784.6578947368421,253.31578947368422,35.39473684210526
6939,796.75,246.375,26.75
6940,797.7142857142857,252.0,26.0
6941,727.6896551724138,297.2068965517241,84.58620689655173
6942,736.4615384615385,322.38461538461536,77.38461538461539
6943,743.5714285714286,320.7142857142857,71.85714285714286
6944,749.0769230769231,241.23076923076923,65.51282051282051
6945,758.9545454545455,329.04545454545456,58.5
6946,761.0833333333334,336.0,56.625
6947,754.125,232.5,62.0
6948,758.8823529411765,290.5,57.8235294117647
6949,763.5,338.21875,54.53125
6950,769.8148148148148,374.55555555555554,49.48148148148148
6951,766.9629629629629,327.22222222222223,51.25925925925926
6952,770.25,309.0,49.25
6953,772.3111111111111,330.8,46.888888888888886
6954,781.5555555555555,397.3333333333333,40.0
6955,774.8666666666667,305.76666666666665,44.5
6956,785.0,404.1666666666667,37.0
6957,778.8947368421053,299.1578947368421,41.36842105263158
6958,786.2142857142857,319.7142857142857,35.642857142857146
6959,782.75,247.725,37.375
6960,795.6,372.43333333333334,27.366666666666667
6961,798.775,339.325,24.175
6962,797.875,307.25,25.625
6963,802.0645161290323,343.61290322580646,21.516129032258064
6964,731.6428571428571,327.10714285714283,80.46428571428571
6965,734.0666666666667,327.8,78.66666666666667
6966,744.5,310.5,71.25
6967,753.5,394.7142857142857,63.0
6968,749.25,316.625,66.5625
6969,743.6666666666666,233.61111111111111,70.77777777777777
6970,748.8571428571429,309.07142857142856,66.42857142857143
6971,746.0,226.55,68.4
6972,762.4074074074074,333.14814814814815,55.0
6973,761.8695652173913,288.60869565217394,55.56521739130435
6974,764.2727272727273,329.6818181818182,53.27272727272727
6975,767.8409090909091,369.20454545454544,50.31818181818182
6976,766.4,302.1714285714286,51.457142857142856
6977,764.4,264.375,52.5
6978,773.0909090909091,325.3636363636364,46.27272727272727
6979,779.5454545454545,393.1818181818182,41.63636363636363
6980,775.7368421052631,323.63157894736844,44.21052631578947
6981,781.0,405.0,39.0
6982,785.0,394.2413793103448,35.89655172413793
6983,774.7333333333333,235.0,43.8
6984,788.0666666666667,315.93333333333334,33.13333333333333
6985,784.6296296296297,242.8148148148148,35.592592592592595
6986,790.0,306.6190476190476,31.523809523809526
6987,785.7916666666666,232.58333333333334,34.666666666666664
6988,791.8,247.86666666666667,29.6
6989,798.7142857142857,323.57142857142856,24.428571428571427
6990,796.2972972972973,283.3243243243243,26.0
6991,801.0625,324.625,22.4375
6992,798.4285714285714,263.57142857142856,23.428571428571427
6993,732.2631578947369,310.2105263157895,80.05263157894737
6994,732.8518518518518,297.77777777777777,79.37037037037037
6995,735.2105263157895,311.0,77.0
6996,739.0,231.3,74.3
6997,745.3888888888889,320.1666666666667,68.94444444444444
6998,741.1875,228.8125,72.375
6999,753.625,327.9583333333333,62.375
7000,750.9705882352941,222.05882352941177,63.411764705882355
7001,760.6111111111111,281.0,56.05555555555556
7002,764.0294117647059,298.4117647058824,53.14705882352941
7003,767.2083333333334,333.875,50.625
7004,763.3913043478261,269.4782608695652,53.08695652173913
7005,768.8888888888889,330.1111111111111,49.111111111111114
7006,772.6153846153846,320.5769230769231,46.0
7007,780.6,392.06666666666666,39.93333333333333
7008,783.3333333333334,411.6666666666667,39.0
7009,777.1904761904761,304.0,42.095238095238095
7010,782.5,324.35,38.3
7011,773.2,204.6,45.0
7012,778.0909090909091,278.3636363636364,41.0
7013,785.7142857142857,299.42857142857144,35.42857142857143
7014,789.2941176470588,320.52941176470586,32.05882352941177
7015,788.2608695652174,299.7826086956522,32.608695652173914
7016,792.9411764705883,339.29411764705884,28.58823529411765
7017,792.56,319.36,29.4
7018,791.0,302.2352941176471,30.058823529411764
7019,792.9736842105264,284.42105263157896,28.44736842105263
7020,726.1538461538462,331.61538461538464,84.0
7021,752.4285714285714,339.10714285714283,62.785714285714285
7022,746.4285714285714,242.71428571428572,67.04761904761905
7023,754.71875,288.28125,60.5
7024,764.2,344.03333333333336,52.96666666666667
7025,775.9166666666666,316.25,43.0
7026,782.0,309.5,39.0
7027,794.4242424242424,389.54545454545456,27.575757575757574
7028,783.0384615384615,229.69230769230768,36.23076923076923
7029,794.4,377.76666666666665,27.266666666666666
7030,797.1111111111111,375.72222222222223,25.11111111111111
7031,792.0425531914893,272.1276595744681,28.46808510638298
7032,723.5,305.5,86.0625
7033,724.4,321.2,85.0
7034,727.3125,323.8125,83.59375
7035,731.4230769230769,321.3076923076923,79.73076923076923
7036,731.421052631579,305.57894736842104,79.84210526315789
7037,735.1,305.1666666666667,76.73333333333333
7038,736.2727272727273,301.72727272727275,75.77272727272727
7039,740.0,316.5,74.0
7040,742.625,306.5,71.75
7041,743.9230769230769,313.2307692307692,69.92307692307692
7042,748.3684210526316,304.0,65.89473684210526
7043,743.9090909090909,221.72727272727272,68.81818181818181
7044,751.8666666666667,318.46666666666664,63.0
7045,751.3684210526316,304.2631578947368,63.05263157894737
7046,749.1875,227.46875,64.46875
7047,755.4375,293.875,59.65625
7048,759.2142857142857,331.07142857142856,56.5
7049,761.1428571428571,343.7142857142857,55.42857142857143
7050,761.5,294.8333333333333,54.77777777777778
7051,762.2222222222222,274.3333333333333,53.44444444444444
7052,765.55,307.85,50.65
7053,764.2068965517242,273.2068965517241,51.241379310344826
7054,766.5102040816327,280.61224489795916,49.3469387755102
7055,765.7894736842105,247.3421052631579,49.89473684210526
7056,776.9090909090909,386.90909090909093,42.36363636363637
7057,768.0,207.0,49.0
7058,774.8,211.2,43.2
7059,775.4347826086956,227.08695652173913,42.30434782608695
7060,780.2380952380952,219.95238095238096,38.42857142857143
7061,782.4814814814815,223.66666666666666,36.333333333333336
7062,797.0,386.0,26.0
7063,791.0370370370371,256.6666666666667,29.62962962962963
7064,788.55,240.7,30.85
7065,797.0,319.0,26.0
7066,792.4,243.45,28.6
7067,797.25,292.75,25.0
7068,794.6666666666666,262.6666666666667,25.848484848484848
7069,726.5,317.27272727272725,84.13636363636364
7070,728.9642857142857,322.60714285714283,81.57142857142857
7071,734.375,317.0416666666667,76.75
7072,735.925,325.85,75.5
7073,755.5625,394.0,59.59375
7074,750.4,324.9,63.2
7075,751.45,310.25,63.0
7076,758.9642857142857,325.25,56.57142857142857
7077,756.2666666666667,285.53333333333336,58.8
7078,764.4074074074074,359.48148148148147,51.77777777777778
7079,761.59375,304.9375,54.0
7080,767.6216216216217,297.9189189189189,48.54054054054054
7081,782.03125,387.15625,36.53125
7082,785.5,402.25,35.0
7083,780.125,315.125,39.0
7084,781.2857142857143,305.5,38.142857142857146
7085,776.3125,214.125,41.375
7086,777.35,229.2,40.05
7087,785.4186046511628,341.16279069767444,33.2093023255814
7088,782.9756097560976,280.0487804878049,35.4390243902439
7089,793.75,382.67857142857144,27.535714285714285
7090,787.4285714285714,229.0,32.142857142857146
7091,789.5,233.0,31.5
7092,796.4615384615385,277.11538461538464,24.53846153846154
7093,802.1666666666666,353.0,19.833333333333332
7094,798.0,289.0,24.0
7095,724.4814814814815,310.5925925925926,85.33333333333333
7096,727.5428571428571,299.9428571428571,82.54285714285714
7097,728.7857142857143,317.0,81.57142857142857
7098,744.5666666666667,327.5,68.16666666666667
7099,755.5833333333334,403.1666666666667,60.083333333333336
7100,754.5357142857143,320.82142857142856,59.67857142857143
7101,756.3939393939394,336.24242424242425,58.666666666666664
7102,753.56,230.24,60.44
7103,753.4782608695652,224.47826086956522,60.34782608695652
7104,759.5555555555555,300.6296296296296,55.55555555555556
7105,762.7741935483871,288.5806451612903,52.32258064516129
7106,763.25,283.4166666666667,51.583333333333336
7107,768.12,304.8,48.36
7108,761.5,208.5,54.0
7109,770.4054054054054,297.8378378378378,46.432432432432435
7110,784.452380952381,377.23809523809524,34.42857142857143
7111,775.3636363636364,239.0909090909091,42.0
7112,790.8461538461538,296.9230769230769,28.923076923076923
7113,797.3666666666667,330.9,23.6
7114,799.0769230769231,293.3076923076923,22.692307692307693
7115,726.2758620689655,311.6551724137931,82.75862068965517
7116,733.9310344827586,330.2413793103448,76.79310344827586
7117,738.5405405405405,325.6216216216216,72.54054054054055
7118,747.7857142857143,320.9642857142857,65.35714285714286
7119,740.9473684210526,224.0,70.36842105263158
7120,753.0909090909091,309.04545454545456,60.72727272727273
7121,756.1428571428571,307.07142857142856,58.42857142857143
7122,756.8928571428571,297.2857142857143,57.42857142857143
7123,758.8,307.4,55.5
7124,763.1515151515151,336.90909090909093,52.57575757575758
7125,766.5925925925926,323.3333333333333,49.370370370370374
7126,773.21875,382.1875,43.875
7127,771.9,316.0,44.8
7128,762.0,199.0,49.75
7129,772.5882352941177,222.7058823529412,43.94117647058823
7130,789.6,397.8,30.666666666666668
7131,776.4761904761905,218.23809523809524,40.333333333333336
7132,798.45,366.95,22.85
7133,726.2,306.44,82.68
7134,735.7916666666666,310.6666666666667,74.54166666666667
7135,750.3928571428571,291.92857142857144,62.5
7136,757.125,285.2083333333333,57.041666666666664
7137,770.4,418.4,47.8
7138,765.3636363636364,292.54545454545456,49.40909090909091
7139,776.7,380.76,39.94
7140,783.25,411.0,37.0
7141,779.7,389.9,38.0
7142,769.3333333333334,202.66666666666666,46.333333333333336
7143,785.8636363636364,397.72727272727275,32.95454545454545
7144,771.0,208.0,43.0
7145,786.75,389.17857142857144,32.464285714285715
7146,782.2631578947369,316.4736842105263,35.63157894736842
7147,785.0,320.9,33.5
7148,784.8518518518518,235.0,32.629629629629626
7149,791.0,236.5,28.25
7150,797.1,273.4,23.05
7151,724.2424242424242,303.72727272727275,84.3030303030303
7152,732.7142857142857,298.07142857142856,77.25
7153,735.5,318.5,75.0
7154,748.1739130434783,337.0,64.0
7155,753.3870967741935,299.19354838709677,59.70967741935484
7156,756.5882352941177,340.5,57.11764705882353
7157,756.304347826087,321.17391304347825,57.608695652173914
7158,768.0,417.0,50.0
7159,757.6363636363636,247.0909090909091,56.0
7160,772.0,420.0,45.5
7161,762.5,293.7142857142857,51.464285714285715
7162,775.0,419.5,43.0
7163,768.775,335.05,47.075
7164,762.0,205.5,52.0
7165,774.5238095238095,298.0952380952381,42.42857142857143
7166,776.6666666666666,323.23809523809524,40.285714285714285
7167,786.0,408.53846153846155,33.30769230769231
7168,787.9230769230769,393.15384615384613,30.615384615384617
7169,785.9166666666666,283.5833333333333,32.333333333333336
7170,792.05,314.85,27.45
7171,793.3,249.65,25.6
7172,731.2608695652174,303.30434782608694,78.21739130434783
7173,736.9285714285714,319.82142857142856,73.28571428571429
7174,744.4,397.2,67.8
7175,737.7666666666667,305.46666666666664,72.5
7176,744.0434782608696,310.6521739130435,67.26086956521739
7177,741.9473684210526,230.94736842105263,68.5
7178,742.9285714285714,243.78571428571428,68.0
7179,750.625,296.7916666666667,61.5
7180,753.2857142857143,328.0285714285714,59.51428571428571
7181,759.9565217391304,326.82608695652175,53.95652173913044
7182,765.15625,361.21875,49.5
7183,765.2142857142857,338.7142857142857,50.32142857142857
7184,772.5416666666666,320.2083333333333,43.375
7185,778.7931034482758,299.55172413793105,37.55172413793103
7186,781.7619047619048,302.3333333333333,35.476190476190474
7187,777.05,223.65,39.3
7188,800.5625,357.375,20.3125
7189,796.1818181818181,267.90909090909093,22.90909090909091
7190,720.5625,294.125,86.9375
7191,722.2758620689655,298.2068965517241,85.27586206896552
7192,729.5,374.0,80.0
7193,731.5625,322.46875,77.59375
7194,731.0952380952381,310.14285714285717,77.80952380952381
7195,735.6,332.8666666666667,74.56666666666666
7196,744.2333333333333,320.23333333333335,66.66666666666667
7197,747.1923076923077,310.2692307692308,63.96153846153846
7198,751.1851851851852,321.5925925925926,61.148148148148145
7199,751.9166666666666,304.5,60.416666666666664
7200,762.125,412.875,52.625
7201,749.3448275862069,228.51724137931035,62.13793103448276
7202,762.9310344827586,332.3103448275862,51.41379310344828
7203,770.5555555555555,307.8888888888889,44.44444444444444
7204,765.6666666666666,203.66666666666666,48.0
7205,771.0,238.41666666666666,44.166666666666664
7206,776.7142857142857,307.35714285714283,39.92857142857143
7207,790.3333333333334,334.6666666666667,29.0
7208,788.6666666666666,285.55555555555554,29.666666666666668
7209,726.64,309.4,81.08
7210,727.6666666666666,298.1333333333333,80.4
7211,731.5,233.0,77.0
7212,739.0,233.53333333333333,71.26666666666667
7213,751.6818181818181,393.5,61.27272727272727
7214,749.9655172413793,334.6551724137931,62.13793103448276
7215,755.2857142857143,302.0,57.19047619047619
7216,750.2962962962963,217.40740740740742,61.407407407407405
7217,758.9375,322.1875,54.75
7218,756.8095238095239,292.3809523809524,55.95238095238095
7219,759.5666666666667,291.6666666666667,53.46666666666667
7220,762.5454545454545,323.0,51.45454545454545
7221,764.448275862069,349.82758620689657,49.6551724137931
7222,759.7368421052631,280.6842105263158,52.94736842105263
7223,768.3333333333334,316.8333333333333,47.5
7224,762.9285714285714,260.1666666666667,50.45238095238095
7225,771.2857142857143,302.0952380952381,43.80952380952381
7226,776.0,301.0,40.0
7227,776.2173913043479,280.10869565217394,38.56521739130435
7228,789.7333333333333,373.43333333333334,28.633333333333333
7229,785.8333333333334,314.26666666666665,31.266666666666666
7230,778.1428571428571,209.14285714285714,37.0
7231,782.6111111111111,228.94444444444446,33.666666666666664
7232,793.6666666666666,288.3333333333333,26.0
7233,798.6666666666666,336.0,21.22222222222222
7234,729.1538461538462,317.15384615384613,79.34615384615384
7235,742.1034482758621,304.44827586206895,67.58620689655173
7236,751.5714285714286,333.2857142857143,59.535714285714285
7237,755.4444444444445,329.8888888888889,56.888888888888886
7238,756.4545454545455,335.40909090909093,56.31818181818182
7239,757.304347826087,283.0,54.82608695652174
7240,761.925925925926,298.5925925925926,50.74074074074074
7241,763.4,204.2,50.0
7242,771.7333333333333,325.93333333333334,43.13333333333333
7243,778.6666666666666,318.6666666666667,37.22222222222222
7244,785.3125,401.6875,32.4375
7245,772.5238095238095,221.76190476190476,41.714285714285715
7246,794.8,382.03333333333336,23.633333333333333
7247,789.7435897435897,280.20512820512823,27.384615384615383
7248,718.8620689655172,283.86206896551727,87.51724137931035
7249,720.3333333333334,309.4166666666667,85.91666666666667
7250,726.8636363636364,331.54545454545456,81.04545454545455
7251,735.060606060606,301.3939393939394,73.63636363636364
7252,737.4,316.4,72.0
7253,739.5483870967741,303.03225806451616,69.87096774193549
7254,751.4583333333334,338.4166666666667,60.416666666666664
7255,754.8518518518518,401.1111111111111,56.7037037037037
7256,753.4242424242424,291.90909090909093,57.666666666666664
7257,758.48,286.4,53.4
7258,769.4583333333334,326.8333333333333,45.625
7259,767.4375,290.75,46.3125
7260,780.6,406.6,37.0
7261,779.5,344.3863636363636,35.97727272727273
7262,779.1428571428571,324.7142857142857,36.5
7263,781.3125,307.8125,34.625
7264,783.7058823529412,299.2352941176471,33.294117647058826
7265,783.7272727272727,305.1818181818182,32.81818181818182
7266,779.65625,232.78125,34.625
7267,790.4,334.8,26.8
7268,795.0333333333333,344.06666666666666,22.466666666666665
7269,790.3,245.8,26.6
7270,798.0,347.6363636363636,20.454545454545453
7271,795.0,258.5,23.0
7272,721.3,328.9,84.0
7273,723.9090909090909,334.09090909090907,82.54545454545455
7274,723.1351351351351,296.35135135135135,83.24324324324324
7275,740.4,317.8,70.0
7276,740.9473684210526,309.4736842105263,68.42105263157895
7277,736.3333333333334,228.66666666666666,73.0
7278,761.3478260869565,341.4347826086956,51.26086956521739
7279,763.0,251.0,49.5
7280,781.7777777777778,390.44444444444446,34.666666666666664
7281,776.6470588235294,323.1764705882353,38.05882352941177
7282,792.4230769230769,391.11538461538464,25.46153846153846
7283,786.05,280.875,29.5
7284,791.0,298.25,25.75
7285,791.25,255.0,24.9375
7286,721.3928571428571,316.4642857142857,84.5
7287,724.15,317.7,82.35
7288,748.75,393.75,63.25
7289,743.0952380952381,326.3333333333333,66.04761904761905
7290,764.0,417.0,50.0
7291,756.9,297.45,54.45
7292,757.15,277.55,54.3
7293,759.3636363636364,297.1363636363636,52.63636363636363
7294,771.0,416.0,44.0
7295,760.2647058823529,277.2352941176471,51.088235294117645
7296,768.3846153846154,376.9230769230769,45.61538461538461
7297,772.5757575757576,385.24242424242425,41.60606060606061
7298,765.0,272.1034482758621,46.827586206896555
7299,769.5,215.28571428571428,43.0
7300,775.5,229.5,38.0
7301,777.5357142857143,228.71428571428572,36.285714285714285
7302,778.0,209.75,36.0
7303,786.25,305.25,30.35
7304,718.6,299.76666666666665,86.06666666666666
7305,722.6538461538462,323.0769230769231,83.34615384615384
7306,723.1153846153846,327.88461538461536,82.1923076923077
7307,725.3055555555555,304.30555555555554,80.38888888888889
7308,728.4814814814815,326.6296296296296,78.62962962962963
7309,732.3461538461538,305.61538461538464,74.6923076923077
7310,747.6666666666666,318.85714285714283,62.523809523809526
7311,748.8461538461538,327.53846153846155,61.19230769230769
7312,747.3125,306.34375,62.3125
7313,741.7857142857143,234.60714285714286,66.35714285714286
7314,749.8666666666667,291.9,59.93333333333333
7315,756.1428571428571,329.76190476190476,54.857142857142854
7316,754.2142857142857,307.5,56.5
7317,752.4285714285714,240.0,57.0
7318,766.25,417.75,48.0
7319,767.8333333333334,419.6666666666667,46.166666666666664
7320,758.9047619047619,302.3809523809524,52.57142857142857
7321,761.3333333333334,327.2857142857143,50.523809523809526
7322,763.7241379310345,333.0,48.724137931034484
7323,768.0,424.0,43.0
7324,761.578947368421,303.2105263157895,50.05263157894737
7325,776.4444444444445,416.1111111111111,39.22222222222222
7326,767.0,303.5263157894737,45.21052631578947
7327,771.75,217.3125,41.0625
7328,788.5,396.5,29.0
7329,777.8666666666667,223.46666666666667,36.266666666666666
7330,786.6,339.9,29.166666666666668
7331,782.3235294117648,280.9117647058824,32.14705882352941
7332,791.2916666666666,385.4166666666667,25.5
7333,790.3333333333334,303.6666666666667,26.5
7334,792.3125,336.0,24.625
7335,793.1818181818181,327.90909090909093,23.90909090909091
7336,789.0,252.5,27.0
7337,723.8823529411765,323.6470588235294,81.3529411764706
7338,728.1428571428571,311.42857142857144,79.0
7339,731.2068965517242,322.62068965517244,75.27586206896552
7340,736.875,320.9166666666667,70.45833333333333
7341,736.2307692307693,225.15384615384616,70.61538461538461
7342,742.5,305.22727272727275,65.95454545454545
7343,747.1904761904761,339.85714285714283,62.142857142857146
7344,744.6666666666666,304.14285714285717,64.0952380952381
7345,758.3913043478261,332.17391304347825,53.17391304347826
7346,762.6190476190476,358.0,49.523809523809526
7347,759.0952380952381,306.6666666666667,51.333333333333336
7348,766.2142857142857,317.7142857142857,46.07142857142857
7349,765.5,294.2,47.0
7350,767.7407407407408,322.6296296296296,44.592592592592595
7351,762.8571428571429,228.85714285714286,48.523809523809526
7352,767.9777777777778,297.22222222222223,43.8
7353,772.3478260869565,321.17391304347825,40.78260869565217
7354,772.0,303.6666666666667,41.27777777777778
7355,781.1666666666666,398.25,34.166666666666664
7356,775.9411764705883,303.94117647058823,37.64705882352941
7357,776.5,242.61111111111111,36.44444444444444
7358,789.25,395.75,26.75
7359,780.969696969697,250.15151515151516,32.878787878787875
7360,787.8,318.2,28.2
7361,791.8421052631579,285.6842105263158,23.842105263157894
7362,719.0769230769231,305.88461538461536,84.8076923076923
7363,721.2142857142857,310.25,83.57142857142857
7364,730.71875,311.0625,75.375
7365,730.9117647058823,299.4117647058824,75.29411764705883
7366,733.75,323.75,73.125
7367,734.6666666666666,329.85185185185185,72.44444444444444
7368,750.5454545454545,399.95454545454544,60.18181818181818
7369,743.8636363636364,318.8636363636364,64.68181818181819
7370,751.2380952380952,296.3809523809524,58.285714285714285
7371,755.5263157894736,340.57894736842104,54.8421052631579
7372,757.6521739130435,339.04347826086956,52.95652173913044
7373,758.2962962962963,271.6666666666667,51.96296296296296
7374,756.0,210.0,55.0
7375,764.6031746031746,338.41269841269843,46.19047619047619
7376,764.6785714285714,324.92857142857144,47.285714285714285
7377,757.0,207.0,54.0
7378,777.0,370.72727272727275,37.27272727272727
7379,783.2272727272727,394.27272727272725,31.636363636363637
7380,779.578947368421,320.1578947368421,34.421052631578945
7381,791.5769230769231,377.8076923076923,24.346153846153847
7382,783.0526315789474,236.89473684210526,30.68421052631579
7383,792.4,302.6,23.4
7384,792.2380952380952,280.14285714285717,23.523809523809526
7385,716.0,290.0,87.0
7386,724.7142857142857,319.57142857142856,80.23809523809524
7387,729.2,305.65714285714284,76.14285714285714
7388,733.875,312.375,73.0
7389,740.2173913043479,321.7826086956522,67.56521739130434
7390,738.9473684210526,243.6315789473684,67.6842105263158
7391,751.3793103448276,286.41379310344826,57.44827586206897
7392,755.6451612903226,302.0967741935484,54.58064516129032
7393,761.0,322.61764705882354,49.44117647058823
7394,760.5625,311.0,49.625
7395,760.7,253.9,49.6
7396,766.125,331.125,45.275
7397,761.4,246.4857142857143,48.542857142857144
7398,770.6551724137931,296.86206896551727,41.37931034482759
7399,776.8125,314.65625,36.03125
7400,770.3333333333334,211.16666666666666,41.5
7401,779.3333333333334,298.1666666666667,35.0
7402,781.4137931034483,318.44827586206895,32.62068965517241
7403,783.0952380952381,321.4761904761905,31.095238095238095
7404,785.75,322.4375,28.75
7405,788.7142857142857,286.92857142857144,26.428571428571427
7406,792.5882352941177,318.94117647058823,23.235294117647058
7407,726.4814814814815,302.037037037037,78.51851851851852
7408,732.4827586206897,285.3448275862069,72.79310344827586
7409,747.7,405.4,61.6
7410,744.1818181818181,325.5,63.54545454545455
7411,746.0,294.0357142857143,62.07142857142857
7412,750.8695652173913,322.2173913043478,58.34782608695652
7413,743.5,228.66666666666666,63.43333333333333
7414,752.5555555555555,326.44444444444446,56.77777777777778
7415,746.0,219.6,62.0
7416,746.5,215.0,61.0
7417,761.7333333333333,353.26666666666665,49.13333333333333
7418,770.0,419.0,42.0
7419,759.7931034482758,283.17241379310343,49.758620689655174
7420,760.6666666666666,198.5,46.77777777777778
7421,773.5,315.8333333333333,38.5
7422,783.1428571428571,341.64285714285717,30.928571428571427
7423,786.9166666666666,302.5833333333333,28.083333333333332
7424,781.5769230769231,227.42307692307693,31.46153846153846
7425,784.8333333333334,240.16666666666666,29.25
7426,793.5416666666666,364.3333333333333,21.791666666666668
7427,787.0,240.83333333333334,26.916666666666668
7428,718.6,322.1333333333333,84.0
7429,727.8,326.2,76.51428571428572
7430,728.1111111111111,319.5,76.88888888888889
7431,725.6,235.2,79.2
7432,754.875,404.25,55.125
7433,748.9285714285714,318.14285714285717,59.714285714285715
7434,749.3333333333334,308.23809523809524,59.23809523809524
7435,751.551724137931,335.9310344827586,56.827586206896555
7436,749.8518518518518,302.25925925925924,58.55555555555556
7437,752.9545454545455,321.09090909090907,56.31818181818182
7438,760.0909090909091,415.3636363636364,51.0
7439,752.7058823529412,297.2352941176471,55.94117647058823
7440,753.6428571428571,287.14285714285717,55.17857142857143
7441,759.8,335.75,50.7
7442,759.0952380952381,288.76190476190476,50.80952380952381
7443,761.7037037037037,297.81481481481484,48.48148148148148
7444,764.0967741935484,298.48387096774195,46.354838709677416
7445,770.0,316.4,42.0
7446,763.7777777777778,203.55555555555554,46.888888888888886
7447,778.8888888888889,385.74074074074076,34.25925925925926
7448,781.6153846153846,406.53846153846155,31.384615384615383
7449,781.1470588235294,388.79411764705884,32.44117647058823
7450,768.8333333333334,206.66666666666666,42.0
7451,784.375,399.75,29.875
7452,779.3181818181819,239.86363636363637,33.36363636363637
7453,790.6,373.12,23.68
7454,792.1666666666666,369.3333333333333,22.708333333333332
7455,785.0,246.15,27.6
7456,794.7619047619048,354.85714285714283,21.238095238095237
7457,794.8695652173913,360.2173913043478,20.565217391304348
7458,786.5,235.0,28.0
7459,794.5555555555555,332.8888888888889,21.666666666666668
7460,793.8,290.6,22.4
7461,715.0,295.45,86.75
7462,721.65625,303.09375,81.625
7463,728.7333333333333,331.53333333333336,75.43333333333334
7464,730.5172413793103,328.55172413793105,73.65517241379311
7465,737.2352941176471,312.88235294117646,68.94117647058823
7466,735.5,232.0,71.0
7467,736.0294117647059,234.97058823529412,68.91176470588235
7468,737.6,229.2,69.0
7469,743.0,223.0,65.0
7470,760.3214285714286,338.85714285714283,49.07142857142857
7471,754.8918918918919,251.02702702702703,53.027027027027025
7472,775.75,414.25,37.0
7473,776.3529411764706,387.3529411764706,36.64705882352941
7474,764.5,204.0,45.0
7475,767.6363636363636,220.27272727272728,42.72727272727273
7476,771.0,224.92,39.24
7477,784.5714285714286,366.5238095238095,28.333333333333332
7478,786.8571428571429,314.3809523809524,26.61904761904762
7479,721.5,310.90909090909093,81.81818181818181
7480,724.25,331.64285714285717,79.17857142857143
7481,732.0,307.94736842105266,73.0
7482,732.9375,302.53125,71.5
7483,744.2857142857143,395.5,63.0
7484,746.8333333333334,334.94444444444446,60.888888888888886
7485,751.1904761904761,341.8095238095238,57.23809523809524
7486,744.5555555555555,224.33333333333334,61.611111111111114
7487,754.44,334.76,54.36
7488,754.7777777777778,325.55555555555554,53.55555555555556
7489,749.4615384615385,213.46153846153845,58.15384615384615
7490,761.44,348.76,48.28
7491,766.5,315.5,44.5
7492,769.8571428571429,308.5,41.285714285714285
7493,773.0454545454545,320.45454545454544,37.95454545454545
7494,779.421052631579,393.89473684210526,33.421052631578945
7495,767.1,210.6,43.1
7496,772.1176470588235,215.58823529411765,38.705882352941174
7497,787.2083333333334,387.9166666666667,26.583333333333332
7498,788.7857142857143,380.92857142857144,25.785714285714285
7499,776.8260869565217,227.30434782608697,33.91304347826087
7500,787.375,321.125,25.25
7501,719.4583333333334,301.625,83.16666666666667
7502,724.12,309.48,78.88
7503,726.5357142857143,310.32142857142856,77.03571428571429
7504,733.0571428571428,310.57142857142856,71.05714285714286
7505,745.0,394.0,61.857142857142854
7506,742.5454545454545,310.5,64.0909090909091
7507,755.8214285714286,346.89285714285717,52.714285714285715
7508,752.9473684210526,291.89473684210526,55.421052631578945
7509,752.9166666666666,279.3333333333333,55.0
7510,755.8260869565217,327.95652173913044,51.91304347826087
7511,753.6666666666666,292.0,54.0
7512,758.3333333333334,330.55555555555554,50.48148148148148
7513,751.2,210.6,56.0
7514,761.3571428571429,290.9047619047619,47.42857142857143
7515,768.0454545454545,322.5,42.04545454545455
7516,767.5483870967741,303.741935483871,42.41935483870968
7517,776.3333333333334,410.55555555555554,35.44444444444444
7518,776.3333333333334,404.6666666666667,36.0
7519,773.2857142857143,224.04761904761904,37.142857142857146
7520,779.625,302.625,33.0
7521,775.0,218.0,37.0
7522,786.225,363.4,26.025
7523,783.5925925925926,315.0,28.51851851851852
7524,781.7575757575758,250.6969696969697,29.727272727272727
7525,789.1666666666666,248.83333333333334,24.0
7526,713.5555555555555,284.8888888888889,88.0
7527,719.5625,317.3125,82.625
7528,719.2413793103449,294.7586206896552,82.48275862068965
7529,723.5,314.0,80.0
7530,723.8695652173913,323.6521739130435,78.95652173913044
7531,726.4722222222222,336.52777777777777,75.66666666666667
7532,733.3461538461538,324.8076923076923,70.73076923076923
7533,734.96875,329.96875,69.59375
7534,734.8125,303.84375,69.59375
7535,736.1764705882352,321.0,68.05882352941177
7536,743.3448275862069,319.8965517241379,62.58620689655172
7537,743.6818181818181,311.1818181818182,62.18181818181818
7538,742.5,291.25,63.1
7539,752.9285714285714,322.2142857142857,54.5
7540,755.64,292.24,52.12
7541,757.0,300.17391304347825,50.91304347826087
7542,755.84,283.96,51.88
7543,760.125,328.34375,48.34375
7544,760.2173913043479,305.82608695652175,47.73913043478261
7545,758.4166666666666,257.9166666666667,50.0
7546,769.2,415.5,41.1
7547,762.25,304.14285714285717,46.392857142857146
7548,765.5625,327.65625,43.1875
7549,774.1666666666666,418.1666666666667,38.0
7550,763.8444444444444,269.5111111111111,44.62222222222222
7551,771.7391304347826,302.4347826086956,38.65217391304348
7552,785.1794871794872,371.94871794871796,27.512820512820515
7553,775.1282051282051,239.12820512820514,34.333333333333336
7554,787.8333333333334,375.5416666666667,25.458333333333332
7555,778.3214285714286,231.71428571428572,32.214285714285715
7556,782.0,230.5,29.0
7557,722.074074074074,297.5925925925926,80.18518518518519
7558,730.1111111111111,318.55555555555554,73.5925925925926
7559,731.6666666666666,318.06060606060606,71.54545454545455
7560,752.0,408.5,57.0
7561,738.2352941176471,239.64705882352942,65.88235294117646
7562,746.5882352941177,322.2352941176471,59.76470588235294
7563,747.7222222222222,336.27777777777777,58.833333333333336
7564,745.9032258064516,296.3225806451613,59.96774193548387
7565,761.6666666666666,418.3333333333333,49.0
7566,753.8518518518518,278.55555555555554,53.18518518518518
7567,757.8181818181819,294.3181818181818,50.13636363636363
7568,766.5882352941177,376.88235294117646,42.705882352941174
7569,775.1363636363636,321.27272727272725,35.45454545454545
7570,773.8947368421053,296.8421052631579,36.421052631578945
7571,715.25,309.75,85.25
7572,727.875,231.125,75.0
7573,731.9444444444445,226.83333333333334,71.38888888888889
7574,737.9333333333333,313.2,66.73333333333333
7575,748.0,407.5,59.1
7576,741.6153846153846,219.23076923076923,63.23076923076923
7577,748.68,291.36,57.44
7578,750.3461538461538,304.03846153846155,55.88461538461539
7579,744.8461538461538,211.76923076923077,59.46153846153846
7580,763.3333333333334,420.0,46.333333333333336
7581,758.1481481481482,355.18518518518516,49.44444444444444
7582,760.88,361.68,47.44
7583,771.0666666666667,417.53333333333336,39.266666666666666
7584,762.6923076923077,291.7692307692308,45.07692307692308
7585,760.0,204.0,49.0
7586,765.4285714285714,216.28571428571428,43.285714285714285
7587,780.625,397.875,31.75
7588,768.0,215.0,40.5625
7589,784.825,338.4,26.625
7590,778.375,242.25,31.541666666666668
7591,781.3636363636364,243.5909090909091,29.227272727272727
7592,789.0,268.4,23.533333333333335
7593,714.8,286.9,85.35
7594,724.15625,333.375,77.0
7595,722.516129032258,293.16129032258067,78.51612903225806
7596,724.6857142857143,293.9428571428571,76.54285714285714
7597,725.551724137931,300.7241379310345,76.44827586206897
7598,729.3055555555555,301.30555555555554,73.38888888888889
7599,740.0,391.3333333333333,65.33333333333333
7600,731.939393939394,288.6060606060606,70.48484848484848
7601,735.3571428571429,295.6666666666667,67.38095238095238
7602,744.0714285714286,401.35714285714283,61.785714285714285
7603,735.9565217391304,225.30434782608697,67.52173913043478
7604,743.551724137931,323.9310344827586,61.37931034482759
7605,754.4,414.2,53.0
7606,758.1,343.9,49.4
7607,759.3,333.3,48.2
7608,760.15,343.4,47.05
7609,764.2,375.26666666666665,44.8
7610,759.76,321.28,47.52
7611,761.8157894736842,326.07894736842104,45.473684210526315
7612,758.3846153846154,257.61538461538464,48.0
7613,759.0612244897959,260.8979591836735,46.265306122448976
7614,768.4230769230769,327.15384615384613,40.0
7615,763.4666666666667,240.0,43.86666666666667
7616,766.72,274.14,40.66
7617,778.25,407.25,33.5
7618,772.7708333333334,328.1666666666667,36.375
7619,776.1428571428571,342.1904761904762,33.476190476190474
7620,767.5,220.05,40.5
7621,778.2777777777778,297.27777777777777,32.5
7622,784.9444444444445,383.27777777777777,26.88888888888889
7623,780.5294117647059,315.2352941176471,30.41176470588235
7624,780.625,255.125,29.25
7625,789.7857142857143,357.42857142857144,21.714285714285715
7626,783.2,254.9142857142857,27.142857142857142
7627,785.875,263.125,26.0
7628,789.3529411764706,274.29411764705884,22.529411764705884
7629,788.7692307692307,259.3076923076923,23.0
7630,716.7586206896551,327.0344827586207,83.27586206896552
7631,736.0666666666667,332.56666666666666,67.63333333333334
7632,742.695652173913,303.8695652173913,61.69565217391305
7633,746.5,218.0,59.0
7634,754.7333333333333,333.76666666666665,51.6
7635,755.7727272727273,339.95454545454544,50.90909090909091
7636,753.2962962962963,304.0,52.629629629629626
7637,754.3913043478261,270.30434782608694,52.30434782608695
7638,755.1304347826087,280.1304347826087,50.91304347826087
7639,753.4444444444445,262.44444444444446,52.166666666666664
7640,769.1363636363636,347.5,39.5
7641,782.0,404.0,30.0
7642,773.5681818181819,281.29545454545456,35.45454545454545
7643,776.8947368421053,322.3157894736842,32.94736842105263
7644,784.0,397.3333333333333,28.0
7645,770.4,220.4,37.666666666666664
7646,788.1363636363636,390.6363636363636,24.318181818181817
7647,789.125,384.9375,23.75
7648,782.1818181818181,298.6363636363636,28.363636363636363
7649,786.6666666666666,336.3333333333333,24.833333333333332
7650,784.9615384615385,281.61538461538464,26.384615384615383
7651,790.2857142857143,323.42857142857144,21.857142857142858
7652,792.0833333333334,350.4166666666667,19.916666666666668
7653,791.0,282.4,20.0
7654,716.0434782608696,315.95652173913044,83.82608695652173
7655,730.7777777777778,331.55555555555554,72.0
7656,733.6818181818181,310.1363636363636,68.77272727272727
7657,735.4090909090909,309.22727272727275,67.13636363636364
7658,731.5483870967741,236.0,70.48387096774194
7659,736.75,305.9375,65.9375
7660,738.56,311.0,64.88
7661,738.0769230769231,234.5897435897436,64.61538461538461
7662,744.5454545454545,307.1818181818182,60.04545454545455
7663,744.7692307692307,289.53846153846155,59.19230769230769
7664,748.1714285714286,299.2,56.77142857142857
7665,750.7142857142857,308.76190476190476,55.0
7666,753.0,340.6470588235294,52.76470588235294
7667,756.7916666666666,304.6666666666667,49.5
7668,751.0,207.0,54.0
7669,764.5,321.1923076923077,43.42307692307692
7670,756.1666666666666,204.66666666666666,50.0
7671,781.0434782608696,393.82608695652175,29.47826086956522
7672,772.7391304347826,226.2608695652174,35.130434782608695
7673,779.3076923076923,296.53846153846155,30.307692307692307
7674,776.25,223.0,32.333333333333336
7675,789.0,273.0,23.0
7676,714.4782608695652,303.69565217391306,84.95652173913044
7677,718.9333333333333,318.26666666666665,80.73333333333333
7678,726.1481481481482,318.0,75.14814814814815
7679,739.625,322.625,63.791666666666664
7680,746.3529411764706,294.11764705882354,58.05882352941177
7681,754.5882352941177,354.88235294117646,50.529411764705884
7682,752.56,297.88,52.64
7683,753.0666666666667,257.3333333333333,51.86666666666667
7684,760.4,318.6,45.86666666666667
7685,768.8333333333334,296.3611111111111,38.69444444444444
7686,776.025641025641,368.97435897435895,31.923076923076923
7687,778.8333333333334,301.5416666666667,30.5
7688,780.047619047619,281.5238095238095,29.19047619047619
7689,791.4444444444445,343.3703703703704,20.333333333333332
7690,717.3333333333334,312.0,83.33333333333333
7691,713.2142857142857,282.42857142857144,85.0
7692,717.96,307.16,81.64
7693,719.1481481481482,310.74074074074076,79.85185185185185
7694,730.5294117647059,297.8529411764706,70.5
7695,746.5714285714286,400.07142857142856,58.0
7696,744.8333333333334,341.0,59.0
7697,746.4333333333333,307.6666666666667,57.7
7698,749.8148148148148,299.55555555555554,54.25925925925926
7699,751.8,286.6,52.9
7700,754.0,311.5,51.0
7701,757.3478260869565,299.4347826086956,48.34782608695652
7702,770.4,413.2,38.0
7703,768.0869565217391,318.5217391304348,39.47826086956522
7704,767.0909090909091,300.8181818181818,40.31818181818182
7705,769.5227272727273,333.45454545454544,37.5
7706,769.0,314.0,39.0
7707,778.0,403.0,32.0
7708,772.2307692307693,315.38461538461536,36.0
7709,774.5,296.6666666666667,33.94444444444444
7710,777.1428571428571,315.2857142857143,32.285714285714285
7711,770.5,228.8,37.1
7712,781.28,320.2,28.36
7713,781.9166666666666,304.0833333333333,27.583333333333332
7714,778.3333333333334,237.33333333333334,31.0
7715,788.4,334.32,21.6
7716,713.6666666666666,325.3333333333333,84.0
7717,711.6285714285714,290.77142857142854,86.45714285714286
7718,716.8214285714286,321.9642857142857,82.25
7719,722.5,327.4,77.4
7720,721.3939393939394,302.90909090909093,78.39393939393939
7721,723.1666666666666,321.7916666666667,76.75
7722,725.8055555555555,324.75,74.47222222222223
7723,725.35,310.0,74.95
7724,727.625,311.875,73.25
7725,730.5416666666666,331.4166666666667,70.625
7726,737.375,320.125,65.125
7727,732.0,224.0,69.0
7728,741.5,290.53846153846155,60.80769230769231
7729,749.925925925926,344.3703703703704,54.22222222222222
7730,750.0555555555555,327.77777777777777,54.888888888888886
7731,749.3181818181819,294.1363636363636,55.22727272727273
7732,749.125,286.7083333333333,55.458333333333336
7733,758.2941176470588,356.88235294117646,47.0
7734,754.7857142857143,288.25,50.357142857142854
7735,754.5454545454545,273.54545454545456,50.09090909090909
7736,766.0344827586207,347.17241379310343,40.51724137931034
7737,763.35,237.0,42.45
7738,778.05,340.725,30.525
7739,779.3333333333334,306.6666666666667,29.666666666666668
7740,777.25,281.125,31.375
7741,787.4,381.24,22.4
7742,784.3636363636364,301.6363636363636,26.0
7743,709.8235294117648,282.29411764705884,87.47058823529412
7744,713.1428571428571,314.7142857142857,85.0
7745,717.258064516129,299.48387096774195,81.16129032258064
7746,720.5,317.1363636363636,78.68181818181819
7747,728.8260869565217,323.60869565217394,72.04347826086956
7748,741.5,406.0,62.5
7749,737.7,327.56666666666666,64.53333333333333
7750,743.7857142857143,410.0,59.5
7751,740.2758620689655,340.58620689655174,61.6551724137931
7752,742.3636363636364,317.54545454545456,60.31818181818182
7753,737.2380952380952,221.38095238095238,64.0952380952381
7754,747.3,336.75,56.8
7755,753.5,407.375,52.375
7756,748.1666666666666,323.0,56.166666666666664
7757,748.8076923076923,337.2692307692308,55.0
7758,751.0,335.9583333333333,53.458333333333336
7759,754.72,348.4,50.24
7760,755.0,323.85,50.2
7761,759.5,350.0416666666667,45.958333333333336
7762,760.7692307692307,301.8205128205128,44.48717948717949
7763,762.8823529411765,297.0,43.05882352941177
7764,758.5,205.0,47.0
7765,778.0,393.0,31.0
7766,773.3478260869565,315.5652173913044,33.608695652173914
7767,777.625,320.2083333333333,30.75
7768,789.5,372.875,21.125
7769,713.7407407407408,309.51851851851853,83.66666666666667
7770,719.0,326.741935483871,79.7741935483871
7771,718.8333333333334,304.1333333333333,79.66666666666667
7772,722.5555555555555,306.02777777777777,76.41666666666667
7773,725.4411764705883,296.05882352941177,74.38235294117646
7774,739.0,395.65384615384613,64.07692307692308
7775,734.4782608695652,320.82608695652175,66.30434782608695
7776,737.7692307692307,339.4230769230769,63.57692307692308
7777,736.5769230769231,291.2692307692308,64.0
7778,738.5833333333334,300.0833333333333,63.208333333333336
7779,741.6363636363636,336.72727272727275,60.72727272727273
7780,741.4814814814815,296.51851851851853,60.51851851851852
7781,737.8214285714286,229.85714285714286,63.285714285714285
7782,745.5714285714286,287.2857142857143,57.19047619047619
7783,755.5,335.72727272727275,49.0
7784,760.1428571428571,307.7142857142857,45.23809523809524
7785,761.8571428571429,314.0,43.142857142857146
7786,761.0,204.0,45.0
7787,774.0769230769231,391.3076923076923,33.84615384615385
7788,764.2,212.4,42.0
7789,772.1363636363636,306.90909090909093,34.63636363636363
7790,780.2,340.93333333333334,28.333333333333332
7791,784.25,288.25,25.0
7792,791.0,327.0,21.0
7793,784.25,242.91666666666666,24.416666666666668
7794,788.4444444444445,290.6666666666667,21.0
7795,709.6666666666666,300.3333333333333,86.0
7796,715.52,333.64,82.2
7797,714.8666666666667,304.6666666666667,82.73333333333333
7798,736.0909090909091,401.0,66.0
7799,730.6785714285714,319.0,69.32142857142857
7800,743.8333333333334,399.55555555555554,59.55555555555556
7801,749.2857142857143,414.57142857142856,55.0
7802,742.7894736842105,335.5263157894737,59.0
7803,747.0,215.0,56.0
7804,756.85,348.55,47.7
7805,757.6,337.06666666666666,47.13333333333333
7806,766.7272727272727,377.5,39.45454545454545
7807,763.047619047619,304.7142857142857,42.476190476190474
7808,767.0,307.5,40.0
7809,772.625,387.25,34.416666666666664
7810,775.6666666666666,410.1666666666667,33.0
7811,767.55,305.45,37.9
7812,777.4,407.4,31.6
7813,775.5714285714286,386.85714285714283,31.952380952380953
7814,764.0,217.5,41.0
7815,768.25,215.875,37.6875
7816,775.9285714285714,303.7857142857143,32.285714285714285
7817,770.6315789473684,221.47368421052633,35.31578947368421
7818,788.5,368.5,21.0
7819,787.0833333333334,281.1666666666667,22.583333333333332
7820,712.9722222222222,298.3888888888889,83.55555555555556
7821,717.3870967741935,290.16129032258067,80.2258064516129
7822,723.8709677419355,303.61290322580646,74.64516129032258
7823,727.304347826087,308.7391304347826,71.73913043478261
7824,731.375,301.375,68.40625
7825,731.2,239.3,69.0
7826,736.85,306.55,63.8
7827,738.0,311.3333333333333,62.76190476190476
7828,741.5238095238095,311.04761904761904,60.19047619047619
7829,740.2352941176471,215.1764705882353,60.23529411764706
7830,742.1428571428571,220.52380952380952,59.476190476190474
7831,751.4117647058823,326.4117647058824,52.0
7832,752.5625,343.625,51.1875
7833,750.0952380952381,292.4761904761905,53.19047619047619
7834,753.5,307.5,49.0
7835,753.0555555555555,269.8333333333333,49.72222222222222
7836,760.48,273.72,43.56
7837,771.1428571428571,345.0952380952381,35.095238095238095
7838,783.36,372.64,24.6
7839,776.2380952380952,233.1904761904762,30.19047619047619
7840,785.3888888888889,285.77777777777777,22.444444444444443
7841,783.9411764705883,260.0,23.58823529411765
7842,710.5555555555555,308.0,85.0
7843,710.1428571428571,286.0952380952381,85.76190476190476
7844,719.4074074074074,322.14814814814815,78.55555555555556
7845,722.2,312.0,77.0
7846,726.551724137931,332.2758620689655,72.37931034482759
7847,731.8064516129032,323.9032258064516,67.64516129032258
7848,733.0,329.38709677419354,66.80645161290323
7849,735.2777777777778,338.3333333333333,64.5
7850,732.7333333333333,222.03333333333333,66.4
7851,746.1111111111111,403.44444444444446,56.22222222222222
7852,742.3636363636364,328.22727272727275,59.04545454545455
7853,743.4,321.16,58.4
7854,755.0,416.5,50.0
7855,759.0,419.5,47.0
7856,750.6785714285714,281.82142857142856,52.0
7857,751.8333333333334,294.2083333333333,50.791666666666664
7858,753.45,297.9,49.55
7859,756.0714285714286,325.5,48.214285714285715
7860,753.2285714285714,284.0,49.457142857142856
7861,758.974358974359,339.2564102564103,44.8974358974359
7862,755.0645161290323,293.5483870967742,47.516129032258064
7863,758.0689655172414,297.13793103448273,45.93103448275862
7864,763.1851851851852,317.6666666666667,41.51851851851852
7865,773.0,406.0,34.0
7866,759.5263157894736,228.73684210526315,43.26315789473684
7867,775.0,394.7647058823529,32.35294117647059
7868,778.25,399.75,29.5
7869,781.3809523809524,314.3809523809524,26.142857142857142
7870,783.9,255.1,23.0
7871,712.4333333333333,320.43333333333334,83.63333333333334
7872,717.0,334.8125,79.9375
7873,718.0285714285715,297.0285714285714,78.74285714285715
7874,724.0,331.2903225806452,74.48387096774194
7875,730.625,333.0,68.625
7876,731.6428571428571,228.28571428571428,67.78571428571429
7877,733.375,234.41666666666666,66.16666666666667
7878,738.5357142857143,305.7857142857143,61.642857142857146
7879,738.2083333333334,288.7916666666667,62.375
7880,743.9545454545455,326.09090909090907,57.22727272727273
7881,745.5416666666666,342.0833333333333,55.708333333333336
7882,738.3636363636364,224.72727272727272,62.0
7883,739.4545454545455,220.45454545454547,61.0
7884,752.125,303.0416666666667,50.166666666666664
7885,756.5,309.0,48.0
7886,760.3636363636364,336.27272727272725,42.81818181818182
7887,768.8,417.2,37.0
7888,761.8181818181819,268.45454545454544,43.0
7889,767.7142857142857,327.2142857142857,37.714285714285715
7890,765.2432432432432,286.6756756756757,38.21621621621622
7891,768.7222222222222,303.27777777777777,36.166666666666664
7892,767.3,291.375,36.75
7893,765.9,231.05,38.35
7894,766.2,222.93333333333334,38.333333333333336
7895,772.6153846153846,293.0,32.46153846153846
7896,772.3529411764706,280.3137254901961,32.31372549019608
7897,783.5,377.5,25.0
7898,771.5909090909091,223.0909090909091,33.22727272727273
7899,784.9230769230769,376.15384615384613,22.692307692307693
7900,776.8571428571429,250.82857142857142,28.685714285714287
7901,783.2105263157895,250.21052631578948,23.63157894736842
7902,712.7241379310345,292.7241379310345,83.3103448275862
7903,725.2727272727273,318.90909090909093,72.81818181818181
7904,739.6666666666666,400.0,61.888888888888886
7905,732.0344827586207,305.51724137931035,66.51724137931035
7906,728.3,226.3,70.4
7907,743.3809523809524,332.85714285714283,57.285714285714285
7908,742.0344827586207,295.37931034482756,58.44827586206897
7909,752.3333333333334,415.0,51.0
7910,745.5,320.0,56.0
7911,745.4814814814815,290.0,55.51851851851852
7912,750.9565217391304,336.6521739130435,51.43478260869565
7913,750.6666666666666,272.8888888888889,51.388888888888886
7914,750.0,267.38461538461536,51.46153846153846
7915,751.4666666666667,260.26666666666665,50.266666666666666
7916,752.7272727272727,265.3181818181818,49.18181818181818
7917,760.9375,372.875,43.125
7918,752.6666666666666,205.33333333333334,50.0
7919,768.625,380.25,37.125
7920,758.6451612903226,242.90322580645162,43.70967741935484
7921,772.2,412.9,34.0
7922,759.1333333333333,233.2,43.666666666666664
7923,758.0,209.4,45.0
7924,768.2857142857143,320.25,36.607142857142854
7925,762.0,208.0,43.0
7926,780.8823529411765,322.88235294117646,25.705882352941178
7927,780.6363636363636,284.3333333333333,25.757575757575758
7928,779.3333333333334,241.77777777777777,25.444444444444443
7929,788.9444444444445,354.94444444444446,19.055555555555557
7930,706.2857142857143,286.7142857142857,87.0
7931,709.9629629629629,301.0740740740741,84.88888888888889
7932,717.6315789473684,330.94736842105266,78.13157894736842
7933,726.0,301.3076923076923,71.46153846153847
7934,727.7857142857143,326.89285714285717,69.89285714285714
7935,727.5714285714286,312.8095238095238,70.38095238095238
7936,727.6,320.52,70.28
7937,730.6666666666666,295.14814814814815,67.66666666666667
7938,738.8148148148148,320.3703703703704,60.851851851851855
7939,743.5,338.95454545454544,57.36363636363637
7940,744.88,307.64,55.8
7941,745.1111111111111,296.1111111111111,55.77777777777778
7942,748.4,323.3,53.5
7943,746.4,208.4,54.2
7944,756.6071428571429,324.0357142857143,46.107142857142854
7945,757.6666666666666,315.3333333333333,46.0
7946,759.6666666666666,352.9047619047619,43.404761904761905
7947,759.8571428571429,323.2857142857143,43.57142857142857
7948,766.3333333333334,418.6666666666667,39.0
7949,758.6666666666666,286.3333333333333,44.833333333333336
7950,763.1176470588235,327.52941176470586,40.05882352941177
7951,770.2,401.5,35.6
7952,761.2857142857143,216.71428571428572,42.142857142857146
7953,771.5882352941177,321.88235294117646,33.529411764705884
7954,766.9318181818181,278.95454545454544,36.20454545454545
7955,764.4,218.06666666666666,38.733333333333334
7956,766.6315789473684,226.8421052631579,36.68421052631579
7957,777.7333333333333,314.8,28.6
7958,777.4615384615385,301.61538461538464,28.153846153846153
7959,784.2592592592592,387.3703703703704,23.074074074074073
7960,784.5,338.07142857142856,22.571428571428573
7961,784.125,319.125,24.0
7962,785.0,323.90909090909093,22.363636363636363
7963,788.4285714285714,363.85714285714283,19.714285714285715
7964,782.3333333333334,277.44444444444446,25.0
7965,785.8888888888889,270.3333333333333,21.27777777777778
7966,786.5652173913044,277.1304347826087,20.043478260869566
7967,719.7428571428571,294.8,76.48571428571428
7968,723.8,306.28,72.8
7969,728.6666666666666,308.8,69.03333333333333
7970,732.4375,300.28125,65.5
7971,736.3333333333334,318.6666666666667,62.714285714285715
7972,739.7368421052631,305.10526315789474,59.8421052631579
7973,735.8823529411765,216.94117647058823,62.588235294117645
7974,745.4166666666666,326.8333333333333,54.75
7975,743.1,210.1,57.0
7976,753.5833333333334,356.3333333333333,48.291666666666664
7977,754.7058823529412,319.4117647058824,47.1764705882353
7978,758.0,359.5,44.833333333333336
7979,752.6315789473684,289.3157894736842,48.78947368421053
7980,756.2,290.6,46.0
7981,759.5454545454545,212.45454545454547,42.72727272727273
7982,768.4285714285714,297.77142857142854,35.68571428571428
7983,776.6666666666666,405.3333333333333,29.88888888888889
7984,781.2608695652174,338.2608695652174,24.82608695652174
7985,777.0,256.76666666666665,27.933333333333334
7986,779.1071428571429,260.32142857142856,25.607142857142858
7987,714.4,294.2,80.4
7988,718.0,309.75757575757575,77.54545454545455
7989,727.027027027027,302.7837837837838,69.5945945945946
7990,732.1904761904761,357.76190476190476,66.0
7991,733.2941176470588,310.70588235294116,64.82352941176471
7992,736.3448275862069,336.82758620689657,61.51724137931034
7993,729.5217391304348,235.47826086956522,67.65217391304348
7994,739.7391304347826,322.4782608695652,59.08695652173913
7995,741.5,309.3181818181818,58.13636363636363
7996,748.3333333333334,319.3333333333333,54.0
7997,751.8571428571429,324.0952380952381,49.523809523809526
7998,753.7777777777778,344.3333333333333,48.0
7999,758.7272727272727,327.90909090909093,43.40909090909091
8000,770.4,406.4,35.2
8001,763.0,304.0,39.0
8002,773.3333333333334,402.22222222222223,32.666666666666664
8003,768.85,329.65,34.9
8004,763.875,213.375,39.0
8005,771.0,302.15384615384613,33.53846153846154
8006,772.8571428571429,300.2857142857143,31.142857142857142
8007,774.1052631578947,296.7368421052632,30.42105263157895
8008,781.4615384615385,388.9230769230769,24.923076923076923
8009,776.625,322.625,28.375
8010,777.6428571428571,245.71428571428572,27.142857142857142
8011,784.7142857142857,300.7142857142857,22.142857142857142
8012,784.25,263.75,22.0
8013,712.6666666666666,326.4074074074074,82.29629629629629
8014,719.516129032258,330.7741935483871,75.64516129032258
8015,720.6521739130435,317.4782608695652,75.3913043478261
8016,731.0769230769231,312.0769230769231,67.46153846153847
8017,732.5357142857143,325.7142857142857,65.25
8018,733.7931034482758,299.55172413793105,63.55172413793103
8019,737.875,299.625,60.8125
8020,738.6428571428571,287.60714285714283,59.464285714285715
8021,740.0588235294117,213.35294117647058,58.35294117647059
8022,748.7777777777778,304.6666666666667,51.592592592592595
8023,748.84375,299.375,51.34375
8024,758.5,420.0,44.5
8025,754.6315789473684,339.63157894736844,46.578947368421055
8026,765.4,413.2,39.0
8027,762.3777777777777,372.24444444444447,39.55555555555556
8028,758.05,254.45,42.4
8029,774.125,397.875,31.0
8030,772.5,343.29411764705884,31.58823529411765
8031,772.2,318.45,31.6
8032,771.375,307.0,32.125
8033,766.4,219.4,36.3
8034,772.4444444444445,225.33333333333334,31.055555555555557
8035,779.75,254.625,25.541666666666668
8036,711.5925925925926,316.14814814814815,82.5925925925926
8037,705.2,230.6,88.0
8038,714.1428571428571,329.25,80.21428571428571
8039,723.5925925925926,327.25925925925924,72.44444444444444
8040,737.0769230769231,394.8076923076923,61.53846153846154
8041,732.75,316.0,64.625
8042,739.8846153846154,400.0769230769231,59.07692307692308
8043,736.1481481481482,325.51851851851853,62.148148148148145
8044,751.375,341.875,49.125
8045,755.5925925925926,344.6296296296296,45.7037037037037
8046,763.0,418.0,41.5
8047,759.5,423.0,40.0
8048,753.4444444444445,302.9259259259259,47.51851851851852
8049,765.0,418.0,40.0
8050,757.0,292.13513513513516,43.91891891891892
8051,757.829268292683,287.8292682926829,42.31707317073171
8052,768.5,410.0,35.0
8053,763.25,319.9166666666667,39.291666666666664
8054,762.0434782608696,300.0869565217391,39.82608695652174
8055,775.1714285714286,344.7142857142857,28.914285714285715
8056,781.625,394.875,24.125
8057,773.0,280.1458333333333,29.520833333333332
8058,777.9130434782609,337.3478260869565,26.52173913043478
8059,783.0,369.4117647058824,22.5
8060,784.2941176470588,346.05882352941177,20.88235294117647
8061,706.2307692307693,294.7692307692308,86.0
8062,708.0625,294.1875,84.75
8063,714.4,311.0,81.0
8064,713.8648648648649,321.7837837837838,80.43243243243244
8065,713.1578947368421,302.63157894736844,81.10526315789474
8066,720.3478260869565,324.3478260869565,74.8695652173913
8067,724.6666666666666,228.0,71.33333333333333
8068,730.2173913043479,318.9130434782609,66.43478260869566
8069,737.5217391304348,404.17391304347825,60.21739130434783
8070,728.5,240.9375,68.25
8071,735.0,295.0416666666667,62.166666666666664
8072,730.9,227.1,65.4
8073,744.5,408.5,54.785714285714285
8074,732.2727272727273,221.45454545454547,64.27272727272727
8075,743.2962962962963,330.77777777777777,55.111111111111114
8076,748.1481481481482,343.0740740740741,51.7037037037037
8077,745.65,288.65,53.6
8078,751.3214285714286,348.14285714285717,48.67857142857143
8079,749.3478260869565,290.6521739130435,50.391304347826086
8080,754.3157894736842,352.10526315789474,46.421052631578945
8081,755.375,303.5833333333333,45.458333333333336
8082,758.8333333333334,319.05555555555554,42.55555555555556
8083,753.5428571428571,254.57142857142858,46.08571428571429
8084,755.8333333333334,247.66666666666666,45.0
8085,761.0,308.70588235294116,40.411764705882355
8086,757.3421052631579,247.21052631578948,42.421052631578945
8087,756.0,203.5,45.0
8088,763.5,301.72222222222223,37.77777777777778
8089,767.6,313.65,35.15
8090,775.8571428571429,394.57142857142856,29.0
8091,777.4761904761905,317.76190476190476,26.761904761904763
8092,783.7777777777778,364.1111111111111,22.11111111111111
8093,784.9166666666666,359.25,19.666666666666668
8094,710.0384615384615,305.3076923076923,83.26923076923077
8095,715.0,307.82758620689657,79.44827586206897
8096,715.1764705882352,317.3529411764706,79.11764705882354
8097,719.3870967741935,310.8709677419355,75.38709677419355
8098,719.4117647058823,290.20588235294116,74.6470588235294
8099,721.25,311.10714285714283,73.57142857142857
8100,722.0416666666666,300.875,72.70833333333333
8101,722.1860465116279,294.6744186046512,72.44186046511628
8102,734.1481481481482,329.44444444444446,62.666666666666664
8103,731.6857142857143,294.4,64.14285714285714
8104,728.5714285714286,223.85714285714286,67.85714285714286
8105,744.1428571428571,414.57142857142856,55.714285714285715
8106,736.6333333333333,311.06666666666666,60.6
8107,745.7647058823529,415.52941176470586,53.64705882352941
8108,744.36,363.0,54.28
8109,743.2307692307693,335.4230769230769,55.34615384615385
8110,740.125,290.75,57.125
8111,745.7391304347826,341.60869565217394,53.608695652173914
8112,753.5,417.5,48.0
8113,746.5666666666667,326.8,52.53333333333333
8114,745.0,295.3,53.5
8115,746.55,294.2,51.9
8116,754.1,329.45,46.35
8117,751.6363636363636,272.3333333333333,47.515151515151516
8118,752.6388888888889,264.30555555555554,46.388888888888886
8119,756.8064516129032,297.0,43.096774193548384
8120,758.4444444444445,302.51851851851853,42.2962962962963
8121,768.3333333333334,414.77777777777777,35.0
8122,759.2962962962963,295.51851851851853,41.111111111111114
8123,753.0,204.75,46.0
8124,772.4166666666666,389.9166666666667,31.583333333333332
8125,759.1818181818181,208.54545454545453,41.45454545454545
8126,761.0769230769231,210.76923076923077,39.76923076923077
8127,769.2916666666666,296.7916666666667,33.25
8128,778.7692307692307,397.2307692307692,26.307692307692307
8129,775.9,282.5,27.3
8130,707.0,318.0,84.0
8131,716.8888888888889,319.72222222222223,77.0
8132,718.3225806451613,300.93548387096774,75.61290322580645
8133,727.1111111111111,232.0,68.88888888888889
8134,739.6363636363636,316.6363636363636,58.36363636363637
8135,739.0,299.8076923076923,58.07692307692308
8136,740.84,296.76,56.48
8137,745.1578947368421,334.5263157894737,53.21052631578947
8138,750.92,328.64,48.36
8139,748.6666666666666,284.6666666666667,49.80952380952381
8140,757.7931034482758,273.2068965517241,41.62068965517241
8141,772.8571428571429,407.42857142857144,31.285714285714285
8142,775.3,231.5,27.6
8143,710.5,337.5,82.0
8144,710.6153846153846,270.0,81.92307692307692
8145,716.0571428571428,302.6857142857143,77.54285714285714
8146,721.3571428571429,320.9642857142857,73.35714285714286
8147,724.05,322.85,70.9
8148,726.3,331.23333333333335,68.53333333333333
8149,732.0,401.0,64.0
8150,728.7428571428571,334.14285714285717,66.48571428571428
8151,737.40625,340.53125,59.65625
8152,734.0769230769231,289.1923076923077,61.84615384615385
8153,736.4782608695652,295.17391304347825,59.73913043478261
8154,741.6153846153846,318.88461538461536,56.42307692307692
8155,743.375,321.5,54.25
8156,752.2173913043479,335.6521739130435,47.391304347826086
8157,751.12,294.04,48.28
8158,752.5806451612904,298.5806451612903,46.483870967741936
8159,757.7037037037037,366.7037037037037,42.407407407407405
8160,755.0,318.74074074074076,44.370370370370374
8161,758.84,324.0,41.24
8162,765.375,394.5,36.375
8163,764.1875,319.0,37.0625
8164,770.4545454545455,394.72727272727275,32.18181818181818
8165,765.7916666666666,324.0833333333333,35.666666666666664
8166,760.2380952380952,234.61904761904762,39.42857142857143
8167,760.4,217.53333333333333,39.733333333333334
8168,766.9545454545455,307.22727272727275,34.45454545454545
8169,761.6666666666666,222.42857142857142,38.57142857142857
8170,762.1176470588235,227.35294117647058,37.8235294117647
8171,763.7142857142857,213.14285714285714,36.642857142857146
8172,773.3333333333334,320.6111111111111,29.72222222222222
8173,766.8076923076923,223.0,34.11538461538461
8174,776.9677419354839,343.16129032258067,26.322580645161292
8175,772.2631578947369,229.10526315789474,29.157894736842106
8176,781.25,288.5833333333333,23.0
8177,779.5555555555555,264.22222222222223,24.0
8178,783.0,341.0,19.0
8179,785.2727272727273,349.90909090909093,18.363636363636363
8180,786.0,333.8333333333333,19.166666666666668
8181,706.0909090909091,299.90909090909093,85.72727272727273
8182,714.9230769230769,324.65384615384613,78.1923076923077
8183,726.5625,325.0,67.71875
8184,732.2439024390244,391.7073170731707,63.390243902439025
8185,727.1538461538462,297.9230769230769,68.07692307692308
8186,732.64,322.0,63.28
8187,728.56,231.44,66.24
8188,738.0384615384615,331.7692307692308,58.61538461538461
8189,733.8235294117648,226.94117647058823,62.411764705882355
8190,735.3333333333334,225.58333333333334,60.083333333333336
8191,742.48,304.08,54.96
8192,747.5,365.72727272727275,50.81818181818182
8193,755.0,418.875,45.25
8194,749.1176470588235,336.70588235294116,49.1764705882353
8195,755.6666666666666,364.1111111111111,44.333333333333336
8196,748.2916666666666,273.5,49.416666666666664
8197,757.8928571428571,340.44642857142856,41.94642857142857
8198,758.578947368421,331.55263157894734,40.526315789473685
8199,758.4888888888889,284.2888888888889,40.6
8200,763.3333333333334,324.4,37.86666666666667
8201,758.4255319148937,268.7659574468085,40.48936170212766
8202,769.8,404.5,33.0
8203,760.6976744186046,289.0,38.51162790697674
8204,773.0,393.2,30.0
8205,761.0,206.0,39.0
8206,774.125,339.875,28.875
8207,766.2631578947369,257.36842105263156,32.578947368421055
8208,779.75,317.75,24.0
8209,706.5217391304348,308.39130434782606,84.78260869565217
8210,708.0909090909091,322.3636363636364,83.45454545454545
8211,709.1818181818181,329.7878787878788,82.51515151515152
8212,712.8333333333334,299.8666666666667,79.26666666666667
8213,716.5185185185185,325.81481481481484,76.44444444444444
8214,722.2413793103449,310.7586206896552,71.48275862068965
8215,729.625,380.1875,65.9375
8216,737.8333333333334,408.3333333333333,59.0
8217,732.5769230769231,307.34615384615387,63.30769230769231
8218,740.375,407.5,57.375
8219,741.5625,209.3125,54.9375
8220,753.2432432432432,335.4864864864865,44.91891891891892
8221,749.84,257.36,47.56
8222,763.5555555555555,297.3703703703704,36.55555555555556
8223,771.4,403.3,30.6
8224,778.4,295.8,24.0
8225,777.125,249.15625,24.5
8226,780.4615384615385,280.2307692307692,21.923076923076923
8227,709.28,311.08,82.2
8228,718.84,306.28,73.96
8229,725.75,318.75,68.0
8230,727.1111111111111,309.94444444444446,67.0
8231,731.3703703703703,335.2962962962963,63.44444444444444
8232,739.5,413.0,57.5
8233,739.04,335.92,57.36
8234,745.3333333333334,320.0,52.666666666666664
8235,739.3,214.7,56.1
8236,758.5,418.5,42.0
8237,749.3846153846154,299.6923076923077,48.34615384615385
8238,753.7272727272727,348.4848484848485,44.45454545454545
8239,760.375,415.875,40.125
8240,752.546875,274.421875,44.03125
8241,764.4615384615385,380.0769230769231,36.46153846153846
8242,781.4117647058823,383.88235294117646,22.294117647058822
8243,780.0,321.0,23.2
8244,709.5714285714286,321.2142857142857,81.67857142857143
8245,708.3636363636364,293.24242424242425,82.51515151515152
8246,713.6111111111111,294.6388888888889,77.83333333333333
8247,718.3125,298.96875,73.625
8248,728.3684210526316,326.2105263157895,66.0
8249,733.8181818181819,401.6818181818182,61.59090909090909
8250,726.8620689655172,303.86206896551727,66.6896551724138
8251,723.0666666666667,233.33333333333334,69.86666666666666
8252,734.5172413793103,304.6896551724138,60.62068965517241
8253,746.0,414.5,52.0
8254,741.4,290.65,55.0
8255,745.5833333333334,336.6666666666667,51.125
8256,747.4375,332.09375,49.5625
8257,745.1428571428571,284.6666666666667,51.523809523809526
8258,751.0,307.0,48.0
8259,753.8,359.64,44.12
8260,753.75,323.9166666666667,44.291666666666664
8261,762.7272727272727,417.1818181818182,38.0
8262,765.0,417.0,36.0
8263,767.8125,388.0,33.375
8264,755.0909090909091,215.1818181818182,42.81818181818182
8265,755.2857142857143,205.85714285714286,43.0
8266,757.8333333333334,213.33333333333334,40.666666666666664
8267,765.3809523809524,319.7142857142857,34.333333333333336
8268,771.1904761904761,315.9047619047619,29.19047619047619
8269,772.6666666666666,303.6666666666667,29.0
8270,768.0,224.27272727272728,32.09090909090909
8271,781.578947368421,380.2105263157895,20.736842105263158
8272,773.9230769230769,252.1153846153846,26.653846153846153
8273,781.5,328.0,21.0
8274,708.96,297.92,81.4
8275,721.0416666666666,317.9166666666667,71.29166666666667
8276,722.8387096774194,308.258064516129,69.96774193548387
8277,721.5434782608696,298.3695652173913,70.3913043478261
8278,728.5,330.89285714285717,64.71428571428571
8279,726.6410256410256,295.5897435897436,66.46153846153847
8280,729.2,307.5,64.75
8281,730.6153846153846,289.3076923076923,63.0
8282,736.1923076923077,309.84615384615387,58.57692307692308
8283,739.03125,330.375,56.59375
8284,737.4,305.7,57.56666666666667
8285,732.6,220.66666666666666,61.0
8286,741.08,298.24,54.68
8287,736.3333333333334,211.33333333333334,58.22222222222222
8288,748.5,321.0,49.0
8289,751.6,356.76666666666665,46.1
8290,747.7272727272727,304.45454545454544,49.09090909090909
8291,751.8461538461538,364.3076923076923,46.15384615384615
8292,755.6875,375.21875,42.28125
8293,752.0416666666666,315.3333333333333,45.416666666666664
8294,748.45,263.4,48.4
8295,757.0,371.0,41.0
8296,761.5,278.0,36.588235294117645
8297,758.7222222222222,228.5,39.5
8298,767.8421052631579,346.92105263157896,32.31578947368421
8299,761.8125,218.4375,37.1875
8300,762.8333333333334,224.5,35.72222222222222
8301,778.2,334.0,24.0
8302,778.6818181818181,258.6818181818182,22.454545454545453
8303,703.3421052631579,287.1842105263158,85.36842105263158
8304,711.1818181818181,310.45454545454544,80.0909090909091
8305,715.1666666666666,307.6,75.73333333333333
8306,721.1818181818181,229.27272727272728,71.27272727272727
8307,728.35,319.2,64.9
8308,726.2,239.5,67.0
8309,734.2727272727273,333.40909090909093,59.81818181818182
8310,735.0322580645161,322.80645161290323,59.516129032258064
8311,734.25,288.25,59.75
8312,740.1428571428571,306.2857142857143,56.0
8313,750.3333333333334,341.6296296296296,46.666666666666664
8314,747.074074074074,277.962962962963,49.0
8315,751.3888888888889,320.44444444444446,45.77777777777778
8316,757.3793103448276,319.3448275862069,40.48275862068966
8317,766.0,400.8,34.2
8318,767.3636363636364,413.1818181818182,33.09090909090909
8319,756.4285714285714,232.28571428571428,42.0
8320,761.7647058823529,306.5882352941176,36.411764705882355
8321,764.0952380952381,292.64285714285717,34.023809523809526
8322,767.578947368421,321.2631578947368,32.1578947368421
8323,776.2352941176471,314.11764705882354,24.647058823529413
8324,776.3,287.3,24.55
8325,779.7,285.4,21.4
8326,707.0952380952381,316.9047619047619,82.66666666666667
8327,707.0344827586207,300.9310344827586,82.65517241379311
8328,714.1785714285714,339.42857142857144,76.35714285714286
8329,716.875,335.84375,74.21875
8330,721.8965517241379,329.2758620689655,69.82758620689656
8331,722.7692307692307,317.53846153846155,69.61538461538461
8332,734.8,408.4,61.0
8333,724.2727272727273,236.27272727272728,68.18181818181819
8334,722.7,227.56666666666666,68.66666666666667
8335,737.078947368421,395.5,57.526315789473685
8336,741.0588235294117,340.2352941176471,54.0
8337,745.0434782608696,280.39130434782606,50.391304347826086
8338,747.3214285714286,288.0357142857143,48.67857142857143
8339,752.2444444444444,342.55555555555554,43.955555555555556
8340,760.5,413.0,39.0
8341,749.6428571428571,268.42857142857144,46.642857142857146
8342,761.9459459459459,373.97297297297297,36.513513513513516
8343,756.0,242.0,41.0
8344,755.0,210.0,42.0
8345,761.28,292.64,36.4
8346,761.725,272.6,35.85
8347,763.8571428571429,302.95238095238096,34.57142857142857
8348,775.0,402.0,28.0
8349,759.9285714285714,209.28571428571428,37.42857142857143
8350,779.0,337.8125,22.0625
8351,775.6190476190476,282.23809523809524,23.952380952380953
8352,782.8,324.4,19.6
8353,708.516129032258,327.48387096774195,80.70967741935483
8354,708.4137931034483,305.17241379310343,80.86206896551724
8355,709.5263157894736,315.8421052631579,80.47368421052632
8356,712.047619047619,311.3809523809524,77.85714285714286
8357,715.5652173913044,317.4347826086956,74.65217391304348
8358,730.7058823529412,396.5882352941176,63.35294117647059
8359,727.0,315.5,67.0
8360,729.625,327.2083333333333,63.333333333333336
8361,734.0333333333333,300.7,59.43333333333333
8362,737.1739130434783,321.69565217391306,57.17391304347826
8363,736.5925925925926,294.85185185185185,57.370370370370374
8364,739.551724137931,326.58620689655174,54.689655172413794
8365,733.8888888888889,219.88888888888889,59.111111111111114
8366,744.5384615384615,302.7692307692308,51.23076923076923
8367,755.0909090909091,417.8181818181818,43.27272727272727
8368,746.7142857142857,269.42857142857144,49.142857142857146
8369,758.4,367.22857142857146,39.285714285714285
8370,763.0,412.0,37.0
8371,747.8888888888889,198.33333333333334,46.44444444444444
8372,764.0,390.27272727272725,35.54545454545455
8373,754.5714285714286,265.76190476190476,41.61904761904762
8374,771.2727272727273,398.90909090909093,29.0
8375,758.1875,214.125,38.4375
8376,772.7727272727273,396.6363636363636,27.363636363636363
8377,768.3928571428571,296.39285714285717,30.464285714285715
8378,778.4583333333334,388.0833333333333,22.333333333333332
8379,776.3846153846154,340.11538461538464,23.884615384615383
8380,704.625,303.4583333333333,84.33333333333333
8381,709.3333333333334,334.9259259259259,79.62962962962963
8382,710.6521739130435,324.39130434782606,79.08695652173913
8383,728.7826086956521,303.6521739130435,62.91304347826087
8384,726.0869565217391,225.82608695652175,65.21739130434783
8385,727.96,219.92,64.32
8386,732.8,293.12,60.16
8387,734.9090909090909,317.45454545454544,58.31818181818182
8388,729.8421052631579,221.8421052631579,62.10526315789474
8389,748.1304347826087,331.5652173913044,47.56521739130435
8390,749.7619047619048,347.3809523809524,46.476190476190474
8391,751.64,367.0,44.24
8392,749.6666666666666,331.6666666666667,45.77777777777778
8393,749.6666666666666,307.3333333333333,46.0
8394,754.0526315789474,320.6842105263158,42.36842105263158
8395,765.0,417.0,34.0
8396,765.0,391.4117647058824,33.23529411764706
8397,761.6785714285714,328.7857142857143,35.642857142857146
8398,756.4897959183673,260.1020408163265,39.265306122448976
8399,763.8333333333334,298.375,33.583333333333336
8400,767.4615384615385,303.6923076923077,31.307692307692307
8401,772.6153846153846,316.0769230769231,26.692307692307693
8402,779.4375,350.8125,20.6875
8403,779.0,269.0,22.0
8404,701.5,305.0,85.0
8405,704.5,328.0,83.0
8406,711.7692307692307,305.2307692307692,77.15384615384616
8407,716.6774193548387,329.96774193548384,73.51612903225806
8408,719.1,331.8,71.3
8409,723.4090909090909,306.8181818181818,68.0909090909091
8410,729.9411764705883,384.3235294117647,62.44117647058823
8411,727.9310344827586,299.0344827586207,64.10344827586206
8412,723.6923076923077,224.57692307692307,67.03846153846153
8413,731.4705882352941,319.29411764705884,60.94117647058823
8414,738.3,300.96666666666664,55.46666666666667
8415,742.08,329.48,52.6
8416,733.0,213.5,59.0
8417,740.7777777777778,302.18518518518516,52.592592592592595
8418,746.45,352.95,48.6
8419,745.9411764705883,340.88235294117646,49.294117647058826
8420,747.1363636363636,345.59090909090907,48.5
8421,736.6666666666666,209.33333333333334,55.833333333333336
8422,744.0,291.35714285714283,50.392857142857146
8423,742.0,207.5,53.0
8424,754.7037037037037,363.2962962962963,41.48148148148148
8425,751.0,295.0,44.59090909090909
8426,758.09375,326.8125,38.09375
8427,768.6,398.3,30.6
8428,756.4285714285714,218.71428571428572,40.0
8429,763.6363636363636,277.90909090909093,34.0
8430,764.5,273.75,33.5
8431,762.0909090909091,215.9090909090909,35.0
8432,777.1428571428571,393.14285714285717,23.714285714285715
8433,780.2142857142857,375.2857142857143,20.285714285714285
8434,774.8421052631579,255.94736842105263,24.105263157894736
8435,706.875,339.9375,81.5
8436,705.4333333333333,307.76666666666665,82.6
8437,709.6071428571429,305.89285714285717,78.85714285714286
8438,717.5833333333334,323.80555555555554,72.5
8439,712.875,235.75,76.75
8440,719.1666666666666,302.3666666666667,70.7
8441,721.4666666666667,323.73333333333335,68.86666666666666
8442,727.4333333333333,392.1,64.53333333333333
8443,727.375,336.7916666666667,64.20833333333333
8444,725.5,311.85714285714283,65.14285714285714
8445,731.7857142857143,326.5,60.642857142857146
8446,732.4230769230769,338.84615384615387,59.65384615384615
8447,730.4375,300.59375,61.21875
8448,733.1333333333333,327.73333333333335,58.7
8449,735.1,340.7,57.53333333333333
8450,737.4242424242424,338.3636363636364,55.484848484848484
8451,738.258064516129,321.48387096774195,54.645161290322584
8452,741.7407407407408,339.6666666666667,51.74074074074074
8453,741.304347826087,281.82608695652175,52.391304347826086
8454,747.75,356.75,47.875
8455,749.2083333333334,326.0,46.25
8456,748.9444444444445,303.05555555555554,46.166666666666664
8457,753.7777777777778,327.1111111111111,41.583333333333336
8458,756.9230769230769,299.96153846153845,39.42307692307692
8459,760.2727272727273,316.5,36.31818181818182
8460,763.1363636363636,324.90909090909093,34.18181818181818
8461,756.1,209.1,39.3
8462,769.3529411764706,343.2352941176471,29.147058823529413
8463,774.5238095238095,396.14285714285717,25.333333333333332
8464,771.7714285714286,346.1714285714286,26.685714285714287
8465,771.0,321.0,28.0
8466,767.2777777777778,225.55555555555554,30.11111111111111
8467,774.375,323.375,25.0
8468,778.5,364.76666666666665,21.533333333333335
8469,772.34375,278.9375,25.5625
8470,779.7,334.95,19.5
8471,782.5,355.0,18.5
8472,701.4545454545455,297.90909090909093,85.4090909090909
8473,711.1212121212121,335.24242424242425,77.54545454545455
8474,709.3103448275862,293.8965517241379,78.79310344827586
8475,712.875,332.4375,75.53125
8476,714.4761904761905,322.4761904761905,75.04761904761905
8477,715.5263157894736,310.4736842105263,73.94736842105263
8478,717.5,305.2142857142857,72.07142857142857
8479,718.5,234.0,70.5
8480,729.1904761904761,296.0,62.095238095238095
8481,731.6,310.3,60.2
8482,726.4814814814815,233.2962962962963,64.33333333333333
8483,739.7142857142857,335.7142857142857,52.857142857142854
8484,748.0,417.3333333333333,47.0
8485,740.375,295.8125,53.0
8486,744.3333333333334,322.6666666666667,51.0
8487,745.5,310.5,49.0
8488,750.72,372.56,43.96
8489,753.4761904761905,370.0,42.285714285714285
8490,753.025641025641,354.35897435897436,41.48717948717949
8491,750.3809523809524,306.0,43.95238095238095
8492,752.4473684210526,337.1578947368421,42.578947368421055
8493,755.2,305.6,41.0
8494,759.3846153846154,370.9230769230769,37.53846153846154
8495,760.0,301.0,36.285714285714285
8496,764.2758620689655,315.62068965517244,32.55172413793103
8497,758.0454545454545,224.9090909090909,37.40909090909091
8498,759.12,230.32,36.36
8499,768.08,324.48,29.56
8500,764.6888888888889,278.15555555555557,31.511111111111113
8501,766.2083333333334,254.29166666666666,29.958333333333332
8502,778.0,262.5,20.0
8503,702.0,292.43333333333334,84.7
8504,725.0,394.5,67.0
8505,726.2857142857143,397.3333333333333,64.66666666666667
8506,726.6,292.76,63.84
8507,730.5,333.0,62.0
8508,747.3571428571429,297.7142857142857,46.92857142857143
8509,746.3,255.5,47.35
8510,761.0,407.45454545454544,35.90909090909091
8511,764.25,405.25,33.0
8512,763.2307692307693,396.2307692307692,33.53846153846154
8513,760.0869565217391,322.7391304347826,36.17391304347826
8514,755.2,253.52,39.48
8515,767.7333333333333,393.26666666666665,30.133333333333333
8516,756.0833333333334,231.41666666666666,38.083333333333336
8517,768.0,277.0,30.0
8518,769.56,297.08,27.4
8519,780.0,362.6666666666667,19.333333333333332
8520,705.483870967742,332.61290322580646,81.38709677419355
8521,707.3076923076923,319.53846153846155,79.96153846153847
8522,711.4444444444445,326.8888888888889,76.55555555555556
8523,713.9459459459459,303.3783783783784,73.97297297297297
8524,716.3103448275862,317.82758620689657,72.48275862068965
8525,727.4230769230769,402.8076923076923,63.69230769230769
8526,722.7692307692307,298.9230769230769,67.38461538461539
8527,724.4285714285714,321.4642857142857,65.71428571428571
8528,732.5714285714286,400.42857142857144,59.142857142857146
8529,726.9565217391304,322.04347826086956,63.0
8530,727.8571428571429,310.5,62.92857142857143
8531,728.24,317.04,62.36
8532,735.0,399.7857142857143,57.285714285714285
8533,738.45,331.85,54.05
8534,736.7619047619048,294.3333333333333,55.42857142857143
8535,733.7368421052631,218.57894736842104,57.26315789473684
8536,748.1333333333333,337.1333333333333,46.333333333333336
8537,739.125,208.25,53.25
8538,750.5,327.5416666666667,43.791666666666664
8539,745.1578947368421,274.6842105263158,47.8421052631579
8540,763.125,409.5,33.75
8541,757.7142857142857,320.57142857142856,38.0
8542,767.0,404.3333333333333,31.0
8543,766.4285714285714,314.42857142857144,30.071428571428573
8544,768.0,302.0,29.0
8545,761.6666666666666,220.76190476190476,33.714285714285715
8546,769.0833333333334,312.0,28.416666666666668
8547,763.9565217391304,222.08695652173913,31.652173913043477
8548,768.8064516129032,280.03225806451616,27.580645161290324
8549,778.3333333333334,299.3333333333333,21.666666666666668
8550,778.5,322.5,20.0
8551,704.8571428571429,323.57142857142856,81.85714285714286
8552,707.7142857142857,330.07142857142856,79.0
8553,719.0,314.0,72.0
8554,721.3793103448276,336.9655172413793,67.72413793103448
8555,722.074074074074,331.5925925925926,67.37037037037037
8556,723.5714285714286,237.66666666666666,65.66666666666667
8557,740.5,415.0,53.0
8558,745.3076923076923,410.38461538461536,48.92307692307692
8559,740.578947368421,294.5263157894737,51.05263157894737
8560,744.8,336.08,48.56
8561,745.0,299.65,48.35
8562,746.047619047619,321.0952380952381,47.095238095238095
8563,747.3703703703703,290.55555555555554,45.55555555555556
8564,751.7647058823529,298.4117647058824,42.76470588235294
8565,761.3,417.7,35.2
8566,761.6666666666666,413.0,35.666666666666664
8567,751.0,209.0,43.0
8568,752.8,216.9,41.0
8569,753.3888888888889,230.5,40.166666666666664
8570,756.1538461538462,220.92307692307693,38.23076923076923
8571,773.4,296.8,25.0
8572,776.1333333333333,317.1333333333333,22.133333333333333
8573,778.65,344.25,19.45
8574,712.1851851851852,296.81481481481484,74.81481481481481
8575,717.7241379310345,307.86206896551727,70.55172413793103
8576,720.8695652173913,319.30434782608694,67.91304347826087
8577,723.0833333333334,328.6666666666667,65.95833333333333
8578,721.6666666666666,245.0,67.33333333333333
8579,720.6875,234.5,67.875
8580,729.6,216.15,60.3
8581,742.0769230769231,332.15384615384613,50.46153846153846
8582,739.6296296296297,289.44444444444446,52.333333333333336
8583,745.8,360.06666666666666,46.4
8584,742.3333333333334,300.76190476190476,49.95238095238095
8585,745.695652173913,266.2608695652174,47.17391304347826
8586,750.2857142857143,203.57142857142858,43.0
8587,767.7857142857143,258.35714285714283,28.0
8588,771.7,284.6,25.4
8589,766.5555555555555,227.77777777777777,28.666666666666668
8590,696.6,283.2,87.0
8591,701.6,309.3,83.6
8592,705.2962962962963,310.55555555555554,80.77777777777777
8593,707.1428571428571,310.9047619047619,79.14285714285714
8594,709.3636363636364,321.1212121212121,77.39393939393939
8595,715.2,310.8,71.72
8596,716.03125,293.65625,71.375
8597,720.2264150943396,348.9622641509434,67.86792452830188
8598,714.8333333333334,235.41666666666666,72.33333333333333
8599,719.6666666666666,302.1111111111111,68.51851851851852
8600,717.5416666666666,240.75,70.08333333333333
8601,723.2352941176471,305.70588235294116,66.11764705882354
8602,725.1,326.85,63.9
8603,723.3913043478261,291.7391304347826,65.43478260869566
8604,724.7619047619048,303.6666666666667,63.904761904761905
8605,728.2307692307693,338.15384615384613,61.65384615384615
8606,728.2173913043479,323.5217391304348,61.26086956521739
8607,721.7142857142857,230.8,65.85714285714286
8608,728.4285714285714,306.8095238095238,61.142857142857146
8609,737.5,415.0,55.0
8610,723.4583333333334,221.0,64.45833333333333
8611,732.8095238095239,332.1904761904762,57.42857142857143
8612,734.0,328.03846153846155,56.42307692307692
8613,732.304347826087,298.17391304347825,57.82608695652174
8614,735.5555555555555,332.51851851851853,55.407407407407405
8615,750.6666666666666,417.44444444444446,44.0
8616,743.6666666666666,325.3333333333333,48.86666666666667
8617,749.125,359.375,44.75
8618,744.4516129032259,293.48387096774195,47.806451612903224
8619,755.5,419.0,40.0
8620,745.6923076923077,271.38461538461536,46.61538461538461
8621,748.9615384615385,317.46153846153845,43.69230769230769
8622,748.5,300.7083333333333,44.458333333333336
8623,750.0,263.3636363636364,42.484848484848484
8624,761.5,388.5,34.0
8625,763.0,384.0,33.0
8626,756.8125,294.625,37.125
8627,764.9230769230769,389.53846153846155,31.153846153846153
8628,756.7777777777778,274.6666666666667,36.48148148148148
8629,759.4285714285714,297.4642857142857,34.75
8630,755.0,206.0,39.0
8631,758.7777777777778,225.66666666666666,34.96296296296296
8632,768.1764705882352,231.1764705882353,27.11764705882353
8633,706.7096774193549,299.83870967741933,79.48387096774194
8634,708.65625,299.78125,77.5
8635,717.4193548387096,321.16129032258067,70.29032258064517
8636,718.3030303030303,334.030303030303,69.39393939393939
8637,719.5,229.5,68.875
8638,733.0,409.0,59.0
8639,732.6538461538462,322.53846153846155,57.30769230769231
8640,733.9565217391304,302.30434782608694,56.56521739130435
8641,732.5,213.0,57.25
8642,753.0,416.5,42.0
8643,744.4736842105264,287.7368421052632,47.26315789473684
8644,740.75,206.0,50.75
8645,747.8260869565217,321.7826086956522,44.21739130434783
8646,751.3666666666667,358.73333333333335,41.5
8647,751.4117647058823,305.52941176470586,41.64705882352941
8648,746.625,242.4375,44.625
8649,753.9545454545455,325.5,39.45454545454545
8650,748.6666666666666,210.83333333333334,44.0
8651,763.3333333333334,400.6666666666667,33.0
8652,761.0,379.27272727272725,33.63636363636363
8653,764.2,394.26666666666665,31.4
8654,760.2,318.6,34.4
8655,767.6875,394.5,27.875
8656,758.2142857142857,220.28571428571428,35.5
8657,760.7333333333333,271.76666666666665,32.56666666666667
8658,774.4545454545455,271.8181818181818,21.818181818181817
8659,736.2666666666667,401.6,54.8
8660,737.5,408.5,53.25
8661,741.3636363636364,406.72727272727275,50.81818181818182
8662,743.3809523809524,331.5238095238095,47.80952380952381
8663,745.7307692307693,342.3076923076923,46.46153846153846
8664,747.4375,354.75,45.125
8665,748.75,331.0,43.375
8666,752.55,371.1,40.25
8667,758.3888888888889,385.77777777777777,35.72222222222222
8668,753.7142857142857,317.3809523809524,39.42857142857143
8669,760.8571428571429,394.0,34.42857142857143
8670,762.5454545454545,386.8181818181818,32.09090909090909
8671,753.3888888888889,242.22222222222223,39.27777777777778
8672,754.0,226.88235294117646,38.529411764705884
8673,757.1666666666666,269.76666666666665,35.166666666666664
8674,776.0,359.6,21.4
8675,774.0,320.0,24.0
8676,771.3333333333334,250.66666666666666,24.11111111111111
8677,774.8214285714286,280.85714285714283,20.928571428571427
8678,701.8571428571429,333.42857142857144,82.0
8679,709.0,339.35483870967744,76.41935483870968
8680,713.5,298.0,72.46875
8681,712.0,234.5,73.6
8682,718.6086956521739,309.4347826086956,68.73913043478261
8683,717.0,256.5,70.0
8684,715.3636363636364,230.72727272727272,71.18181818181819
8685,727.375,394.5625,62.0
8686,723.2333333333333,337.1333333333333,64.53333333333333
8687,722.7878787878788,298.6666666666667,65.0909090909091
8688,719.4166666666666,240.70833333333334,67.45833333333333
8689,734.5,412.75,56.5
8690,722.2758620689655,247.72413793103448,64.58620689655173
8691,729.6111111111111,303.6666666666667,59.22222222222222
8692,732.5357142857143,336.82142857142856,56.5
8693,725.0,224.5,62.75
8694,745.5,351.75,46.125
8695,744.0,304.8235294117647,47.35294117647059
8696,747.3846153846154,345.84615384615387,44.46153846153846
8697,743.8235294117648,279.05882352941177,47.529411764705884
8698,749.2352941176471,362.6470588235294,42.8235294117647
8699,754.6666666666666,415.3333333333333,39.77777777777778
8700,746.0952380952381,295.76190476190476,45.095238095238095
8701,747.5416666666666,239.45833333333334,43.541666666666664
8702,755.8064516129032,363.8709677419355,37.064516129032256
8703,759.5,378.0,35.0
8704,753.1428571428571,215.14285714285714,38.785714285714285
8705,755.1875,234.5,37.0625
8706,763.125,322.75,31.333333333333332
8707,764.3181818181819,345.45454545454544,30.09090909090909
8708,755.5454545454545,216.63636363636363,37.0
8709,771.0,340.8076923076923,24.153846153846153
8710,775.2777777777778,382.22222222222223,21.166666666666668
8711,699.5,313.0,84.0
8712,710.28,318.44,75.36
8713,720.8,310.73333333333335,66.6
8714,716.0,228.78571428571428,69.85714285714286
8715,734.2,406.2,56.4
8716,728.3809523809524,329.04761904761904,60.095238095238095
8717,730.3333333333334,320.06666666666666,58.86666666666667
8718,736.0,316.6,54.6
8719,729.2380952380952,224.23809523809524,59.095238095238095
8720,738.7692307692307,331.3076923076923,51.53846153846154
8721,737.7272727272727,305.3636363636364,52.81818181818182
8722,746.8235294117648,340.11764705882354,44.529411764705884
8723,746.0666666666667,245.8,45.06666666666667
8724,756.0526315789474,373.36842105263156,36.578947368421055
8725,752.1875,300.875,40.0
8726,759.0,398.4,35.0
8727,748.0,234.64285714285714,42.857142857142854
8728,751.5333333333333,249.26666666666668,40.13333333333333
8729,755.421052631579,299.4736842105263,37.1578947368421
8730,756.4117647058823,263.88235294117646,34.8235294117647
8731,754.9,211.7,37.3
8732,771.1052631578947,393.2631578947368,24.31578947368421
8733,773.9,389.2,22.6
8734,772.1111111111111,344.6666666666667,22.555555555555557
8735,776.375,378.8125,19.625
8736,775.6666666666666,286.6666666666667,21.333333333333332
8737,701.1111111111111,320.8888888888889,83.0
8738,700.8888888888889,294.51851851851853,82.66666666666667
8739,702.64,302.44,81.24
8740,705.0625,338.5625,78.34375
8741,711.9166666666666,318.4166666666667,73.625
8742,720.6,393.8,68.0
8743,719.4230769230769,325.7692307692308,67.34615384615384
8744,729.0,399.6666666666667,61.0
8745,728.28125,390.84375,60.0625
8746,727.8064516129032,335.19354838709677,59.54838709677419
8747,728.5,294.72222222222223,59.72222222222222
8748,731.0,312.25,58.0
8749,736.5555555555555,298.27777777777777,53.27777777777778
8750,732.4583333333334,212.41666666666666,55.5
8751,746.2068965517242,363.7241379310345,44.58620689655172
8752,745.1052631578947,332.7894736842105,45.78947368421053
8753,742.1875,258.0625,47.625
8754,751.5217391304348,365.7826086956522,40.43478260869565
8755,755.1538461538462,368.6923076923077,37.23076923076923
8756,752.7647058823529,295.29411764705884,39.23529411764706
8757,753.9411764705883,304.4117647058824,38.05882352941177
8758,759.2,292.64,33.44
8759,761.0,302.3125,31.9375
8760,764.4285714285714,298.14285714285717,30.142857142857142
8761,773.0,303.5,23.0
8762,701.5,344.5,81.0
8763,700.0416666666666,303.8333333333333,83.45833333333333
8764,704.8148148148148,294.77777777777777,78.5925925925926
8765,709.5,313.0,77.0
8766,707.5909090909091,308.54545454545456,76.77272727272727
8767,710.8928571428571,325.0357142857143,74.28571428571429
8768,709.4074074074074,308.1111111111111,74.70370370370371
8769,708.5483870967741,290.96774193548384,75.54838709677419
8770,706.6,238.8,77.8
8771,716.6666666666666,326.1666666666667,69.11111111111111
8772,718.56,226.04,67.16
8773,725.3448275862069,291.58620689655174,61.724137931034484
8774,732.75,295.9375,55.9375
8775,743.0769230769231,339.2307692307692,47.30769230769231
8776,740.75,288.5,48.75
8777,741.9130434782609,283.17391304347825,47.34782608695652
8778,740.578947368421,267.6842105263158,48.31578947368421
8779,746.4,334.8,44.06666666666667
8780,749.1282051282051,334.84615384615387,41.58974358974359
8781,746.9024390243902,292.1707317073171,43.02439024390244
8782,745.7142857142857,212.85714285714286,45.0
8783,757.5454545454545,368.04545454545456,35.13636363636363
8784,756.6666666666666,359.96666666666664,35.3
8785,754.030303030303,259.1818181818182,36.515151515151516
8786,759.4545454545455,327.95454545454544,32.90909090909091
8787,762.7777777777778,317.77777777777777,30.5
8788,765.8571428571429,347.0,27.61904761904762
8789,768.8,315.55,25.6
8790,763.3333333333334,222.79166666666666,29.416666666666668
8791,773.7272727272727,256.3636363636364,21.363636363636363
8792,705.05,323.35,79.1
8793,711.8965517241379,291.41379310344826,72.37931034482759
8794,715.0,316.25,70.5
8795,722.4324324324324,400.27027027027026,64.4054054054054
8796,722.4782608695652,298.17391304347825,63.0
8797,736.0,327.0625,53.1875
8798,735.9230769230769,310.61538461538464,53.23076923076923
8799,736.9130434782609,323.60869565217394,51.608695652173914
8800,739.5263157894736,327.63157894736844,50.10526315789474
8801,743.4705882352941,324.70588235294116,46.294117647058826
8802,745.4782608695652,327.5652173913044,44.608695652173914
8803,745.5,318.5,45.0
8804,749.9285714285714,321.57142857142856,41.357142857142854
8805,759.0,411.5,34.0
8806,758.0,381.5,34.166666666666664
8807,758.1764705882352,352.11764705882354,34.11764705882353
8808,763.0,406.7142857142857,31.0
8809,765.625,398.875,28.25
8810,754.35,228.35,36.5
8811,764.3333333333334,305.0,29.5
8812,758.0,216.0,34.0
8813,759.421052631579,217.6315789473684,31.736842105263158
8814,763.1212121212121,250.42424242424244,28.363636363636363
8815,772.3333333333334,321.3333333333333,22.0
8816,702.6363636363636,326.3181818181818,80.81818181818181
8817,712.5357142857143,336.17857142857144,72.35714285714286
8818,713.0357142857143,305.25,71.53571428571429
8819,721.5217391304348,392.4347826086956,65.04347826086956
8820,720.2307692307693,333.03846153846155,65.07692307692308
8821,714.8461538461538,235.30769230769232,69.76923076923077
8822,721.05,317.4,64.6
8823,725.0416666666666,388.25,61.041666666666664
8824,729.3846153846154,393.11538461538464,57.96153846153846
8825,724.6071428571429,300.5,61.464285714285715
8826,719.7647058823529,223.41176470588235,65.17647058823529
8827,722.3333333333334,232.15384615384616,63.333333333333336
8828,738.5,416.1666666666667,51.833333333333336
8829,733.875,336.625,53.9375
8830,733.6666666666666,301.5,54.44444444444444
8831,736.2,292.6666666666667,51.93333333333333
8832,739.1923076923077,283.2692307692308,49.30769230769231
8833,736.5,207.0,52.0
8834,748.2857142857143,368.85714285714283,42.142857142857146
8835,737.6666666666666,210.0,50.333333333333336
8836,742.3636363636364,205.0,46.54545454545455
8837,750.5833333333334,219.41666666666666,39.75
8838,758.5,276.25,33.25
8839,768.4,398.6,26.2
8840,764.7692307692307,317.46153846153845,27.923076923076923
8841,762.5357142857143,273.89285714285717,29.428571428571427
8842,767.1111111111111,322.0,26.38888888888889
8843,774.0,345.1666666666667,20.666666666666668
8844,773.5555555555555,339.22222222222223,20.0
8845,778.0,359.0,17.666666666666668
8846,770.6315789473684,246.10526315789474,22.63157894736842
8847,695.5,294.25,85.625
8848,696.4166666666666,307.75,84.08333333333333
8849,701.0,308.5,81.5
8850,703.5769230769231,333.7692307692308,79.38461538461539
8851,703.2,307.08,79.12
8852,705.4347826086956,317.8695652173913,77.69565217391305
8853,702.75,244.0,79.75
8854,708.1333333333333,302.76666666666665,75.13333333333334
8855,712.1153846153846,329.7307692307692,72.23076923076923
8856,712.0625,321.34375,71.78125
8857,714.3333333333334,331.4761904761905,70.28571428571429
8858,713.7142857142857,325.7857142857143,70.46428571428571
8859,716.4782608695652,348.6521739130435,68.17391304347827
8860,715.8571428571429,319.6666666666667,68.19047619047619
8861,722.7333333333333,391.53333333333336,63.0
8862,719.3684210526316,320.6842105263158,65.94736842105263
8863,717.0434782608696,292.4782608695652,66.78260869565217
8864,724.7307692307693,333.15384615384613,61.26923076923077
8865,723.8571428571429,306.5238095238095,62.0
8866,726.7307692307693,311.46153846153845,59.53846153846154
8867,728.6206896551724,334.51724137931035,57.62068965517241
8868,730.4166666666666,310.0416666666667,56.375
8869,732.4615384615385,323.2307692307692,55.19230769230769
8870,731.0833333333334,286.375,55.541666666666664
8871,741.448275862069,300.44827586206895,47.51724137931034
8872,743.7777777777778,302.3333333333333,45.25925925925926
8873,741.7142857142857,250.78571428571428,46.857142857142854
8874,746.5555555555555,309.6111111111111,43.0
8875,740.6,206.8,48.0
8876,749.4545454545455,328.969696969697,40.42424242424242
8877,744.8571428571429,204.57142857142858,44.142857142857146
8878,753.1470588235294,288.20588235294116,36.14705882352941
8879,751.3636363636364,232.72727272727272,38.5
8880,753.0909090909091,239.0909090909091,37.09090909090909
8881,757.9629629629629,267.1111111111111,32.333333333333336
8882,776.25,373.75,18.625
8883,694.125,280.15625,86.3125
8884,694.4090909090909,289.3636363636364,85.77272727272727
8885,701.5666666666667,336.56666666666666,80.6
8886,705.71875,332.53125,77.09375
8887,713.4615384615385,299.65384615384613,70.23076923076923
8888,711.1052631578947,239.57894736842104,72.36842105263158
8889,717.7777777777778,300.14814814814815,66.74074074074075
8890,729.9230769230769,402.61538461538464,57.15384615384615
8891,718.1860465116279,236.3953488372093,65.5813953488372
8892,724.7142857142857,311.85714285714283,61.142857142857146
8893,736.5,415.0,53.0
8894,724.0,215.5,61.0
8895,725.7142857142857,220.21428571428572,59.714285714285715
8896,739.2916666666666,306.625,48.791666666666664
8897,750.5,418.5,40.0
8898,742.2631578947369,267.8421052631579,46.31578947368421
8899,755.6666666666666,417.6666666666667,36.0
8900,747.5238095238095,304.0952380952381,42.19047619047619
8901,745.0833333333334,261.4166666666667,43.916666666666664
8902,741.5714285714286,210.71428571428572,46.714285714285715
8903,748.3157894736842,256.8421052631579,40.68421052631579
8904,760.3333333333334,410.1111111111111,32.0
8905,746.5384615384615,213.69230769230768,42.23076923076923
8906,752.1111111111111,274.8888888888889,38.111111111111114
8907,748.1818181818181,209.8181818181818,40.90909090909091
8908,752.5,209.0,38.0
8909,754.8888888888889,212.88888888888889,35.111111111111114
8910,767.0,352.0,27.0
8911,768.1578947368421,299.89473684210526,24.31578947368421
8912,766.125,274.125,25.5625
8913,709.76,333.04,73.56
8914,710.4545454545455,244.5,72.4090909090909
8915,724.4,406.0,63.0
8916,717.0769230769231,306.53846153846155,67.15384615384616
8917,720.4166666666666,323.4583333333333,64.125
8918,720.65,307.5,64.25
8919,718.170731707317,290.0,65.0
8920,721.9230769230769,311.0,62.84615384615385
8921,723.6153846153846,327.3076923076923,61.69230769230769
8922,722.0,241.23333333333332,61.766666666666666
8923,729.3,326.0,57.3
8924,728.6111111111111,304.44444444444446,56.94444444444444
8925,730.0,317.57142857142856,56.42857142857143
8926,727.8,219.4,58.0
8927,736.8,301.2,50.7
8928,747.0,416.85714285714283,42.42857142857143
8929,745.258064516129,373.7741935483871,43.483870967741936
8930,751.25,409.5,39.75
8931,745.4761904761905,324.5238095238095,43.19047619047619
8932,747.1212121212121,340.8181818181818,41.666666666666664
8933,742.6666666666666,247.33333333333334,46.0
8934,756.6,408.8,36.0
8935,742.0,215.9090909090909,45.81818181818182
8936,758.1666666666666,407.1666666666667,34.0
8937,749.6,253.3,39.5
8938,746.0,206.125,42.25
8939,750.4444444444445,246.33333333333334,38.0
8940,762.8421052631579,392.0,29.05263157894737
8941,754.9615384615385,292.38461538461536,34.65384615384615
8942,756.21875,286.96875,33.40625
8943,754.8846153846154,230.80769230769232,34.57692307692308
8944,763.4615384615385,322.15384615384613,28.53846153846154
8945,763.7894736842105,327.2631578947368,27.63157894736842
8946,765.0,303.3333333333333,27.333333333333332
8947,766.4375,294.625,25.8125
8948,774.6666666666666,365.0,20.333333333333332
8949,772.3076923076923,351.3076923076923,20.692307692307693
8950,696.8484848484849,300.1515151515151,83.57575757575758
8951,704.8,325.3,77.0
8952,706.4761904761905,296.5238095238095,74.95238095238095
8953,710.2592592592592,311.14814814814815,72.48148148148148
8954,707.6428571428571,235.75,74.39285714285714
8955,714.4166666666666,303.75,68.66666666666667
8956,716.5238095238095,330.57142857142856,67.33333333333333
8957,710.7692307692307,231.76923076923077,71.84615384615384
8958,713.4,254.0,69.95
8959,724.8888888888889,399.77777777777777,61.111111111111114
8960,724.0555555555555,319.1666666666667,61.22222222222222
8961,726.5,317.0,60.0
8962,726.4761904761905,300.5238095238095,58.76190476190476
8963,726.96,289.76,58.2
8964,732.7777777777778,329.77777777777777,53.592592592592595
8965,741.0,409.5,49.0
8966,741.4285714285714,410.7142857142857,48.0
8967,734.6086956521739,333.4782608695652,52.17391304347826
8968,742.0,417.0,47.1
8969,739.1,335.25,48.55
8970,732.4705882352941,217.35294117647058,53.1764705882353
8971,739.5294117647059,293.88235294117646,47.55882352941177
8972,742.2,292.93333333333334,46.0
8973,743.1875,287.4375,45.125
8974,738.0,213.125,49.0
8975,743.6538461538462,266.0769230769231,43.65384615384615
8976,748.1714285714286,298.2,40.68571428571428
8977,755.6,373.6,34.6
8978,760.0,398.0,31.0
8979,755.8125,329.25,34.6875
8980,760.5,389.25,30.666666666666668
8981,759.2,348.3,32.0
8982,750.6538461538462,250.5,37.46153846153846
8983,752.3529411764706,223.35294117647058,36.529411764705884
8984,756.7407407407408,224.0,32.44444444444444
8985,766.7777777777778,345.77777777777777,24.555555555555557
8986,769.6,323.8,24.0
8987,767.0,282.25,25.125
8988,768.4615384615385,286.84615384615387,23.692307692307693
8989,767.8461538461538,278.3076923076923,23.923076923076923
8990,770.2857142857143,282.57142857142856,22.047619047619047
8991,701.2758620689655,298.6551724137931,79.65517241379311
8992,716.1944444444445,336.5833333333333,67.30555555555556
8993,721.3333333333334,334.14285714285717,63.0
8994,723.0,319.3333333333333,63.0
8995,715.0384615384615,235.53846153846155,67.57692307692308
8996,725.0666666666667,323.6,59.733333333333334
8997,730.52,333.8,55.28
8998,727.4375,214.1875,57.25
8999,740.7741935483871,346.258064516129,46.41935483870968
9000,741.074074074074,334.55555555555554,46.48148148148148
9001,752.6666666666666,416.2,37.2
9002,749.695652173913,322.95652173913044,39.26086956521739
9003,747.6,292.56666666666666,40.53333333333333
9004,748.3125,234.8125,40.1875
9005,754.4444444444445,318.77777777777777,34.94444444444444
9006,751.1304347826087,263.30434782608694,36.56521739130435
9007,760.9166666666666,349.875,29.375
9008,760.6666666666666,299.1111111111111,30.0
9009,757.5454545454545,262.3636363636364,32.36363636363637
9010,767.0,253.6153846153846,23.615384615384617
9011,702.8571428571429,240.42857142857142,78.07142857142857
9012,709.0909090909091,304.90909090909093,73.0
9013,718.4090909090909,296.1363636363636,65.18181818181819
9014,720.2222222222222,292.4074074074074,63.111111111111114
9015,726.2307692307693,328.88461538461536,58.57692307692308
9016,720.1538461538462,226.30769230769232,63.30769230769231
9017,734.9333333333333,404.6666666666667,51.8
9018,736.5652173913044,294.17391304347825,49.91304347826087
9019,741.2,315.55,44.8
9020,737.9166666666666,263.5,48.083333333333336
9021,746.2,358.4,42.4
9022,745.1818181818181,299.90909090909093,42.90909090909091
9023,756.5,415.0,35.0
9024,754.5454545454545,383.1818181818182,35.45454545454545
9025,756.2926829268292,361.6585365853659,33.0
9026,758.2413793103449,365.13793103448273,31.20689655172414
9027,756.0526315789474,318.8421052631579,33.0
9028,756.6,305.26666666666665,32.6
9029,751.5,217.5,37.0
9030,753.2857142857143,217.71428571428572,35.07142857142857
9031,770.6,358.0,21.2
9032,697.8571428571429,324.0,82.0
9033,699.1363636363636,289.3636363636364,81.22727272727273
9034,701.8,313.0,79.8
9035,710.3333333333334,386.6666666666667,73.0
9036,703.0357142857143,302.0,77.75
9037,706.3571428571429,328.92857142857144,74.85714285714286
9038,704.3666666666667,299.2,76.36666666666666
9039,713.5,336.3,69.25
9040,713.4117647058823,241.0,68.88235294117646
9041,713.6829268292682,228.0,67.53658536585365
9042,725.9565217391304,307.30434782608694,58.26086956521739
9043,728.0,294.0,55.833333333333336
9044,731.4666666666667,296.06666666666666,54.0
9045,740.9166666666666,407.9166666666667,46.833333333333336
9046,741.25,262.0,46.0
9047,755.03125,369.125,32.6875
9048,749.4615384615385,212.07692307692307,38.38461538461539
9049,757.5,320.5,31.0
9050,754.1666666666666,223.08333333333334,34.666666666666664
9051,759.0,277.0,31.0
9052,759.3333333333334,221.83333333333334,30.333333333333332
9053,763.4705882352941,277.6470588235294,26.647058823529413
9054,769.0,259.1666666666667,21.666666666666668
9055,701.6176470588235,327.88235294117646,78.44117647058823
9056,703.0,310.03846153846155,77.23076923076923
9057,705.0625,322.125,75.53125
9058,717.4583333333334,326.6666666666667,65.45833333333333
9059,715.7727272727273,311.8181818181818,66.31818181818181
9060,711.4285714285714,229.71428571428572,70.0
9061,723.7272727272727,293.6363636363636,59.77272727272727
9062,719.1904761904761,220.0952380952381,62.95238095238095
9063,729.5882352941177,302.6470588235294,55.0
9064,736.625,288.3125,49.25
9065,740.8461538461538,327.0,46.0
9066,742.578947368421,295.3157894736842,43.8421052631579
9067,744.7727272727273,318.45454545454544,42.22727272727273
9068,748.3,316.45,38.6
9069,748.625,306.375,39.375
9070,743.0,214.3,43.4
9071,757.0,377.0,33.2
9072,757.1538461538462,381.0,31.846153846153847
9073,749.25,226.25,37.833333333333336
9074,749.2941176470588,221.76470588235293,37.64705882352941
9075,750.0,230.0,37.0
9076,755.5882352941177,300.4117647058824,32.94117647058823
9077,752.8333333333334,235.5,35.083333333333336
9078,760.0588235294117,290.3529411764706,29.235294117647058
9079,767.2,350.3,23.3
9080,708.0,391.0,74.0
9081,709.2727272727273,381.3636363636364,72.0
9082,701.6666666666666,249.83333333333334,78.83333333333333
9083,706.8,316.88,73.68
9084,707.1538461538462,299.0769230769231,73.11538461538461
9085,704.6111111111111,247.61111111111111,74.77777777777777
9086,708.6842105263158,296.5263157894737,71.89473684210526
9087,717.6,401.2,66.0
9088,711.3684210526316,311.7368421052632,70.21052631578948
9089,717.375,390.125,65.75
9090,719.1052631578947,301.63157894736844,63.21052631578947
9091,726.1851851851852,318.0740740740741,57.7037037037037
9092,724.7647058823529,294.8235294117647,58.0
9093,728.5652173913044,329.7826086956522,55.65217391304348
9094,726.8947368421053,299.2631578947368,56.473684210526315
9095,721.875,222.625,60.6875
9096,724.0,215.0,58.75
9097,738.9285714285714,385.7857142857143,47.642857142857146
9098,734.3,328.9,50.7
9099,733.9411764705883,305.3529411764706,50.94117647058823
9100,736.25,323.45,49.2
9101,738.0,318.25,48.0
9102,741.6153846153846,376.15384615384613,43.76923076923077
9103,742.36,349.68,44.4
9104,747.2,368.4,40.0
9105,741.75,243.25,44.75
9106,749.4166666666666,302.0833333333333,38.0
9107,744.9444444444445,236.72222222222223,41.611111111111114
9108,751.4666666666667,323.6,36.0
9109,755.5454545454545,332.8181818181818,32.72727272727273
9110,762.0,396.0,29.0
9111,770.2666666666667,385.06666666666666,21.0
9112,771.3684210526316,380.05263157894734,19.57894736842105
9113,769.5,291.5,22.0
9114,698.0,297.0,81.0
9115,704.6666666666666,376.6666666666667,76.0
9116,706.6666666666666,375.4166666666667,74.25
9117,705.6666666666666,311.8095238095238,74.66666666666667
9118,716.3333333333334,394.1666666666667,67.0
9119,706.9,244.1,73.8
9120,707.6111111111111,234.22222222222223,72.44444444444444
9121,714.421052631579,325.2631578947368,67.15789473684211
9122,719.6153846153846,328.38461538461536,63.0
9123,714.625,242.375,66.45833333333333
9124,721.0,294.6363636363636,61.09090909090909
9125,723.3913043478261,304.04347826086956,59.47826086956522
9126,734.0,411.0,52.0
9127,735.0909090909091,415.54545454545456,50.81818181818182
9128,722.6875,233.375,60.125
9129,734.6666666666666,406.3333333333333,50.0
9130,723.0,226.33333333333334,59.25
9131,735.5,317.0,50.5
9132,737.6363636363636,338.40909090909093,47.54545454545455
9133,737.952380952381,328.23809523809524,47.61904761904762
9134,741.421052631579,337.05263157894734,44.526315789473685
9135,739.6,298.5,45.85
9136,743.1052631578947,337.6842105263158,42.8421052631579
9137,738.0,210.5,47.5
9138,755.0,399.2857142857143,34.0
9139,744.7,253.55,40.8
9140,748.2,239.2,38.5
9141,762.578947368421,395.94736842105266,27.157894736842106
9142,757.7,324.7,30.466666666666665
9143,761.08,351.28,27.16
9144,755.3333333333334,216.0,33.0
9145,764.75,316.75,25.625
9146,759.3,226.55,28.2
9147,692.7,300.3,85.0
9148,695.2,295.8666666666667,82.53333333333333
9149,695.7096774193549,301.741935483871,81.54838709677419
9150,703.8571428571429,337.2857142857143,76.0
9151,702.9411764705883,293.05882352941177,76.05882352941177
9152,712.3333333333334,329.0,68.44444444444444
9153,710.6551724137931,294.7586206896552,69.58620689655173
9154,709.9166666666666,242.91666666666666,70.16666666666667
9155,715.5833333333334,306.4166666666667,65.20833333333333
9156,711.2777777777778,232.72222222222223,68.55555555555556
9157,730.7727272727273,396.90909090909093,53.45454545454545
9158,724.3333333333334,229.1904761904762,57.666666666666664
9159,737.8275862068965,289.1034482758621,46.689655172413794
9160,743.0416666666666,332.625,42.333333333333336
9161,748.03125,360.25,38.3125
9162,748.3333333333334,296.8888888888889,37.77777777777778
9163,750.125,328.875,36.09375
9164,750.3333333333334,306.4166666666667,36.166666666666664
9165,751.75,300.75,36.0
9166,757.8888888888889,385.22222222222223,30.666666666666668
9167,747.75,243.15625,36.84375
9168,760.0,386.85714285714283,28.523809523809526
9169,748.0,206.0,39.0
9170,754.625,270.875,33.125
9171,768.0,396.0,24.0
9172,761.0,296.0,28.0
9173,767.5,388.0,23.0
9174,763.5,303.0,26.0
9175,764.8333333333334,239.33333333333334,24.333333333333332
9176,764.8181818181819,258.27272727272725,23.0
9177,689.7777777777778,285.3333333333333,86.0
9178,695.35,307.3,82.0
9179,698.5454545454545,325.1818181818182,79.86363636363636
9180,698.0714285714286,305.7857142857143,80.21428571428571
9181,703.0588235294117,306.3235294117647,75.6470588235294
9182,706.7142857142857,327.64285714285717,72.71428571428571
9183,714.65,385.4,66.65
9184,709.4347826086956,305.8695652173913,71.08695652173913
9185,711.3125,317.75,69.0
9186,710.84,306.68,69.28
9187,712.25,297.9166666666667,67.79166666666667
9188,715.8333333333334,334.8333333333333,65.22222222222223
9189,720.6190476190476,322.9047619047619,60.904761904761905
9190,727.9655172413793,394.1034482758621,55.206896551724135
9191,732.0,299.1818181818182,51.90909090909091
9192,734.5384615384615,331.0,49.0
9193,735.0434782608696,299.5652173913044,48.78260869565217
9194,737.9230769230769,303.61538461538464,47.30769230769231
9195,743.6428571428571,368.14285714285717,41.785714285714285
9196,737.0555555555555,257.3888888888889,47.55555555555556
9197,750.0,422.0,36.0
9198,737.5,205.5,47.0
9199,747.875,328.5625,38.4375
9200,754.0,379.0,35.0
9201,755.2,352.48,32.44
9202,758.0,362.8666666666667,28.933333333333334
9203,752.9615384615385,259.2692307692308,32.65384615384615
9204,757.1818181818181,269.72727272727275,29.318181818181817
9205,768.72,364.16,20.6
9206,761.1071428571429,264.7857142857143,25.928571428571427
9207,692.2173913043479,286.7826086956522,83.95652173913044
9208,698.96875,342.0625,78.75
9209,698.0,250.0,80.0
9210,706.3333333333334,321.9166666666667,72.83333333333333
9211,713.0,390.6666666666667,69.0
9212,708.6363636363636,324.90909090909093,71.18181818181819
9213,706.1290322580645,289.7741935483871,72.3225806451613
9214,717.6,396.46666666666664,64.4
9215,705.6875,240.3125,72.5625
9216,722.7647058823529,331.4117647058824,59.294117647058826
9217,722.0952380952381,309.1904761904762,59.523809523809526
9218,719.8,236.8,61.45
9219,732.6,324.0,50.8
9220,745.8181818181819,417.3636363636364,40.27272727272727
9221,743.1111111111111,305.55555555555554,42.55555555555556
9222,755.7,411.2,31.9
9223,748.8333333333334,320.1666666666667,37.05555555555556
9224,758.5,394.6666666666667,30.5
9225,764.5,291.3333333333333,24.0
9226,771.6111111111111,375.6666666666667,18.27777777777778
9227,694.0,322.6666666666667,83.0
9228,693.92,318.44,82.64
9229,695.3913043478261,332.69565217391306,81.65217391304348
9230,695.9545454545455,328.09090909090907,80.9090909090909
9231,698.6,332.45,79.3
9232,696.375,310.4166666666667,80.29166666666667
9233,708.5714285714286,337.57142857142856,71.28571428571429
9234,704.5,291.125,73.83333333333333
9235,709.75,330.7,70.0
9236,703.5,237.0,75.0
9237,719.0,403.0,63.0
9238,708.1176470588235,253.8235294117647,70.47058823529412
9239,718.3461538461538,319.96153846153845,62.46153846153846
9240,715.6666666666666,225.53333333333333,65.13333333333334
9241,716.46875,232.71875,63.4375
9242,716.6969696969697,245.03030303030303,62.63636363636363
9243,724.7368421052631,324.10526315789474,57.31578947368421
9244,729.1428571428571,324.6666666666667,53.523809523809526
9245,725.375,221.25,57.0
9246,740.6470588235294,319.0,43.23529411764706
9247,750.0,412.5,37.0
9248,741.2631578947369,290.42105263157896,42.89473684210526
9249,751.2307692307693,416.84615384615387,35.07692307692308
9250,745.0,213.5,40.0
9251,749.9230769230769,243.53846153846155,34.65384615384615
9252,750.2307692307693,231.30769230769232,34.84615384615385
9253,759.5,317.6,28.1
9254,771.7142857142857,370.14285714285717,17.285714285714285
9255,764.6363636363636,244.72727272727272,22.454545454545453
9256,690.5,294.6666666666667,85.0
9257,693.0769230769231,311.0,83.23076923076923
9258,697.8125,287.53125,78.65625
9259,704.3684210526316,333.7368421052632,73.94736842105263
9260,706.0,309.5,72.45454545454545
9261,708.8,319.36,70.36
9262,716.1578947368421,318.6842105263158,64.26315789473684
9263,717.52,307.72,62.64
9264,724.5238095238095,395.5238095238095,57.57142857142857
9265,719.5263157894736,302.1578947368421,61.05263157894737
9266,721.88,320.04,58.76
9267,720.9285714285714,299.42857142857144,59.5
9268,724.952380952381,330.4761904761905,56.61904761904762
9269,726.24,320.76,55.6
9270,730.0,306.0,53.0
9271,730.7619047619048,293.6190476190476,51.0
9272,728.0,219.5,55.0
9273,739.5714285714286,323.7142857142857,43.95238095238095
9274,747.1666666666666,409.8333333333333,37.916666666666664
9275,738.1818181818181,245.36363636363637,45.45454545454545
9276,744.3076923076923,325.61538461538464,40.0
9277,751.4444444444445,367.22222222222223,34.44444444444444
9278,753.9473684210526,373.57894736842104,31.842105263157894
9279,745.0,222.14285714285714,38.57142857142857
9280,754.5,324.5,33.0
9281,749.8333333333334,248.5,35.291666666666664
9282,759.0,346.0,29.0
9283,750.3529411764706,238.76470588235293,34.470588235294116
9284,755.9375,285.6875,30.125
9285,694.8,340.6,81.0
9286,690.4,280.0285714285714,84.54285714285714
9287,694.074074074074,292.037037037037,80.92592592592592
9288,696.8461538461538,294.1923076923077,79.23076923076923
9289,698.3448275862069,304.7586206896552,78.3103448275862
9290,707.0,245.30769230769232,71.23076923076923
9291,721.6,404.0,60.6
9292,715.52,330.84,64.08
9293,713.5555555555555,299.8888888888889,65.74074074074075
9294,719.304347826087,332.69565217391306,61.130434782608695
9295,718.68,230.92,60.64
9296,739.5294117647059,370.94117647058823,44.11764705882353
9297,737.0,330.88235294117646,46.0
9298,742.2173913043479,392.4782608695652,40.91304347826087
9299,739.6153846153846,331.0769230769231,43.5
9300,741.3333333333334,327.3333333333333,42.333333333333336
9301,739.65,300.0,43.45
9302,744.9487179487179,289.6923076923077,38.666666666666664
9303,746.5,234.41666666666666,37.666666666666664
9304,749.5555555555555,225.38888888888889,34.888888888888886
9305,751.3181818181819,219.36363636363637,33.18181818181818
9306,761.7058823529412,345.05882352941177,25.176470588235293
9307,758.3333333333334,276.6666666666667,28.0
9308,763.125,320.5,23.75
9309,688.2142857142857,275.42857142857144,87.0
9310,692.8125,304.9375,83.25
9311,698.5714285714286,310.42857142857144,78.0
9312,701.6071428571429,331.17857142857144,75.5
9313,698.7142857142857,295.14285714285717,77.35714285714286
9314,698.3,241.1,78.7
9315,709.1428571428571,386.57142857142856,70.14285714285714
9316,701.25,248.5,76.25
9317,709.0,337.67857142857144,69.39285714285714
9318,713.9583333333334,373.75,65.41666666666667
9319,710.9411764705883,322.3529411764706,67.76470588235294
9320,706.7241379310345,267.58620689655174,70.48275862068965
9321,712.5862068965517,319.13793103448273,66.51724137931035
9322,711.8636363636364,308.77272727272725,66.72727272727273
9323,706.7916666666666,239.0,70.625
9324,718.375,392.78125,61.5625
9325,720.0666666666667,396.8666666666667,60.266666666666666
9326,710.1176470588235,238.8235294117647,68.23529411764706
9327,717.1538461538462,296.61538461538464,62.19230769230769
9328,723.0952380952381,303.7142857142857,56.80952380952381
9329,730.7777777777778,401.3333333333333,51.55555555555556
9330,727.3548387096774,332.0967741935484,53.58064516129032
9331,740.8,418.6,43.4
9332,741.3333333333334,348.6666666666667,42.166666666666664
9333,733.8421052631579,248.68421052631578,47.05263157894737
9334,734.6785714285714,253.5,46.607142857142854
9335,749.8888888888889,393.55555555555554,34.94444444444444
9336,744.3461538461538,302.61538461538464,39.53846153846154
9337,743.4193548387096,282.80645161290323,39.83870967741935
9338,755.5,400.0,31.0
9339,743.4285714285714,238.92857142857142,39.642857142857146
9340,749.6,304.6666666666667,34.46666666666667
9341,755.6428571428571,350.9642857142857,29.892857142857142
9342,747.5,216.0,35.833333333333336
9343,756.3103448275862,291.0,28.82758620689655
9344,762.551724137931,362.3103448275862,23.862068965517242
9345,753.6551724137931,219.86206896551724,30.620689655172413
9346,764.125,316.125,23.0
9347,766.0,343.3888888888889,21.0
9348,761.0625,234.75,25.375
9349,688.1,280.3,86.1
9350,703.0625,304.03125,73.4375
9351,713.2,390.6666666666667,66.53333333333333
9352,707.9,301.1,69.75
9353,707.6666666666666,231.9047619047619,69.71428571428571
9354,716.0,324.8888888888889,63.27777777777778
9355,716.0,313.0,64.0
9356,716.6363636363636,224.0,61.59090909090909
9357,717.5,217.5,61.0
9358,728.9444444444445,332.3333333333333,51.611111111111114
9359,730.3333333333334,335.875,50.75
9360,725.1739130434783,224.82608695652175,54.69565217391305
9361,731.9117647058823,292.2352941176471,49.1764705882353
9362,733.1176470588235,305.94117647058823,48.588235294117645
9363,734.2777777777778,294.3888888888889,46.77777777777778
9364,738.6363636363636,346.1818181818182,43.90909090909091
9365,737.1304347826087,295.0869565217391,44.78260869565217
9366,737.5384615384615,290.61538461538464,44.30769230769231
9367,742.5,335.4,40.53333333333333
9368,743.32,330.44,39.88
9369,750.875,408.0,34.5
9370,754.8214285714286,368.7857142857143,30.392857142857142
9371,751.2,297.46666666666664,33.46666666666667
9372,753.875,297.0,31.0
9373,754.7777777777778,305.5,30.444444444444443
9374,748.9090909090909,220.45454545454547,34.72727272727273
9375,756.3076923076923,314.53846153846155,28.923076923076923
9376,751.3214285714286,229.28571428571428,32.57142857142857
9377,751.25,212.5,34.0
9378,760.5,317.1666666666667,25.833333333333332
9379,761.6470588235294,295.05882352941177,24.647058823529413
9380,768.5217391304348,368.0,18.565217391304348
9381,766.5882352941177,281.55882352941177,19.705882352941178
9382,702.8571428571429,387.42857142857144,75.0
9383,701.9285714285714,318.92857142857144,74.32142857142857
9384,706.2857142857143,331.34285714285716,70.88571428571429
9385,711.6,395.4,67.6
9386,705.1,303.6,71.55
9387,716.1111111111111,402.77777777777777,63.888888888888886
9388,703.2666666666667,234.66666666666666,73.0
9389,711.6666666666666,331.18518518518516,66.5925925925926
9390,722.0,404.85714285714283,58.857142857142854
9391,726.45,299.35,53.95
9392,733.24,333.8,48.08
9393,726.7647058823529,217.58823529411765,53.0
9394,746.1,415.7,38.8
9395,736.6666666666666,263.875,44.916666666666664
9396,745.3181818181819,321.72727272727275,38.36363636363637
9397,752.125,416.0,33.125
9398,746.7727272727273,288.6818181818182,36.77272727272727
9399,749.4285714285714,318.3333333333333,34.61904761904762
9400,754.96875,377.84375,30.0625
9401,756.8571428571429,382.85714285714283,28.607142857142858
9402,745.4285714285714,213.57142857142858,37.642857142857146
9403,750.6111111111111,252.38888888888889,33.0
9404,758.5,345.0,27.0
9405,765.0,368.5,22.0
9406,754.64,224.4,29.32
9407,766.2857142857143,319.85714285714283,21.285714285714285
9408,694.4473684210526,321.39473684210526,80.44736842105263
9409,700.0952380952381,326.2857142857143,76.28571428571429
9410,704.0,379.0,74.0
9411,706.0,376.375,71.5
9412,698.0,250.33333333333334,77.77777777777777
9413,703.6923076923077,341.4102564102564,72.51282051282051
9414,713.3333333333334,401.6666666666667,65.33333333333333
9415,713.2777777777778,397.0,65.33333333333333
9416,706.4444444444445,309.6296296296296,70.11111111111111
9417,713.4444444444445,369.1111111111111,65.66666666666667
9418,708.8636363636364,311.8636363636364,68.18181818181819
9419,716.3333333333334,390.6666666666667,63.0
9420,714.074074074074,298.0,63.48148148148148
9421,711.3571428571429,238.25,65.67857142857143
9422,728.5454545454545,412.6818181818182,52.81818181818182
9423,726.4230769230769,319.7692307692308,53.42307692307692
9424,726.5,310.0,54.0
9425,734.6428571428571,403.42857142857144,47.857142857142854
9426,729.0,327.1818181818182,51.39393939393939
9427,728.7083333333334,321.1666666666667,51.458333333333336
9428,737.6666666666666,408.22222222222223,45.111111111111114
9429,733.65625,326.3125,47.3125
9430,742.5,414.0,42.5
9431,726.0,210.0,53.833333333333336
9432,742.1428571428571,418.5,41.5
9433,735.3461538461538,308.84615384615387,45.65384615384615
9434,740.3333333333334,372.3333333333333,41.916666666666664
9435,739.0,304.0,44.0
9436,731.8,213.1,48.2
9437,740.25,315.25,42.0
9438,748.0,417.6666666666667,36.25
9439,739.6428571428571,295.0,42.07142857142857
9440,736.3333333333334,213.66666666666666,45.666666666666664
9441,742.4,296.0,40.04
9442,741.1538461538462,214.46153846153845,40.76923076923077
9443,755.0,409.5,30.0
9444,740.8571428571429,209.14285714285714,41.142857142857146
9445,743.8461538461538,234.23076923076923,38.92307692307692
9446,750.25,327.75,33.5
9447,757.0,390.5,29.333333333333332
9448,750.6190476190476,322.2857142857143,33.285714285714285
9449,758.0,394.7142857142857,28.0
9450,746.7058823529412,239.52941176470588,35.94117647058823
9451,753.3529411764706,322.1764705882353,31.058823529411764
9452,758.4117647058823,390.0,26.647058823529413
9453,757.5416666666666,321.9583333333333,27.416666666666668
9454,753.1818181818181,255.5909090909091,30.772727272727273
9455,761.5,351.75,24.392857142857142
9456,767.44,375.76,19.28
9457,759.7894736842105,274.10526315789474,25.0
9458,763.6,300.0,23.4
9459,761.5454545454545,282.09090909090907,23.818181818181817
9460,764.6666666666666,283.3333333333333,22.0
9461,768.1666666666666,287.0,19.166666666666668
9462,696.6666666666666,324.0833333333333,77.91666666666667
9463,702.2692307692307,324.34615384615387,73.53846153846153
9464,703.1724137931035,335.13793103448273,71.82758620689656
9465,709.7857142857143,388.85714285714283,67.92857142857143
9466,705.7142857142857,293.5238095238095,70.28571428571429
9467,709.0,334.6333333333333,67.66666666666667
9468,709.4642857142857,303.85714285714283,67.42857142857143
9469,718.56,388.68,59.84
9470,709.5555555555555,232.63888888888889,66.55555555555556
9471,722.8636363636364,390.1363636363636,56.68181818181818
9472,718.75,327.9166666666667,59.666666666666664
9473,712.2162162162163,229.83783783783784,64.51351351351352
9474,712.9032258064516,236.74193548387098,63.70967741935484
9475,715.0,228.6,62.4
9476,720.9375,296.5625,57.625
9477,723.4666666666667,310.8,56.06666666666667
9478,725.5263157894736,326.42105263157896,54.26315789473684
9479,722.695652173913,294.4782608695652,56.17391304347826
9480,733.6666666666666,409.0,49.0
9481,720.6923076923077,224.1153846153846,57.38461538461539
9482,731.0,317.0,51.0
9483,729.6,303.3333333333333,50.666666666666664
9484,723.25,213.25,56.0
9485,732.304347826087,319.7826086956522,48.130434782608695
9486,729.0,219.0,51.07692307692308
9487,731.3030303030303,255.5151515151515,48.27272727272727
9488,733.0,262.44827586206895,46.793103448275865
9489,740.125,322.40625,41.375
9490,737.1612903225806,286.0967741935484,43.41935483870968
9491,740.9285714285714,304.14285714285717,41.0
9492,744.6190476190476,305.4761904761905,37.42857142857143
9493,753.7142857142857,396.14285714285717,31.0
9494,743.8918918918919,283.5135135135135,37.54054054054054
9495,746.9375,300.75,36.0
9496,744.6923076923077,218.6153846153846,37.30769230769231
9497,747.1081081081081,253.2972972972973,34.62162162162162
9498,750.0,235.0,34.0
9499,760.4285714285714,357.8095238095238,24.428571428571427
9500,751.1944444444445,226.16666666666666,31.083333333333332
9501,763.8636363636364,355.3181818181818,20.818181818181817
9502,761.0,245.3,23.45
9503,762.5,249.0,21.5
9504,688.7692307692307,292.46153846153845,83.6923076923077
9505,697.0294117647059,337.05882352941177,77.5
9506,696.4545454545455,330.57575757575756,77.51515151515152
9507,716.5294117647059,324.88235294117646,61.05882352941177
9508,713.1034482758621,223.86206896551724,63.55172413793103
9509,715.4074074074074,241.11111111111111,61.44444444444444
9510,732.8571428571429,414.64285714285717,48.92857142857143
9511,719.65,229.55,58.5
9512,723.625,219.25,54.458333333333336
9513,741.3333333333334,412.6666666666667,41.0
9514,733.6296296296297,299.6666666666667,46.592592592592595
9515,734.4444444444445,283.27777777777777,45.47222222222222
9516,748.9333333333333,402.06666666666666,34.53333333333333
9517,735.0,208.25,46.0
9518,748.6071428571429,381.67857142857144,34.42857142857143
9519,741.6666666666666,218.8,39.53333333333333
9520,759.5833333333334,393.4166666666667,25.0
9521,763.0,393.0,24.0
9522,753.921052631579,273.7368421052632,29.0
9523,761.0909090909091,325.27272727272725,23.59090909090909
9524,766.6,386.04,19.68
9525,764.2,328.2,20.533333333333335
9526,765.2,295.9,20.5
9527,764.5,253.83333333333334,20.166666666666668
9528,690.0,300.57142857142856,82.5
9529,701.1666666666666,375.1666666666667,74.66666666666667
9530,702.1333333333333,311.26666666666665,72.83333333333333
9531,703.9583333333334,321.6666666666667,71.25
9532,699.0,236.6875,75.375
9533,710.578947368421,383.05263157894734,66.6842105263158
9534,703.0909090909091,246.36363636363637,72.0
9535,707.3076923076923,296.5897435897436,68.38461538461539
9536,715.8823529411765,399.1764705882353,61.8235294117647
9537,703.7,232.95,71.0
9538,708.0454545454545,227.6818181818182,67.31818181818181
9539,718.4736842105264,306.42105263157896,58.89473684210526
9540,725.8148148148148,392.037037037037,53.25925925925926
9541,720.1290322580645,310.06451612903226,57.32258064516129
9542,718.0454545454545,219.22727272727272,59.40909090909091
9543,723.8421052631579,304.89473684210526,54.526315789473685
9544,719.5714285714286,215.28571428571428,58.0
9545,726.7083333333334,306.6666666666667,52.208333333333336
9546,728.5,316.75,51.25
9547,738.0,416.0,45.0
9548,725.4857142857143,227.62857142857143,52.542857142857144
9549,733.0,316.85714285714283,46.57142857142857
9550,727.2142857142857,224.35714285714286,51.285714285714285
9551,735.7857142857143,325.2142857142857,44.714285714285715
9552,736.625,318.375,44.375
9553,737.90625,335.46875,42.5625
9554,729.0,208.71428571428572,50.0
9555,743.421052631579,298.7368421052632,37.73684210526316
9556,752.4,355.3333333333333,31.0
9557,756.1111111111111,398.0,28.77777777777778
9558,745.5238095238095,223.33333333333334,35.523809523809526
9559,746.25,212.1875,35.125
9560,758.4047619047619,363.7142857142857,24.80952380952381
9561,761.5,346.72222222222223,22.444444444444443
9562,688.5,305.72222222222223,83.58333333333333
9563,693.5357142857143,344.25,79.78571428571429
9564,694.25,304.0833333333333,78.875
9565,699.8157894736842,342.2368421052632,74.5
9566,697.96,308.04,76.32
9567,699.5142857142857,298.8857142857143,74.4
9568,700.7857142857143,246.78571428571428,73.92857142857143
9569,713.695652173913,397.39130434782606,63.43478260869565
9570,710.4074074074074,325.1111111111111,65.62962962962963
9571,705.04,243.68,69.64
9572,711.8333333333334,311.1333333333333,64.53333333333333
9573,713.8636363636364,309.6818181818182,62.77272727272727
9574,718.68,334.0,58.68
9575,718.6470588235294,323.94117647058823,58.05882352941177
9576,721.0666666666667,318.8,56.46666666666667
9577,720.7777777777778,230.92592592592592,56.48148148148148
9578,727.2,299.25,51.75
9579,734.6923076923077,403.53846153846155,45.84615384615385
9580,729.5652173913044,297.6521739130435,49.30434782608695
9581,730.1428571428571,303.2142857142857,48.25
9582,726.9090909090909,210.9090909090909,51.72727272727273
9583,738.0625,349.8125,42.5625
9584,736.8,206.0,43.4
9585,737.4,212.2,43.0
9586,748.4583333333334,247.16666666666666,32.75
9587,748.6666666666666,222.41666666666666,32.0
9588,752.9354838709677,250.09677419354838,29.29032258064516
9589,755.8333333333334,270.5833333333333,25.916666666666668
9590,759.3235294117648,258.2647058823529,23.676470588235293
9591,762.6666666666666,286.6666666666667,22.0
9592,759.4285714285714,240.42857142857142,23.5
9593,687.2666666666667,298.96666666666664,84.06666666666666
9594,690.5555555555555,288.02777777777777,81.44444444444444
9595,696.6666666666666,319.6666666666667,77.0
9596,693.0,244.0,79.0
9597,705.5555555555555,388.44444444444446,69.88888888888889
9598,702.2142857142857,317.57142857142856,72.35714285714286
9599,697.375,248.625,75.8125
9600,705.8636363636364,323.3181818181818,69.36363636363636
9601,707.5,328.27777777777777,68.05555555555556
9602,712.4,386.8,65.0
9603,712.8461538461538,390.7692307692308,64.23076923076923
9604,711.5405405405405,319.86486486486484,64.45945945945945
9605,710.75,304.4642857142857,64.67857142857143
9606,710.4827586206897,296.58620689655174,64.82758620689656
9607,707.0,235.72727272727272,68.0
9608,716.1904761904761,318.2857142857143,60.666666666666664
9609,720.8285714285714,334.62857142857143,56.371428571428574
9610,715.2380952380952,236.04761904761904,61.19047619047619
9611,729.2,414.2,51.0
9612,722.8333333333334,332.6111111111111,54.833333333333336
9613,717.0625,238.75,59.03125
9614,730.0,324.3809523809524,48.476190476190474
9615,733.5483870967741,334.0967741935484,45.67741935483871
9616,734.6666666666666,303.05555555555554,44.666666666666664
9617,736.4285714285714,308.2857142857143,44.0
9618,740.25,347.875,40.041666666666664
9619,746.4285714285714,322.6190476190476,35.19047619047619
9620,740.7,244.55,39.2
9621,743.6875,238.75,37.375
9622,756.8,397.2,26.4
9623,744.5,205.0,37.0
9624,763.5,388.5,21.5
9625,754.2666666666667,259.23333333333335,26.633333333333333
9626,758.5,299.96153846153845,24.5
9627,757.5714285714286,246.0,24.761904761904763
9628,760.25,277.97222222222223,22.444444444444443
9629,763.5,271.0,20.5
9630,684.8,284.8666666666667,85.86666666666666
9631,685.8260869565217,290.04347826086956,84.95652173913044
9632,686.1363636363636,276.3181818181818,84.68181818181819
9633,691.2352941176471,335.1764705882353,81.0
9634,689.3103448275862,295.0,81.6896551724138
9635,692.2666666666667,298.8333333333333,80.4
9636,696.8787878787879,300.90909090909093,75.96969696969697
9637,704.0909090909091,392.54545454545456,70.9090909090909
9638,699.6176470588235,293.88235294117646,73.55882352941177
9639,702.25,326.53125,71.59375
9640,703.2352941176471,297.0,70.94117647058823
9641,715.2222222222222,404.55555555555554,61.833333333333336
9642,711.9130434782609,303.0869565217391,63.08695652173913
9643,715.5,316.0,62.0
9644,714.75,305.2916666666667,61.333333333333336
9645,722.8709677419355,393.51612903225805,55.225806451612904
9646,724.7692307692307,407.9230769230769,53.23076923076923
9647,720.0909090909091,328.04545454545456,57.18181818181818
9648,721.9285714285714,324.64285714285717,55.392857142857146
9649,726.6296296296297,395.44444444444446,51.51851851851852
9650,721.2592592592592,300.4074074074074,55.2962962962963
9651,725.4166666666666,293.02777777777777,51.52777777777778
9652,734.78125,374.40625,44.59375
9653,731.1176470588235,258.11764705882354,46.94117647058823
9654,745.7333333333333,410.46666666666664,35.93333333333333
9655,743.1363636363636,326.1818181818182,37.72727272727273
9656,749.8,411.4,33.0
9657,748.32,360.44,33.44
9658,752.5,371.9642857142857,29.5
9659,749.7179487179487,336.9230769230769,31.28205128205128
9660,754.1666666666666,367.125,27.791666666666668
9661,753.5555555555555,321.44444444444446,28.444444444444443
9662,747.96875,240.5625,32.375
9663,747.0588235294117,215.94117647058823,33.529411764705884
9664,762.8571428571429,383.07142857142856,20.964285714285715
9665,756.9090909090909,293.95454545454544,25.318181818181817
9666,763.6666666666666,371.3333333333333,20.22222222222222
9667,764.5,379.94444444444446,19.27777777777778
9668,763.2083333333334,323.5,20.541666666666668
9669,684.8,294.4,85.0
9670,693.8965517241379,311.62068965517244,78.48275862068965
9671,699.4,335.62857142857143,73.65714285714286
9672,697.1333333333333,291.6666666666667,75.3
9673,700.8571428571429,329.2857142857143,73.14285714285714
9674,699.0344827586207,305.3448275862069,74.20689655172414
9675,698.8461538461538,241.30769230769232,74.38461538461539
9676,706.5,318.3636363636364,68.18181818181819
9677,711.6176470588235,335.11764705882354,62.76470588235294
9678,713.64,330.56,62.12
9679,719.0384615384615,386.8076923076923,57.57692307692308
9680,721.6666666666666,410.3333333333333,56.333333333333336
9681,717.0,320.26666666666665,59.06666666666667
9682,715.88,299.16,59.8
9683,718.4333333333333,301.3333333333333,57.6
9684,727.3846153846154,403.2307692307692,51.07692307692308
9685,731.3333333333334,399.1111111111111,47.77777777777778
9686,720.6153846153846,224.96153846153845,55.42307692307692
9687,728.75,330.25,49.15
9688,728.304347826087,307.4347826086956,48.95652173913044
9689,737.3125,413.125,42.3125
9690,732.3,321.6,46.3
9691,741.8666666666667,417.4,39.0
9692,744.2,389.46666666666664,37.0
9693,733.304347826087,226.91304347826087,45.17391304347826
9694,746.5,398.25,35.0
9695,753.2,404.4,30.0
9696,740.72,223.8,38.44
9697,750.0,300.42857142857144,31.0
9698,756.0,385.8333333333333,26.5
9699,747.4375,231.3125,32.875
9700,764.1578947368421,350.89473684210526,19.263157894736842
9701,765.3076923076923,358.84615384615387,18.46153846153846
9702,766.24,371.68,17.4
9703,761.2142857142857,293.0,21.857142857142858
9704,690.5555555555555,310.6666666666667,81.27777777777777
9705,701.8,383.4,72.8
9706,694.21875,300.1875,77.59375
9707,707.5714285714286,395.7142857142857,67.57142857142857
9708,699.2857142857143,235.71428571428572,73.28571428571429
9709,705.76,306.44,68.28
9710,712.375,325.3333333333333,63.25
9711,715.2592592592592,334.6296296296296,60.074074074074076
9712,722.5,295.75,53.9
9713,724.84,329.08,52.12
9714,724.6818181818181,323.3636363636364,52.0
9715,728.2727272727273,317.90909090909093,49.0
9716,737.2727272727273,418.1818181818182,42.5
9717,736.3448275862069,374.9310344827586,42.62068965517241
9718,738.3870967741935,330.8709677419355,40.83870967741935
9719,746.8,415.93333333333334,34.0
9720,742.2857142857143,315.35714285714283,37.07142857142857
9721,738.6666666666666,262.6111111111111,39.77777777777778
9722,748.75,304.75,32.0
9723,747.0769230769231,225.84615384615384,33.07692307692308
9724,754.0,300.0,29.0
9725,753.2941176470588,252.94117647058823,27.352941176470587
9726,760.9,359.3333333333333,21.266666666666666
9727,762.0,338.1666666666667,21.833333333333332
9728,756.25,252.0,25.208333333333332
9729,760.3076923076923,255.23076923076923,21.53846153846154
9730,689.25,328.125,82.0
9731,686.6764705882352,285.55882352941177,83.5
9732,692.2592592592592,327.55555555555554,79.51851851851852
9733,694.5,249.0,77.4
9734,705.2083333333334,334.4166666666667,68.79166666666667
9735,703.7368421052631,237.21052631578948,69.57894736842105
9736,707.304347826087,299.30434782608694,66.08695652173913
9737,705.125,240.5625,68.25
9738,708.7142857142857,266.32142857142856,65.07142857142857
9739,722.3571428571429,411.64285714285717,54.357142857142854
9740,734.5,330.3333333333333,43.708333333333336
9741,736.25,306.25,42.0
9742,739.6666666666666,319.95238095238096,38.80952380952381
9743,742.7777777777778,320.5925925925926,36.51851851851852
9744,736.7777777777778,229.38888888888889,41.27777777777778
9745,737.6363636363636,224.86363636363637,40.31818181818182
9746,738.0714285714286,216.92857142857142,40.42857142857143
9747,754.0,406.3333333333333,28.0
9748,746.7857142857143,300.85714285714283,33.57142857142857
9749,753.25,392.9,28.25
9750,754.0,387.0,28.0
9751,748.8235294117648,318.6470588235294,31.470588235294116
9752,747.7272727272727,291.6363636363636,32.27272727272727
9753,742.45,214.65,36.35
9754,756.6296296296297,348.55555555555554,25.48148148148148
9755,748.5853658536586,251.58536585365854,30.73170731707317
9756,759.5,343.5,22.5
9757,754.2173913043479,264.8695652173913,25.91304347826087
9758,688.78125,305.5,81.4375
9759,704.5454545454545,384.3636363636364,69.36363636363636
9760,706.0,400.0,67.0
9761,694.7777777777778,237.88888888888889,76.0
9762,707.6428571428571,392.0,66.57142857142857
9763,701.4848484848485,311.8787878787879,70.51515151515152
9764,706.4347826086956,324.0,66.78260869565217
9765,707.8,311.1,66.1
9766,709.2173913043479,330.2173913043478,64.73913043478261
9767,716.0833333333334,407.0833333333333,59.333333333333336
9768,713.6538461538462,299.34615384615387,61.26923076923077
9769,719.0,316.5,58.0
9770,715.0869565217391,231.7826086956522,59.391304347826086
9771,722.3529411764706,310.4117647058824,54.05882352941177
9772,721.1153846153846,227.92307692307693,53.69230769230769
9773,727.1923076923077,291.34615384615387,49.5
9774,723.9,221.3,51.9
9775,729.5,295.25,47.392857142857146
9776,742.6428571428571,412.0,37.214285714285715
9777,733.9230769230769,241.15384615384616,42.92307692307692
9778,750.4444444444445,413.1111111111111,30.666666666666668
9779,738.952380952381,248.52380952380952,39.38095238095238
9780,744.1428571428571,291.57142857142856,34.48571428571429
9781,755.8888888888889,402.55555555555554,26.444444444444443
9782,740.5714285714286,203.14285714285714,38.0
9783,741.7222222222222,222.61111111111111,36.44444444444444
9784,756.421052631579,323.57894736842104,25.0
9785,752.4736842105264,226.52631578947367,27.31578947368421
9786,692.074074074074,339.55555555555554,78.85185185185185
9787,690.3333333333334,308.26666666666665,79.73333333333333
9788,688.05,283.325,81.075
9789,690.5666666666667,292.8,79.36666666666666
9790,696.8095238095239,329.4761904761905,74.52380952380952
9791,703.1666666666666,305.1111111111111,70.05555555555556
9792,714.7647058823529,383.94117647058823,59.55882352941177
9793,710.6666666666666,319.55555555555554,62.48148148148148
9794,704.9230769230769,230.15384615384616,67.84615384615384
9795,717.0,408.8,57.8
9796,723.2352941176471,402.47058823529414,51.76470588235294
9797,730.8461538461538,218.53846153846155,46.0
9798,748.6,416.3,31.9
9799,735.5384615384615,213.6153846153846,41.46153846153846
9800,741.3888888888889,270.27777777777777,36.5
9801,738.4375,229.5,38.875
9802,739.52,234.2,37.96
9803,746.375,295.9375,32.9375
9804,754.6296296296297,381.3703703703704,26.22222222222222
9805,743.6521739130435,218.82608695652175,34.47826086956522
9806,748.0,246.75862068965517,30.379310344827587
9807,749.75,259.6388888888889,29.583333333333332
9808,759.9,327.6,21.6
9809,763.3,363.7,19.2
9810,755.8235294117648,268.7647058823529,23.647058823529413
9811,754.7272727272727,233.0,24.863636363636363
9812,760.0,260.8,21.6
9813,692.3529411764706,344.11764705882354,77.47058823529412
9814,705.2727272727273,391.90909090909093,68.36363636363636
9815,701.84,339.64,70.36
9816,702.4782608695652,326.0869565217391,69.47826086956522
9817,698.6,243.6,72.3
9818,703.0454545454545,300.54545454545456,69.18181818181819
9819,699.5882352941177,234.35294117647058,71.70588235294117
9820,711.24,245.08,61.6
9821,727.12,414.0,49.04
9822,723.1052631578947,303.42105263157896,52.473684210526315
9823,727.4411764705883,335.7647058823529,48.5
9824,731.375,298.25,45.333333333333336
9825,738.0588235294117,380.7647058823529,39.8235294117647
9826,736.9677419354839,343.9032258064516,40.32258064516129
9827,730.3703703703703,260.0,45.333333333333336
9828,737.1578947368421,302.4736842105263,40.63157894736842
9829,739.7727272727273,303.1363636363636,38.59090909090909
9830,749.3333333333334,407.6666666666667,32.0
9831,750.4705882352941,397.52941176470586,30.352941176470587
9832,736.5555555555555,204.55555555555554,40.44444444444444
9833,739.7083333333334,241.70833333333334,37.541666666666664
9834,750.1351351351351,360.6756756756757,28.83783783783784
9835,752.6363636363636,378.0,27.363636363636363
9836,741.8333333333334,209.41666666666666,36.083333333333336
9837,749.9,296.2,30.6
9838,745.8,261.37142857142857,32.42857142857143
9839,756.25,389.15,24.75
9840,751.5263157894736,304.7894736842105,28.57894736842105
9841,752.8888888888889,316.0,27.22222222222222
9842,759.5666666666667,352.2,21.133333333333333
9843,755.35,237.1,23.85
9844,684.3846153846154,281.34615384615387,84.53846153846153
9845,694.24,323.24,76.2
9846,692.3333333333334,290.5833333333333,76.88888888888889
9847,698.9,308.45,71.95
9848,705.5,388.1,67.5
9849,701.7916666666666,331.7083333333333,69.91666666666667
9850,708.7692307692307,379.53846153846155,65.07692307692308
9851,698.8235294117648,249.35294117647058,72.29411764705883
9852,715.75,399.0,60.0
9853,718.6842105263158,403.6842105263158,56.421052631578945
9854,707.8444444444444,245.06666666666666,63.48888888888889
9855,713.2631578947369,294.13157894736844,59.5
9856,710.578947368421,224.94736842105263,61.421052631578945
9857,712.7,220.4,60.4
9858,716.2916666666666,234.5,57.166666666666664
9859,725.2857142857143,334.07142857142856,50.392857142857146
9860,717.6451612903226,215.2258064516129,55.70967741935484
9861,729.8260869565217,328.7826086956522,46.52173913043478
9862,738.0,418.0,41.0
9863,723.0,215.91666666666666,51.583333333333336
9864,731.44,325.96,44.64
9865,730.7272727272727,311.45454545454544,45.27272727272727
9866,734.3,315.5,43.2
9867,727.1666666666666,211.66666666666666,48.0
9868,737.8333333333334,325.19444444444446,39.47222222222222
9869,743.9333333333333,401.1333333333333,34.666666666666664
9870,726.9782608695652,199.7173913043478,45.52173913043478
9871,731.0,207.55555555555554,44.77777777777778
9872,736.452380952381,281.1904761904762,39.714285714285715
9873,747.0,399.6666666666667,32.55555555555556
9874,737.3333333333334,212.0,40.0
9875,739.3,214.6,38.2
9876,739.75,228.33333333333334,36.916666666666664
9877,752.3125,382.375,28.1875
9878,750.2222222222222,326.3888888888889,29.333333333333332
9879,747.5909090909091,237.54545454545453,30.136363636363637
9880,747.5555555555555,233.11111111111111,30.444444444444443
9881,757.24,368.8,22.52
9882,756.3703703703703,290.3703703703704,23.333333333333332
9883,761.4,332.8,20.0
9884,757.925925925926,283.5925925925926,22.11111111111111
9885,762.1875,344.53125,18.40625
9886,688.4444444444445,320.1111111111111,81.22222222222223
9887,689.4722222222222,331.6666666666667,79.52777777777777
9888,697.9411764705883,317.94117647058823,73.11764705882354
9889,696.8666666666667,288.56666666666666,73.4
9890,707.5,401.0,66.0
9891,708.6428571428571,392.2857142857143,64.71428571428571
9892,708.2,383.5,64.8
9893,700.6875,241.375,70.0
9894,710.40625,295.53125,61.59375
9895,706.7575757575758,229.4848484848485,64.63636363636364
9896,722.3529411764706,396.29411764705884,52.8235294117647
9897,710.5,239.83333333333334,61.583333333333336
9898,716.75,296.21875,56.71875
9899,721.8571428571429,332.75,52.57142857142857
9900,722.9666666666667,298.3666666666667,51.56666666666667
9901,726.0,324.39130434782606,49.47826086956522
9902,731.1904761904761,398.95238095238096,45.38095238095238
9903,741.5714285714286,386.42857142857144,37.42857142857143
9904,729.1333333333333,213.53333333333333,46.266666666666666
9905,733.6428571428571,276.7857142857143,42.0
9906,739.7352941176471,330.29411764705884,37.470588235294116
9907,737.6875,253.65625,38.40625
9908,750.9090909090909,409.0,29.181818181818183
9909,750.6363636363636,352.27272727272725,28.424242424242426
9910,753.5384615384615,327.84615384615387,26.46153846153846
9911,758.5,388.65,21.9
9912,748.1935483870968,228.83870967741936,29.225806451612904
9913,749.0322580645161,221.83870967741936,29.06451612903226
9914,759.7142857142857,343.2857142857143,20.642857142857142
9915,681.4347826086956,275.0869565217391,85.82608695652173
9916,681.6896551724138,269.3103448275862,85.65517241379311
9917,691.375,321.9583333333333,78.5
9918,699.625,375.25,72.25
9919,701.2,377.1,70.0
9920,695.6086956521739,244.91304347826087,74.3913043478261
9921,707.5,387.5,66.0
9922,704.0,311.9,67.45
9923,705.2962962962963,307.1111111111111,66.33333333333333
9924,701.625,232.0,68.875
9925,704.2777777777778,239.33333333333334,66.72222222222223
9926,716.2448979591836,393.9591836734694,56.87755102040816
9927,712.1304347826087,326.3478260869565,60.26086956521739
9928,705.8076923076923,235.3846153846154,64.84615384615384
9929,711.2608695652174,234.82608695652175,60.65217391304348
9930,716.4444444444445,306.05555555555554,57.0
9931,715.8571428571429,229.42857142857142,56.61904761904762
9932,733.2424242424242,321.2121212121212,42.515151515151516
9933,739.875,406.125,37.0
9934,734.0588235294117,302.05882352941177,42.529411764705884
9935,742.3333333333334,355.93939393939394,35.09090909090909
9936,732.6666666666666,217.66666666666666,42.888888888888886
9937,738.3448275862069,266.0344827586207,37.51724137931034
9938,742.25,317.6875,34.5
9939,738.9444444444445,219.83333333333334,37.5
9940,748.9,292.5,29.5
9941,754.1,259.3666666666667,23.5
9942,756.0588235294117,273.29411764705884,22.0
9943,681.0526315789474,281.3157894736842,85.94736842105263
9944,695.0512820512821,337.20512820512823,74.17948717948718
9945,697.8571428571429,340.35714285714283,72.35714285714286
9946,698.8636363636364,320.09090909090907,71.4090909090909
9947,705.0555555555555,382.72222222222223,66.5
9948,695.2941176470588,235.47058823529412,74.05882352941177
9949,710.0,401.0,63.0
9950,703.5555555555555,302.77777777777777,67.14814814814815
9951,705.3913043478261,318.5217391304348,65.56521739130434
9952,709.5357142857143,311.82142857142856,62.357142857142854
9953,710.7692307692307,319.15384615384613,60.65384615384615
9954,713.5652173913044,326.2608695652174,58.69565217391305
9955,720.7058823529412,400.88235294117646,53.705882352941174
9956,713.2631578947369,304.10526315789474,59.26315789473684
9957,715.6666666666666,329.7916666666667,57.375
9958,718.5263157894736,305.1578947368421,55.05263157894737
9959,715.8666666666667,221.0,56.666666666666664
9960,723.75,304.3125,49.9375
9961,726.3636363636364,316.27272727272725,47.90909090909091
9962,728.4090909090909,318.6363636363636,46.54545454545455
9963,728.8636363636364,303.1363636363636,46.40909090909091
9964,731.3333333333334,335.2916666666667,43.75
9965,728.92,292.36,45.32
9966,734.0769230769231,325.88461538461536,41.5
9967,727.304347826087,223.7826086956522,46.47826086956522
9968,742.1666666666666,407.6666666666667,36.0
9969,742.875,417.1875,34.375
9970,745.8333333333334,403.6666666666667,32.833333333333336
9971,736.8787878787879,272.8484848484849,38.60606060606061
9972,734.3636363636364,208.8181818181818,41.18181818181818
9973,745.3333333333334,227.73333333333332,30.933333333333334
9974,749.9090909090909,257.5,27.272727272727273
9975,748.9310344827586,238.13793103448276,27.517241379310345
9976,761.8787878787879,374.6666666666667,18.0
9977,687.3103448275862,325.7241379310345,80.65517241379311
9978,692.9565217391304,334.5217391304348,75.8695652173913
9979,690.7352941176471,295.7352941176471,77.44117647058823
9980,692.625,309.6875,77.0
9981,695.5,318.0,75.0
9982,694.8888888888889,307.8888888888889,75.27777777777777
9983,695.1935483870968,323.2903225806452,73.93548387096774
9984,693.8888888888889,241.22222222222223,75.0
9985,697.90625,300.3125,71.34375
9986,696.0,239.77777777777777,72.88888888888889
9987,700.6666666666666,309.73333333333335,68.83333333333333
9988,703.1851851851852,334.6296296296296,66.74074074074075
9989,711.2307692307693,404.0,60.51282051282051
9990,708.8,329.56,62.56
9991,714.1071428571429,388.5,58.464285714285715
9992,703.25,234.4375,67.25
9993,707.421052631579,225.26315789473685,62.89473684210526
9994,714.875,312.375,57.75
9995,724.625,406.875,50.0
9996,717.1428571428571,312.0,55.714285714285715
9997,723.952380952381,319.7142857142857,49.80952380952381
9998,724.6521739130435,300.5652173913044,48.69565217391305
9999,719.6111111111111,219.38888888888889,53.05555555555556
10000,729.4,307.8,46.0
10001,722.5,212.0,51.0
10002,729.3846153846154,315.6923076923077,44.69230769230769
10003,730.2051282051282,283.7435897435897,43.38461538461539
10004,726.8,207.4,47.6
10005,743.4285714285714,407.0,33.857142857142854
10006,731.4,211.8,42.86666666666667
10007,744.8214285714286,368.92857142857144,32.5
10008,744.578947368421,363.05263157894734,32.78947368421053
10009,737.0714285714286,258.89285714285717,37.57142857142857
10010,736.5,206.0,38.5
10011,743.2162162162163,282.8918918918919,32.7027027027027
10012,752.8,392.6,25.866666666666667
10013,751.6666666666666,301.05555555555554,26.77777777777778
10014,749.1891891891892,232.35135135135135,27.0
10015,754.0384615384615,249.6153846153846,23.076923076923077
10016,754.6296296296297,242.40740740740742,23.14814814814815
10017,757.4666666666667,249.93333333333334,21.333333333333332
10018,677.5,268.0,87.0
10019,684.8181818181819,279.8636363636364,82.54545454545455
10020,691.3611111111111,339.3888888888889,76.47222222222223
10021,702.4,329.73333333333335,67.56666666666666
10022,709.1666666666666,394.0,63.0
10023,708.1333333333333,377.0,63.333333333333336
10024,709.1111111111111,385.44444444444446,62.833333333333336
10025,703.08,296.56,67.08
10026,699.85,236.7,69.6
10027,707.4166666666666,300.4166666666667,63.25
10028,710.2083333333334,306.625,61.166666666666664
10029,712.4761904761905,319.5238095238095,58.95238095238095
10030,712.6363636363636,309.72727272727275,59.27272727272727
10031,713.6666666666666,334.4583333333333,57.958333333333336
10032,723.3,411.6,51.2
10033,718.1538461538462,331.38461538461536,54.34615384615385
10034,718.2272727272727,320.6363636363636,54.59090909090909
10035,719.3793103448276,336.55172413793105,53.41379310344828
10036,724.1,391.7,50.0
10037,724.8,396.6666666666667,49.6
10038,719.8333333333334,307.3888888888889,53.05555555555556
10039,728.8571428571429,403.7142857142857,46.142857142857146
10040,716.8076923076923,229.53846153846155,54.73076923076923
10041,718.6944444444445,234.91666666666666,52.638888888888886
10042,731.2142857142857,306.07142857142856,43.92857142857143
10043,733.3076923076923,333.0,41.84615384615385
10044,742.6666666666666,388.8333333333333,34.833333333333336
10045,733.9375,274.0625,40.625
10046,746.0526315789474,324.05263157894734,31.157894736842106
10047,755.1666666666666,393.8333333333333,24.0
10048,742.3333333333334,224.52380952380952,33.476190476190474
10049,753.25,384.3333333333333,24.291666666666668
10050,747.7894736842105,266.63157894736844,28.86842105263158
10051,754.0,332.4,25.0
10052,756.8695652173913,357.2608695652174,22.52173913043478
10053,749.741935483871,242.51612903225808,26.387096774193548
10054,759.0,348.0,20.0
10055,751.9583333333334,247.0,25.291666666666668
10056,761.9411764705883,355.0,17.294117647058822
10057,687.96,342.68,79.52
10058,686.8125,300.125,80.9375
10059,696.8421052631579,312.89473684210526,71.57894736842105
10060,703.0,374.7368421052632,67.10526315789474
10061,700.3913043478261,319.5652173913044,69.21739130434783
10062,705.8571428571429,375.42857142857144,65.07142857142857
10063,701.5,323.72727272727275,67.72727272727273
10064,707.4545454545455,388.90909090909093,63.72727272727273
10065,706.9310344827586,323.51724137931035,63.51724137931034
10066,712.7586206896551,399.2068965517241,58.44827586206897
10067,715.5,404.0,58.0
10068,707.0869565217391,306.82608695652175,63.391304347826086
10069,716.6666666666666,388.0,55.94444444444444
10070,717.8695652173913,396.8695652173913,54.69565217391305
10071,715.2,321.05,56.1
10072,716.7241379310345,326.0,54.96551724137931
10073,718.2380952380952,295.6666666666667,53.80952380952381
10074,724.0,310.75,50.0
10075,726.1538461538462,326.46153846153845,47.42307692307692
10076,729.7241379310345,341.17241379310343,44.51724137931034
10077,731.5,298.0,44.0
10078,728.9473684210526,221.68421052631578,44.26315789473684
10079,739.1071428571429,324.0,36.57142857142857
10080,731.6470588235294,223.41176470588235,42.1764705882353
10081,749.1666666666666,403.8333333333333,29.166666666666668
10082,737.55,245.8,37.1
10083,737.4,209.8,37.8
10084,751.8333333333334,398.6111111111111,26.38888888888889
10085,743.6666666666666,288.55555555555554,32.5
10086,739.0,218.38888888888889,35.666666666666664
10087,750.6666666666666,374.55555555555554,26.27777777777778
10088,748.0,313.8,29.6
10089,744.0555555555555,237.44444444444446,31.61111111111111
10090,751.5714285714286,320.0,26.0
10091,755.6785714285714,381.5,22.25
10092,745.0,215.0,32.0
10093,746.3076923076923,241.80769230769232,29.423076923076923
10094,751.4166666666666,274.4583333333333,25.666666666666668
10095,748.9583333333334,249.41666666666666,26.583333333333332
10096,754.4705882352941,273.7647058823529,23.941176470588236
10097,754.15,254.1,22.55
10098,757.68,276.92,19.56
10099,681.75,299.4375,84.0
10100,686.5454545454545,346.3636363636364,80.0
10101,684.7826086956521,301.7826086956522,82.34782608695652
10102,687.5135135135135,303.3243243243243,79.08108108108108
10103,692.0769230769231,329.46153846153845,76.3076923076923
10104,698.0,391.6666666666667,71.0
10105,701.1818181818181,382.27272727272725,68.72727272727273
10106,695.16,296.76,73.16
10107,706.6153846153846,333.46153846153845,64.0
10108,704.5555555555555,267.77777777777777,66.0
10109,718.1666666666666,391.2916666666667,54.375
10110,713.4615384615385,300.9230769230769,57.73076923076923
10111,711.4615384615385,239.23076923076923,58.96153846153846
10112,725.5294117647059,401.70588235294116,48.705882352941174
10113,719.1304347826087,325.7391304347826,52.82608695652174
10114,711.7058823529412,224.94117647058823,58.1764705882353
10115,711.4,218.32,58.36
10116,713.7083333333334,239.20833333333334,56.708333333333336
10117,719.2222222222222,301.94444444444446,53.05555555555556
10118,713.1428571428571,224.1904761904762,56.476190476190474
10119,732.7142857142857,417.85714285714283,43.0
10120,722.8333333333334,295.76666666666665,49.63333333333333
10121,730.0322580645161,377.80645161290323,44.0
10122,724.6875,294.5625,48.0
10123,725.65,307.25,47.25
10124,721.9565217391304,233.69565217391303,50.0
10125,728.6896551724138,330.3448275862069,44.48275862068966
10126,729.5294117647059,321.11764705882354,44.1764705882353
10127,724.0,223.0,48.0
10128,740.3333333333334,415.3333333333333,37.0
10129,740.8888888888889,413.8888888888889,35.111111111111114
10130,735.5263157894736,330.5263157894737,39.526315789473685
10131,729.4615384615385,215.53846153846155,43.92307692307692
10132,744.0,414.9,32.3
10133,743.421052631579,392.2631578947368,32.68421052631579
10134,745.5555555555555,408.3333333333333,31.444444444444443
10135,745.3333333333334,413.1111111111111,31.0
10136,733.3913043478261,234.34782608695653,40.391304347826086
10137,739.7777777777778,299.94444444444446,35.833333333333336
10138,741.1785714285714,323.75,34.607142857142854
10139,737.4444444444445,250.55555555555554,36.51851851851852
10140,748.7083333333334,318.75,28.0
10141,740.5,215.11111111111111,34.22222222222222
10142,752.5,376.72222222222223,24.38888888888889
10143,748.0,276.5,29.0
10144,748.48,253.32,27.4
10145,751.1666666666666,255.36666666666667,24.566666666666666
10146,751.0454545454545,236.4090909090909,25.09090909090909
10147,682.8076923076923,290.96153846153845,83.26923076923077
10148,685.5652173913044,331.39130434782606,80.73913043478261
10149,687.3793103448276,285.7931034482759,78.75862068965517
10150,700.5263157894736,374.57894736842104,68.36842105263158
10151,697.7777777777778,335.44444444444446,70.51851851851852
10152,694.2857142857143,248.23809523809524,72.76190476190476
10153,708.4333333333333,390.4,61.63333333333333
10154,709.8666666666667,397.8,61.4
10155,698.7272727272727,232.0909090909091,69.81818181818181
10156,706.35,318.15,63.25
10157,708.8260869565217,324.39130434782606,61.26086956521739
10158,709.0571428571428,301.14285714285717,60.6
10159,709.8125,230.875,59.46875
10160,716.2777777777778,221.83333333333334,54.44444444444444
10161,739.5,382.5,36.25
10162,727.2857142857143,207.85714285714286,46.0
10163,741.5,384.5,35.0
10164,730.5,206.16666666666666,43.0
10165,733.9047619047619,228.28571428571428,39.57142857142857
10166,734.9166666666666,219.16666666666666,38.458333333333336
10167,751.4666666666667,386.8,25.933333333333334
10168,750.3636363636364,369.5,26.363636363636363
10169,742.64,256.56,32.16
10170,747.1666666666666,299.8333333333333,29.25
10171,745.2727272727273,223.0,30.09090909090909
10172,747.4,245.46666666666667,27.666666666666668
10173,757.0,333.0,22.0
10174,758.0,339.0,19.0
10175,760.375,369.5625,17.5625
10176,752.8,264.2,23.36
10177,752.0,227.75,24.75
10178,679.0,272.0,87.0
10179,680.6774193548387,286.7096774193548,84.38709677419355
10180,688.5757575757576,334.75757575757575,77.63636363636364
10181,688.6666666666666,307.5833333333333,77.33333333333333
10182,693.4444444444445,308.44444444444446,73.51851851851852
10183,701.375,386.875,68.25
10184,691.8888888888889,246.88888888888889,74.77777777777777
10185,697.625,324.25,70.0
10186,701.4285714285714,379.42857142857144,67.42857142857143
10187,696.4666666666667,294.6666666666667,71.4
10188,698.3461538461538,304.61538461538464,70.11538461538461
10189,696.5333333333333,248.4,70.86666666666666
10190,696.45,238.0,70.8
10191,697.4761904761905,252.9047619047619,70.28571428571429
10192,702.96875,329.125,65.5625
10193,699.6842105263158,244.57894736842104,68.26315789473684
10194,713.5925925925926,384.6296296296296,57.18518518518518
10195,726.0,407.5,47.0
10196,721.0588235294117,326.3529411764706,51.0
10197,724.7931034482758,321.48275862068965,47.44827586206897
10198,725.125,331.4166666666667,47.208333333333336
10199,732.3846153846154,411.0769230769231,41.61538461538461
10200,730.6666666666666,372.9166666666667,42.916666666666664
10201,719.7692307692307,220.23076923076923,51.0
10202,727.7142857142857,301.7142857142857,44.857142857142854
10203,739.4705882352941,389.29411764705884,35.705882352941174
10204,733.3076923076923,306.9230769230769,40.46153846153846
10205,734.6,302.85,39.05
10206,731.9473684210526,219.52631578947367,40.63157894736842
10207,736.6666666666666,277.05555555555554,36.916666666666664
10208,741.9,320.7,32.733333333333334
10209,735.85,225.9,37.6
10210,737.6666666666666,255.44444444444446,35.94444444444444
10211,741.7037037037037,298.4074074074074,33.18518518518518
10212,739.5769230769231,264.0769230769231,34.69230769230769
10213,755.4,394.0,21.85
10214,745.95,256.0,29.25
10215,750.8,304.6,25.4
10216,755.2941176470588,346.2352941176471,22.058823529411764
10217,758.5,386.0,20.0
10218,757.75,326.25,20.0
10219,685.8214285714286,337.17857142857144,80.07142857142857
10220,687.4444444444445,325.18518518518516,78.70370370370371
10221,689.6315789473684,324.10526315789474,76.6842105263158
10222,693.5714285714286,254.0,73.71428571428571
10223,703.8,390.0,65.0
10224,695.2,233.6,72.0
10225,701.65625,319.96875,66.4375
10226,707.0,381.5,62.5
10227,699.7272727272727,240.0909090909091,67.9090909090909
10228,708.3235294117648,283.70588235294116,60.55882352941177
10229,720.0,408.0,53.0
10230,714.6923076923077,301.53846153846155,55.57692307692308
10231,715.6666666666666,317.0,54.833333333333336
10232,711.4705882352941,244.1764705882353,58.0
10233,711.1315789473684,230.6578947368421,57.473684210526315
10234,722.4814814814815,328.22222222222223,48.81481481481482
10235,726.3103448275862,335.2413793103448,45.55172413793103
10236,733.0625,417.5625,40.9375
10237,725.7777777777778,296.55555555555554,46.22222222222222
10238,727.0,285.969696969697,44.484848484848484
10239,730.2608695652174,327.9130434782609,42.391304347826086
10240,724.4,215.8,46.2
10241,734.4,334.2,39.2
10242,730.8235294117648,279.11764705882354,42.05882352941177
10243,738.5384615384615,330.5,34.96153846153846
10244,745.8461538461538,399.61538461538464,29.846153846153847
10245,734.5333333333333,214.06666666666666,38.2
10246,748.7272727272727,394.6363636363636,27.636363636363637
10247,747.75,374.375,28.0
10248,737.1,213.9,36.1
10249,742.96,231.36,31.48
10250,753.5909090909091,386.6818181818182,22.40909090909091
10251,752.71875,350.0625,23.875
10252,750.3333333333334,323.8333333333333,25.0
10253,747.1875,270.5625,27.375
10254,756.5,381.3,19.7
10255,752.1,293.9,24.5
10256,757.7,372.4,19.4
10257,754.2916666666666,293.7916666666667,21.541666666666668
10258,755.0,278.6,22.0
10259,679.5333333333333,292.0,84.66666666666667
10260,683.3636363636364,324.72727272727275,82.0
10261,683.5,306.25,82.0
10262,693.0,302.5,75.0
10263,691.3571428571429,304.2142857142857,74.78571428571429
10264,690.8571428571429,295.17857142857144,74.89285714285714
10265,694.6052631578947,328.55263157894734,72.42105263157895
10266,693.7666666666667,303.03333333333336,72.53333333333333
10267,690.5,238.5,76.5
10268,703.6666666666666,394.46666666666664,65.66666666666667
10269,699.3333333333334,333.93333333333334,68.26666666666667
10270,706.25,397.6875,63.25
10271,698.96875,298.59375,68.40625
10272,703.6521739130435,309.3478260869565,64.21739130434783
10273,707.0416666666666,336.25,62.083333333333336
10274,708.1851851851852,330.55555555555554,60.77777777777778
10275,701.6666666666666,229.43333333333334,65.4
10276,710.0454545454545,329.22727272727275,58.86363636363637
10277,712.3809523809524,318.04761904761904,56.904761904761905
10278,713.9354838709677,294.741935483871,55.41935483870968
10279,716.0526315789474,311.7894736842105,53.8421052631579
10280,723.4516129032259,393.2903225806452,47.645161290322584
10281,716.7222222222222,224.33333333333334,53.0
10282,726.6666666666666,325.3888888888889,45.05555555555556
10283,730.55,377.2,42.0
10284,721.1,212.8,49.0
10285,729.3928571428571,317.39285714285717,42.5
10286,740.5294117647059,411.47058823529414,33.76470588235294
10287,745.9333333333333,394.06666666666666,29.533333333333335
10288,738.421052631579,292.9736842105263,34.55263157894737
10289,735.8823529411765,231.11764705882354,36.44117647058823
10290,738.1904761904761,223.0,35.19047619047619
10291,737.7777777777778,209.44444444444446,36.0
10292,753.9,376.45,22.15
10293,751.7894736842105,319.89473684210526,23.57894736842105
10294,756.5,362.625,20.875
10295,759.1428571428571,381.42857142857144,18.142857142857142
10296,753.0,285.5,22.857142857142858
10297,760.5714285714286,364.57142857142856,16.428571428571427
10298,677.2307692307693,278.7692307692308,86.0
10299,682.8636363636364,293.95454545454544,81.77272727272727
10300,681.6176470588235,285.70588235294116,82.5
10301,685.3333333333334,298.037037037037,79.33333333333333
10302,689.12,303.24,75.72
10303,691.3333333333334,325.73333333333335,74.63333333333334
10304,696.2727272727273,329.0,70.0
10305,704.2307692307693,385.46153846153845,64.46153846153847
10306,705.7647058823529,373.5882352941176,62.705882352941174
10307,701.5769230769231,312.11538461538464,65.53846153846153
10308,703.25,302.1666666666667,64.58333333333333
10309,700.1428571428571,248.42857142857142,66.92857142857143
10310,711.75,306.75,57.42857142857143
10311,707.1428571428571,236.1904761904762,60.95238095238095
10312,713.8095238095239,332.14285714285717,55.57142857142857
10313,711.4347826086956,294.5217391304348,57.30434782608695
10314,714.15,308.65,55.55
10315,719.4,310.8,51.1
10316,719.5925925925926,238.14814814814815,49.74074074074074
10317,718.9333333333333,213.93333333333334,50.666666666666664
10318,733.8888888888889,406.0,39.888888888888886
10319,736.0,418.0,39.0
10320,724.7272727272727,220.0909090909091,45.90909090909091
10321,742.9375,399.5,32.25
10322,740.2222222222222,376.5925925925926,33.44444444444444
10323,735.7222222222222,301.72222222222223,36.833333333333336
10324,746.0,411.375,29.0625
10325,728.3846153846154,198.46153846153845,41.0
10326,746.9,407.0,28.9
10327,732.952380952381,209.42857142857142,38.57142857142857
10328,744.0833333333334,296.4166666666667,30.125
10329,744.9090909090909,317.3636363636364,29.0
10330,745.0,305.0,30.0
10331,750.5,354.82142857142856,25.142857142857142
10332,741.3571428571429,217.78571428571428,32.214285714285715
10333,752.7692307692307,371.9230769230769,22.846153846153847
10334,752.0,326.7142857142857,23.142857142857142
10335,759.0,331.0,18.0
10336,755.75,258.0,19.25
10337,687.3333333333334,312.6666666666667,78.0
10338,692.52,332.32,73.36
10339,691.0909090909091,300.04545454545456,73.72727272727273
10340,697.4705882352941,374.29411764705884,69.82352941176471
10341,701.3333333333334,393.0,67.33333333333333
10342,697.8666666666667,339.8333333333333,68.56666666666666
10343,698.2916666666666,293.0416666666667,67.91666666666667
10344,700.0,308.2857142857143,67.0952380952381
10345,703.2,335.52,64.48
10346,697.9166666666666,249.41666666666666,68.83333333333333
10347,704.2258064516129,327.3225806451613,63.516129032258064
10348,707.5882352941177,377.1470588235294,60.61764705882353
10349,709.5833333333334,386.1666666666667,58.916666666666664
10350,700.0,230.0,67.0
10351,700.4705882352941,236.7058823529412,66.29411764705883
10352,709.3076923076923,297.46153846153845,58.69230769230769
10353,711.8571428571429,324.0,56.80952380952381
10354,718.7142857142857,304.85714285714283,51.07142857142857
10355,712.3529411764706,216.47058823529412,55.705882352941174
10356,729.1818181818181,403.09090909090907,43.45454545454545
10357,731.0,407.0,41.0
10358,720.4705882352941,220.23529411764707,49.05882352941177
10359,723.2,245.36,46.92
10360,728.1818181818181,310.3636363636364,43.54545454545455
10361,734.5555555555555,388.6111111111111,38.666666666666664
10362,735.8181818181819,412.45454545454544,37.27272727272727
10363,729.3809523809524,305.4761904761905,42.38095238095238
10364,739.6666666666666,403.3333333333333,34.666666666666664
10365,729.2666666666667,240.8,42.13333333333333
10366,741.5,386.7857142857143,32.285714285714285
10367,740.5121951219512,339.7073170731707,32.41463414634146
10368,742.9047619047619,318.5238095238095,30.61904761904762
10369,741.6666666666666,292.8888888888889,31.444444444444443
10370,742.2222222222222,285.72222222222223,30.583333333333332
10371,739.1428571428571,220.92857142857142,33.357142857142854
10372,747.375,322.375,26.9375
10373,758.047619047619,358.9047619047619,18.0
10374,756.4285714285714,268.14285714285717,18.5
10375,681.2222222222222,309.55555555555554,82.61111111111111
10376,685.6666666666666,320.3333333333333,78.33333333333333
10377,685.3529411764706,308.88235294117646,78.82352941176471
10378,690.25,310.5,75.625
10379,690.8888888888889,320.0,74.88888888888889
10380,701.0909090909091,390.09090909090907,66.18181818181819
10381,698.2413793103449,326.9655172413793,68.48275862068965
10382,703.1666666666666,380.6111111111111,63.888888888888886
10383,694.5333333333333,243.13333333333333,71.13333333333334
10384,698.4545454545455,235.1818181818182,67.63636363636364
10385,708.8095238095239,334.95238095238096,59.0
10386,708.8571428571429,312.3333333333333,59.38095238095238
10387,719.5217391304348,397.4347826086956,50.69565217391305
10388,728.6,415.3333333333333,43.13333333333333
10389,720.5217391304348,310.2173913043478,49.130434782608695
10390,729.9,386.45,41.85
10391,733.2941176470588,396.1764705882353,38.94117647058823
10392,727.7407407407408,295.6296296296296,42.7037037037037
10393,736.0,393.625,37.0
10394,739.75,392.8125,33.5
10395,734.9166666666666,325.75,37.375
10396,731.9565217391304,278.30434782608694,39.52173913043478
10397,727.0,208.33333333333334,44.0
10398,729.6666666666666,234.88888888888889,41.22222222222222
10399,743.4285714285714,363.2857142857143,30.642857142857142
10400,743.2,367.75,30.5
10401,735.3181818181819,262.6363636363636,36.31818181818182
10402,749.8,380.0,25.6
10403,746.5294117647059,327.5882352941176,27.529411764705884
10404,748.4166666666666,295.6666666666667,25.416666666666668
10405,756.0,375.8333333333333,20.166666666666668
10406,757.0714285714286,376.85714285714283,18.0
10407,748.0,224.0,26.0
10408,755.8571428571429,290.14285714285717,20.0
10409,677.8,272.6,84.56666666666666
10410,678.8181818181819,277.1818181818182,83.81818181818181
10411,686.6923076923077,339.61538461538464,77.5
10412,682.9473684210526,288.2631578947368,79.73684210526316
10413,686.7272727272727,329.57575757575756,76.51515151515152
10414,686.5,299.625,77.875
10415,691.1935483870968,340.3225806451613,74.09677419354838
10416,691.1818181818181,239.1818181818182,73.81818181818181
10417,701.5,377.25,65.35
10418,691.8181818181819,242.9090909090909,72.9090909090909
10419,703.3636363636364,393.09090909090907,64.0
10420,702.047619047619,322.85714285714283,64.76190476190476
10421,696.90625,253.1875,67.5625
10422,704.5833333333334,312.7916666666667,62.75
10423,712.1333333333333,402.06666666666666,56.8
10424,705.48,310.16,61.44
10425,711.9333333333333,390.73333333333335,56.43333333333333
10426,702.6,226.2,63.4
10427,717.3846153846154,395.3076923076923,52.42307692307692
10428,705.6470588235294,222.64705882352942,61.05882352941177
10429,721.1111111111111,413.55555555555554,49.333333333333336
10430,717.0869565217391,330.0,52.26086956521739
10431,714.952380952381,300.6190476190476,53.61904761904762
10432,712.5833333333334,229.41666666666666,55.333333333333336
10433,718.35,299.1,51.2
10434,713.4137931034483,238.75862068965517,54.44827586206897
10435,720.0,317.5,50.0
10436,720.8888888888889,322.44444444444446,48.666666666666664
10437,729.0,410.0,43.0
10438,730.5217391304348,395.30434782608694,40.65217391304348
10439,724.7619047619048,320.1904761904762,44.857142857142854
10440,730.46875,376.53125,40.28125
10441,738.1428571428571,409.2857142857143,35.714285714285715
10442,730.0,302.74285714285713,40.51428571428571
10443,725.6363636363636,229.27272727272728,44.13636363636363
10444,741.5,410.0,31.833333333333332
10445,729.9230769230769,208.92307692307693,40.92307692307692
10446,734.9090909090909,240.36363636363637,36.72727272727273
10447,736.8125,267.5625,35.25
10448,747.4285714285714,398.85714285714283,27.285714285714285
10449,747.9411764705883,291.05882352941177,25.529411764705884
10450,754.3333333333334,372.0833333333333,20.583333333333332
10451,745.1176470588235,223.58823529411765,27.529411764705884
10452,757.4666666666667,363.3333333333333,18.266666666666666
10453,749.0,251.2,24.2
10454,759.2,359.6,16.0
10455,752.6666666666666,260.3333333333333,20.75
10456,683.6923076923077,292.38461538461536,79.26923076923077
10457,693.75,383.5,73.25
10458,695.0,320.8,71.5
10459,694.84375,339.34375,70.5
10460,695.6538461538462,311.11538461538464,69.57692307692308
10461,700.6315789473684,370.2631578947368,65.57894736842105
10462,695.0344827586207,290.3448275862069,69.58620689655173
10463,702.5384615384615,372.84615384615387,64.3076923076923
10464,696.5294117647059,241.64705882352942,68.94117647058823
10465,707.12,382.64,59.88
10466,710.6666666666666,328.1111111111111,57.05555555555556
10467,708.0,237.1875,59.0
10468,726.1666666666666,402.5,44.833333333333336
10469,726.3666666666667,373.8,44.166666666666664
10470,725.0,316.5,46.0
10471,718.6875,224.625,49.875
10472,724.7586206896551,257.7241379310345,44.724137931034484
10473,730.5652173913044,329.4347826086956,40.47826086956522
10474,725.0,247.2,45.0
10475,733.5,331.44444444444446,37.72222222222222
10476,741.5,324.9,31.3
10477,743.9655172413793,349.41379310344826,28.551724137931036
10478,746.1666666666666,368.5416666666667,27.541666666666668
10479,744.0909090909091,323.45454545454544,29.0
10480,751.3333333333334,390.3333333333333,24.0
10481,745.16,292.48,28.36
10482,741.4761904761905,249.8095238095238,30.61904761904762
10483,742.2105263157895,260.6842105263158,29.105263157894736
10484,749.0833333333334,328.4166666666667,25.166666666666668
10485,750.625,358.4166666666667,23.083333333333332
10486,752.5652173913044,366.2173913043478,21.652173913043477
10487,756.6666666666666,356.0,19.666666666666668
10488,748.75,231.25,24.5
10489,749.6,243.56,23.24
10490,756.5,263.0,19.0
10491,679.0,305.0,83.0
10492,683.0,342.8,80.0
10493,677.3333333333334,282.5238095238095,84.23809523809524
10494,681.5,284.875,80.54166666666667
10495,696.5,319.75,69.875
10496,691.4444444444445,234.33333333333334,73.0
10497,703.0,402.0,64.0
10498,692.6666666666666,252.66666666666666,72.0
10499,693.0,238.5,71.83333333333333
10500,693.7619047619048,255.61904761904762,70.47619047619048
10501,705.8888888888889,403.3333333333333,61.77777777777778
10502,699.5454545454545,294.59090909090907,65.86363636363636
10503,695.7857142857143,236.57142857142858,68.85714285714286
10504,702.8636363636364,298.54545454545456,62.72727272727273
10505,705.8666666666667,318.6666666666667,61.06666666666667
10506,705.6153846153846,296.4230769230769,60.76923076923077
10507,714.4,388.15,53.95
10508,708.7692307692307,307.0,58.46153846153846
10509,717.7,401.2,52.0
10510,717.9411764705883,411.3529411764706,51.11764705882353
10511,704.64,228.56,61.24
10512,707.1875,219.9375,59.0625
10513,714.75,306.625,53.458333333333336
10514,722.4,398.7,47.7
10515,716.2916666666666,320.2083333333333,51.5
10516,718.1935483870968,332.1290322580645,50.45161290322581
10517,721.5333333333333,387.6,47.8
10518,724.4857142857143,396.8,45.457142857142856
10519,727.0,407.0,45.0
10520,719.483870967742,302.258064516129,49.32258064516129
10521,723.3,301.3,46.2
10522,719.6190476190476,242.0952380952381,48.57142857142857
10523,734.0,412.0,39.0
10524,725.7,306.45,43.8
10525,727.8518518518518,332.6296296296296,42.22222222222222
10526,721.3636363636364,218.9090909090909,47.09090909090909
10527,735.0,405.0,36.0
10528,734.7857142857143,384.2142857142857,37.0
10529,730.1428571428571,320.5238095238095,40.285714285714285
10530,731.6190476190476,324.3809523809524,38.95238095238095
10531,732.8235294117648,319.5882352941176,37.8235294117647
10532,738.875,381.4375,33.4375
10533,735.5,309.25,36.0
10534,730.0,214.0,40.0
10535,740.7222222222222,359.72222222222223,31.5
10536,740.5882352941177,303.6470588235294,31.58823529411765
10537,734.3333333333334,217.66666666666666,36.0
10538,748.6666666666666,390.8333333333333,25.833333333333332
10539,741.0588235294117,242.11764705882354,30.470588235294116
10540,743.375,230.5,28.875
10541,746.76,261.4,25.48
10542,749.4117647058823,238.64705882352942,22.764705882352942
10543,753.9285714285714,283.57142857142856,20.214285714285715
10544,675.0,286.0,85.0
10545,681.4285714285714,331.42857142857144,81.0
10546,682.75,324.0,80.0
10547,688.6451612903226,289.03225806451616,74.0
10548,700.6153846153846,381.6923076923077,65.23076923076923
10549,691.8181818181819,256.8181818181818,72.0
10550,704.8888888888889,394.1111111111111,62.111111111111114
10551,698.55,303.0,66.75
10552,695.0,231.66666666666666,69.77777777777777
10553,705.6551724137931,386.37931034482756,60.55172413793103
10554,699.0,245.0,65.9
10555,714.75,404.75,54.0
10556,708.6666666666666,323.0,58.095238095238095
10557,710.3,312.8,57.1
10558,705.5,216.0,61.0
10559,720.6,403.53333333333336,48.6
10560,727.0,411.0,45.0
10561,715.4444444444445,219.05555555555554,52.05555555555556
10562,716.0,225.0,51.05882352941177
10563,717.448275862069,250.13793103448276,49.51724137931034
10564,718.5238095238095,230.33333333333334,49.285714285714285
10565,719.3928571428571,247.21428571428572,48.142857142857146
10566,731.0833333333334,390.6666666666667,39.916666666666664
10567,720.9230769230769,235.84615384615384,48.0
10568,721.6071428571429,255.0,46.57142857142857
10569,727.3846153846154,322.4230769230769,42.34615384615385
10570,720.6,227.0,47.35
10571,722.0,236.54545454545453,45.57575757575758
10572,731.4285714285714,342.2857142857143,39.214285714285715
10573,733.4230769230769,351.38461538461536,37.26923076923077
10574,738.0,399.44444444444446,33.44444444444444
10575,731.7727272727273,276.1363636363636,38.13636363636363
10576,731.0,238.30769230769232,39.15384615384615
10577,730.9,231.8,38.8
10578,734.0,234.875,36.4375
10579,735.5882352941177,259.52941176470586,34.588235294117645
10580,737.3913043478261,258.2173913043478,32.82608695652174
10581,738.8076923076923,268.4230769230769,32.46153846153846
10582,736.75,212.25,33.583333333333336
10583,738.9166666666666,225.5,32.0
10584,744.1739130434783,235.95652173913044,27.347826086956523
10585,753.4545454545455,329.72727272727275,20.59090909090909
10586,679.3913043478261,279.95652173913044,82.21739130434783
10587,683.258064516129,331.8709677419355,78.6774193548387
10588,685.5294117647059,292.11764705882354,77.0
10589,695.7142857142857,381.57142857142856,69.0
10590,697.0,385.75,68.0
10591,698.4,390.0,67.0
10592,691.1739130434783,290.4782608695652,72.43478260869566
10593,688.25,242.875,75.125
10594,693.4,306.1,70.75
10595,689.7058823529412,255.7058823529412,73.41176470588235
10596,694.0,299.2173913043478,70.47826086956522
10597,704.3913043478261,325.8695652173913,61.34782608695652
10598,703.6111111111111,304.27777777777777,62.22222222222222
10599,710.7692307692307,337.34615384615387,56.15384615384615
10600,718.7727272727273,388.5,49.59090909090909
10601,714.1,293.95,52.7
10602,725.3333333333334,414.8333333333333,44.666666666666664
10603,723.2608695652174,391.5652173913044,45.52173913043478
10604,725.578947368421,388.94736842105266,43.73684210526316
10605,720.2777777777778,304.44444444444446,47.111111111111114
10606,729.7,385.95,39.95
10607,728.0,340.56,41.56
10608,723.3103448275862,295.1034482758621,44.48275862068966
10609,719.5,215.33333333333334,48.0
10610,724.7037037037037,273.51851851851853,43.629629629629626
10611,721.3333333333334,211.83333333333334,47.0
10612,723.75,211.0,45.0
10613,733.5813953488372,340.8139534883721,36.51162790697674
10614,736.4827586206897,355.7931034482759,34.06896551724138
10615,727.6842105263158,218.8421052631579,41.05263157894737
10616,738.8,314.85,32.35
10617,732.7368421052631,222.57894736842104,36.78947368421053
10618,738.1875,263.4375,32.3125
10619,750.7142857142857,322.14285714285717,22.0
10620,678.3478260869565,294.6521739130435,82.69565217391305
10621,684.0333333333333,343.6333333333333,78.3
10622,681.0833333333334,297.8333333333333,80.41666666666667
10623,692.6363636363636,332.5,71.18181818181819
10624,703.6666666666666,384.55555555555554,62.44444444444444
10625,704.2,398.3333333333333,61.733333333333334
10626,700.2608695652174,307.1304347826087,64.69565217391305
10627,696.2727272727273,231.36363636363637,67.72727272727273
10628,698.9333333333333,252.13333333333333,65.8
10629,711.0,408.0,56.0
10630,705.6153846153846,307.0769230769231,59.73076923076923
10631,707.9090909090909,317.72727272727275,58.63636363636363
10632,713.8636363636364,394.90909090909093,53.59090909090909
10633,702.8095238095239,237.71428571428572,61.80952380952381
10634,712.2333333333333,336.9,54.1
10635,709.0,236.1818181818182,56.72727272727273
10636,715.0,311.64285714285717,52.0
10637,711.7037037037037,223.03703703703704,54.333333333333336
10638,721.0645161290323,296.03225806451616,46.645161290322584
10639,734.0,408.25,37.0
10640,720.0,208.71428571428572,46.42857142857143
10641,735.6666666666666,381.6111111111111,35.22222222222222
10642,725.55,236.7,42.25
10643,726.0,220.58333333333334,42.75
10644,725.8181818181819,213.63636363636363,42.63636363636363
10645,741.0,406.0,32.0
10646,732.53125,305.875,37.15625
10647,735.9375,319.9375,34.8125
10648,742.125,408.125,30.0
10649,729.8125,214.5,38.6875
10650,733.0869565217391,247.34782608695653,36.30434782608695
10651,732.1875,227.75,37.125
10652,745.875,403.125,27.0
10653,736.6875,272.6875,33.375
10654,735.52,253.84,34.32
10655,749.0,334.0,25.0
10656,746.7083333333334,280.0,25.0
10657,679.5,324.0,81.5
10658,679.5652173913044,289.95652173913044,81.65217391304348
10659,687.8333333333334,333.3333333333333,74.66666666666667
10660,685.8928571428571,299.42857142857144,75.78571428571429
10661,688.1111111111111,329.037037037037,74.22222222222223
10662,685.925925925926,288.48148148148147,75.62962962962963
10663,698.0,384.6666666666667,66.16666666666667
10664,695.1111111111111,303.27777777777777,68.83333333333333
10665,692.3333333333334,247.27777777777777,70.66666666666667
10666,698.1052631578947,325.5263157894737,65.73684210526316
10667,704.918918918919,394.94594594594594,60.351351351351354
10668,707.9444444444445,405.55555555555554,58.388888888888886
10669,702.3846153846154,321.1923076923077,62.38461538461539
10670,702.4074074074074,252.07407407407408,61.74074074074074
10671,701.875,244.20833333333334,62.291666666666664
10672,713.2,329.5,53.4
10673,713.5882352941177,318.11764705882354,53.0
10674,718.8181818181819,394.54545454545456,49.0
10675,707.0526315789474,226.1578947368421,57.78947368421053
10676,714.0869565217391,324.2173913043478,52.43478260869565
10677,708.3478260869565,241.1304347826087,56.82608695652174
10678,716.4705882352941,324.47058823529414,50.88235294117647
10679,708.5714285714286,222.42857142857142,56.61904761904762
10680,715.8,294.48,50.6
10681,718.0344827586207,293.3448275862069,48.6551724137931
10682,714.625,229.375,51.416666666666664
10683,722.5,324.1111111111111,45.888888888888886
10684,715.875,234.58333333333334,50.458333333333336
10685,723.32,329.36,44.64
10686,714.8461538461538,213.76923076923077,51.46153846153846
10687,722.5,307.45454545454544,45.31818181818182
10688,727.48,280.52,41.04
10689,735.25,390.25,35.25
10690,730.4444444444445,308.55555555555554,38.77777777777778
10691,737.1666666666666,389.05555555555554,33.44444444444444
10692,725.9090909090909,209.36363636363637,42.0
10693,736.5,324.84615384615387,33.69230769230769
10694,740.5,374.8,30.5
10695,738.6818181818181,334.1363636363636,32.13636363636363
10696,742.5833333333334,344.0,28.75
10697,747.75,386.25,25.25
10698,744.0454545454545,363.54545454545456,26.727272727272727
10699,747.7692307692307,398.6923076923077,24.53846153846154
10700,739.5,237.25,30.666666666666668
10701,741.8,234.4,29.0
10702,740.8095238095239,224.85714285714286,29.19047619047619
10703,741.7391304347826,239.0,28.26086956521739
10704,740.8181818181819,220.27272727272728,28.90909090909091
10705,753.3333333333334,352.3333333333333,20.0
10706,750.3333333333334,280.22222222222223,21.38888888888889
10707,677.4666666666667,300.46666666666664,82.63333333333334
10708,682.24,304.12,79.28
10709,687.2962962962963,342.3703703703704,74.51851851851852
10710,692.3157894736842,324.10526315789474,70.78947368421052
10711,696.4,381.9,67.1
10712,696.8333333333334,319.3888888888889,66.88888888888889
10713,701.5,376.5,63.0
10714,691.8333333333334,233.0,71.0
10715,693.6153846153846,250.69230769230768,69.3076923076923
10716,703.375,380.25,61.875
10717,695.5384615384615,244.76923076923077,67.6923076923077
10718,707.9583333333334,379.875,57.75
10719,708.5,304.4166666666667,56.625
10720,704.1875,245.25,59.40625
10721,710.7391304347826,311.69565217391306,54.73913043478261
10722,721.8571428571429,386.23809523809524,45.61904761904762
10723,712.3333333333334,230.66666666666666,53.23809523809524
10724,719.8148148148148,329.18518518518516,47.407407407407405
10725,712.4,219.46666666666667,53.06666666666667
10726,726.1666666666666,362.56666666666666,41.5
10727,724.3448275862069,301.48275862068965,43.48275862068966
10728,721.0,222.5,45.55555555555556
10729,734.5714285714286,401.07142857142856,35.214285714285715
10730,737.0,414.0,34.5
10731,737.8333333333334,409.5,32.833333333333336
10732,733.8125,271.6875,35.3125
10733,730.6666666666666,236.66666666666666,36.916666666666664
10734,741.2,365.6666666666667,28.666666666666668
10735,742.3157894736842,357.89473684210526,28.842105263157894
10736,739.0,254.28571428571428,31.071428571428573
10737,740.6774193548387,274.2903225806452,29.193548387096776
10738,748.75,296.75,23.0
10739,749.4,271.73333333333335,22.266666666666666
10740,750.0,267.0,21.0
10741,673.5714285714286,274.6666666666667,85.76190476190476
10742,680.1111111111111,337.55555555555554,80.0
10743,685.68,336.32,75.84
10744,684.125,311.0,76.79166666666667
10745,686.5,308.5,74.70833333333333
10746,687.5,312.75,74.5
10747,689.12,297.0,72.52
10748,698.5,394.5,67.0
10749,693.4545454545455,334.8636363636364,69.18181818181819
10750,699.5,393.5,66.0
10751,688.0,247.23529411764707,73.47058823529412
10752,697.5714285714286,373.85714285714283,65.71428571428571
10753,701.0,398.5,65.0
10754,695.5909090909091,308.72727272727275,67.45454545454545
10755,699.4,338.44,64.24
10756,701.9411764705883,371.5882352941176,62.470588235294116
10757,692.4705882352941,236.94117647058823,69.6470588235294
10758,698.1052631578947,301.1578947368421,65.05263157894737
10759,701.4,336.8,62.24
10760,701.1666666666666,329.6666666666667,62.583333333333336
10761,699.3214285714286,294.82142857142856,63.642857142857146
10762,702.5,331.5,61.0
10763,706.1739130434783,375.2608695652174,58.608695652173914
10764,697.8823529411765,233.11764705882354,65.58823529411765
10765,698.2857142857143,241.71428571428572,64.85714285714286
10766,698.875,247.1875,63.71875
10767,705.16,322.76,59.4
10768,710.6923076923077,397.2307692307692,54.65384615384615
10769,706.0909090909091,301.6363636363636,58.95454545454545
10770,710.5238095238095,326.23809523809524,54.80952380952381
10771,716.9230769230769,403.38461538461536,50.0
10772,709.8,297.08,55.28
10773,711.3809523809524,321.7142857142857,53.80952380952381
10774,710.72,305.16,54.68
10775,709.4814814814815,233.1851851851852,54.96296296296296
10776,725.4,407.6,43.2
10777,714.4285714285714,206.0857142857143,50.22857142857143
10778,726.8333333333334,374.22222222222223,41.388888888888886
10779,732.125,391.875,38.0
10780,721.578947368421,243.47368421052633,44.78947368421053
10781,736.1578947368421,394.89473684210526,33.421052631578945
10782,737.0,385.46153846153845,32.53846153846154
10783,740.0,383.4166666666667,30.666666666666668
10784,729.3333333333334,219.23809523809524,38.714285714285715
10785,742.0,390.3,28.7
10786,733.09375,243.15625,34.90625
10787,734.3,249.23333333333332,33.63333333333333
10788,733.1428571428571,211.57142857142858,36.0
10789,737.3846153846154,273.84615384615387,31.615384615384617
10790,737.7,231.975,31.2
10791,741.0952380952381,244.38095238095238,28.142857142857142
10792,743.421052631579,266.3157894736842,27.0
10793,751.9310344827586,384.55172413793105,19.517241379310345
10794,749.0,345.0,22.0
10795,751.0,348.45454545454544,21.272727272727273
10796,745.9,274.2,24.7
10797,746.0625,246.375,24.5
10798,745.6666666666666,228.66666666666666,25.0
10799,750.0,247.0,22.0
10800,674.8235294117648,289.2352941176471,84.47058823529412
10801,679.3125,303.75,81.1875
10802,683.08,287.56,77.52
10803,689.2,337.2,72.65
10804,689.6666666666666,327.1111111111111,72.44444444444444
10805,695.0,374.35714285714283,67.71428571428571
10806,696.3846153846154,370.7692307692308,66.76923076923077
10807,691.5217391304348,294.0869565217391,70.73913043478261
10808,699.0,386.5,65.0
10809,693.5,295.5,68.57142857142857
10810,701.4444444444445,395.77777777777777,63.0
10811,695.0,334.6,66.0
10812,703.1818181818181,390.27272727272725,61.63636363636363
10813,697.0882352941177,331.02941176470586,65.38235294117646
10814,707.5,400.6363636363636,57.63636363636363
10815,701.1363636363636,309.0,62.31818181818182
10816,696.5714285714286,238.92857142857142,66.14285714285714
10817,710.8421052631579,403.94736842105266,54.78947368421053
10818,702.8666666666667,301.8,60.43333333333333
10819,715.0625,390.96875,51.3125
10820,705.3076923076923,230.76923076923077,58.5
10821,724.4117647058823,384.05882352941177,43.294117647058826
10822,729.0,414.5,41.0
10823,724.9615384615385,369.34615384615387,42.38461538461539
10824,724.5357142857143,327.92857142857144,42.607142857142854
10825,729.0,373.22222222222223,39.44444444444444
10826,719.1052631578947,240.05263157894737,46.63157894736842
10827,729.3703703703703,380.6296296296296,38.55555555555556
10828,727.3684210526316,298.1578947368421,40.526315789473685
10829,723.3125,245.375,42.59375
10830,738.0,402.8235294117647,31.823529411764707
10831,726.4285714285714,239.04761904761904,40.714285714285715
10832,740.2941176470588,300.70588235294116,29.58823529411765
10833,746.0833333333334,373.0,25.25
10834,745.5384615384615,366.88461538461536,25.0
10835,745.5882352941177,359.29411764705884,24.91176470588235
10836,749.0,372.0,24.0
10837,747.3636363636364,336.90909090909093,23.545454545454547
10838,750.2777777777778,356.3888888888889,20.5
10839,747.9,291.65,22.65
10840,744.5263157894736,238.1578947368421,24.57894736842105
10841,753.8571428571429,347.57142857142856,18.428571428571427
10842,676.8571428571429,308.57142857142856,83.0
10843,696.7222222222222,377.77777777777777,65.66666666666667
10844,700.0666666666667,384.06666666666666,63.46666666666667
10845,696.8181818181819,311.8181818181818,65.22727272727273
10846,704.2,402.44,59.88
10847,698.5277777777778,255.19444444444446,63.47222222222222
10848,710.3448275862069,391.2758620689655,54.48275862068966
10849,712.7142857142857,400.7142857142857,53.0
10850,707.32,299.6,56.76
10851,703.7727272727273,236.72727272727272,59.45454545454545
10852,712.4411764705883,336.55882352941177,51.64705882352941
10853,716.75,324.4583333333333,48.875
10854,728.8,411.0,39.4
10855,715.5217391304348,219.8695652173913,49.391304347826086
10856,730.75,405.5,38.0
10857,720.1538461538462,231.53846153846155,46.0
10858,730.8333333333334,346.0,37.22222222222222
10859,736.0,404.75,33.75
10860,734.1666666666666,377.1333333333333,34.36666666666667
10861,732.972972972973,346.0,34.86486486486486
10862,737.2857142857143,374.0,32.0
10863,741.25,395.0,29.0
10864,738.0625,319.1875,31.25
10865,734.1666666666666,265.5416666666667,33.666666666666664
10866,737.8888888888889,279.8888888888889,30.555555555555557
10867,737.2352941176471,243.11764705882354,31.294117647058822
10868,743.0,307.8,27.2
10869,743.4,317.92,26.44
10870,736.3125,216.4375,31.6875
10871,742.0,257.02702702702703,26.72972972972973
10872,750.5,340.0,21.5
10873,743.05,249.7,25.75
10874,741.9411764705883,226.35294117647058,26.529411764705884
10875,747.875,283.625,22.625
10876,753.0,341.0,20.0
10877,750.1052631578947,288.1578947368421,20.473684210526315
10878,750.6428571428571,276.0,20.357142857142858
10879,690.3333333333334,381.6666666666667,70.75
10880,692.7,378.7,69.5
10881,689.3636363636364,244.0909090909091,71.18181818181819
10882,699.2173913043479,324.69565217391306,63.608695652173914
10883,702.36,375.0,60.72
10884,699.5555555555555,303.55555555555554,63.111111111111114
10885,703.7916666666666,329.625,59.666666666666664
10886,703.1111111111111,313.22222222222223,60.333333333333336
10887,708.4516129032259,387.06451612903226,55.45161290322581
10888,706.25,337.5,57.125
10889,699.7407407407408,231.7037037037037,62.55555555555556
10890,714.6,404.0,52.0
10891,710.6666666666666,300.6333333333333,53.46666666666667
10892,716.4642857142857,384.0357142857143,48.67857142857143
10893,713.0909090909091,299.3181818181818,51.45454545454545
10894,714.0454545454545,310.8636363636364,50.13636363636363
10895,717.3870967741935,333.83870967741933,48.354838709677416
10896,725.0,416.3,41.7
10897,716.8636363636364,307.5,48.18181818181818
10898,720.0454545454545,334.54545454545456,46.18181818181818
10899,716.7692307692307,298.34615384615387,47.57692307692308
10900,714.96,243.84,49.32
10901,722.8611111111111,360.5833333333333,42.611111111111114
10902,727.5,405.0,40.0
10903,714.5,213.5,49.5
10904,726.4193548387096,326.6774193548387,40.54838709677419
10905,725.8181818181819,307.5,41.40909090909091
10906,734.1428571428571,410.2857142857143,35.142857142857146
10907,721.4545454545455,215.8181818181818,44.0
10908,733.3333333333334,298.8333333333333,34.333333333333336
10909,735.0869565217391,317.7391304347826,32.91304347826087
10910,728.1052631578947,208.73684210526315,38.421052631578945
10911,736.5714285714286,306.14285714285717,32.142857142857146
10912,741.1739130434783,370.8695652173913,28.347826086956523
10913,739.0,339.22727272727275,29.59090909090909
10914,733.3846153846154,237.92307692307693,34.15384615384615
10915,732.5333333333333,214.46666666666667,34.46666666666667
10916,747.8181818181819,386.59090909090907,22.5
10917,741.7,298.7,27.7
10918,742.7142857142857,279.85714285714283,27.0
10919,744.8125,323.1875,24.8125
10920,739.7142857142857,252.07142857142858,28.392857142857142
10921,748.5,352.0,22.5
10922,744.25,287.0,25.125
10923,744.2307692307693,234.30769230769232,24.384615384615383
10924,749.0,255.5,22.0
10925,681.0952380952381,338.14285714285717,78.47619047619048
10926,682.8214285714286,304.7142857142857,76.32142857142857
10927,685.3548387096774,294.80645161290323,74.3225806451613
10928,686.8518518518518,304.0740740740741,73.55555555555556
10929,693.0909090909091,386.27272727272725,68.72727272727273
10930,692.7142857142857,340.42857142857144,68.5
10931,692.258064516129,327.8709677419355,68.54838709677419
10932,692.6666666666666,318.5,69.5
10933,694.52,330.84,67.24
10934,698.3,393.9,64.0
10935,698.9333333333333,370.8666666666667,63.666666666666664
10936,690.5882352941177,240.52941176470588,69.70588235294117
10937,692.2142857142857,255.28571428571428,68.64285714285714
10938,693.1666666666666,248.91666666666666,67.75
10939,693.8571428571429,235.0,67.85714285714286
10940,695.6428571428571,247.78571428571428,66.0
10941,696.5294117647059,256.6470588235294,65.17647058823529
10942,697.074074074074,227.92592592592592,64.55555555555556
10943,705.2222222222222,311.55555555555554,58.333333333333336
10944,707.6111111111111,331.1111111111111,56.05555555555556
10945,701.3478260869565,248.3913043478261,60.34782608695652
10946,709.2857142857143,331.42857142857144,54.42857142857143
10947,714.375,378.7916666666667,50.208333333333336
10948,713.5238095238095,331.14285714285717,51.142857142857146
10949,717.9090909090909,391.09090909090907,47.54545454545455
10950,708.2,240.8,54.9
10951,707.5,226.04166666666666,55.208333333333336
10952,714.448275862069,304.44827586206895,50.41379310344828
10953,710.7142857142857,241.10714285714286,52.535714285714285
10954,722.0,380.625,45.0
10955,723.5,393.75,42.875
10956,718.0,322.3030303030303,46.696969696969695
10957,723.0,376.1,43.36666666666667
10958,727.2857142857143,399.57142857142856,40.214285714285715
10959,717.1052631578947,255.21052631578948,47.31578947368421
10960,728.9411764705883,401.52941176470586,38.1764705882353
10961,726.0,341.3,39.8
10962,728.7037037037037,376.74074074074076,37.51851851851852
10963,726.421052631579,316.6842105263158,40.36842105263158
10964,724.4736842105264,302.10526315789474,41.1578947368421
10965,722.25,222.66666666666666,42.75
10966,723.72,232.28,40.64
10967,731.3636363636364,317.6363636363636,35.81818181818182
10968,738.5333333333333,389.1333333333333,30.8
10969,734.8378378378378,351.8918918918919,32.54054054054054
10970,737.7647058823529,378.4117647058824,30.705882352941178
10971,730.125,241.125,37.0
10972,729.0,224.77777777777777,37.111111111111114
10973,742.8,399.1333333333333,27.133333333333333
10974,729.1111111111111,211.77777777777777,36.888888888888886
10975,729.6,215.8,36.45
10976,740.1818181818181,353.06060606060606,28.151515151515152
10977,745.0,396.14285714285717,25.571428571428573
10978,732.4285714285714,224.66666666666666,34.333333333333336
10979,733.2352941176471,229.41176470588235,32.76470588235294
10980,735.25,221.5,32.45
10981,747.2631578947369,380.63157894736844,23.42105263157895
10982,736.8333333333334,220.25,30.0
10983,748.5555555555555,377.6666666666667,21.22222222222222
10984,751.2916666666666,379.3333333333333,19.375
10985,741.0571428571428,231.77142857142857,26.542857142857144
10986,744.64,265.52,24.2
10987,749.9,256.2,20.0
10988,673.0,295.0,84.0
10989,694.5454545454545,389.54545454545456,67.18181818181819
10990,686.8,243.4,73.4
10991,694.6774193548387,338.8709677419355,66.41935483870968
10992,689.2727272727273,254.45454545454547,70.9090909090909
10993,693.5,312.9166666666667,67.58333333333333
10994,689.5,236.5,71.5
10995,692.0869565217391,300.9130434782609,67.78260869565217
10996,695.0,296.75,65.96428571428571
10997,698.0769230769231,332.0769230769231,63.0
10998,704.8529411764706,390.0882352941176,57.6764705882353
10999,707.304347826087,323.82608695652175,56.26086956521739
11000,718.5333333333333,398.3333333333333,47.0
11001,712.0,306.7391304347826,51.78260869565217
11002,707.1428571428571,217.8095238095238,55.38095238095238
11003,721.2352941176471,400.6470588235294,44.23529411764706
11004,723.25,411.25,43.0
11005,711.875,244.29166666666666,50.666666666666664
11006,725.0,404.3333333333333,41.888888888888886
11007,720.0,317.6666666666667,46.0
11008,714.0,238.76,49.44
11009,722.5714285714286,322.0,43.19047619047619
11010,726.0,370.8125,39.875
11011,716.7142857142857,232.78571428571428,47.57142857142857
11012,731.125,387.125,36.25
11013,721.6428571428571,230.57142857142858,43.464285714285715
11014,727.4444444444445,305.5833333333333,37.97222222222222
11015,737.0769230769231,397.2307692307692,31.153846153846153
11016,726.1,233.9,39.15
11017,734.8648648648649,292.97297297297297,32.45945945945946
11018,744.9230769230769,389.61538461538464,24.76923076923077
11019,741.4090909090909,323.54545454545456,27.318181818181817
11020,742.4444444444445,335.6111111111111,26.11111111111111
11021,738.7272727272727,283.2121212121212,28.696969696969695
11022,744.0,294.14285714285717,24.642857142857142
11023,746.5,319.5,23.0
11024,744.2,254.46666666666667,24.233333333333334
11025,678.1666666666666,293.1666666666667,79.66666666666667
11026,682.1428571428571,331.07142857142856,77.0
11027,689.5,306.0,72.0
11028,691.3529411764706,309.52941176470586,69.29411764705883
11029,692.5,322.55555555555554,67.88888888888889
11030,699.3846153846154,390.61538461538464,63.0
11031,701.5,401.5,62.0
11032,689.9411764705883,250.47058823529412,69.88235294117646
11033,702.88,379.68,59.68
11034,692.0,231.1,68.2
11035,698.0294117647059,312.9117647058824,62.55882352941177
11036,707.6,400.12,55.52
11037,704.5625,329.03125,57.53125
11038,712.6666666666666,396.55555555555554,51.48148148148148
11039,709.5769230769231,295.1923076923077,53.42307692307692
11040,714.1666666666666,316.8333333333333,50.166666666666664
11041,711.4117647058823,250.0,51.411764705882355
11042,711.1739130434783,232.82608695652175,51.34782608695652
11043,718.6363636363636,310.22727272727275,45.77272727272727
11044,724.741935483871,387.96774193548384,41.03225806451613
11045,721.780487804878,332.9512195121951,42.829268292682926
11046,722.1304347826087,338.3478260869565,41.73913043478261
11047,721.5,310.7857142857143,43.5
11048,718.2758620689655,258.82758620689657,45.58620689655172
11049,718.2105263157895,246.57894736842104,45.73684210526316
11050,716.4117647058823,224.2941176470588,47.23529411764706
11051,723.5454545454545,296.59090909090907,42.13636363636363
11052,719.8,248.63333333333333,43.7
11053,722.0526315789474,240.42105263157896,42.526315789473685
11054,722.5263157894736,216.26315789473685,41.94736842105263
11055,738.1538461538462,409.0,30.153846153846153
11056,725.2777777777778,227.27777777777777,38.888888888888886
11057,735.48,369.04,31.52
11058,726.9,238.95,38.25
11059,727.4444444444445,229.94444444444446,37.77777777777778
11060,734.3783783783783,337.2162162162162,31.72972972972973
11061,736.2142857142857,349.45238095238096,30.452380952380953
11062,738.3157894736842,362.57894736842104,29.63157894736842
11063,736.2333333333333,328.96666666666664,30.833333333333332
11064,742.4117647058823,392.5882352941176,26.235294117647058
11065,730.8518518518518,229.33333333333334,34.666666666666664
11066,737.5294117647059,269.94117647058823,29.352941176470587
11067,740.9615384615385,290.5,26.307692307692307
11068,737.0,227.14285714285714,30.0
11069,752.4545454545455,372.3636363636364,18.0
11070,743.0344827586207,242.3793103448276,23.724137931034484
11071,671.4736842105264,280.0,84.94736842105263
11072,675.25,285.71875,82.375
11073,676.5,310.0,81.0
11074,679.4166666666666,311.4166666666667,79.08333333333333
11075,681.2666666666667,326.0,76.46666666666667
11076,682.0333333333333,342.46666666666664,76.33333333333333
11077,686.1153846153846,322.5769230769231,72.73076923076923
11078,689.64,302.12,70.12
11079,695.6,388.6,65.7
11080,696.5714285714286,392.7142857142857,65.0
11081,696.5,367.8333333333333,64.83333333333333
11082,697.4,375.6,64.0
11083,695.2222222222222,306.6666666666667,65.44444444444444
11084,696.695652173913,318.5652173913044,63.869565217391305
11085,694.0625,252.875,66.0
11086,702.75,371.9375,59.03125
11087,693.75,242.58333333333334,66.0
11088,694.2666666666667,234.73333333333332,65.73333333333333
11089,693.8181818181819,229.9090909090909,66.0909090909091
11090,701.8,318.6,60.2
11091,696.375,237.5,64.25
11092,703.6086956521739,334.9130434782609,58.391304347826086
11093,699.2962962962963,240.11111111111111,61.0
11094,699.8214285714286,233.92857142857142,60.57142857142857
11095,706.0869565217391,294.5217391304348,55.82608695652174
11096,702.9166666666666,222.58333333333334,59.0
11097,718.7647058823529,394.6470588235294,45.8235294117647
11098,717.0,312.0,49.0
11099,714.7407407407408,301.14814814814815,48.55555555555556
11100,717.0571428571428,292.54285714285714,46.457142857142856
11101,712.88,225.64,49.44
11102,715.3928571428571,237.96428571428572,47.5
11103,719.78125,290.90625,44.3125
11104,716.75,251.5,45.892857142857146
11105,728.5,374.0,39.0
11106,717.9333333333333,218.4,46.266666666666666
11107,720.64,253.88,43.16
11108,717.3333333333334,214.33333333333334,45.0
11109,726.4782608695652,323.82608695652175,38.82608695652174
11110,721.0714285714286,226.14285714285714,43.0
11111,728.7777777777778,321.6666666666667,36.577777777777776
11112,718.4,198.16,42.6
11113,723.0,226.41666666666666,40.833333333333336
11114,731.6111111111111,324.72222222222223,34.138888888888886
11115,730.1153846153846,303.7307692307692,35.42307692307692
11116,734.7027027027027,251.27027027027026,30.54054054054054
11117,736.55,260.4,29.95
11118,737.7647058823529,246.76470588235293,29.0
11119,751.2857142857143,344.0,18.5
11120,669.0,273.5,86.0
11121,676.7241379310345,299.13793103448273,80.41379310344827
11122,680.1904761904761,307.76190476190476,77.71428571428571
11123,678.7368421052631,297.10526315789474,78.21052631578948
11124,679.4333333333333,302.23333333333335,77.5
11125,683.5714285714286,324.0857142857143,74.51428571428572
11126,681.6451612903226,296.4193548387097,76.25806451612904
11127,687.1764705882352,332.4117647058824,71.47058823529412
11128,690.8,382.1,68.3
11129,688.5555555555555,318.0,71.66666666666667
11130,688.6190476190476,328.0952380952381,69.80952380952381
11131,692.2307692307693,318.61538461538464,66.65384615384616
11132,697.5555555555555,379.8888888888889,63.111111111111114
11133,691.578947368421,240.0,67.47368421052632
11134,692.95,257.3,66.45
11135,704.8461538461538,383.84615384615387,57.38461538461539
11136,695.3076923076923,251.0,63.92307692307692
11137,699.52,297.44,60.88
11138,700.7619047619048,306.5238095238095,60.19047619047619
11139,713.1428571428571,407.14285714285717,50.357142857142854
11140,700.56,226.24,59.72
11141,706.5357142857143,309.75,55.17857142857143
11142,703.6190476190476,219.8095238095238,57.333333333333336
11143,713.5,328.2142857142857,49.392857142857146
11144,724.5,413.2,40.6
11145,725.6363636363636,408.3636363636364,39.72727272727273
11146,718.15625,299.90625,45.46875
11147,721.3214285714286,306.17857142857144,42.82142857142857
11148,727.7272727272727,390.04545454545456,37.86363636363637
11149,729.25,404.375,36.0
11150,730.3076923076923,393.84615384615387,35.84615384615385
11151,721.0,258.0,42.73529411764706
11152,718.2857142857143,227.0,44.523809523809526
11153,732.1052631578947,389.1578947368421,34.578947368421055
11154,718.2857142857143,203.14285714285714,44.714285714285715
11155,731.7777777777778,385.44444444444446,33.77777777777778
11156,733.3214285714286,381.89285714285717,32.964285714285715
11157,723.0,221.0,40.888888888888886
11158,733.9090909090909,347.0,32.18181818181818
11159,739.0,386.5,29.0
11160,737.56,357.44,29.48
11161,734.8461538461538,299.2307692307692,31.846153846153847
11162,728.8888888888889,220.33333333333334,36.0
11163,733.7333333333333,262.4,32.06666666666667
11164,734.3181818181819,269.1818181818182,31.454545454545453
11165,734.5263157894736,255.94736842105263,31.42105263157895
11166,745.5384615384615,394.3076923076923,23.23076923076923
11167,733.6315789473684,246.3684210526316,31.842105263157894
11168,735.7058823529412,265.5882352941176,30.235294117647058
11169,746.4666666666667,277.46666666666664,21.333333333333332
11170,753.5,355.5,17.0
11171,747.5555555555555,247.11111111111111,21.22222222222222
11172,673.6296296296297,293.4074074074074,82.5925925925926
11173,685.0357142857143,339.17857142857144,72.89285714285714
11174,691.8,392.6,68.0
11175,687.8571428571429,322.4642857142857,70.67857142857143
11176,700.0,387.5833333333333,61.583333333333336
11177,700.2857142857143,383.5,61.0
11178,694.0,291.95238095238096,64.80952380952381
11179,703.3809523809524,397.7142857142857,58.0
11180,700.2962962962963,323.25925925925924,60.55555555555556
11181,706.6818181818181,405.77272727272725,55.54545454545455
11182,696.28,233.68,62.68
11183,698.6923076923077,226.23076923076923,62.07692307692308
11184,708.8709677419355,387.5483870967742,53.32258064516129
11185,706.8181818181819,336.77272727272725,54.81818181818182
11186,701.6666666666666,253.61111111111111,58.611111111111114
11187,711.3666666666667,382.0,50.53333333333333
11188,710.7575757575758,294.3333333333333,50.90909090909091
11189,719.8148148148148,385.962962962963,43.666666666666664
11190,715.1764705882352,317.52941176470586,47.8235294117647
11191,709.5384615384615,227.03846153846155,51.61538461538461
11192,718.2857142857143,329.42857142857144,45.07142857142857
11193,710.875,218.5,50.541666666666664
11194,719.5185185185185,325.037037037037,44.111111111111114
11195,723.7,337.55,40.25
11196,721.4871794871794,287.02564102564105,41.82051282051282
11197,730.0416666666666,381.3333333333333,35.75
11198,718.4615384615385,211.15384615384616,44.53846153846154
11199,723.0,211.0,42.0
11200,721.6666666666666,197.33333333333334,42.0
11201,724.1111111111111,214.33333333333334,40.0
11202,737.8095238095239,376.7142857142857,28.523809523809526
11203,727.3181818181819,232.45454545454547,36.18181818181818
11204,739.8888888888889,387.8888888888889,26.51851851851852
11205,729.7058823529412,234.35294117647058,34.705882352941174
11206,735.2432432432432,291.7567567567568,29.81081081081081
11207,730.8,232.73333333333332,33.13333333333333
11208,732.3333333333334,219.66666666666666,33.333333333333336
11209,746.625,390.5,22.5
11210,742.4285714285714,298.7142857142857,24.476190476190474
11211,740.074074074074,239.96296296296296,25.74074074074074
11212,671.2083333333334,285.9583333333333,84.125
11213,675.0,333.5,80.0
11214,678.0,326.5,80.0
11215,678.1724137931035,343.7241379310345,78.58620689655173
11216,677.3103448275862,306.41379310344826,79.51724137931035
11217,679.8421052631579,291.5263157894737,77.57894736842105
11218,686.0,302.64,71.6
11219,692.9375,384.875,66.5625
11220,687.3636363636364,291.0,71.18181818181819
11221,695.6,381.73333333333335,64.8
11222,686.0909090909091,240.0,72.18181818181819
11223,689.7727272727273,290.3181818181818,68.22727272727273
11224,689.4117647058823,245.64705882352942,69.05882352941177
11225,702.0370370370371,386.55555555555554,59.370370370370374
11226,697.90625,319.53125,61.8125
11227,700.1739130434783,335.2608695652174,59.78260869565217
11228,700.7142857142857,294.7857142857143,58.67857142857143
11229,705.0,318.5,57.5
11230,706.76,303.68,54.6
11231,714.3636363636364,410.3636363636364,48.90909090909091
11232,703.0,254.96969696969697,56.63636363636363
11233,714.55,401.85,48.6
11234,708.4615384615385,310.53846153846155,52.65384615384615
11235,703.5862068965517,238.48275862068965,56.41379310344828
11236,705.0952380952381,251.52380952380952,55.0
11237,712.4193548387096,334.19354838709677,49.41935483870968
11238,717.1153846153846,388.15384615384613,46.19230769230769
11239,719.3333333333334,410.0833333333333,44.75
11240,707.2222222222222,245.55555555555554,53.44444444444444
11241,717.4,378.26666666666665,45.5
11242,721.2142857142857,380.2857142857143,42.5
11243,714.25,250.25,47.875
11244,724.40625,366.40625,39.5
11245,719.88,298.88,43.36
11246,723.5,321.9117647058824,40.529411764705884
11247,730.6,407.9,34.9
11248,718.48,237.6,43.56
11249,733.2,408.46666666666664,32.8
11250,730.5675675675676,342.2972972972973,33.54054054054054
11251,737.375,401.75,30.0
11252,728.0,245.51612903225808,35.935483870967744
11253,742.0,406.5,27.0
11254,737.0,343.7435897435897,28.46153846153846
11255,733.8,277.85714285714283,31.114285714285714
11256,738.7368421052631,339.05263157894734,27.473684210526315
11257,740.6666666666666,356.3333333333333,25.8
11258,732.7,240.65,32.45
11259,740.0,271.0,27.0
11260,737.1428571428571,228.85714285714286,27.892857142857142
11261,745.3571428571429,273.64285714285717,21.428571428571427
11262,752.6666666666666,360.0,15.5
11263,686.3333333333334,338.6666666666667,70.66666666666667
11264,692.5,378.8,67.0
11265,696.3333333333334,399.6666666666667,64.0
11266,686.25,257.3125,71.3125
11267,700.0,392.125,61.25
11268,699.625,397.25,60.875
11269,692.4074074074074,302.14814814814815,65.70370370370371
11270,698.6363636363636,378.90909090909093,61.36363636363637
11271,696.6666666666666,299.6111111111111,62.22222222222222
11272,704.1176470588235,396.6470588235294,56.23529411764706
11273,693.875,245.875,64.375
11274,704.95,379.65,56.0
11275,702.625,300.2083333333333,57.791666666666664
11276,702.516129032258,293.2903225806452,57.064516129032256
11277,712.6206896551724,386.9310344827586,49.48275862068966
11278,708.448275862069,326.0344827586207,52.48275862068966
11279,716.1,406.7,47.7
11280,709.3793103448276,317.44827586206895,51.58620689655172
11281,719.4761904761905,390.95238095238096,44.04761904761905
11282,707.4347826086956,227.43478260869566,53.04347826086956
11283,712.6857142857143,295.34285714285716,48.628571428571426
11284,715.9354838709677,305.0,46.354838709677416
11285,721.71875,422.4375,39.40625
11286,723.074074074074,395.7037037037037,40.55555555555556
11287,719.1666666666666,319.5,43.541666666666664
11288,712.28,230.24,48.44
11289,713.1666666666666,226.95833333333334,47.291666666666664
11290,716.44,235.44,45.56
11291,714.0,204.8,47.0
11292,717.1923076923077,241.69230769230768,44.73076923076923
11293,725.0555555555555,319.0,38.55555555555556
11294,733.3,401.6,32.1
11295,735.3333333333334,392.46666666666664,30.866666666666667
11296,721.8571428571429,196.0,38.57142857142857
11297,733.6363636363636,322.27272727272725,31.727272727272727
11298,737.2608695652174,381.0,28.391304347826086
11299,738.5,360.72222222222223,27.22222222222222
11300,739.7777777777778,366.1111111111111,26.40740740740741
11301,734.3235294117648,283.79411764705884,30.41176470588235
11302,738.5,348.77777777777777,27.27777777777778
11303,737.4782608695652,278.5217391304348,27.652173913043477
11304,745.5,370.5,22.5
11305,739.5833333333334,295.0833333333333,26.208333333333332
11306,736.2,233.8,28.6
11307,737.4285714285714,241.14285714285714,28.142857142857142
11308,746.28,363.44,20.64
11309,740.6666666666666,273.0,25.095238095238095
11310,747.6923076923077,334.2307692307692,20.615384615384617
11311,744.7368421052631,259.05263157894734,21.57894736842105
11312,671.925925925926,281.18518518518516,82.85185185185185
11313,674.25,306.5,81.5
11314,678.1666666666666,332.6666666666667,78.36666666666666
11315,681.96875,329.78125,74.59375
11316,682.7727272727273,335.59090909090907,73.95454545454545
11317,682.0555555555555,311.27777777777777,75.22222222222223
11318,688.125,377.875,70.0
11319,691.625,370.8125,67.1875
11320,688.8666666666667,306.6,69.0
11321,688.3571428571429,258.07142857142856,69.14285714285714
11322,687.3846153846154,234.6153846153846,70.0
11323,691.1666666666666,252.33333333333334,67.25
11324,694.0357142857143,297.17857142857144,63.607142857142854
11325,697.4242424242424,326.6969696969697,61.57575757575758
11326,695.85,308.4,62.6
11327,703.3333333333334,403.875,57.416666666666664
11328,696.0869565217391,251.2173913043478,61.78260869565217
11329,708.7916666666666,405.0833333333333,52.75
11330,701.5454545454545,306.72727272727275,58.0
11331,700.2368421052631,258.36842105263156,58.31578947368421
11332,700.3461538461538,232.30769230769232,58.5
11333,707.7037037037037,305.2962962962963,52.44444444444444
11334,703.0833333333334,224.625,56.416666666666664
11335,710.95,321.05,50.0
11336,716.4117647058823,383.2647058823529,45.44117647058823
11337,719.5,396.0,44.0
11338,720.7931034482758,390.0344827586207,42.03448275862069
11339,722.35,376.45,41.3
11340,714.0571428571428,243.71428571428572,46.57142857142857
11341,726.9090909090909,409.27272727272725,37.36363636363637
11342,725.925925925926,371.0740740740741,37.629629629629626
11343,721.84375,282.875,40.46875
11344,717.5,197.0,43.0
11345,735.6666666666666,406.3333333333333,31.0
11346,725.2916666666666,221.5,37.416666666666664
11347,732.1212121212121,272.8484848484849,32.06060606060606
11348,739.9230769230769,375.2307692307692,26.307692307692307
11349,742.6,383.7,24.1
11350,738.4444444444445,343.77777777777777,26.0
11351,741.0952380952381,351.95238095238096,24.904761904761905
11352,732.0,234.0,32.0
11353,741.0,346.6,25.0
11354,744.3913043478261,374.8695652173913,22.17391304347826
11355,737.1,265.8,27.7
11356,745.7,341.4,20.8
11357,742.2571428571429,283.0857142857143,23.142857142857142
11358,748.3636363636364,352.0,19.181818181818183
11359,676.2083333333334,338.375,79.25
11360,675.2173913043479,288.7391304347826,80.21739130434783
11361,680.0869565217391,336.82608695652175,75.91304347826087
11362,680.6785714285714,290.92857142857144,75.35714285714286
11363,684.2272727272727,330.8181818181818,72.81818181818181
11364,682.5483870967741,302.258064516129,73.74193548387096
11365,683.625,292.09375,72.53125
11366,688.6818181818181,341.59090909090907,68.72727272727273
11367,689.1153846153846,335.03846153846155,68.61538461538461
11368,686.7407407407408,298.0740740740741,70.29629629629629
11369,684.0833333333334,254.25,72.33333333333333
11370,687.9090909090909,294.5,69.18181818181819
11371,685.08,245.96,71.48
11372,697.5,397.0,62.5
11373,694.1034482758621,334.86206896551727,64.13793103448276
11374,697.3888888888889,374.44444444444446,61.833333333333336
11375,695.1481481481482,325.7037037037037,63.51851851851852
11376,698.5238095238095,370.9047619047619,61.04761904761905
11377,690.9,245.2,67.0
11378,694.3333333333334,303.1111111111111,63.55555555555556
11379,692.0,238.47619047619048,65.47619047619048
11380,694.3,258.7,63.2
11381,695.3928571428571,242.60714285714286,61.857142857142854
11382,696.0689655172414,256.7586206896552,61.275862068965516
11383,698.2,252.16,59.96
11384,706.25,323.7857142857143,54.285714285714285
11385,712.0,400.2857142857143,50.0
11386,707.6842105263158,335.42105263157896,53.0
11387,700.12,241.44,56.88
11388,708.2162162162163,331.0810810810811,51.54054054054054
11389,702.8,230.26666666666668,55.63333333333333
11390,705.4666666666667,235.93333333333334,54.06666666666667
11391,707.7391304347826,235.0,51.95652173913044
11392,722.75,409.25,41.0
11393,709.6,237.48,50.2
11394,707.8823529411765,222.88235294117646,51.1764705882353
11395,717.64,306.52,44.24
11396,723.6296296296297,384.0740740740741,39.25925925925926
11397,713.0666666666667,217.53333333333333,47.8
11398,720.0277777777778,292.80555555555554,41.77777777777778
11399,722.5,297.4642857142857,40.142857142857146
11400,731.3548387096774,374.2903225806452,32.54838709677419
11401,719.5,198.125,41.5
11402,734.2692307692307,375.11538461538464,30.307692307692307
11403,725.2222222222222,212.83333333333334,37.5
11404,736.4347826086956,372.0,28.434782608695652
11405,736.7058823529412,329.8235294117647,28.11764705882353
11406,735.7391304347826,301.4347826086956,28.695652173913043
11407,735.56,255.48,28.56
11408,743.0,341.0,24.0
11409,739.7857142857143,279.2142857142857,25.285714285714285
11410,744.9,330.3,21.6
11411,741.3333333333334,246.83333333333334,23.666666666666668
11412,676.5333333333333,285.8,78.3
11413,690.3333333333334,396.0,68.33333333333333
11414,694.0,397.5,65.0
11415,690.1153846153846,332.15384615384613,67.1923076923077
11416,695.0,390.2857142857143,64.0
11417,691.7352941176471,343.20588235294116,65.5
11418,691.0416666666666,294.5416666666667,66.375
11419,688.3888888888889,238.11111111111111,68.38888888888889
11420,690.1875,234.75,67.375
11421,701.6153846153846,378.65384615384613,57.69230769230769
11422,695.0277777777778,293.9166666666667,62.05555555555556
11423,697.2857142857143,305.14285714285717,61.0
11424,706.0,395.0,56.0
11425,700.1034482758621,322.9310344827586,58.62068965517241
11426,707.0,395.44444444444446,53.370370370370374
11427,707.4285714285714,400.57142857142856,52.666666666666664
11428,697.5833333333334,245.70833333333334,60.25
11429,703.3478260869565,320.0869565217391,55.608695652173914
11430,717.6,414.8,45.2
11431,705.9655172413793,257.2758620689655,52.724137931034484
11432,713.96875,326.9375,47.34375
11433,720.0,407.07142857142856,42.5
11434,710.0540540540541,251.78378378378378,49.351351351351354
11435,722.1764705882352,400.4117647058824,40.529411764705884
11436,717.4285714285714,334.82142857142856,43.642857142857146
11437,727.3529411764706,399.52941176470586,35.94117647058823
11438,726.8947368421053,387.7368421052632,36.36842105263158
11439,718.2307692307693,243.80769230769232,42.53846153846154
11440,730.2352941176471,398.0,33.470588235294116
11441,724.25,311.5,38.5
11442,721.6666666666666,249.43333333333334,39.56666666666667
11443,723.8695652173913,252.1304347826087,37.869565217391305
11444,722.7,222.46666666666667,38.8
11445,729.9354838709677,305.3225806451613,32.935483870967744
11446,737.6666666666666,391.95238095238096,27.285714285714285
11447,727.0,238.57692307692307,35.57692307692308
11448,738.25,384.1666666666667,26.75
11449,734.4615384615385,296.61538461538464,29.423076923076923
11450,742.25,378.5625,23.6875
11451,735.36,287.72,28.4
11452,739.5925925925926,325.48148148148147,25.48148148148148
11453,743.44,360.92,22.04
11454,738.0,285.6666666666667,26.458333333333332
11455,745.4285714285714,356.14285714285717,20.928571428571427
11456,747.1111111111111,382.55555555555554,19.444444444444443
11457,741.0294117647059,260.8235294117647,23.41176470588235
11458,747.5454545454545,280.09090909090907,19.0
11459,670.3103448275862,291.13793103448273,83.51724137931035
11460,673.625,326.75,81.0
11461,672.2222222222222,298.1111111111111,81.88888888888889
11462,682.875,390.875,74.0
11463,682.6666666666666,239.66666666666666,73.66666666666667
11464,693.6315789473684,385.5263157894737,64.36842105263158
11465,692.3846153846154,370.38461538461536,65.0
11466,685.1333333333333,252.2,70.86666666666666
11467,696.8888888888889,401.3333333333333,62.0
11468,696.6666666666666,384.3888888888889,62.333333333333336
11469,690.0454545454545,306.40909090909093,66.86363636363636
11470,691.0588235294117,311.47058823529414,66.29411764705883
11471,687.3333333333334,254.16666666666666,68.91666666666667
11472,693.0,314.2857142857143,65.0
11473,700.44,401.72,58.76
11474,692.125,259.125,64.5625
11475,698.36,311.8,60.24
11476,693.4117647058823,241.11764705882354,63.705882352941174
11477,705.047619047619,299.23809523809524,54.095238095238095
11478,701.7272727272727,250.22727272727272,56.04545454545455
11479,709.25,326.22222222222223,50.416666666666664
11480,716.2083333333334,399.1666666666667,44.666666666666664
11481,715.3571428571429,372.85714285714283,45.607142857142854
11482,720.0,416.0,43.0
11483,712.4814814814815,305.3333333333333,47.666666666666664
11484,713.2222222222222,311.037037037037,47.25925925925926
11485,720.8125,384.9375,41.5
11486,722.2,359.95,40.35
11487,727.1176470588235,415.8235294117647,35.8235294117647
11488,719.8571428571429,302.92857142857144,41.5
11489,721.3714285714286,308.77142857142854,40.114285714285714
11490,715.7272727272727,223.0909090909091,44.90909090909091
11491,716.5384615384615,231.19230769230768,43.65384615384615
11492,726.1428571428571,373.1714285714286,35.628571428571426
11493,724.875,315.4375,36.875
11494,718.3333333333334,214.61111111111111,42.27777777777778
11495,727.6666666666666,314.6666666666667,34.75
11496,734.4814814814815,323.77777777777777,29.444444444444443
11497,727.8888888888889,213.0,34.77777777777778
11498,743.0,348.1666666666667,23.0
11499,732.4090909090909,223.5,29.59090909090909
11500,741.8,326.4,23.266666666666666
11501,747.5,363.5,19.0
11502,681.25,309.3,73.9
11503,689.0833333333334,374.1666666666667,68.08333333333333
11504,685.25,308.75,70.05
11505,691.4615384615385,376.2307692307692,65.84615384615384
11506,688.1666666666666,320.8333333333333,69.0
11507,689.969696969697,324.6666666666667,66.54545454545455
11508,694.6842105263158,371.6842105263158,63.31578947368421
11509,685.5714285714286,239.5,69.71428571428571
11510,689.3571428571429,256.35714285714283,67.07142857142857
11511,687.8571428571429,231.85714285714286,68.71428571428571
11512,700.0,328.75,58.357142857142854
11513,693.0,231.625,63.6875
11514,695.0416666666666,246.79166666666666,61.541666666666664
11515,702.2105263157895,330.7894736842105,56.0
11516,702.5,303.9230769230769,55.53846153846154
11517,707.8620689655172,382.8965517241379,51.48275862068966
11518,702.7727272727273,220.4090909090909,54.81818181818182
11519,711.7727272727273,322.5,48.27272727272727
11520,710.3461538461538,301.0769230769231,49.23076923076923
11521,707.0857142857143,245.94285714285715,51.371428571428574
11522,705.125,220.6875,53.125
11523,717.5,370.9230769230769,43.5
11524,710.074074074074,234.33333333333334,48.44444444444444
11525,716.0588235294117,295.29411764705884,44.26470588235294
11526,711.25,213.25,48.0
11527,721.074074074074,331.25925925925924,40.148148148148145
11528,713.6129032258065,229.32258064516128,45.12903225806452
11529,716.6153846153846,217.46153846153845,44.0
11530,731.5555555555555,394.44444444444446,32.166666666666664
11531,726.5,309.60714285714283,35.535714285714285
11532,735.2777777777778,394.8888888888889,28.61111111111111
11533,737.0,398.72727272727275,27.545454545454547
11534,731.4137931034483,301.62068965517244,31.482758620689655
11535,728.0952380952381,247.66666666666666,33.42857142857143
11536,739.1818181818181,396.8181818181818,25.272727272727273
11537,728.3548387096774,241.8709677419355,33.54838709677419
11538,735.9310344827586,324.1034482758621,27.413793103448278
11539,739.7058823529412,360.2352941176471,24.58823529411765
11540,737.5555555555555,333.05555555555554,26.166666666666668
11541,740.7777777777778,320.1111111111111,23.666666666666668
11542,741.25,291.25,23.35
11543,743.0666666666667,287.0,21.8
11544,743.1923076923077,291.8076923076923,21.53846153846154
11545,753.2,318.4,14.0
11546,681.3333333333334,342.25,73.70833333333333
11547,687.6666666666666,383.6666666666667,68.0
11548,691.6666666666666,392.5,65.5
11549,688.6666666666666,338.56666666666666,67.23333333333333
11550,691.8333333333334,365.9166666666667,65.0
11551,692.875,378.25,64.0
11552,688.0,296.92857142857144,67.71428571428571
11553,695.2727272727273,392.90909090909093,62.18181818181818
11554,695.6428571428571,388.57142857142856,62.07142857142857
11555,686.6428571428571,242.5,68.85714285714286
11556,698.6428571428571,381.5,59.07142857142857
11557,691.1176470588235,249.11764705882354,65.58823529411765
11558,701.3333333333334,373.4047619047619,56.333333333333336
11559,703.6071428571429,386.5,54.464285714285715
11560,704.16,376.4,54.4
11561,701.1515151515151,323.90909090909093,56.60606060606061
11562,696.8695652173913,256.5652173913044,59.34782608695652
11563,702.95,326.25,55.0
11564,702.28,309.48,55.72
11565,697.7272727272727,243.3939393939394,58.484848484848484
11566,697.9230769230769,237.34615384615384,58.96153846153846
11567,698.3666666666667,249.0,57.766666666666666
11568,714.421052631579,395.05263157894734,46.421052631578945
11569,708.1818181818181,301.22727272727275,50.68181818181818
11570,714.0,332.4,45.7
11571,715.1034482758621,324.2758620689655,45.41379310344828
11572,716.2,316.3333333333333,43.93333333333333
11573,722.1363636363636,404.6818181818182,39.27272727272727
11574,709.375,220.625,48.8125
11575,720.0588235294117,325.9117647058824,41.11764705882353
11576,715.3461538461538,256.2692307692308,43.73076923076923
11577,728.25,402.75,33.833333333333336
11578,721.8684210526316,302.94736842105266,39.13157894736842
11579,725.9615384615385,343.5,36.30769230769231
11580,716.7272727272727,222.86363636363637,42.5
11581,718.95,229.6,41.35
11582,732.875,381.75,30.1875
11583,725.24,249.4,36.16
11584,727.2307692307693,223.19230769230768,34.30769230769231
11585,729.2916666666666,236.83333333333334,32.541666666666664
11586,733.5454545454545,272.77272727272725,29.0
11587,735.7142857142857,273.5,27.0
11588,743.0,337.5,23.0
11589,745.24,369.12,19.52
11590,737.8666666666667,249.26666666666668,25.333333333333332
11591,740.0,266.5,25.0
11592,671.0625,289.25,81.40625
11593,674.5,303.1,79.0
11594,684.4,326.04,70.68
11595,686.125,318.25,69.25
11596,693.5,395.7,63.7
11597,691.0769230769231,329.65384615384613,65.23076923076923
11598,698.5,376.44444444444446,59.166666666666664
11599,698.9655172413793,390.6896551724138,58.206896551724135
11600,696.1739130434783,332.2173913043478,60.43478260869565
11601,691.5238095238095,254.42857142857142,64.42857142857143
11602,693.25,226.58333333333334,62.833333333333336
11603,696.1578947368421,224.57894736842104,60.473684210526315
11604,700.9629629629629,298.9259259259259,55.888888888888886
11605,697.625,228.66666666666666,58.75
11606,705.304347826087,329.69565217391306,53.34782608695652
11607,700.1,245.56666666666666,56.4
11608,705.0666666666667,294.06666666666666,52.833333333333336
11609,717.25,405.3,43.75
11610,709.6296296296297,308.037037037037,49.2962962962963
11611,717.0,376.3448275862069,43.44827586206897
11612,710.1923076923077,245.26923076923077,48.30769230769231
11613,708.09375,226.5,49.375
11614,720.1363636363636,381.22727272727275,40.04545454545455
11615,721.8571428571429,316.0,38.57142857142857
11616,729.1428571428571,407.2857142857143,33.142857142857146
11617,719.0454545454545,253.77272727272728,40.40909090909091
11618,717.9090909090909,218.8181818181818,41.45454545454545
11619,732.6,409.55,30.6
11620,720.695652173913,236.0,39.608695652173914
11621,731.1304347826087,385.69565217391306,31.304347826086957
11622,734.8695652173913,353.6521739130435,28.391304347826086
11623,724.8260869565217,226.52173913043478,35.47826086956522
11624,733.59375,334.4375,28.65625
11625,740.25,368.9642857142857,23.25
11626,731.0,220.42857142857142,31.19047619047619
11627,739.0,330.73333333333335,24.0
11628,737.45,264.3,25.0
11629,738.4090909090909,255.63636363636363,24.727272727272727
11630,739.9444444444445,267.77777777777777,23.61111111111111
11631,749.3333333333334,310.6666666666667,17.0
11632,687.2857142857143,312.14285714285717,68.04761904761905
11633,691.75,340.15,63.9
11634,691.08,323.4,64.52
11635,697.0,400.4,60.5
11636,688.1666666666666,231.0,67.0
11637,690.8181818181819,232.1818181818182,65.27272727272727
11638,695.9166666666666,294.3333333333333,60.083333333333336
11639,698.85,313.55,57.7
11640,707.3030303030303,393.7878787878788,51.39393939393939
11641,705.96,375.4,52.4
11642,699.2592592592592,236.22222222222223,56.55555555555556
11643,713.5833333333334,399.6666666666667,46.125
11644,701.6785714285714,242.67857142857142,54.57142857142857
11645,705.45,240.1,51.9
11646,716.15,381.25,43.5
11647,707.6363636363636,215.3181818181818,49.77272727272727
11648,723.2,400.1333333333333,37.86666666666667
11649,711.7333333333333,233.83333333333334,46.46666666666667
11650,715.2,251.16,43.56
11651,722.2692307692307,256.84615384615387,37.53846153846154
11652,740.1904761904761,392.6666666666667,23.523809523809526
11653,728.8620689655172,224.72413793103448,31.517241379310345
11654,731.0333333333333,228.3,29.866666666666667
11655,733.0,247.0,28.55
11656,735.6666666666666,257.6666666666667,26.333333333333332
11657,736.9333333333333,260.26666666666665,24.866666666666667
11658,745.55,359.45,18.75
11659,667.25,282.5,84.45833333333333
11660,671.6315789473684,293.7894736842105,80.21052631578948
11661,674.2,309.6,78.93333333333334
11662,676.3809523809524,339.95238095238096,76.9047619047619
11663,680.8695652173913,324.69565217391306,72.65217391304348
11664,682.5,335.55,71.6
11665,688.7,389.3,67.0
11666,685.1875,332.09375,69.34375
11667,689.7,367.7,66.2
11668,685.9166666666666,250.33333333333334,68.75
11669,697.2307692307693,394.4230769230769,59.38461538461539
11670,697.0,387.0,60.0
11671,688.0909090909091,241.9090909090909,66.81818181818181
11672,689.8571428571429,244.71428571428572,65.07142857142857
11673,696.6,326.06666666666666,59.46666666666667
11674,691.1904761904761,236.1904761904762,63.333333333333336
11675,703.5416666666666,391.2916666666667,53.541666666666664
11676,702.8461538461538,380.7307692307692,54.38461538461539
11677,693.9565217391304,230.2608695652174,61.26086956521739
11678,707.9666666666667,389.1,50.266666666666666
11679,703.8846153846154,308.0,53.30769230769231
11680,703.4642857142857,289.4642857142857,53.42857142857143
11681,705.3478260869565,300.5217391304348,51.69565217391305
11682,715.0,406.0,46.0
11683,718.3571428571429,396.57142857142856,41.92857142857143
11684,722.6,412.3,38.4
11685,725.0714285714286,403.85714285714283,36.42857142857143
11686,724.15,396.5,36.55
11687,725.6923076923077,379.53846153846155,35.46153846153846
11688,721.2857142857143,279.2142857142857,38.392857142857146
11689,730.7307692307693,390.2307692307692,30.5
11690,719.75,215.2,39.55
11691,735.5,405.5,28.0
11692,722.9230769230769,233.84615384615384,36.61538461538461
11693,734.375,363.1875,28.3125
11694,724.3888888888889,215.55555555555554,35.666666666666664
11695,733.0416666666666,319.0833333333333,28.25
11696,737.9117647058823,339.6764705882353,24.5
11697,738.3333333333334,300.3333333333333,26.0
11698,738.5625,287.0625,23.75
11699,735.8181818181819,244.54545454545453,25.772727272727273
11700,746.0,374.125,18.25
11701,735.9444444444445,234.22222222222223,25.944444444444443
11702,740.3333333333334,252.33333333333334,23.0
11703,666.0625,276.5625,84.625
11704,675.0,324.0,79.0
11705,684.6666666666666,382.1111111111111,70.0
11706,686.0,386.57142857142856,69.14285714285714
11707,681.4,300.12,71.8
11708,682.258064516129,306.96774193548384,71.51612903225806
11709,687.2,369.1,68.0
11710,680.8823529411765,249.35294117647058,72.47058823529412
11711,692.9285714285714,381.85714285714283,62.642857142857146
11712,693.2,378.3333333333333,61.8
11713,701.1923076923077,392.7692307692308,55.92307692307692
11714,703.0869565217391,396.95652173913044,54.0
11715,704.0625,403.3125,53.8125
11716,700.2222222222222,334.3703703703704,56.111111111111114
11717,693.625,237.33333333333334,60.791666666666664
11718,707.48,400.52,50.56
11719,707.8148148148148,377.9259259259259,50.25925925925926
11720,704.1379310344828,250.68965517241378,52.58620689655172
11721,710.5666666666667,331.3666666666667,47.36666666666667
11722,717.6,402.7,41.75
11723,704.9,218.0,51.2
11724,717.75,375.7857142857143,41.642857142857146
11725,712.3666666666667,296.8333333333333,45.5
11726,714.1,302.43333333333334,44.46666666666667
11727,720.0,372.57142857142856,40.42857142857143
11728,723.3333333333334,408.3333333333333,37.77777777777778
11729,717.9565217391304,334.60869565217394,41.26086956521739
11730,717.1428571428571,310.0,41.857142857142854
11731,718.7058823529412,320.2352941176471,41.23529411764706
11732,711.4736842105264,215.1578947368421,45.89473684210526
11733,729.7142857142857,412.14285714285717,32.285714285714285
11734,717.3846153846154,249.76923076923077,41.30769230769231
11735,717.7058823529412,239.47058823529412,40.94117647058823
11736,723.5172413793103,304.8965517241379,36.41379310344828
11737,718.0,211.0,41.0
11738,719.8181818181819,227.9090909090909,38.63636363636363
11739,728.0833333333334,320.1666666666667,32.583333333333336
11740,721.0,211.0,39.0
11741,725.6363636363636,258.09090909090907,35.0
11742,734.8666666666667,357.53333333333336,27.066666666666666
11743,726.8275862068965,228.0344827586207,33.06896551724138
11744,737.5,371.89285714285717,24.785714285714285
11745,726.5238095238095,217.38095238095238,33.57142857142857
11746,730.3333333333334,266.85185185185185,30.14814814814815
11747,733.0,280.3076923076923,28.0
11748,734.6086956521739,293.1304347826087,26.956521739130434
11749,735.0,251.1764705882353,26.764705882352942
11750,741.1666666666666,332.6666666666667,22.0
11751,741.0,273.75,22.25
11752,738.3333333333334,225.0,24.666666666666668
11753,748.0,347.0,17.0
11754,665.0,272.5,86.0
11755,673.1538461538462,296.46153846153845,79.0
11756,675.84,330.84,76.56
11757,675.6071428571429,307.17857142857144,76.67857142857143
11758,675.8709677419355,289.03225806451616,76.29032258064517
11759,677.9375,310.1875,75.25
11760,677.3181818181819,303.90909090909093,75.13636363636364
11761,677.7941176470588,296.5882352941176,74.55882352941177
11762,679.7142857142857,293.9047619047619,73.28571428571429
11763,688.9090909090909,385.6363636363636,66.0
11764,686.6666666666666,326.1904761904762,67.9047619047619
11765,690.8,381.3333333333333,64.53333333333333
11766,691.75,374.6875,63.6875
11767,682.9230769230769,239.23076923076923,70.84615384615384
11768,689.5833333333334,336.3333333333333,65.33333333333333
11769,687.59375,301.78125,66.46875
11770,695.6363636363636,382.6363636363636,60.63636363636363
11771,689.84,295.24,64.32
11772,688.4285714285714,258.2857142857143,65.57142857142857
11773,697.9666666666667,371.1333333333333,58.4
11774,700.0,382.2173913043478,56.47826086956522
11775,699.9545454545455,387.8636363636364,56.27272727272727
11776,692.15,253.45,62.3
11777,699.75,342.17857142857144,56.642857142857146
11778,704.3333333333334,384.55555555555554,52.48148148148148
11779,702.8684210526316,338.57894736842104,53.578947368421055
11780,702.2352941176471,312.4117647058824,53.470588235294116
11781,701.4857142857143,295.37142857142857,54.51428571428571
11782,709.8260869565217,390.04347826086956,48.130434782608695
11783,698.6875,228.75,56.46875
11784,706.0,322.0,50.8
11785,707.4166666666666,317.3333333333333,50.0
11786,718.0,413.0769230769231,41.69230769230769
11787,712.0,317.0,47.0
11788,706.5,230.25,50.3
11789,706.6538461538462,242.23076923076923,49.61538461538461
11790,706.0519480519481,208.02597402597402,48.4025974025974
11791,711.4444444444445,250.88888888888889,45.629629629629626
11792,713.7857142857143,246.35714285714286,44.392857142857146
11793,713.375,239.25,44.875
11794,726.6315789473684,390.36842105263156,34.1578947368421
11795,718.9032258064516,293.51612903225805,39.483870967741936
11796,722.75,323.25,37.25
11797,727.7777777777778,381.27777777777777,33.111111111111114
11798,730.1428571428571,405.7857142857143,31.214285714285715
11799,731.4117647058823,397.94117647058823,30.235294117647058
11800,732.3333333333334,401.3333333333333,29.666666666666668
11801,720.2916666666666,244.25,38.041666666666664
11802,724.0,273.5416666666667,35.625
11803,730.6410256410256,358.5128205128205,30.358974358974358
11804,734.3846153846154,386.38461538461536,27.5
11805,720.7826086956521,214.34782608695653,37.43478260869565
11806,728.7407407407408,296.18518518518516,31.77777777777778
11807,739.7272727272727,388.0,23.727272727272727
11808,727.5,214.0,32.0
11809,739.3,356.3,23.3
11810,730.0689655172414,238.31034482758622,29.551724137931036
11811,734.0,262.28,26.44
11812,742.0,351.5,21.0
11813,736.15,269.25,25.35
11814,737.6666666666666,243.5,24.0
11815,668.8823529411765,294.94117647058823,82.29411764705883
11816,670.0370370370371,282.962962962963,80.5925925925926
11817,673.3478260869565,291.5217391304348,78.1304347826087
11818,679.375,346.4375,72.5
11819,686.7142857142857,379.42857142857144,68.0
11820,688.8,394.4,66.4
11821,690.8571428571429,388.42857142857144,64.5
11822,685.0869565217391,304.2173913043478,68.34782608695652
11823,684.0625,256.625,69.5625
11824,692.15,368.2,62.5
11825,686.3125,259.5,66.875
11826,690.6,319.6,63.8
11827,691.2916666666666,308.875,63.375
11828,687.3636363636364,237.1818181818182,66.18181818181819
11829,695.1111111111111,338.0740740740741,60.25925925925926
11830,694.1875,321.8125,60.9375
11831,697.2608695652174,308.3478260869565,58.47826086956522
11832,699.4,318.8,57.0
11833,698.1538461538462,301.61538461538464,57.46153846153846
11834,704.2380952380952,379.8095238095238,52.095238095238095
11835,705.5357142857143,295.42857142857144,50.67857142857143
11836,702.3,225.25,52.7
11837,710.2083333333334,298.9583333333333,46.875
11838,712.4285714285714,317.57142857142856,44.857142857142854
11839,707.6086956521739,238.91304347826087,47.82608695652174
11840,716.3703703703703,329.14814814814815,41.629629629629626
11841,710.0,219.9375,46.375
11842,721.6538461538462,339.5,37.38461538461539
11843,718.0384615384615,244.80769230769232,39.84615384615385
11844,717.8571428571429,224.0,40.214285714285715
11845,725.2,321.8,34.8
11846,720.7307692307693,238.53846153846155,37.38461538461539
11847,723.2307692307693,241.73076923076923,35.26923076923077
11848,735.5625,377.8125,26.0625
11849,728.9444444444445,282.3333333333333,30.75
11850,741.0,396.6666666666667,23.0
11851,728.75,241.25,30.9375
11852,731.5357142857143,263.42857142857144,28.535714285714285
11853,732.15,258.5,28.4
11854,743.0,382.0,21.0
11855,736.35,275.55,24.75
11856,734.9090909090909,238.0,26.363636363636363
11857,739.25,296.5,22.75
11858,743.5,338.0,19.5
11859,673.6086956521739,345.04347826086956,77.73913043478261
11860,678.0,314.0,74.0
11861,681.7,341.75,71.1
11862,685.3076923076923,373.2307692307692,68.76923076923077
11863,681.6666666666666,321.44444444444446,71.44444444444444
11864,688.5714285714286,381.42857142857144,66.14285714285714
11865,689.8,398.4,65.0
11866,686.15,347.85,66.95
11867,682.8,247.0,69.66666666666667
11868,694.0769230769231,369.84615384615387,60.57692307692308
11869,691.25,326.0357142857143,62.607142857142854
11870,695.5384615384615,374.15384615384613,60.0
11871,690.1428571428571,301.0357142857143,63.57142857142857
11872,692.6,337.0,62.0
11873,692.9473684210526,343.4736842105263,61.1578947368421
11874,700.3478260869565,400.8695652173913,55.69565217391305
11875,691.0,248.5,63.0
11876,696.4333333333333,336.03333333333336,58.06666666666667
11877,696.0,299.1666666666667,58.56666666666667
11878,706.875,406.25,51.0
11879,703.7333333333333,317.4,53.2
11880,695.5294117647059,223.64705882352942,58.411764705882355
11881,698.6521739130435,258.5217391304348,56.04347826086956
11882,701.5714285714286,257.89285714285717,53.5
11883,710.3076923076923,373.11538461538464,46.65384615384615
11884,700.3448275862069,234.48275862068965,54.48275862068966
11885,700.9473684210526,247.52631578947367,53.73684210526316
11886,713.6111111111111,392.3888888888889,44.111111111111114
11887,712.6190476190476,369.23809523809524,45.0
11888,707.1212121212121,296.2121212121212,48.63636363636363
11889,703.3181818181819,230.13636363636363,51.68181818181818
11890,713.48,328.28,43.76
11891,709.6153846153846,239.1153846153846,46.46153846153846
11892,720.4090909090909,368.45454545454544,38.90909090909091
11893,721.7058823529412,380.88235294117646,37.705882352941174
11894,716.4285714285714,297.42857142857144,41.464285714285715
11895,719.6,342.08,38.96
11896,713.0909090909091,234.36363636363637,43.68181818181818
11897,724.7692307692307,384.9230769230769,35.23076923076923
11898,720.2,297.92,37.96
11899,722.2,299.4,36.4
11900,729.3571428571429,370.35714285714283,31.285714285714285
11901,733.0,391.0769230769231,27.76923076923077
11902,721.9,229.85,36.3
11903,728.85,324.7,31.0
11904,726.375,268.125,33.083333333333336
11905,729.3157894736842,318.1578947368421,30.210526315789473
11906,727.8461538461538,291.15384615384613,31.23076923076923
11907,728.695652173913,262.5217391304348,30.695652173913043
11908,737.2857142857143,378.85714285714283,24.142857142857142
11909,740.421052631579,389.05263157894734,21.473684210526315
11910,729.3913043478261,232.8695652173913,29.347826086956523
11911,740.5,365.5,21.5
11912,736.9473684210526,282.36842105263156,23.57894736842105
11913,738.5,278.0,22.9
11914,751.0,324.0,14.0
11915,667.8095238095239,279.23809523809524,82.33333333333333
11916,672.8846153846154,333.3076923076923,77.96153846153847
11917,671.0454545454545,300.8181818181818,79.5909090909091
11918,676.7619047619048,342.7142857142857,74.85714285714286
11919,676.7727272727273,332.0,74.63636363636364
11920,675.2631578947369,300.2631578947368,76.21052631578948
11921,678.2272727272727,337.40909090909093,73.81818181818181
11922,682.6,296.28,69.48
11923,688.6666666666666,307.9047619047619,64.9047619047619
11924,695.2,379.0,60.0
11925,685.25,248.08333333333334,67.16666666666667
11926,696.0,399.06666666666666,58.53333333333333
11927,685.4166666666666,234.5,67.58333333333333
11928,687.8461538461538,252.15384615384616,65.38461538461539
11929,697.5,385.55555555555554,57.72222222222222
11930,692.5217391304348,305.30434782608694,61.65217391304348
11931,688.3076923076923,235.84615384615384,64.76923076923077
11932,703.7368421052631,323.6842105263158,52.31578947368421
11933,710.1,408.3,47.8
11934,709.5294117647059,385.3529411764706,47.0
11935,708.0909090909091,327.09090909090907,47.90909090909091
11936,716.3333333333334,387.06666666666666,42.2
11937,711.8965517241379,310.2068965517241,44.62068965517241
11938,716.7272727272727,370.1363636363636,41.36363636363637
11939,715.1153846153846,323.38461538461536,42.53846153846154
11940,720.9444444444445,393.05555555555554,37.44444444444444
11941,722.9230769230769,391.61538461538464,35.92307692307692
11942,724.952380952381,407.57142857142856,34.523809523809526
11943,718.6129032258065,321.61290322580646,38.67741935483871
11944,720.375,325.625,38.75
11945,714.3846153846154,240.69230769230768,42.92307692307692
11946,714.9615384615385,254.3846153846154,41.73076923076923
11947,715.25,226.75,41.3125
11948,718.3913043478261,219.6086956521739,38.869565217391305
11949,720.95,224.5,36.7
11950,732.1176470588235,368.1764705882353,28.529411764705884
11951,727.2352941176471,229.41176470588235,30.88235294117647
11952,735.5263157894736,328.05263157894734,25.0
11953,730.2857142857143,250.0,29.285714285714285
11954,735.7058823529412,322.11764705882354,24.647058823529413
11955,737.0909090909091,317.0,24.181818181818183
11956,738.24,344.28,22.52
11957,733.4,242.0,27.6
11958,740.7692307692307,341.53846153846155,21.0
11959,751.1111111111111,308.6666666666667,12.11111111111111
11960,665.75,287.3125,83.875
11961,671.8571428571429,338.3809523809524,78.9047619047619
11962,680.8148148148148,329.85185185185185,70.77777777777777
11963,683.5555555555555,346.18518518518516,68.51851851851852
11964,683.9130434782609,337.3478260869565,68.34782608695652
11965,686.9090909090909,372.54545454545456,66.45454545454545
11966,686.8095238095239,352.1904761904762,66.23809523809524
11967,680.1111111111111,245.33333333333334,71.55555555555556
11968,692.0,388.4,62.9
11969,684.4516129032259,291.06451612903226,67.64516129032258
11970,693.3333333333334,396.3333333333333,61.333333333333336
11971,682.0833333333334,242.91666666666666,69.66666666666667
11972,692.75,374.25,61.5
11973,684.75,243.91666666666666,67.75
11974,690.75,332.0357142857143,62.392857142857146
11975,688.75,240.375,64.4375
11976,692.75,299.75,60.32142857142857
11977,691.2903225806451,260.6774193548387,61.29032258064516
11978,701.125,372.9375,53.40625
11979,696.64,253.48,56.84
11980,707.4642857142857,385.32142857142856,48.607142857142854
11981,709.3157894736842,397.7368421052632,47.26315789473684
11982,710.5882352941177,392.88235294117646,45.8235294117647
11983,707.1764705882352,332.7647058823529,49.23529411764706
11984,712.1904761904761,385.8095238095238,45.38095238095238
11985,713.4117647058823,388.5882352941176,43.294117647058826
11986,710.4,305.43333333333334,45.56666666666667
11987,718.6206896551724,394.55172413793105,39.41379310344828
11988,717.8181818181819,390.04545454545456,39.5
11989,708.304347826087,248.65217391304347,47.0
11990,714.2592592592592,318.6666666666667,42.44444444444444
11991,718.5,377.1111111111111,39.44444444444444
11992,708.2173913043479,224.2608695652174,47.34782608695652
11993,719.7692307692307,334.5,38.38461538461539
11994,726.0,412.25,34.0
11995,725.4782608695652,395.6521739130435,33.56521739130435
11996,727.0,391.0,32.0
11997,721.8148148148148,278.7037037037037,36.25925925925926
11998,732.25,407.8125,28.3125
11999,732.68,380.04,27.64
12000,731.6666666666666,349.0,28.533333333333335
12001,730.6785714285714,328.9642857142857,28.571428571428573
12002,728.4,276.37142857142857,30.085714285714285
12003,730.75,294.1666666666667,29.083333333333332
12004,737.7,383.6,23.05
12005,736.1578947368421,356.94736842105266,24.63157894736842
12006,736.2608695652174,350.2173913043478,24.608695652173914
12007,737.3529411764706,365.0,23.058823529411764
12008,735.2,314.4,26.0
12009,732.0,268.4074074074074,27.333333333333332
12010,734.3333333333334,289.22222222222223,25.25925925925926
12011,731.8571428571429,220.42857142857142,28.142857142857142
12012,746.25,353.25,16.0
12013,678.6,331.56,72.52
12014,676.0,242.0,76.0
12015,685.96,333.6,66.56
12016,691.1764705882352,392.88235294117646,62.76470588235294
12017,688.0333333333333,348.0,64.56666666666666
12018,692.9375,327.5,60.875
12019,686.3846153846154,246.69230769230768,65.84615384615384
12020,697.2173913043479,395.95652173913044,56.78260869565217
12021,692.5454545454545,311.54545454545456,61.72727272727273
12022,693.5333333333333,345.1,59.43333333333333
12023,700.0,405.0,56.0
12024,688.5,228.66666666666666,64.33333333333333
12025,699.9411764705883,370.2352941176471,55.0
12026,692.7368421052631,253.68421052631578,60.0
12027,700.6296296296297,342.5925925925926,53.55555555555556
12028,693.7777777777778,239.72222222222223,58.94444444444444
12029,693.9473684210526,228.26315789473685,59.421052631578945
12030,705.1363636363636,373.5,50.40909090909091
12031,706.92,393.8,48.4
12032,708.1333333333333,402.2,48.0
12033,703.1481481481482,318.3703703703704,51.44444444444444
12034,703.25,311.0,51.25
12035,704.695652173913,307.04347826086956,50.130434782608695
12036,701.9411764705883,244.47058823529412,51.94117647058823
12037,709.5238095238095,322.6666666666667,46.19047619047619
12038,716.3333333333334,382.3333333333333,41.38095238095238
12039,718.2307692307693,411.0,39.69230769230769
12040,718.6,385.4,39.0
12041,714.56,303.2,41.56
12042,715.6875,289.15625,41.0
12043,718.5,313.0,40.0
12044,726.3333333333334,369.18518518518516,32.74074074074074
12045,723.4,263.15,34.4
12046,721.1666666666666,219.25,35.916666666666664
12047,725.7894736842105,260.3157894736842,32.421052631578945
12048,726.8620689655172,250.89655172413794,31.06896551724138
12049,678.5714285714286,312.85714285714283,72.14285714285714
12050,681.5238095238095,302.85714285714283,69.76190476190476
12051,680.2142857142857,253.35714285714286,70.78571428571429
12052,685.4285714285714,309.57142857142856,66.5
12053,690.7826086956521,384.7391304347826,61.82608695652174
12054,682.4285714285714,253.42857142857142,68.92857142857143
12055,684.2857142857143,239.28571428571428,67.14285714285714
12056,697.0769230769231,375.7692307692308,56.65384615384615
12057,697.1481481481482,368.7037037037037,56.7037037037037
12058,694.2380952380952,311.23809523809524,59.476190476190474
12059,689.5333333333333,256.73333333333335,62.733333333333334
12060,696.0714285714286,330.9642857142857,57.5
12061,689.0370370370371,228.7037037037037,62.51851851851852
12062,698.0434782608696,312.04347826086956,55.78260869565217
12063,693.695652173913,249.56521739130434,59.04347826086956
12064,697.4782608695652,303.7826086956522,55.73913043478261
12065,700.1538461538462,331.03846153846155,53.76923076923077
12066,700.5,303.3636363636364,53.31818181818182
12067,704.4137931034483,327.9655172413793,50.62068965517241
12068,698.9583333333334,253.54166666666666,54.583333333333336
12069,708.95,378.6,46.8
12070,698.2857142857143,224.47619047619048,55.38095238095238
12071,714.5,414.2,42.8
12072,701.1538461538462,234.1153846153846,52.23076923076923
12073,713.8888888888889,401.0,42.833333333333336
12074,719.3333333333334,421.6666666666667,38.333333333333336
12075,715.8,354.6,40.53333333333333
12076,720.1111111111111,372.6666666666667,37.388888888888886
12077,717.047619047619,301.4761904761905,39.61904761904762
12078,716.4848484848485,281.969696969697,39.666666666666664
12079,711.8333333333334,217.33333333333334,43.5
12080,712.0454545454545,226.54545454545453,43.13636363636363
12081,718.8275862068965,293.1034482758621,37.44827586206897
12082,722.725,284.15,34.25
12083,726.5,301.5,31.5
12084,722.5714285714286,236.71428571428572,34.42857142857143
12085,725.8,273.2,32.0
12086,725.2,234.4,32.3
12087,735.1666666666666,363.2083333333333,24.708333333333332
12088,729.5,243.4375,28.4375
12089,738.75,360.45,21.65
12090,740.8571428571429,373.7142857142857,20.857142857142858
12091,732.8,282.5,25.3
12092,730.68,230.16,27.36
12093,669.4,342.3333333333333,79.0
12094,673.0357142857143,348.42857142857144,76.17857142857143
12095,673.5714285714286,325.85714285714283,76.85714285714286
12096,671.0625,285.03125,77.59375
12097,676.7142857142857,288.60714285714283,72.75
12098,685.4444444444445,390.8888888888889,67.11111111111111
12099,679.3333333333334,296.72222222222223,71.0
12100,687.8235294117648,375.2352941176471,64.58823529411765
12101,682.5,309.5,68.5
12102,688.1851851851852,370.51851851851853,63.851851851851855
12103,679.0,236.5,72.0
12104,685.7083333333334,327.1666666666667,65.75
12105,689.2380952380952,346.23809523809524,62.76190476190476
12106,687.6153846153846,248.23076923076923,64.23076923076923
12107,689.5833333333334,244.41666666666666,61.791666666666664
12108,694.6363636363636,304.22727272727275,58.45454545454545
12109,691.1818181818181,249.1818181818182,60.90909090909091
12110,698.5625,338.25,55.0
12111,693.2173913043479,259.95652173913044,58.82608695652174
12112,701.1428571428571,321.42857142857144,54.0
12113,694.695652173913,231.2173913043478,57.391304347826086
12114,706.7727272727273,371.54545454545456,48.27272727272727
12115,701.304347826087,298.4347826086956,52.47826086956522
12116,714.5,409.375,43.25
12117,710.625,378.875,44.583333333333336
12118,715.3333333333334,391.95238095238096,41.38095238095238
12119,704.0,235.7391304347826,50.04347826086956
12120,706.5652173913044,229.69565217391303,47.47826086956522
12121,713.1153846153846,307.5,42.65384615384615
12122,706.8,215.6,47.0
12123,709.4827586206897,244.20689655172413,45.310344827586206
12124,722.0,411.27272727272725,35.81818181818182
12125,712.6451612903226,293.5483870967742,42.645161290322584
12126,716.875,337.625,39.333333333333336
12127,712.6521739130435,259.8695652173913,42.82608695652174
12128,721.6666666666666,377.5238095238095,35.857142857142854
12129,710.0714285714286,224.0,44.5
12130,716.0952380952381,306.4761904761905,39.666666666666664
12131,719.0,315.0,39.0
12132,712.3809523809524,236.04761904761904,42.04761904761905
12133,720.0,318.5,37.0
12134,725.2941176470588,376.29411764705884,33.11764705882353
12135,714.2777777777778,231.66666666666666,41.166666666666664
12136,717.0434782608696,257.4347826086956,38.47826086956522
12137,720.5,245.70833333333334,35.625
12138,723.0588235294117,250.23529411764707,33.94117647058823
12139,733.1071428571429,372.82142857142856,26.285714285714285
12140,734.4117647058823,382.1764705882353,25.176470588235293
12141,722.3571428571429,231.42857142857142,33.57142857142857
12142,734.0,369.0,26.0
12143,735.6666666666666,386.8333333333333,24.666666666666668
12144,732.9565217391304,331.0,26.47826086956522
12145,729.7666666666667,285.3333333333333,28.466666666666665
12146,733.5833333333334,337.0,25.416666666666668
12147,728.5,254.39285714285714,28.5
12148,731.6428571428571,300.57142857142856,26.857142857142858
12149,739.2,384.5,21.0
12150,736.4444444444445,335.05555555555554,23.166666666666668
12151,735.0,294.0,25.0
12152,732.2333333333333,255.13333333333333,26.066666666666666
12153,666.0,290.6470588235294,82.3529411764706
12154,667.8,298.8,81.4
12155,670.5454545454545,348.57575757575756,78.03030303030303
12156,670.4,307.3,79.0
12157,674.2083333333334,336.5416666666667,75.375
12158,671.12,300.16,77.24
12159,676.0,348.0,74.0
12160,674.9285714285714,291.85714285714283,74.17857142857143
12161,679.5,344.05555555555554,70.38888888888889
12162,684.4285714285714,382.14285714285717,67.35714285714286
12163,681.7692307692307,325.03846153846155,68.84615384615384
12164,687.16,331.88,64.24
12165,687.4166666666666,327.0416666666667,63.708333333333336
12166,685.9375,293.8125,65.0625
12167,684.3529411764706,253.47058823529412,66.29411764705883
12168,689.0384615384615,296.84615384615387,62.15384615384615
12169,688.3333333333334,252.25,63.25
12170,694.8518518518518,340.6296296296296,57.48148148148148
12171,702.2222222222222,369.5925925925926,51.51851851851852
12172,699.1538461538462,307.7307692307692,54.30769230769231
12173,708.0,419.6470588235294,47.529411764705884
12174,697.7647058823529,261.05882352941177,54.529411764705884
12175,711.7,402.95,44.45
12176,706.03125,322.3125,48.3125
12177,702.2,256.85,50.95
12178,706.9615384615385,303.11538461538464,47.38461538461539
12179,712.3333333333334,373.5,43.416666666666664
12180,709.2058823529412,328.38235294117646,45.3235294117647
12181,703.625,223.5625,50.4375
12182,705.4375,249.34375,48.5
12183,715.7272727272727,358.42424242424244,39.484848484848484
12184,708.7222222222222,258.8333333333333,45.388888888888886
12185,710.047619047619,254.52380952380952,44.23809523809524
12186,712.2083333333334,246.83333333333334,42.333333333333336
12187,714.1111111111111,258.44444444444446,40.55555555555556
12188,713.9047619047619,243.0952380952381,41.04761904761905
12189,718.36,252.84,37.44
12190,729.4615384615385,394.0769230769231,29.076923076923077
12191,726.7631578947369,331.36842105263156,30.710526315789473
12192,728.5757575757576,341.75757575757575,28.727272727272727
12193,723.0666666666667,244.4,33.46666666666667
12194,722.8888888888889,219.5,33.27777777777778
12195,728.3571428571429,270.92857142857144,29.642857142857142
12196,726.0857142857143,245.34285714285716,30.085714285714285
12197,738.4,379.4,21.6
12198,737.421052631579,352.42105263157896,22.210526315789473
12199,732.2,223.4,27.0
12200,742.8888888888889,356.44444444444446,18.0
12201,747.3103448275862,310.1034482758621,13.241379310344827
12202,662.6363636363636,281.8181818181818,84.36363636363636
12203,673.5217391304348,286.04347826086956,75.04347826086956
12204,677.4827586206897,337.2758620689655,71.72413793103448
12205,676.483870967742,299.83870967741933,72.58064516129032
12206,680.5238095238095,334.4761904761905,69.61904761904762
12207,684.5384615384615,386.7692307692308,66.61538461538461
12208,687.0,389.8,65.0
12209,687.5,385.5,64.33333333333333
12210,685.7777777777778,321.1111111111111,65.77777777777777
12211,691.9333333333333,393.0,60.8
12212,691.5555555555555,366.44444444444446,60.55555555555556
12213,694.7692307692307,323.65384615384613,57.42307692307692
12214,688.3939393939394,239.5151515151515,61.54545454545455
12215,697.7826086956521,328.3478260869565,55.43478260869565
12216,692.3809523809524,244.76190476190476,59.333333333333336
12217,704.7142857142857,398.2857142857143,49.38095238095238
12218,701.3,336.0,51.8
12219,705.7727272727273,376.77272727272725,48.40909090909091
12220,704.5909090909091,301.54545454545456,49.13636363636363
12221,702.3142857142857,252.0,50.42857142857143
12222,714.7777777777778,408.3333333333333,41.111111111111114
12223,707.2,309.6333333333333,46.46666666666667
12224,712.6,369.6,42.3
12225,713.1538461538462,333.3076923076923,42.34615384615385
12226,712.2,299.28,42.56
12227,719.9090909090909,384.8787878787879,36.484848484848484
12228,716.95,329.05,39.15
12229,717.04,345.48,38.24
12230,716.1666666666666,289.23333333333335,38.666666666666664
12231,726.6,396.2,31.0
12232,727.047619047619,380.9047619047619,30.666666666666668
12233,723.0,315.5,34.0
12234,727.44,353.52,30.24
12235,720.5,257.6666666666667,35.0
12236,720.4848484848485,267.7878787878788,34.484848484848484
12237,722.1176470588235,278.4117647058824,34.0
12238,734.0,394.0,24.0
12239,730.0,290.22222222222223,27.40740740740741
12240,736.8461538461538,373.84615384615387,22.23076923076923
12241,739.0,357.25,20.0
12242,666.1578947368421,285.10526315789474,81.3157894736842
12243,672.0,296.1666666666667,75.95833333333333
12244,674.7727272727273,309.1818181818182,73.68181818181819
12245,681.375,283.5,68.75
12246,681.1428571428571,300.85714285714283,68.21428571428571
12247,685.09375,339.59375,65.46875
12248,682.8,295.64,67.2
12249,681.8571428571429,259.0,67.92857142857143
12250,684.0357142857143,298.32142857142856,65.64285714285714
12251,693.4705882352941,390.0,58.8235294117647
12252,691.0434782608696,332.5652173913044,60.43478260869565
12253,694.9,380.3,58.0
12254,694.1428571428571,368.92857142857144,58.357142857142854
12255,685.7857142857143,260.82142857142856,63.785714285714285
12256,685.0,241.75,65.75
12257,701.9090909090909,401.77272727272725,51.54545454545455
12258,701.7727272727273,396.72727272727275,51.63636363636363
12259,701.375,391.21875,51.5625
12260,691.9583333333334,233.29166666666666,59.0
12261,703.1935483870968,387.61290322580646,50.193548387096776
12262,703.2,338.88,49.92
12263,711.5454545454545,383.72727272727275,43.27272727272727
12264,712.72,396.4,42.4
12265,711.25,365.21875,43.375
12266,710.6818181818181,322.09090909090907,44.0
12267,704.4736842105264,233.73684210526315,48.10526315789474
12268,715.0,366.5,40.1
12269,708.0,228.34615384615384,45.46153846153846
12270,715.2,324.6,39.95
12271,715.3928571428571,318.0,39.75
12272,721.9166666666666,367.9166666666667,34.25
12273,726.625,400.9375,30.4375
12274,713.5294117647059,236.2941176470588,39.8235294117647
12275,725.4516129032259,364.5483870967742,31.483870967741936
12276,726.7142857142857,374.85714285714283,30.523809523809526
12277,731.1904761904761,398.7142857142857,26.952380952380953
12278,724.7142857142857,277.0,32.0
12279,728.15,299.3,28.65
12280,724.7857142857143,241.07142857142858,31.785714285714285
12281,734.6428571428571,345.42857142857144,23.428571428571427
12282,730.8181818181819,276.3636363636364,25.636363636363637
12283,660.0,270.1666666666667,85.66666666666667
12284,668.1612903225806,289.1290322580645,79.41935483870968
12285,676.2727272727273,388.72727272727275,73.18181818181819
12286,671.2105263157895,305.5263157894737,76.6842105263158
12287,679.0,391.0,72.0
12288,678.75,386.25,71.75
12289,680.3333333333334,381.1666666666667,70.5
12290,681.8,384.4,69.0
12291,681.5,373.5,69.0
12292,682.6842105263158,368.57894736842104,67.42105263157895
12293,680.421052631579,339.94736842105266,68.84210526315789
12294,680.5,321.0,70.0
12295,681.9090909090909,351.54545454545456,67.72727272727273
12296,685.1875,367.625,65.4375
12297,682.36,326.92,67.24
12298,689.2,396.4,62.0
12299,679.5454545454545,238.8181818181818,69.81818181818181
12300,687.925925925926,336.14814814814815,62.51851851851852
12301,691.6470588235294,381.7647058823529,59.705882352941174
12302,685.5714285714286,302.85714285714283,64.57142857142857
12303,693.6153846153846,385.2307692307692,58.69230769230769
12304,690.28,348.24,60.48
12305,683.2,231.5,66.0
12306,684.8888888888889,230.33333333333334,65.0
12307,685.7333333333333,243.13333333333333,63.93333333333333
12308,696.7272727272727,379.77272727272725,55.5
12309,698.8333333333334,388.6666666666667,53.708333333333336
12310,698.5,383.3181818181818,53.77272727272727
12311,702.90625,369.21875,49.46875
12312,698.5294117647059,292.5882352941176,53.23529411764706
12313,701.0833333333334,304.1666666666667,51.22222222222222
12314,698.2142857142857,238.96428571428572,53.392857142857146
12315,700.3214285714286,239.57142857142858,51.535714285714285
12316,704.3333333333334,262.25,48.666666666666664
12317,703.6315789473684,220.57894736842104,48.21052631578947
12318,716.8888888888889,403.77777777777777,38.166666666666664
12319,716.45,372.9,38.6
12320,714.08,341.24,39.92
12321,720.0,406.0,36.0
12322,709.7692307692307,263.9230769230769,43.65384615384615
12323,721.4615384615385,401.7692307692308,35.15384615384615
12324,710.5,250.1,43.35
12325,718.7142857142857,367.5,36.5
12326,727.0,410.5,30.0
12327,717.0833333333334,233.875,36.791666666666664
12328,728.5263157894736,387.6842105263158,28.263157894736842
12329,728.030303030303,323.3939393939394,28.515151515151516
12330,724.0,222.33333333333334,31.666666666666668
12331,729.4736842105264,272.5263157894737,26.94736842105263
12332,740.5,362.2,19.1
12333,749.8235294117648,333.11764705882354,10.470588235294118
12334,661.0869565217391,276.39130434782606,84.56521739130434
12335,662.95,277.45,83.0
12336,665.6666666666666,293.3666666666667,80.53333333333333
12337,672.0,342.0,76.0
12338,680.9,388.8,69.5
12339,681.6,380.8,69.0
12340,678.4230769230769,308.0,70.38461538461539
12341,677.3333333333334,241.66666666666666,72.0
12342,687.8571428571429,380.07142857142856,63.357142857142854
12343,679.2352941176471,256.7647058823529,69.41176470588235
12344,690.421052631579,387.42105263157896,60.21052631578947
12345,690.2307692307693,337.5,60.5
12346,691.7647058823529,328.94117647058823,59.0
12347,697.9166666666666,396.75,54.333333333333336
12348,692.8333333333334,309.06666666666666,58.03333333333333
12349,696.7647058823529,366.2352941176471,54.8235294117647
12350,695.4545454545455,335.3636363636364,55.77272727272727
12351,696.0370370370371,343.5925925925926,55.148148148148145
12352,699.3703703703703,377.74074074074076,52.55555555555556
12353,696.2857142857143,318.14285714285717,56.0
12354,693.6086956521739,295.1304347826087,56.608695652173914
12355,689.4074074074074,227.1851851851852,60.44444444444444
12356,694.4736842105264,289.36842105263156,56.68421052631579
12357,699.36,365.8,52.32
12358,700.3913043478261,329.9130434782609,51.69565217391305
12359,694.375,241.91666666666666,55.958333333333336
12360,695.9629629629629,249.59259259259258,55.03703703703704
12361,701.4230769230769,293.6923076923077,50.73076923076923
12362,710.4705882352941,398.2352941176471,43.529411764705884
12363,699.4444444444445,222.16666666666666,52.111111111111114
12364,707.25,316.0,47.0
12365,712.5263157894736,378.7894736842105,41.89473684210526
12366,715.1176470588235,398.70588235294116,40.411764705882355
12367,717.3181818181819,399.0,37.54545454545455
12368,709.0,231.375,43.625
12369,717.9761904761905,327.9047619047619,36.54761904761905
12370,721.9705882352941,347.6470588235294,33.5
12371,713.0,219.44444444444446,40.388888888888886
12372,715.6315789473684,248.26315789473685,38.421052631578945
12373,721.2173913043479,306.8695652173913,34.0
12374,724.1612903225806,350.06451612903226,31.225806451612904
12375,720.9615384615385,300.0,33.69230769230769
12376,731.56,360.44,25.48
12377,725.7307692307693,257.53846153846155,29.5
12378,725.0769230769231,233.26923076923077,29.692307692307693
12379,738.0,347.0,21.0
12380,732.9473684210526,279.57894736842104,23.526315789473685
12381,667.0,345.0,79.0
12382,670.5217391304348,336.95652173913044,77.04347826086956
12383,669.1153846153846,295.0769230769231,77.76923076923077
12384,672.6666666666666,308.3333333333333,75.14285714285714
12385,678.2307692307693,373.8076923076923,69.57692307692308
12386,679.0384615384615,348.5,69.42307692307692
12387,684.3,382.8,65.3
12388,683.6315789473684,364.3157894736842,65.78947368421052
12389,678.2,247.6,69.9
12390,688.5333333333333,373.8,62.266666666666666
12391,683.5333333333333,305.4,65.33333333333333
12392,679.1,234.8,68.4
12393,682.6,261.6,66.2
12394,681.0666666666667,234.2,67.26666666666667
12395,692.0625,375.875,59.1875
12396,686.4736842105264,305.36842105263156,63.0
12397,695.3333333333334,402.5,57.333333333333336
12398,694.8,388.5,57.0
12399,692.0967741935484,348.80645161290323,58.32258064516129
12400,683.8421052631579,237.42105263157896,64.73684210526316
12401,697.0,391.04761904761904,55.142857142857146
12402,690.4347826086956,304.30434782608694,59.47826086956522
12403,685.7692307692307,232.92307692307693,63.69230769230769
12404,689.1904761904761,256.9047619047619,60.523809523809526
12405,686.8461538461538,233.19230769230768,61.73076923076923
12406,694.88,307.64,56.28
12407,697.8064516129032,345.8709677419355,53.483870967741936
12408,703.4347826086956,393.5217391304348,49.47826086956522
12409,697.2083333333334,300.125,53.916666666666664
12410,699.7241379310345,340.2758620689655,51.3448275862069
12411,704.4230769230769,382.1923076923077,48.26923076923077
12412,704.1785714285714,362.92857142857144,48.25
12413,699.32,289.72,51.76
12414,696.0,230.8181818181818,54.42424242424242
12415,706.3846153846154,357.65384615384613,46.42307692307692
12416,698.9285714285714,250.35714285714286,52.32142857142857
12417,696.0588235294117,225.88235294117646,53.64705882352941
12418,701.5769230769231,243.53846153846155,49.57692307692308
12419,712.0,360.7916666666667,41.541666666666664
12420,714.3333333333334,386.3809523809524,39.76190476190476
12421,705.2666666666667,264.2,46.46666666666667
12422,713.2962962962963,335.962962962963,40.55555555555556
12423,706.2,232.85,45.75
12424,708.074074074074,235.88888888888889,44.2962962962963
12425,709.64,240.36,42.76
12426,713.4074074074074,294.22222222222223,39.96296296296296
12427,722.9230769230769,399.7692307692308,33.07692307692308
12428,717.0967741935484,304.03225806451616,37.25806451612903
12429,711.5,222.0,42.0
12430,723.9375,386.5625,32.125
12431,716.4285714285714,240.38095238095238,37.23809523809524
12432,728.25,381.9375,28.1875
12433,726.8888888888889,362.85185185185185,28.962962962962962
12434,719.0,250.4848484848485,34.515151515151516
12435,723.2894736842105,284.05263157894734,31.13157894736842
12436,730.1363636363636,364.90909090909093,26.545454545454547
12437,720.1764705882352,226.35294117647058,34.294117647058826
12438,719.8,216.5,34.1
12439,722.8571428571429,252.28571428571428,31.464285714285715
12440,722.8571428571429,247.04761904761904,31.714285714285715
12441,733.2857142857143,291.7142857142857,23.214285714285715
12442,736.4285714285714,295.7142857142857,22.285714285714285
12443,732.0,223.4,24.6
12444,742.2727272727273,319.72727272727275,16.0
12445,669.9565217391304,291.2608695652174,76.30434782608695
12446,673.2272727272727,300.59090909090907,73.9090909090909
12447,671.3333333333334,242.83333333333334,76.0
12448,676.5862068965517,292.41379310344826,70.55172413793103
12449,676.551724137931,286.48275862068965,70.86206896551724
12450,686.7,389.5,63.1
12451,678.8461538461538,243.92307692307693,69.15384615384616
12452,680.25,247.83333333333334,68.08333333333333
12453,680.3571428571429,239.71428571428572,67.78571428571429
12454,687.4375,320.625,61.75
12455,693.4,394.1333333333333,57.8
12456,683.75,257.3333333333333,65.0
12457,689.1666666666666,315.0,61.0
12458,688.3846153846154,301.7307692307692,61.34615384615385
12459,688.5555555555555,309.3333333333333,61.05555555555556
12460,689.625,322.25,60.125
12461,687.9629629629629,290.8888888888889,61.148148148148145
12462,695.8333333333334,385.3333333333333,55.44444444444444
12463,688.7777777777778,295.6666666666667,60.25925925925926
12464,685.0952380952381,238.0,63.04761904761905
12465,698.0,360.82142857142856,53.107142857142854
12466,691.9,254.26666666666668,57.733333333333334
12467,703.1428571428571,405.2142857142857,49.285714285714285
12468,698.5,324.07142857142856,52.82142857142857
12469,701.9615384615385,379.61538461538464,49.73076923076923
12470,701.3684210526316,364.89473684210526,49.63157894736842
12471,699.0,308.82608695652175,52.08695652173913
12472,711.3333333333334,404.6666666666667,42.0
12473,707.1428571428571,317.3333333333333,44.80952380952381
12474,713.5263157894736,374.94736842105266,40.8421052631579
12475,717.0869565217391,408.4782608695652,37.52173913043478
12476,705.4090909090909,243.04545454545453,46.0
12477,706.4583333333334,252.16666666666666,45.333333333333336
12478,715.72,363.36,38.36
12479,720.75,388.25,34.375
12480,719.2432432432432,320.7567567567568,34.648648648648646
12481,716.8181818181819,281.6818181818182,36.95454545454545
12482,726.0,385.8,30.333333333333332
12483,713.5,229.15,39.15
12484,726.2857142857143,369.0952380952381,29.285714285714285
12485,729.0,375.0,29.0
12486,722.4642857142857,298.4642857142857,31.535714285714285
12487,720.6363636363636,222.63636363636363,33.36363636363637
12488,721.75,237.41666666666666,32.541666666666664
12489,733.6875,354.5625,23.625
12490,662.4,284.76,82.48
12491,667.75,335.0,79.0
12492,667.0,302.0,80.0
12493,674.375,334.0416666666667,73.29166666666667
12494,675.6666666666666,342.125,71.625
12495,684.75,394.0,65.5
12496,681.5625,341.375,66.9375
12497,681.6785714285714,332.7857142857143,66.57142857142857
12498,683.5882352941177,343.88235294117646,65.0
12499,681.4285714285714,244.5,66.78571428571429
12500,691.6,372.6,58.6
12501,683.8571428571429,249.57142857142858,64.5
12502,690.5,312.8333333333333,59.333333333333336
12503,691.3125,322.375,58.3125
12504,692.7727272727273,344.3636363636364,56.90909090909091
12505,686.7333333333333,248.6,62.13333333333333
12506,687.3,253.2,61.7
12507,700.4736842105264,375.42105263157896,51.1578947368421
12508,695.3157894736842,296.5263157894737,54.73684210526316
12509,701.1818181818181,383.90909090909093,49.59090909090909
12510,699.3928571428571,362.35714285714283,50.67857142857143
12511,692.8888888888889,247.62962962962962,56.592592592592595
12512,695.3548387096774,288.96774193548384,54.354838709677416
12513,694.3823529411765,236.02941176470588,55.44117647058823
12514,697.1923076923077,262.7307692307692,52.42307692307692
12515,700.8888888888889,299.3333333333333,50.25925925925926
12516,700.4,225.6,50.24
12517,703.3793103448276,253.72413793103448,47.55172413793103
12518,706.6,297.8,45.46666666666667
12519,713.7083333333334,380.4166666666667,39.5
12520,709.64,302.52,43.44
12521,708.4642857142857,295.32142857142856,43.57142857142857
12522,717.4666666666667,389.1333333333333,36.333333333333336
12523,719.2142857142857,397.14285714285717,35.642857142857146
12524,717.0,315.5,38.0
12525,712.4761904761905,247.28571428571428,40.23809523809524
12526,712.6190476190476,252.57142857142858,39.714285714285715
12527,714.6071428571429,263.10714285714283,38.392857142857146
12528,728.0,406.75,28.75
12529,717.8421052631579,285.36842105263156,35.26315789473684
12530,714.75,222.75,38.5
12531,715.1481481481482,226.11111111111111,37.407407407407405
12532,724.1666666666666,320.8333333333333,30.75
12533,722.6774193548387,289.61290322580646,31.322580645161292
12534,731.0357142857143,390.10714285714283,25.071428571428573
12535,725.5,295.125,29.75
12536,721.7777777777778,227.77777777777777,32.111111111111114
12537,726.0833333333334,262.05555555555554,28.13888888888889
12538,727.9333333333333,281.4,26.666666666666668
12539,741.7142857142857,328.7857142857143,15.321428571428571
12540,745.0,321.0,15.0
12541,663.7826086956521,279.5217391304348,80.91304347826087
12542,666.1481481481482,283.74074074074076,78.92592592592592
12543,673.1538461538462,339.5,73.46153846153847
12544,678.8,368.8,68.66666666666667
12545,674.5757575757576,309.72727272727275,71.54545454545455
12546,674.4074074074074,295.8888888888889,72.11111111111111
12547,683.2222222222222,379.44444444444446,65.66666666666667
12548,679.074074074074,329.4074074074074,67.88888888888889
12549,678.1212121212121,311.7878787878788,68.60606060606061
12550,684.8,375.6,65.0
12551,676.5,252.0,71.0
12552,680.9545454545455,308.1363636363636,66.45454545454545
12553,684.3,352.3,64.1
12554,684.4782608695652,336.0869565217391,64.0
12555,688.9565217391304,396.3478260869565,59.82608695652174
12556,689.0909090909091,375.8181818181818,60.81818181818182
12557,682.2608695652174,289.8695652173913,65.1304347826087
12558,681.0,255.0,66.66666666666667
12559,681.375,249.0,66.125
12560,690.3103448275862,364.1034482758621,58.93103448275862
12561,684.9285714285714,255.35714285714286,63.5
12562,690.5714285714286,298.7142857142857,58.642857142857146
12563,696.15,375.25,54.35
12564,695.375,349.0,55.3125
12565,689.1428571428571,240.8,59.48571428571429
12566,694.9130434782609,323.7391304347826,54.82608695652174
12567,698.6785714285714,357.07142857142856,51.642857142857146
12568,692.9,286.8,55.75
12569,704.5,408.0,48.0
12570,700.2592592592592,322.7037037037037,50.407407407407405
12571,705.7826086956521,389.5217391304348,46.391304347826086
12572,694.375,244.79166666666666,54.375
12573,697.5185185185185,255.55555555555554,52.333333333333336
12574,696.6666666666666,244.95833333333334,52.541666666666664
12575,698.5925925925926,259.85185185185185,51.407407407407405
12576,704.0,328.17857142857144,47.464285714285715
12577,707.1818181818181,369.6818181818182,44.77272727272727
12578,707.6,357.7,44.2
12579,710.7142857142857,351.4642857142857,41.857142857142854
12580,702.7777777777778,226.44444444444446,48.111111111111114
12581,709.44,317.48,42.52
12582,715.8125,392.6875,37.4375
12583,715.3809523809524,368.5238095238095,37.904761904761905
12584,714.0416666666666,349.4166666666667,38.708333333333336
12585,705.625,224.125,45.625
12586,715.64,355.0,37.48
12587,710.7142857142857,269.4642857142857,41.392857142857146
12588,711.2692307692307,263.4230769230769,40.88461538461539
12589,715.7631578947369,321.6842105263158,36.36842105263158
12590,717.95,336.85,35.55
12591,722.2,380.8,32.5
12592,714.0909090909091,285.6363636363636,37.90909090909091
12593,716.8947368421053,315.7368421052632,35.578947368421055
12594,710.0,197.0,42.25
12595,717.5277777777778,298.80555555555554,35.5
12596,721.0967741935484,323.2903225806452,32.41935483870968
12597,717.2727272727273,260.42424242424244,35.696969696969695
12598,717.0625,228.4375,35.5625
12599,727.1481481481482,358.1111111111111,27.62962962962963
12600,729.0,338.0,25.727272727272727
12601,731.2,293.3,25.0
12602,738.5,376.0,20.0
12603,671.8181818181819,345.6363636363636,74.0
12604,675.4,302.85,70.85
12605,682.48,349.08,65.48
12606,680.4583333333334,301.25,66.25
12607,688.12,327.16,60.56
12608,692.7368421052631,383.3157894736842,56.89473684210526
12609,692.3333333333334,376.48148148148147,56.925925925925924
12610,692.68,366.56,56.6
12611,692.9444444444445,372.27777777777777,56.333333333333336
12612,688.6176470588235,289.88235294117646,59.411764705882355
12613,696.8333333333334,369.8333333333333,53.05555555555556
12614,696.2647058823529,351.4117647058824,53.44117647058823
12615,695.6842105263158,319.0,54.0
12616,696.8260869565217,333.7826086956522,53.0
12617,693.375,257.7083333333333,55.708333333333336
12618,702.65625,334.6875,47.59375
12619,707.6363636363636,386.72727272727275,44.09090909090909
12620,711.32,387.48,41.4
12621,703.125,259.125,47.208333333333336
12622,702.0,237.6086956521739,47.56521739130435
12623,710.4545454545455,326.8484848484849,41.484848484848484
12624,711.56,308.24,40.52
12625,705.8888888888889,219.11111111111111,44.333333333333336
12626,709.7272727272727,254.4090909090909,41.63636363636363
12627,711.1923076923077,279.4230769230769,40.38461538461539
12628,717.2,340.26666666666665,36.6
12629,722.5333333333333,407.2,32.4
12630,721.4666666666667,374.2,33.333333333333336
12631,710.15,228.25,40.75
12632,709.2222222222222,202.44444444444446,41.77777777777778
12633,715.609756097561,289.8536585365854,36.073170731707314
12634,726.0,402.0,28.0
12635,715.4,248.52,35.64
12636,728.1176470588235,370.7647058823529,26.705882352941178
12637,730.7,395.8,25.2
12638,728.0909090909091,331.09090909090907,27.181818181818183
12639,729.7857142857143,355.5,25.357142857142858
12640,725.5357142857143,266.82142857142856,28.642857142857142
12641,738.0,259.77777777777777,18.555555555555557
12642,737.4736842105264,254.52631578947367,18.842105263157894
12643,667.9629629629629,342.85185185185185,77.44444444444444
12644,672.3636363636364,254.0909090909091,73.0
12645,686.8695652173913,392.2173913043478,61.43478260869565
12646,676.0,236.0,69.25
12647,687.5384615384615,381.15384615384613,61.15384615384615
12648,681.09375,284.46875,65.5625
12649,684.08,296.36,63.28
12650,682.2857142857143,263.3333333333333,64.66666666666667
12651,689.7407407407408,341.14814814814815,58.407407407407405
12652,688.36,308.56,59.16
12653,691.6086956521739,327.04347826086956,56.73913043478261
12654,692.65,299.75,56.7
12655,695.5416666666666,311.5833333333333,53.75
12656,691.0625,240.8125,56.6875
12657,704.9130434782609,365.7391304347826,45.78260869565217
12658,708.4333333333333,392.3,43.53333333333333
12659,699.0526315789474,247.52631578947367,50.1578947368421
12660,700.46875,266.6875,48.59375
12661,700.3333333333334,237.95833333333334,49.208333333333336
12662,703.925925925926,256.0,45.592592592592595
12663,710.8333333333334,321.625,41.208333333333336
12664,715.8333333333334,381.5,37.666666666666664
12665,708.1,257.75,42.7
12666,717.6842105263158,380.57894736842104,35.63157894736842
12667,720.1304347826087,407.82608695652175,33.56521739130435
12668,716.8846153846154,363.03846153846155,36.0
12669,713.5185185185185,310.51851851851853,38.48148148148148
12670,710.8095238095239,275.0952380952381,39.80952380952381
12671,714.5909090909091,297.6818181818182,37.72727272727273
12672,706.5,202.5,42.0
12673,712.258064516129,240.03225806451613,38.38709677419355
12674,717.46875,294.21875,34.46875
12675,717.75,277.875,34.875
12676,723.7692307692307,344.7307692307692,29.423076923076923
12677,728.8,385.4,26.2
12678,718.3125,232.6875,34.1875
12679,727.078947368421,346.10526315789474,26.842105263157894
12680,721.3214285714286,256.2857142857143,30.678571428571427
12681,724.8571428571429,287.2142857142857,28.785714285714285
12682,724.1904761904761,271.76190476190476,29.666666666666668
12683,735.6666666666666,261.53333333333336,20.066666666666666
12684,660.6842105263158,298.05263157894734,82.73684210526316
12685,664.3,330.7,80.0
12686,666.8,302.2,78.2
12687,674.8214285714286,347.67857142857144,70.53571428571429
12688,672.9,304.5,72.45
12689,675.8888888888889,329.22222222222223,70.77777777777777
12690,680.4444444444445,346.22222222222223,66.72222222222223
12691,673.2857142857143,242.85714285714286,72.0
12692,674.5,245.5,71.0
12693,674.7692307692307,255.6153846153846,70.46153846153847
12694,677.5384615384615,292.2307692307692,67.53846153846153
12695,684.9375,376.625,62.875
12696,678.4347826086956,284.17391304347825,67.3913043478261
12697,678.1818181818181,259.90909090909093,68.0
12698,685.4347826086956,349.2173913043478,61.65217391304348
12699,687.1111111111111,369.47222222222223,60.388888888888886
12700,685.5172413793103,329.86206896551727,61.55172413793103
12701,687.5357142857143,342.57142857142856,60.25
12702,680.9285714285714,239.35714285714286,65.92857142857143
12703,681.8461538461538,245.07692307692307,64.84615384615384
12704,691.1538461538462,361.4230769230769,57.07692307692308
12705,689.6451612903226,335.64516129032256,58.064516129032256
12706,691.375,331.8333333333333,56.625
12707,693.8,360.0,54.93333333333333
12708,690.5263157894736,283.63157894736844,57.473684210526315
12709,698.6666666666666,386.5833333333333,51.25
12710,696.1724137931035,339.3448275862069,52.62068965517241
12711,696.7826086956521,317.6521739130435,52.391304347826086
12712,700.0384615384615,358.53846153846155,49.5
12713,700.0,331.6,48.68
12714,706.2142857142857,400.7857142857143,44.92857142857143
12715,702.7241379310345,352.41379310344826,47.37931034482759
12716,697.9230769230769,268.2692307692308,51.26923076923077
12717,706.45,380.1,44.8
12718,702.0909090909091,304.77272727272725,47.95454545454545
12719,705.0384615384615,353.1923076923077,45.23076923076923
12720,703.0625,292.875,46.8125
12721,709.2142857142857,355.57142857142856,41.42857142857143
12722,706.3333333333334,309.25,44.041666666666664
12723,715.1538461538462,387.3076923076923,37.61538461538461
12724,710.3666666666667,298.8666666666667,40.46666666666667
12725,713.9615384615385,332.15384615384613,37.69230769230769
12726,715.1785714285714,350.2142857142857,36.357142857142854
12727,720.0,392.0,33.0
12728,712.0,270.7142857142857,38.80952380952381
12729,723.0769230769231,398.3076923076923,31.23076923076923
12730,712.2307692307693,234.15384615384616,37.73076923076923
12731,723.6111111111111,359.6666666666667,29.72222222222222
12732,717.0625,238.0625,34.34375
12733,734.6666666666666,256.77777777777777,20.333333333333332
12734,739.0588235294117,315.47058823529414,16.705882352941178
12735,736.3846153846154,249.53846153846155,19.0
12736,739.0,271.0,18.0
12737,739.6666666666666,256.6666666666667,17.0
12738,748.0,308.0,9.0
12739,662.4827586206897,288.6896551724138,80.51724137931035
12740,674.5,382.0,72.0
12741,666.578947368421,287.89473684210526,77.0
12742,668.75,286.39285714285717,75.35714285714286
12743,669.8,293.04,74.36
12744,675.4736842105264,337.7894736842105,69.78947368421052
12745,685.0,395.6,64.0
12746,676.6190476190476,301.4761904761905,68.47619047619048
12747,676.75,252.25,69.0
12748,685.8333333333334,385.9583333333333,61.583333333333336
12749,685.25,365.39285714285717,61.785714285714285
12750,694.3571428571429,396.7857142857143,54.642857142857146
12751,683.9,251.4,62.6
12752,687.5384615384615,283.03846153846155,59.65384615384615
12753,694.0,370.77777777777777,54.55555555555556
12754,695.925925925926,393.5925925925926,52.7037037037037
12755,685.9,245.95,60.7
12756,689.3333333333334,287.9,57.6
12757,687.72,250.64,59.6
12758,697.5,382.38461538461536,51.61538461538461
12759,689.15,237.25,57.75
12760,691.6315789473684,281.6842105263158,55.63157894736842
12761,704.0833333333334,376.5,46.416666666666664
12762,704.2222222222222,372.0,45.77777777777778
12763,703.6923076923077,322.9230769230769,46.26923076923077
12764,699.8695652173913,259.30434782608694,48.65217391304348
12765,703.68,305.24,45.92
12766,710.8695652173913,395.0869565217391,40.52173913043478
12767,712.4,403.2,39.666666666666664
12768,707.7,330.8333333333333,42.766666666666666
12769,705.5384615384615,303.96153846153845,44.42307692307692
12770,713.1304347826087,394.4782608695652,38.52173913043478
12771,704.45,269.35,44.8
12772,704.3333333333334,217.5,46.333333333333336
12773,704.1904761904761,237.0952380952381,45.19047619047619
12774,715.75,376.75,38.0
12775,711.3214285714286,330.2142857142857,39.5
12776,707.2631578947369,244.47368421052633,42.473684210526315
12777,711.9666666666667,304.1,38.733333333333334
12778,713.4782608695652,325.60869565217394,37.78260869565217
12779,709.421052631579,238.8421052631579,40.36842105263158
12780,712.0909090909091,258.59090909090907,38.5
12781,713.4583333333334,251.79166666666666,37.458333333333336
12782,724.8636363636364,392.3636363636364,28.727272727272727
12783,727.2857142857143,392.7142857142857,27.0
12784,720.75,275.8125,31.625
12785,718.4827586206897,252.89655172413794,32.6551724137931
12786,731.0,379.0,25.0
12787,731.0,350.0,23.0
12788,734.0,252.1818181818182,21.09090909090909
12789,737.6666666666666,266.6666666666667,18.666666666666668
12790,739.0,252.0,17.0
12791,672.5,347.60714285714283,72.5
12792,678.0,377.0,68.0
12793,670.0,246.0,75.0
12794,683.0,386.4,64.8
12795,676.1363636363636,296.54545454545456,68.5909090909091
12796,677.4615384615385,306.61538461538464,67.65384615384616
12797,675.1111111111111,241.77777777777777,69.66666666666667
12798,683.0,346.7083333333333,63.208333333333336
12799,683.1666666666666,327.9166666666667,64.0
12800,679.0,255.0,68.0
12801,685.4285714285714,323.57142857142856,62.42857142857143
12802,686.7037037037037,352.2962962962963,60.18518518518518
12803,684.25,311.3125,62.0
12804,683.047619047619,285.14285714285717,62.57142857142857
12805,681.8125,253.0625,64.4375
12806,692.8181818181819,392.1818181818182,56.0
12807,681.6875,233.75,64.3125
12808,690.9,352.56666666666666,56.43333333333333
12809,684.2,229.6,63.0
12810,690.2272727272727,304.22727272727275,57.36363636363637
12811,689.4285714285714,294.57142857142856,57.61904761904762
12812,685.08,228.64,61.12
12813,688.9583333333334,248.29166666666666,57.583333333333336
12814,701.0833333333334,375.25,48.583333333333336
12815,703.7777777777778,396.1111111111111,46.333333333333336
12816,697.4333333333333,287.1333333333333,50.666666666666664
12817,700.0625,327.25,48.875
12818,698.4285714285714,311.4761904761905,49.95238095238095
12819,702.0,312.0,49.0
12820,694.6451612903226,234.67741935483872,52.516129032258064
12821,697.925925925926,263.7037037037037,50.111111111111114
12822,697.7407407407408,230.96296296296296,49.96296296296296
12823,706.7037037037037,325.3703703703704,43.407407407407405
12824,710.0370370370371,366.44444444444446,40.48148148148148
12825,711.8,370.93333333333334,39.53333333333333
12826,708.1666666666666,308.5,42.0
12827,705.421052631579,246.52631578947367,43.94736842105263
12828,705.7142857142857,240.57142857142858,43.523809523809526
12829,710.6666666666666,284.1111111111111,39.5
12830,713.9444444444445,315.8333333333333,37.44444444444444
12831,715.3636363636364,331.5151515151515,35.36363636363637
12832,718.0833333333334,342.0833333333333,34.0
12833,721.6,392.6,31.0
12834,717.5238095238095,304.42857142857144,34.142857142857146
12835,720.625,343.625,32.125
12836,721.0,354.5,30.928571428571427
12837,712.35,219.0,38.25
12838,724.5,349.25,28.75
12839,726.3333333333334,352.6666666666667,27.0
12840,722.0,262.7,30.0
12841,728.0,229.5,25.0
12842,731.8888888888889,258.55555555555554,22.333333333333332
12843,733.6666666666666,264.6666666666667,21.0
12844,732.375,246.9375,21.0625
12845,735.4117647058823,244.58823529411765,19.235294117647058
12846,658.5882352941177,286.05882352941177,83.52941176470588
12847,665.8461538461538,338.3076923076923,78.07692307692308
12848,665.375,297.875,78.25
12849,669.0,310.0,76.0
12850,670.5555555555555,287.4074074074074,73.37037037037037
12851,680.25,387.75,66.25
12852,679.6923076923077,353.7692307692308,65.6923076923077
12853,673.0909090909091,253.1818181818182,71.27272727272727
12854,675.2413793103449,284.3448275862069,69.44827586206897
12855,684.0,372.0,63.0
12856,678.7692307692307,290.38461538461536,66.23076923076923
12857,682.25,311.875,64.375
12858,683.3181818181819,341.77272727272725,62.40909090909091
12859,687.5882352941177,378.8235294117647,59.705882352941174
12860,682.4705882352941,289.88235294117646,63.0
12861,683.6666666666666,262.8888888888889,62.333333333333336
12862,686.08,263.88,59.88
12863,692.96875,330.53125,54.4375
12864,688.0714285714286,256.82142857142856,58.535714285714285
12865,686.8571428571429,245.42857142857142,59.0
12866,699.2941176470588,399.0,49.588235294117645
12867,694.4074074074074,305.6666666666667,53.111111111111114
12868,689.28,231.76,57.16
12869,701.5909090909091,390.45454545454544,47.63636363636363
12870,692.9655172413793,263.3103448275862,53.96551724137931
12871,697.7575757575758,334.4848484848485,50.121212121212125
12872,693.7727272727273,256.3636363636364,53.68181818181818
12873,701.3076923076923,358.5769230769231,47.34615384615385
12874,704.6666666666666,384.3333333333333,45.458333333333336
12875,694.2857142857143,249.89285714285714,52.714285714285715
12876,696.2592592592592,272.48148148148147,51.44444444444444
12877,697.4285714285714,281.4642857142857,50.5
12878,704.952380952381,362.2857142857143,44.523809523809526
12879,695.3703703703703,230.0,51.74074074074074
12880,707.6,378.56,42.44
12881,700.7586206896551,244.3793103448276,46.93103448275862
12882,709.32,292.48,40.88
12883,713.0,341.2,37.64
12884,711.96,320.56,38.68
12885,709.7727272727273,288.45454545454544,39.45454545454545
12886,717.9655172413793,361.44827586206895,33.55172413793103
12887,712.0,281.54545454545456,37.90909090909091
12888,721.0,380.5,32.0
12889,721.448275862069,340.44827586206895,30.482758620689655
12890,718.551724137931,287.48275862068965,32.44827586206897
12891,717.7391304347826,258.5652173913044,32.869565217391305
12892,719.24,262.36,31.52
12893,727.0,293.75,27.0
12894,722.0,217.0,31.0
12895,731.0,254.28571428571428,22.714285714285715
12896,730.3125,249.5625,23.0
12897,745.0,335.5,12.0
12898,745.0,309.2857142857143,11.0
12899,657.3571428571429,281.2857142857143,84.0
12900,668.375,346.125,75.375
12901,678.0,384.0,68.25
12902,675.2,352.26666666666665,69.46666666666667
12903,680.0,384.5,66.5
12904,676.6190476190476,341.9047619047619,68.33333333333333
12905,679.5454545454545,380.0,66.54545454545455
12906,678.2,365.7,66.7
12907,676.16,334.68,68.16
12908,674.7857142857143,279.92857142857144,68.60714285714286
12909,684.0,382.5,63.0
12910,675.7916666666666,287.9166666666667,67.66666666666667
12911,678.0,279.57142857142856,66.57142857142857
12912,679.0,257.8333333333333,66.41666666666667
12913,690.5,401.75,57.75
12914,688.1851851851852,368.3703703703704,58.407407407407405
12915,678.8888888888889,233.55555555555554,65.55555555555556
12916,684.85,306.0,61.3
12917,692.0,398.75,56.0
12918,681.5,241.0,64.0
12919,690.7307692307693,357.1923076923077,55.73076923076923
12920,695.4545454545455,399.3636363636364,52.09090909090909
12921,693.75,357.85,53.35
12922,694.35,363.6,53.15
12923,692.8076923076923,338.3076923076923,54.15384615384615
12924,692.0,313.0,55.0
12925,686.6551724137931,234.93103448275863,59.06896551724138
12926,698.96,390.6,49.68
12927,689.2608695652174,258.4782608695652,56.608695652173914
12928,689.7142857142857,226.14285714285714,57.285714285714285
12929,693.4090909090909,275.09090909090907,53.36363636363637
12930,701.25,369.8611111111111,47.27777777777778
12931,705.3125,395.9375,44.25
12932,699.4074074074074,309.81481481481484,48.370370370370374
12933,701.0,316.5,48.0
12934,707.7142857142857,402.57142857142856,42.642857142857146
12935,705.5,366.4642857142857,43.5
12936,702.1666666666666,310.93333333333334,46.56666666666667
12937,696.7083333333334,243.29166666666666,50.541666666666664
12938,696.48,235.32,50.4
12939,698.6470588235294,253.52941176470588,49.0
12940,706.0,353.47058823529414,42.94117647058823
12941,702.1666666666666,249.125,45.875
12942,708.55,303.75,40.95
12943,713.3888888888889,359.3888888888889,37.333333333333336
12944,706.5,271.1111111111111,41.77777777777778
12945,707.8095238095239,259.95238095238096,40.95238095238095
12946,706.9444444444445,236.22222222222223,41.94444444444444
12947,719.25,396.3125,32.6875
12948,709.8666666666667,223.2,39.46666666666667
12949,713.3,266.6,36.4
12950,712.8709677419355,244.4516129032258,36.516129032258064
12951,723.6153846153846,381.3076923076923,29.307692307692307
12952,718.5,318.5,31.5
12953,715.516129032258,253.93548387096774,34.61290322580645
12954,718.3846153846154,243.30769230769232,32.69230769230769
12955,728.3684210526316,257.0,24.0
12956,736.875,275.25,16.875
12957,663.5882352941177,334.52941176470586,78.82352941176471
12958,664.52,291.08,78.28
12959,679.0,391.0,67.11111111111111
12960,671.9473684210526,292.7368421052632,71.52631578947368
12961,678.2,373.0,67.4
12962,680.6666666666666,373.6666666666667,65.25
12963,673.1111111111111,238.55555555555554,70.33333333333333
12964,679.5185185185185,329.1111111111111,65.29629629629629
12965,685.375,399.5,61.375
12966,683.0833333333334,333.25,62.583333333333336
12967,681.5,320.9,63.2
12968,677.8181818181819,243.54545454545453,67.0
12969,681.8636363636364,307.6363636363636,62.72727272727273
12970,682.0,301.4347826086956,62.95652173913044
12971,687.7857142857143,352.17857142857144,58.107142857142854
12972,691.8,387.35,55.6
12973,691.695652173913,364.2608695652174,54.73913043478261
12974,690.8,335.8,55.48
12975,695.8275862068965,346.7241379310345,51.41379310344828
12976,696.0,352.1923076923077,51.07692307692308
12977,689.9583333333334,252.875,56.166666666666664
12978,702.6363636363636,401.27272727272725,47.0
12979,696.0857142857143,302.0571428571429,50.885714285714286
12980,699.5,338.5,48.5
12981,702.2258064516129,348.9032258064516,45.225806451612904
12982,702.2,331.4,45.44
12983,709.2,399.4,40.733333333333334
12984,704.76,348.84,43.24
12985,707.7083333333334,372.625,42.041666666666664
12986,700.952380952381,272.6666666666667,46.857142857142854
12987,707.9230769230769,363.1923076923077,41.57692307692308
12988,709.0526315789474,382.63157894736844,40.68421052631579
12989,710.65,362.7,38.9
12990,701.5,228.0,46.27777777777778
12991,710.0769230769231,343.53846153846155,39.34615384615385
12992,711.5833333333334,352.9166666666667,38.416666666666664
12993,714.5,401.5,36.0
12994,716.3333333333334,405.6666666666667,36.0
12995,705.4782608695652,267.04347826086956,42.91304347826087
12996,716.9,392.85,34.4
12997,707.2307692307693,265.7692307692308,41.46153846153846
12998,713.5555555555555,336.3333333333333,36.44444444444444
12999,713.5405405405405,344.94594594594594,36.270270270270274
13000,719.1739130434783,385.69565217391306,31.91304347826087
13001,713.7307692307693,308.5769230769231,36.34615384615385
13002,719.3333333333334,363.8888888888889,31.62962962962963
13003,717.4,338.6666666666667,32.8
13004,713.0,230.6551724137931,36.241379310344826
13005,714.939393939394,243.33333333333334,34.54545454545455
13006,716.0,218.66666666666666,35.0
13007,719.4,271.8,32.4
13008,731.2307692307693,268.9230769230769,21.76923076923077
13009,729.9,245.1,22.7
13010,731.9090909090909,241.27272727272728,21.272727272727273
13011,657.5333333333333,290.8666666666667,83.0
13012,662.0,327.4761904761905,79.52380952380952
13013,661.5,295.5,80.3
13014,667.3333333333334,329.5,76.0
13015,668.7619047619048,339.6190476190476,74.0952380952381
13016,671.0,327.3333333333333,73.0
13017,672.1052631578947,337.63157894736844,71.15789473684211
13018,672.1923076923077,331.96153846153845,71.38461538461539
13019,674.3913043478261,306.4782608695652,68.8695652173913
13020,676.5555555555555,238.22222222222223,67.33333333333333
13021,688.0555555555555,381.22222222222223,58.0
13022,686.1379310344828,332.1034482758621,59.55172413793103
13023,690.2173913043479,395.17391304347825,56.34782608695652
13024,681.8787878787879,280.8484848484849,62.18181818181818
13025,692.2272727272727,380.1818181818182,54.86363636363637
13026,693.75,389.3333333333333,54.0
13027,685.0555555555555,255.38888888888889,60.27777777777778
13028,691.125,307.0833333333333,54.75
13029,688.3548387096774,265.3225806451613,56.483870967741936
13030,697.5555555555555,372.74074074074076,49.629629629629626
13031,695.8181818181819,325.8636363636364,51.27272727272727
13032,693.5,294.75,53.0
13033,693.7391304347826,266.95652173913044,52.34782608695652
13034,698.4782608695652,303.9130434782609,48.95652173913044
13035,699.84,321.92,47.8
13036,697.3333333333334,271.8666666666667,49.233333333333334
13037,701.7916666666666,317.625,46.25
13038,704.6451612903226,320.7096774193548,43.54838709677419
13039,709.12,391.04,39.6
13040,699.44,250.0,47.56
13041,701.5909090909091,267.5,46.31818181818182
13042,711.55,399.85,38.4
13043,698.95,228.95,47.65
13044,704.8148148148148,279.22222222222223,42.888888888888886
13045,709.1052631578947,316.5263157894737,40.05263157894737
13046,705.0,260.60714285714283,42.607142857142854
13047,707.12,283.28,41.4
13048,721.0909090909091,376.3181818181818,29.818181818181817
13049,721.4444444444445,335.55555555555554,28.51851851851852
13050,723.4074074074074,355.2962962962963,27.666666666666668
13051,720.3,294.8666666666667,29.833333333333332
13052,727.2857142857143,251.64285714285714,24.785714285714285
13053,727.3529411764706,245.23529411764707,24.58823529411765
13054,734.0,275.85714285714283,19.142857142857142
13055,735.6923076923077,247.76923076923077,17.307692307692307
13056,659.0,292.85714285714283,81.60714285714286
13057,661.6153846153846,283.2307692307692,79.46153846153847
13058,666.3636363636364,339.8181818181818,75.81818181818181
13059,665.9473684210526,295.8421052631579,76.26315789473684
13060,670.0,329.5,74.0
13061,669.32,297.44,72.72
13062,670.0,250.4,73.2
13063,673.1785714285714,298.75,69.64285714285714
13064,671.125,247.625,71.25
13065,679.5,338.95454545454544,64.81818181818181
13066,683.5714285714286,395.04761904761904,61.523809523809526
13067,684.1333333333333,374.53333333333336,61.0
13068,675.5714285714286,247.42857142857142,68.0
13069,688.0,385.5,59.0
13070,679.6,283.23333333333335,63.666666666666664
13071,689.3333333333334,389.5,57.083333333333336
13072,687.2941176470588,345.88235294117646,58.05882352941177
13073,687.1481481481482,325.3333333333333,58.370370370370374
13074,682.375,254.5625,61.9375
13075,693.7619047619048,379.6190476190476,52.76190476190476
13076,690.7941176470588,345.0882352941176,54.61764705882353
13077,686.1935483870968,261.4516129032258,58.0
13078,689.1666666666666,276.4166666666667,57.0
13079,696.1363636363636,377.8181818181818,50.90909090909091
13080,692.5769230769231,301.03846153846155,53.38461538461539
13081,689.9230769230769,261.4230769230769,54.69230769230769
13082,691.875,279.5625,53.46875
13083,695.7368421052631,320.42105263157896,50.8421052631579
13084,699.8636363636364,378.90909090909093,47.36363636363637
13085,690.7647058823529,252.52941176470588,54.11764705882353
13086,691.7307692307693,239.3846153846154,53.5
13087,697.56,294.72,49.24
13088,694.1875,238.96875,51.03125
13089,704.6818181818181,334.27272727272725,43.09090909090909
13090,706.4583333333334,346.5,41.458333333333336
13091,710.1818181818181,377.1818181818182,39.36363636363637
13092,711.1666666666666,390.05555555555554,37.611111111111114
13093,705.8095238095239,300.57142857142856,42.61904761904762
13094,709.5,357.3333333333333,39.166666666666664
13095,703.5945945945946,288.2432432432432,43.189189189189186
13096,706.4545454545455,275.09090909090907,40.54545454545455
13097,706.2631578947369,224.10526315789474,41.78947368421053
13098,718.0,376.0,34.0
13099,711.48,291.28,37.4
13100,709.6,265.9,38.733333333333334
13101,708.3333333333334,249.44444444444446,40.0
13102,708.3333333333334,243.33333333333334,40.0
13103,717.3636363636364,353.3181818181818,32.68181818181818
13104,708.44,232.96,39.56
13105,714.1111111111111,303.1666666666667,35.388888888888886
13106,718.1176470588235,310.11764705882354,32.411764705882355
13107,712.952380952381,236.85714285714286,35.76190476190476
13108,717.7142857142857,297.5,31.714285714285715
13109,719.4285714285714,325.0952380952381,30.428571428571427
13110,725.6875,365.3125,26.5625
13111,723.625,328.75,27.375
13112,721.0,266.0,31.0
13113,722.5833333333334,291.3333333333333,28.5
13114,728.4444444444445,239.61111111111111,23.166666666666668
13115,731.2727272727273,273.3636363636364,21.272727272727273
13116,741.5,314.5,13.0
13117,661.9473684210526,322.2105263157895,79.52631578947368
13118,673.5,379.0,70.0
13119,667.7142857142857,299.42857142857144,74.57142857142857
13120,670.9230769230769,284.5769230769231,71.15384615384616
13121,681.3333333333334,397.1666666666667,64.0
13122,670.0,244.71428571428572,72.28571428571429
13123,687.8888888888889,391.22222222222223,58.22222222222222
13124,682.3103448275862,294.82758620689657,61.58620689655172
13125,683.3333333333334,301.42424242424244,60.666666666666664
13126,682.2,241.52,61.52
13127,692.6666666666666,384.25925925925924,53.44444444444444
13128,690.0,323.5,55.5
13129,682.3571428571429,237.14285714285714,60.07142857142857
13130,689.8620689655172,293.2758620689655,55.03448275862069
13131,687.5294117647059,242.47058823529412,57.1764705882353
13132,696.8636363636364,367.77272727272725,50.09090909090909
13133,689.3333333333334,272.875,55.416666666666664
13134,691.4782608695652,270.0,53.47826086956522
13135,693.0625,287.65625,52.3125
13136,696.8461538461538,343.7692307692308,48.80769230769231
13137,702.4347826086956,392.4782608695652,45.30434782608695
13138,691.6666666666666,228.66666666666666,54.166666666666664
13139,701.7307692307693,380.38461538461536,45.53846153846154
13140,694.8888888888889,250.85185185185185,50.51851851851852
13141,696.0,226.0,51.0
13142,709.6428571428571,386.5,39.142857142857146
13143,706.7,333.8666666666667,40.63333333333333
13144,700.8666666666667,232.6,46.13333333333333
13145,703.8181818181819,273.5,43.13636363636363
13146,702.0,221.0,46.0
13147,703.8571428571429,225.5,44.142857142857146
13148,716.0909090909091,385.1818181818182,34.0
13149,713.4761904761905,359.3333333333333,34.904761904761905
13150,710.6071428571429,296.5,37.92857142857143
13151,706.6,220.28,40.56
13152,719.1428571428571,373.76190476190476,31.571428571428573
13153,718.3947368421053,369.5263157894737,30.789473684210527
13154,715.0882352941177,326.0,32.73529411764706
13155,723.25,396.25,29.0
13156,723.5,340.6875,26.875
13157,718.75,222.0,31.75
13158,725.85,239.55,24.55
13159,736.5263157894736,331.1578947368421,16.0
13160,732.7692307692307,239.69230769230768,19.307692307692307
13161,663.7272727272727,345.27272727272725,77.13636363636364
13162,665.5,301.6875,76.3125
13163,670.1111111111111,341.94444444444446,72.27777777777777
13164,672.7083333333334,332.625,69.54166666666667
13165,676.4074074074074,337.7037037037037,66.4074074074074
13166,680.3125,377.625,63.75
13167,677.75,324.125,65.875
13168,674.25,257.25,68.5
13169,674.9411764705883,253.0,67.41176470588235
13170,684.9333333333333,388.93333333333334,59.6
13171,678.2857142857143,247.35714285714286,65.35714285714286
13172,677.9090909090909,242.63636363636363,65.0
13173,681.9230769230769,234.6153846153846,62.0
13174,693.0,374.37931034482756,52.41379310344828
13175,685.8571428571429,267.3809523809524,58.23809523809524
13176,693.375,327.625,52.666666666666664
13177,699.875,363.7916666666667,47.291666666666664
13178,693.8260869565217,293.6521739130435,50.78260869565217
13179,698.5714285714286,341.6666666666667,47.333333333333336
13180,698.6923076923077,295.38461538461536,47.30769230769231
13181,705.8125,383.6875,42.0
13182,706.8333333333334,390.1666666666667,41.916666666666664
13183,711.2631578947369,385.0,37.473684210526315
13184,711.0909090909091,373.5,37.45454545454545
13185,703.25,255.7,43.35
13186,706.0,251.8,41.8
13187,705.6153846153846,247.1153846153846,41.30769230769231
13188,712.5,295.5,35.5
13189,711.9473684210526,255.57894736842104,36.31578947368421
13190,711.4,260.35,36.15
13191,721.0,372.0,29.0
13192,710.4166666666666,224.91666666666666,37.083333333333336
13193,714.5217391304348,269.3478260869565,33.52173913043478
13194,725.0,256.60869565217394,25.608695652173914
13195,723.6666666666666,246.0952380952381,26.142857142857142
13196,723.5555555555555,241.5,26.11111111111111
13197,726.4,260.8,24.6
13198,726.8333333333334,266.5,23.833333333333332
13199,734.7,278.3,17.0
13200,733.5714285714286,264.14285714285717,18.0
13201,653.8181818181819,274.45454545454544,84.5
13202,659.0,302.0,82.0
13203,659.9166666666666,306.8333333333333,80.0
13204,660.3333333333334,300.22222222222223,79.5925925925926
13205,667.5,390.5,74.0
13206,664.1111111111111,333.22222222222223,77.0
13207,658.6,244.4,81.0
13208,679.0,390.8181818181818,64.81818181818181
13209,679.25,380.25,65.0
13210,680.9,373.1,63.0
13211,682.7142857142857,338.42857142857144,60.67857142857143
13212,675.25,234.75,66.375
13213,684.1111111111111,326.22222222222223,59.629629629629626
13214,680.1333333333333,249.93333333333334,63.266666666666666
13215,681.96,290.08,60.8
13216,686.1428571428571,314.2857142857143,59.142857142857146
13217,683.56,279.16,60.0
13218,681.0882352941177,247.08823529411765,61.529411764705884
13219,690.6296296296297,353.9259259259259,54.03703703703704
13220,688.44,299.28,56.28
13221,684.5357142857143,239.92857142857142,58.57142857142857
13222,686.4666666666667,252.53333333333333,57.8
13223,693.92,371.2,51.28
13224,689.75,301.125,54.75
13225,698.25,386.625,48.375
13226,689.7692307692307,243.69230769230768,55.15384615384615
13227,694.0,308.72,51.4
13228,695.4571428571429,328.9428571428571,49.51428571428571
13229,687.9375,229.75,55.4375
13230,693.4545454545455,277.90909090909093,50.90909090909091
13231,692.8260869565217,258.04347826086956,51.56521739130435
13232,702.5769230769231,326.0769230769231,44.34615384615385
13233,701.7647058823529,299.5882352941176,44.88235294117647
13234,701.6666666666666,276.5,45.083333333333336
13235,706.7826086956521,339.82608695652175,40.08695652173913
13236,707.8666666666667,350.03333333333336,39.7
13237,705.875,318.8333333333333,41.166666666666664
13238,700.5263157894736,239.31578947368422,45.36842105263158
13239,711.3157894736842,367.05263157894734,37.1578947368421
13240,705.8928571428571,288.9642857142857,40.857142857142854
13241,709.95,336.8,37.45
13242,716.5,403.75,32.833333333333336
13243,709.5384615384615,315.3076923076923,38.07692307692308
13244,707.4137931034483,254.75862068965517,39.48275862068966
13245,709.4545454545455,246.36363636363637,37.95454545454545
13246,711.9444444444445,272.6111111111111,35.833333333333336
13247,713.9117647058823,290.6764705882353,33.55882352941177
13248,716.5925925925926,328.18518518518516,30.48148148148148
13249,715.7096774193549,293.80645161290323,31.741935483870968
13250,714.6111111111111,264.3888888888889,32.833333333333336
13251,720.4285714285714,330.7142857142857,29.0
13252,714.1428571428571,227.14285714285714,34.0
13253,723.5294117647059,335.88235294117646,26.41176470588235
13254,718.0,227.0,32.0
13255,722.0,299.5,27.0
13256,722.75,279.5833333333333,27.166666666666668
13257,722.92,250.0,26.52
13258,728.3333333333334,235.44444444444446,22.22222222222222
13259,733.75,256.75,17.65
13260,657.7333333333333,306.8,81.66666666666667
13261,657.5,280.38461538461536,81.46153846153847
13262,662.95,282.95,76.95
13263,670.0,351.6521739130435,70.73913043478261
13264,673.8076923076923,374.6923076923077,68.61538461538461
13265,671.92,342.04,69.6
13266,675.25,353.1875,67.125
13267,674.6086956521739,346.6521739130435,67.34782608695652
13268,677.1818181818181,375.8181818181818,65.72727272727273
13269,671.53125,290.25,69.5
13270,681.5833333333334,397.8333333333333,62.333333333333336
13271,679.6521739130435,349.60869565217394,63.608695652173914
13272,678.5,305.7,64.0
13273,678.7741935483871,294.83870967741933,63.54838709677419
13274,677.7714285714286,262.0857142857143,63.628571428571426
13275,688.2222222222222,384.8333333333333,56.5
13276,688.3478260869565,374.69565217391306,56.52173913043478
13277,684.7368421052631,337.42105263157896,58.8421052631579
13278,682.1785714285714,285.14285714285717,60.392857142857146
13279,679.3529411764706,237.7058823529412,62.76470588235294
13280,684.71875,300.40625,58.53125
13281,691.8888888888889,368.55555555555554,52.94444444444444
13282,690.25,321.85714285714283,53.67857142857143
13283,685.0,229.0,58.0
13284,696.7727272727273,378.59090909090907,48.77272727272727
13285,688.8947368421053,235.8421052631579,54.526315789473685
13286,697.56,353.32,47.48
13287,689.0,226.0,55.0
13288,703.6842105263158,378.1578947368421,43.31578947368421
13289,694.92,256.6,49.56
13290,698.7916666666666,290.7916666666667,46.291666666666664
13291,696.7142857142857,224.71428571428572,49.142857142857146
13292,696.55,244.6,48.2
13293,698.9310344827586,262.48275862068965,46.37931034482759
13294,696.7931034482758,234.27586206896552,47.55172413793103
13295,702.6071428571429,293.4642857142857,42.857142857142854
13296,712.5238095238095,370.85714285714283,35.57142857142857
13297,715.75,371.0,33.5
13298,717.3333333333334,380.6666666666667,33.0
13299,710.6363636363636,302.27272727272725,36.5
13300,709.4545454545455,251.9090909090909,37.72727272727273
13301,712.0,285.85714285714283,35.857142857142854
13302,712.3571428571429,278.5357142857143,34.785714285714285
13303,713.8888888888889,274.0740740740741,33.629629629629626
13304,722.0,368.5,27.666666666666668
13305,716.6428571428571,267.5,31.428571428571427
13306,720.6666666666666,274.3333333333333,29.0
13307,727.0,271.0,23.0
13308,725.5,234.5,24.0
13309,735.5714285714286,359.57142857142856,16.571428571428573
13310,732.0,280.375,18.75
13311,734.4285714285714,268.7142857142857,17.285714285714285
13312,737.0,314.72727272727275,14.0
13313,737.0,256.09090909090907,15.545454545454545
13314,659.0,323.5,80.0
13315,655.625,277.09375,82.53125
13316,665.9565217391304,334.5652173913044,74.47826086956522
13317,668.2666666666667,335.6666666666667,72.66666666666667
13318,676.3548387096774,348.64516129032256,65.48387096774194
13319,679.85,383.95,63.0
13320,676.875,311.5,65.25
13321,673.2307692307693,242.15384615384616,67.84615384615384
13322,684.8181818181819,372.72727272727275,58.90909090909091
13323,687.9375,364.3125,56.8125
13324,687.45,346.85,56.05
13325,682.2083333333334,260.0,60.458333333333336
13326,688.3125,313.375,55.75
13327,695.04,394.92,50.64
13328,683.3,231.5,59.3
13329,687.8928571428571,279.39285714285717,55.32142857142857
13330,698.4090909090909,383.1363636363636,46.81818181818182
13331,699.4814814814815,387.9259259259259,45.7037037037037
13332,692.695652173913,282.5652173913044,50.82608695652174
13333,702.1428571428571,388.57142857142856,44.0
13334,700.2857142857143,355.8,45.42857142857143
13335,703.4347826086956,373.60869565217394,43.17391304347826
13336,700.7407407407408,343.037037037037,44.629629629629626
13337,706.695652173913,359.2608695652174,40.43478260869565
13338,706.6666666666666,372.72222222222223,39.72222222222222
13339,700.5,259.5,44.535714285714285
13340,708.0869565217391,334.60869565217394,38.69565217391305
13341,709.3157894736842,308.89473684210526,38.36842105263158
13342,709.6842105263158,278.7894736842105,37.526315789473685
13343,713.7142857142857,336.5238095238095,34.142857142857146
13344,716.3703703703703,358.25925925925924,31.48148148148148
13345,715.6,343.95,31.95
13346,718.6666666666666,347.23333333333335,30.433333333333334
13347,719.8260869565217,365.1304347826087,29.08695652173913
13348,713.2424242424242,259.6969696969697,33.84848484848485
13349,721.25,325.25,28.0
13350,725.304347826087,338.0869565217391,24.434782608695652
13351,733.0,371.5,19.0
13352,729.3333333333334,278.2,20.6
13353,732.5333333333333,316.2,18.0
13354,729.5,255.83333333333334,20.666666666666668
13355,731.0,267.0,20.0
13356,737.6666666666666,360.6666666666667,15.0
13357,731.6666666666666,252.58333333333334,18.583333333333332
13358,738.2,337.0,13.866666666666667
13359,734.1428571428571,242.85714285714286,17.142857142857142
13360,734.8333333333334,261.25,16.333333333333332
13361,739.4666666666667,309.46666666666664,11.6
13362,661.1363636363636,339.6818181818182,78.45454545454545
13363,657.4074074074074,286.4074074074074,81.29629629629629
13364,663.6666666666666,328.3333333333333,77.0
13365,661.84,297.32,77.36
13366,670.1111111111111,380.55555555555554,71.55555555555556
13367,662.25,242.25,77.0
13368,665.9375,283.3125,73.46875
13369,665.5,246.0,75.0
13370,673.6153846153846,368.61538461538464,68.0
13371,675.7916666666666,342.9583333333333,65.70833333333333
13372,678.7692307692307,343.84615384615387,64.0
13373,672.2857142857143,253.14285714285714,69.0
13374,685.5555555555555,398.6666666666667,58.888888888888886
13375,674.695652173913,259.5217391304348,66.65217391304348
13376,685.25,362.25,58.75
13377,683.6521739130435,345.8695652173913,59.130434782608695
13378,678.4285714285714,243.35714285714286,63.142857142857146
13379,684.8,306.3,58.8
13380,682.8125,296.125,59.4375
13381,689.6666666666666,369.5,55.0
13382,690.5555555555555,375.6111111111111,53.833333333333336
13383,687.3571428571429,326.0,56.32142857142857
13384,682.4615384615385,250.15384615384616,60.0
13385,683.9354838709677,285.96774193548384,58.32258064516129
13386,685.1481481481482,280.5925925925926,57.407407407407405
13387,691.4615384615385,346.8076923076923,52.65384615384615
13388,691.84,354.76,51.68
13389,685.8275862068965,270.2413793103448,56.48275862068966
13390,695.45,382.8,49.3
13391,694.0,357.39285714285717,49.92857142857143
13392,690.0645161290323,290.16129032258067,53.516129032258064
13393,692.2173913043479,321.5652173913044,51.73913043478261
13394,694.1428571428571,338.85714285714283,50.666666666666664
13395,687.7777777777778,267.74074074074076,54.44444444444444
13396,693.0384615384615,333.03846153846155,50.96153846153846
13397,694.6428571428571,354.32142857142856,48.607142857142854
13398,695.9285714285714,322.2142857142857,48.714285714285715
13399,690.0370370370371,247.33333333333334,52.925925925925924
13400,698.625,348.9583333333333,46.333333333333336
13401,691.6,242.86666666666667,51.93333333333333
13402,700.2692307692307,363.61538461538464,44.76923076923077
13403,699.1071428571429,326.60714285714283,46.392857142857146
13404,696.516129032258,278.48387096774195,47.45161290322581
13405,698.3809523809524,300.76190476190476,46.19047619047619
13406,695.04,239.32,48.52
13407,697.3461538461538,239.0,46.61538461538461
13408,708.3333333333334,380.6296296296296,38.48148148148148
13409,703.2916666666666,306.3333333333333,42.333333333333336
13410,704.1935483870968,323.4516129032258,41.41935483870968
13411,711.8095238095239,389.42857142857144,35.666666666666664
13412,704.6969696969697,297.1515151515151,40.515151515151516
13413,708.5,324.35714285714283,38.214285714285715
13414,702.4,249.4,42.8
13415,709.6666666666666,328.5833333333333,37.25
13416,710.5555555555555,320.44444444444446,36.370370370370374
13417,711.84,326.0,35.28
13418,706.7142857142857,259.85714285714283,38.80952380952381
13419,707.8421052631579,274.2105263157895,37.68421052631579
13420,707.1428571428571,226.8095238095238,38.523809523809526
13421,714.5,300.27777777777777,33.05555555555556
13422,716.6190476190476,303.76190476190476,31.238095238095237
13423,721.4782608695652,254.65217391304347,27.217391304347824
13424,720.2352941176471,245.7058823529412,27.764705882352942
13425,730.6666666666666,372.3333333333333,20.0
13426,722.2,262.0,26.04
13427,730.6666666666666,365.1111111111111,20.0
13428,723.3125,265.875,25.1875
13429,723.0,236.05555555555554,25.833333333333332
13430,726.5882352941177,253.05882352941177,22.529411764705884
13431,725.7037037037037,231.22222222222223,22.62962962962963
13432,732.8571428571429,308.57142857142856,17.61904761904762
13433,733.3913043478261,314.30434782608694,16.304347826086957
13434,728.0,236.0,20.0
13435,735.0,266.22222222222223,15.777777777777779
13436,735.0,251.2,15.6
13437,654.6551724137931,285.44827586206895,83.24137931034483
13438,666.7222222222222,290.77777777777777,73.16666666666667
13439,674.8461538461538,377.7692307692308,66.61538461538461
13440,675.7272727272727,332.0,66.0
13441,678.3846153846154,337.0769230769231,62.76923076923077
13442,678.5714285714286,324.2857142857143,64.0
13443,677.3809523809524,289.0,63.857142857142854
13444,687.0,380.0,56.111111111111114
13445,679.5,232.5,63.0
13446,685.4,332.36,57.28
13447,683.0,272.5882352941176,58.705882352941174
13448,682.375,244.375,59.6875
13449,692.6818181818181,366.5,51.13636363636363
13450,692.6451612903226,361.48387096774195,50.61290322580645
13451,688.84375,284.9375,53.5625
13452,687.5416666666666,247.75,54.541666666666664
13453,696.0,367.5,47.90909090909091
13454,694.25,299.0357142857143,49.42857142857143
13455,693.9677419354839,275.4516129032258,49.38709677419355
13456,705.3333333333334,399.3333333333333,42.0
13457,697.5172413793103,307.37931034482756,46.6551724137931
13458,702.3913043478261,338.2173913043478,42.65217391304348
13459,697.0869565217391,267.9130434782609,47.17391304347826
13460,700.8571428571429,317.0952380952381,44.04761904761905
13461,698.7037037037037,281.3703703703704,45.407407407407405
13462,704.0,311.2857142857143,42.0
13463,706.0833333333334,328.0416666666667,40.0
13464,713.0454545454545,380.27272727272725,34.45454545454545
13465,712.2857142857143,374.7142857142857,34.0
13466,707.64,300.72,38.28
13467,706.0588235294117,270.5882352941176,39.23529411764706
13468,713.2142857142857,343.2142857142857,33.785714285714285
13469,712.5,316.0,35.0
13470,713.0714285714286,307.7857142857143,34.0
13471,718.3181818181819,320.40909090909093,28.727272727272727
13472,724.5454545454545,347.72727272727275,24.90909090909091
13473,720.1904761904761,240.85714285714286,27.571428571428573
13474,732.1428571428571,374.5,18.5
13475,726.4,275.46666666666664,22.866666666666667
13476,726.6923076923077,259.0,22.0
13477,735.1666666666666,352.5,16.166666666666668
13478,728.8666666666667,262.8666666666667,20.2
13479,738.5,370.0,14.0
13480,731.1111111111111,271.77777777777777,18.666666666666668
13481,730.0,243.33333333333334,19.22222222222222
13482,730.9166666666666,248.20833333333334,18.458333333333332
13483,656.4736842105264,295.89473684210526,80.47368421052632
13484,663.5769230769231,348.03846153846155,75.5
13485,667.4615384615385,348.0769230769231,72.65384615384616
13486,664.2222222222222,288.8333333333333,75.16666666666667
13487,663.0333333333333,282.8666666666667,75.13333333333334
13488,665.2,295.4,73.7
13489,669.0,329.0,72.0
13490,675.5,387.59090909090907,65.68181818181819
13491,668.36,290.72,71.0
13492,668.7333333333333,298.8,70.56666666666666
13493,674.5,310.5,67.0
13494,670.0,249.5,70.0
13495,673.2857142857143,300.67857142857144,67.03571428571429
13496,682.1818181818181,384.54545454545456,60.90909090909091
13497,673.7916666666666,284.3333333333333,66.45833333333333
13498,681.9444444444445,379.22222222222223,60.611111111111114
13499,680.5714285714286,360.3333333333333,61.19047619047619
13500,684.4166666666666,381.25,59.083333333333336
13501,686.0,359.0,58.0
13502,686.5714285714286,370.23809523809524,56.714285714285715
13503,681.3076923076923,265.65384615384613,59.73076923076923
13504,683.0666666666667,291.9,58.5
13505,688.0,339.04347826086956,54.52173913043478
13506,686.875,308.6875,56.4375
13507,689.1363636363636,327.27272727272725,54.36363636363637
13508,683.8461538461538,248.6153846153846,58.23076923076923
13509,690.8214285714286,331.82142857142856,52.464285714285715
13510,695.25,362.4583333333333,48.708333333333336
13511,694.6153846153846,349.03846153846155,48.76923076923077
13512,698.074074074074,374.55555555555554,45.925925925925924
13513,688.32,231.24,53.52
13514,690.7916666666666,253.54166666666666,51.875
13515,697.9565217391304,335.39130434782606,46.43478260869565
13516,692.95,261.7,50.2
13517,703.4074074074074,392.962962962963,42.44444444444444
13518,696.0714285714286,287.7142857142857,47.07142857142857
13519,695.75,260.45,48.1
13520,703.1,359.25,42.5
13521,705.9090909090909,386.8636363636364,39.95454545454545
13522,703.4827586206897,342.0,40.793103448275865
13523,699.4285714285714,243.92857142857142,44.392857142857146
13524,700.0833333333334,252.45833333333334,44.041666666666664
13525,710.6,394.8,36.0
13526,710.5,380.27777777777777,36.22222222222222
13527,707.1111111111111,346.74074074074076,38.18518518518518
13528,705.0344827586207,307.9310344827586,40.03448275862069
13529,713.0,397.6,34.6
13530,709.4642857142857,356.25,36.607142857142854
13531,706.3461538461538,282.38461538461536,38.65384615384615
13532,710.8666666666667,339.3333333333333,34.93333333333333
13533,713.8888888888889,320.1666666666667,33.5
13534,707.3571428571429,237.0,38.5
13535,712.9512195121952,331.2439024390244,32.68292682926829
13536,715.4333333333333,332.7,30.6
13537,717.9285714285714,360.35714285714283,29.25
13538,715.0714285714286,284.10714285714283,31.5
13539,710.1538461538462,221.15384615384616,35.76923076923077
13540,720.5,307.5,29.0
13541,721.0588235294117,347.0,27.235294117647058
13542,718.0,300.25,29.25
13543,725.0,328.5,25.0
13544,730.6875,382.125,19.5625
13545,729.6666666666666,361.0,20.77777777777778
13546,720.0,235.31578947368422,27.210526315789473
13547,723.8125,270.5,24.625
13548,721.925925925926,230.92592592592592,25.555555555555557
13549,735.5,380.0,16.0
13550,728.125,251.25,20.875
13551,735.5,278.0,15.0
13552,657.6666666666666,331.3333333333333,79.0
13553,661.3333333333334,321.5,78.0
13554,667.3333333333334,383.5,72.83333333333333
13555,670.6666666666666,391.6666666666667,70.0
13556,669.3076923076923,345.84615384615387,70.6923076923077
13557,671.3684210526316,348.3157894736842,68.78947368421052
13558,664.5,241.5,74.5
13559,669.0,254.63636363636363,70.63636363636364
13560,669.5,241.0,71.0
13561,671.8333333333334,249.58333333333334,67.83333333333333
13562,671.9090909090909,238.0,67.9090909090909
13563,675.578947368421,284.05263157894734,64.52631578947368
13564,680.5862068965517,343.8965517241379,60.51724137931034
13565,680.0,315.0,63.0
13566,681.8214285714286,355.57142857142856,59.857142857142854
13567,675.3846153846154,258.84615384615387,64.76923076923077
13568,685.0,321.0,57.0
13569,685.0,256.3125,56.4375
13570,690.7142857142857,313.0,53.0
13571,687.625,256.5,54.458333333333336
13572,697.8888888888889,394.8888888888889,46.833333333333336
13573,699.4736842105264,403.4736842105263,45.63157894736842
13574,691.375,299.0,51.25
13575,691.030303030303,273.030303030303,51.515151515151516
13576,694.8,309.7,48.8
13577,700.9545454545455,368.3636363636364,43.40909090909091
13578,693.3181818181819,245.8181818181818,49.5
13579,698.4444444444445,305.6111111111111,44.888888888888886
13580,694.55,249.65,47.8
13581,705.5263157894736,377.57894736842104,39.63157894736842
13582,694.5,228.85714285714286,48.57142857142857
13583,703.9285714285714,351.7857142857143,40.642857142857146
13584,696.9166666666666,257.1666666666667,46.041666666666664
13585,700.3333333333334,307.8888888888889,43.111111111111114
13586,703.2380952380952,328.42857142857144,41.57142857142857
13587,707.8125,395.6875,38.375
13588,698.925925925926,271.81481481481484,44.629629629629626
13589,697.4166666666666,251.875,45.541666666666664
13590,707.6190476190476,369.5238095238095,38.285714285714285
13591,702.2,241.84,42.48
13592,703.1666666666666,280.0416666666667,40.625
13593,709.3,350.1666666666667,36.333333333333336
13594,706.5151515151515,295.1212121212121,38.515151515151516
13595,711.9642857142857,353.25,34.357142857142854
13596,712.5,347.55,33.2
13597,708.0,269.24,36.72
13598,715.875,274.96875,30.53125
13599,719.0,303.0,29.0
13600,717.1111111111111,289.6111111111111,29.833333333333332
13601,727.3571428571429,372.0,21.714285714285715
13602,728.3333333333334,365.3333333333333,21.666666666666668
13603,732.0,353.0,18.0
13604,726.0666666666667,247.6,22.0
13605,740.0769230769231,337.0769230769231,11.0
13606,659.48,288.88,77.76
13607,668.5,392.5,72.0
13608,666.5,285.8,71.7
13609,674.3571428571429,371.42857142857144,65.5
13610,670.0,243.0,70.0
13611,679.074074074074,348.9259259259259,61.666666666666664
13612,674.0833333333334,244.91666666666666,65.75
13613,674.6,278.95,64.1
13614,677.4285714285714,253.71428571428572,64.0
13615,684.1538461538462,297.84615384615387,56.69230769230769
13616,685.6,292.64,55.8
13617,690.3846153846154,338.38461538461536,52.34615384615385
13618,685.1428571428571,246.21428571428572,56.142857142857146
13619,695.5833333333334,375.7083333333333,47.541666666666664
13620,691.32,304.0,51.28
13621,695.3214285714286,300.35714285714283,47.5
13622,693.88,264.84,48.4
13623,695.4814814814815,273.0740740740741,46.74074074074074
13624,704.625,368.125,40.25
13625,700.36,281.88,43.4
13626,699.4705882352941,264.52941176470586,43.8235294117647
13627,701.3913043478261,263.5217391304348,42.30434782608695
13628,704.0714285714286,302.0,40.142857142857146
13629,706.695652173913,319.7391304347826,38.391304347826086
13630,700.0,235.76190476190476,43.42857142857143
13631,716.8461538461538,336.2307692307692,29.0
13632,714.0,247.0,33.0
13633,721.7272727272727,352.09090909090907,26.09090909090909
13634,718.2666666666667,250.53333333333333,28.466666666666665
13635,731.0,378.0,20.0
13636,719.9047619047619,267.85714285714283,26.857142857142858
13637,719.0384615384615,229.1153846153846,27.346153846153847
13638,731.8,382.73333333333335,17.733333333333334
13639,723.48,249.24,23.56
13640,725.8181818181819,280.1818181818182,22.136363636363637
13641,730.8571428571429,348.7142857142857,18.0
13642,723.4090909090909,228.0,23.772727272727273
13643,726.1923076923077,241.80769230769232,21.23076923076923
13644,726.6,231.65,20.8
13645,732.35,282.65,16.3
13646,664.0,344.1363636363636,73.86363636363636
13647,658.4,240.8,78.0
13648,671.1666666666666,382.6666666666667,69.0
13649,671.6428571428571,387.85714285714283,68.28571428571429
13650,674.0,392.0,66.75
13651,677.6666666666666,389.0,63.44444444444444
13652,672.6315789473684,295.2105263157895,67.42105263157895
13653,670.9565217391304,287.04347826086956,67.8695652173913
13654,680.4642857142857,307.67857142857144,60.07142857142857
13655,685.8571428571429,330.6666666666667,55.142857142857146
13656,687.8461538461538,350.0,53.80769230769231
13657,687.8888888888889,332.962962962963,53.629629629629626
13658,683.1538461538462,243.53846153846155,57.38461538461539
13659,685.1111111111111,251.4814814814815,55.592592592592595
13660,689.578947368421,263.05263157894734,51.578947368421055
13661,692.7777777777778,288.5,48.80555555555556
13662,699.7857142857143,376.5,44.07142857142857
13663,690.5714285714286,230.28571428571428,52.0
13664,693.5909090909091,283.45454545454544,48.31818181818182
13665,705.0,396.0,41.0
13666,703.1,356.45,41.3
13667,710.625,401.75,35.25
13668,709.5714285714286,363.1904761904762,35.80952380952381
13669,708.3333333333334,344.2,36.666666666666664
13670,710.1363636363636,332.0,35.27272727272727
13671,709.0,307.25,35.625
13672,708.15,287.6,36.65
13673,716.8823529411765,341.7647058823529,29.58823529411765
13674,718.2777777777778,259.77777777777777,27.944444444444443
13675,717.5,237.5,29.0
13676,717.1739130434783,232.65217391304347,28.347826086956523
13677,722.3333333333334,274.6,24.4
13678,723.1428571428571,255.52380952380952,23.476190476190474
13679,727.8,283.55,19.8
13680,728.375,275.375,19.375
13681,730.5454545454545,238.72727272727272,17.90909090909091
13682,734.0,271.42857142857144,15.142857142857142
13683,651.7407407407408,280.74074074074076,83.62962962962963
13684,656.7894736842105,290.7368421052632,79.57894736842105
13685,668.6666666666666,384.3333333333333,70.66666666666667
13686,662.1818181818181,302.09090909090907,74.95454545454545
13687,675.0,367.3333333333333,64.45454545454545
13688,676.125,352.375,63.5
13689,675.2608695652174,334.7391304347826,64.21739130434783
13690,673.4642857142857,291.17857142857144,65.71428571428571
13691,672.5833333333334,278.75,65.95833333333333
13692,676.84375,280.0625,62.40625
13693,679.0,260.0,62.0
13694,679.68,276.68,59.76
13695,684.5862068965517,337.0344827586207,56.48275862068966
13696,681.8571428571429,252.92857142857142,58.42857142857143
13697,688.8181818181819,284.45454545454544,51.54545454545455
13698,695.2222222222222,358.55555555555554,47.370370370370374
13699,688.2142857142857,258.7142857142857,52.57142857142857
13700,693.047619047619,304.6666666666667,49.142857142857146
13701,702.1428571428571,386.5238095238095,42.333333333333336
13702,698.1851851851852,321.81481481481484,44.7037037037037
13703,698.5555555555555,311.2962962962963,44.25925925925926
13704,699.75,300.5,42.791666666666664
13705,710.0,399.0,36.5
13706,703.3684210526316,261.89473684210526,40.26315789473684
13707,708.7727272727273,283.09090909090907,35.36363636363637
13708,709.28,291.84,34.68
13709,725.3333333333334,380.1666666666667,23.0
13710,716.25,246.625,29.625
13711,716.8461538461538,241.07692307692307,29.23076923076923
13712,717.3461538461538,255.03846153846155,28.423076923076923
13713,727.1176470588235,357.29411764705884,21.11764705882353
13714,719.7083333333334,273.0,26.0
13715,730.1666666666666,387.0,19.0
13716,728.5,350.5,19.0
13717,731.3684210526316,254.0,16.57894736842105
13718,732.75,247.0,16.0
13719,739.0,290.0,11.0
13720,657.3636363636364,336.6363636363636,79.0
13721,656.6,311.2,80.0
13722,657.6666666666666,295.1904761904762,78.23809523809524
13723,661.3333333333334,245.66666666666666,75.66666666666667
13724,670.375,354.375,67.53125
13725,668.3333333333334,304.2,70.13333333333334
13726,671.2222222222222,342.18518518518516,67.44444444444444
13727,664.3636363636364,243.72727272727272,72.81818181818181
13728,669.5454545454545,245.72727272727272,68.0909090909091
13729,676.0,314.14285714285717,63.642857142857146
13730,677.5,342.35,62.15
13731,681.88,376.24,58.52
13732,681.8888888888889,364.55555555555554,59.0
13733,683.6,366.1,57.3
13734,677.7142857142857,255.85714285714286,62.0
13735,679.0555555555555,255.05555555555554,60.55555555555556
13736,682.9230769230769,310.5,57.38461538461539
13737,682.9642857142857,304.64285714285717,56.607142857142854
13738,684.3846153846154,284.5,54.53846153846154
13739,689.9230769230769,341.9230769230769,50.96153846153846
13740,694.5384615384615,395.61538461538464,48.15384615384615
13741,684.2962962962963,260.1111111111111,55.55555555555556
13742,684.55,239.15,55.5
13743,685.0,234.77777777777777,55.111111111111114
13744,694.1333333333333,337.03333333333336,47.86666666666667
13745,698.5454545454545,371.27272727272725,44.45454545454545
13746,691.0,266.10526315789474,49.89473684210526
13747,690.3913043478261,248.43478260869566,50.52173913043478
13748,690.3333333333334,235.66666666666666,51.166666666666664
13749,699.1153846153846,359.46153846153845,43.5
13750,691.6666666666666,231.66666666666666,49.333333333333336
13751,694.2352941176471,254.05882352941177,47.23529411764706
13752,697.2173913043479,298.1304347826087,44.69565217391305
13753,704.6666666666666,382.2857142857143,39.523809523809526
13754,700.6,277.24,42.32
13755,702.3529411764706,252.58823529411765,40.529411764705884
13756,712.0,368.7142857142857,33.19047619047619
13757,704.5294117647059,265.94117647058823,38.64705882352941
13758,711.7391304347826,363.0,32.78260869565217
13759,714.0,367.5,31.0
13760,706.6666666666666,261.8095238095238,37.0
13761,713.6451612903226,321.64516129032256,30.548387096774192
13762,716.2666666666667,284.2,29.0
13763,724.0,365.8,23.4
13764,725.5,361.8333333333333,22.083333333333332
13765,731.6,387.2,17.0
13766,720.55,225.2,25.2
13767,733.6,383.8,16.0
13768,723.75,243.41666666666666,22.916666666666668
13769,726.1818181818181,271.45454545454544,20.636363636363637
13770,730.6,275.2,16.8
13771,654.6666666666666,322.6666666666667,80.0
13772,653.0,288.5,81.70833333333333
13773,657.6190476190476,326.4761904761905,78.66666666666667
13774,659.8421052631579,331.6842105263158,77.3157894736842
13775,660.741935483871,337.6774193548387,76.25806451612904
13776,660.6666666666666,302.3333333333333,77.0
13777,667.0526315789474,339.2631578947368,70.73684210526316
13778,669.2916666666666,337.375,68.58333333333333
13779,674.8636363636364,382.3181818181818,64.13636363636364
13780,675.421052631579,363.05263157894734,63.578947368421055
13781,668.6071428571429,257.2857142857143,68.5
13782,673.5714285714286,302.57142857142856,65.0
13783,678.578947368421,367.36842105263156,60.73684210526316
13784,677.2,330.0,63.0
13785,680.5,372.875,60.0
13786,676.9615384615385,291.34615384615387,61.73076923076923
13787,677.1428571428571,304.7142857142857,60.61904761904762
13788,677.925925925926,298.81481481481484,60.666666666666664
13789,676.8181818181819,248.8181818181818,62.36363636363637
13790,683.3684210526316,327.3157894736842,57.10526315789474
13791,680.7777777777778,257.6666666666667,58.407407407407405
13792,683.3225806451613,275.2903225806452,56.41935483870968
13793,690.0,350.6190476190476,51.42857142857143
13794,690.5833333333334,327.375,50.416666666666664
13795,688.8333333333334,295.3333333333333,51.583333333333336
13796,691.0,318.0,50.0
13797,690.0714285714286,290.64285714285717,50.5
13798,698.625,384.375,44.3125
13799,700.1333333333333,381.8666666666667,42.6
13800,699.6666666666666,353.73333333333335,42.13333333333333
13801,699.7307692307693,329.9230769230769,42.42307692307692
13802,705.75,385.0833333333333,37.916666666666664
13803,704.8181818181819,363.54545454545456,38.90909090909091
13804,699.6,267.8,42.2
13805,706.4285714285714,339.6666666666667,37.333333333333336
13806,705.695652173913,305.5217391304348,37.608695652173914
13807,710.5454545454545,300.6363636363636,34.09090909090909
13808,709.8666666666667,286.43333333333334,33.36666666666667
13809,707.6666666666666,238.83333333333334,36.0
13810,712.4,279.12,31.52
13811,711.5,238.5,34.0
13812,724.0,369.0,23.0
13813,721.0,294.0,26.0
13814,718.7142857142857,225.0,27.0
13815,720.8181818181819,258.95454545454544,24.5
13816,721.875,278.25,23.3125
13817,730.25,322.0,17.75
13818,724.1785714285714,226.67857142857142,21.535714285714285
13819,726.3333333333334,246.55555555555554,19.77777777777778
13820,660.5,292.4,76.0
13821,667.8461538461538,333.46153846153845,70.0
13822,665.75,295.25,71.5
13823,672.0,383.0,67.0
13824,662.7142857142857,250.14285714285714,73.71428571428571
13825,665.695652173913,281.9130434782609,70.65217391304348
13826,674.8181818181819,298.3181818181818,63.54545454545455
13827,674.2142857142857,293.7857142857143,63.642857142857146
13828,675.6153846153846,307.7307692307692,62.38461538461539
13829,680.5,350.0,60.0
13830,683.5,382.5,57.0
13831,675.0,238.71428571428572,63.285714285714285
13832,685.4545454545455,311.04545454545456,54.72727272727273
13833,684.2727272727273,264.09090909090907,55.18181818181818
13834,685.4285714285714,275.85714285714283,53.892857142857146
13835,688.0,300.95238095238096,52.523809523809526
13836,688.92,308.44,51.52
13837,691.92,323.0,49.52
13838,694.75,363.25,46.625
13839,696.9545454545455,366.6363636363636,44.81818181818182
13840,693.5384615384615,326.1923076923077,47.38461538461539
13841,691.304347826087,253.0,49.43478260869565
13842,700.6190476190476,365.23809523809524,41.76190476190476
13843,703.0909090909091,391.09090909090907,40.36363636363637
13844,701.44,378.0,40.96
13845,704.0645161290323,415.258064516129,37.74193548387097
13846,702.7058823529412,372.8235294117647,40.411764705882355
13847,698.875,295.125,43.375
13848,696.047619047619,246.57142857142858,45.476190476190474
13849,706.0769230769231,376.38461538461536,37.84615384615385
13850,706.6521739130435,365.0,36.95652173913044
13851,701.56,292.88,40.48
13852,702.875,286.03125,39.40625
13853,702.5714285714286,270.7857142857143,40.285714285714285
13854,707.625,297.9375,35.75
13855,703.75,223.25,39.75
13856,711.5833333333334,338.0833333333333,32.25
13857,709.8125,267.5625,33.5625
13858,716.8571428571429,294.0,28.0
13859,713.3333333333334,243.0,30.333333333333332
13860,716.6428571428571,265.07142857142856,28.071428571428573
13861,714.7,233.7,30.0
13862,714.8333333333334,229.5,29.0
13863,720.0625,240.0625,24.5625
13864,732.5,367.0,15.5
13865,722.0,223.33333333333334,23.166666666666668
13866,734.3333333333334,256.3333333333333,14.0
13867,734.5,260.8,13.0
13868,656.5454545454545,304.8181818181818,79.0
13869,662.35,328.85,74.2
13870,663.8823529411765,339.5882352941176,72.6470588235294
13871,670.7647058823529,377.8235294117647,66.94117647058823
13872,667.7619047619048,294.9047619047619,68.95238095238095
13873,677.6666666666666,376.75,61.666666666666664
13874,680.6,389.2,59.1
13875,680.75,330.3125,58.4375
13876,687.0,390.0,55.0
13877,677.5833333333334,241.625,60.625
13878,690.6,382.2,51.0
13879,684.4583333333334,305.9583333333333,54.666666666666664
13880,685.6428571428571,296.35714285714283,53.535714285714285
13881,691.0,346.1666666666667,49.583333333333336
13882,694.0666666666667,371.46666666666664,47.6
13883,686.9565217391304,270.7391304347826,52.52173913043478
13884,686.4,263.1333333333333,52.86666666666667
13885,687.047619047619,275.85714285714283,51.904761904761905
13886,686.8333333333334,252.16666666666666,52.888888888888886
13887,694.6666666666666,370.0,45.916666666666664
13888,690.2692307692307,270.5,49.53846153846154
13889,694.6666666666666,321.6666666666667,46.714285714285715
13890,695.0833333333334,330.0,45.916666666666664
13891,695.3333333333334,312.8333333333333,45.333333333333336
13892,702.5714285714286,361.85714285714283,40.285714285714285
13893,699.44,321.32,42.52
13894,702.4444444444445,346.962962962963,40.03703703703704
13895,696.2592592592592,266.74074074074076,44.55555555555556
13896,696.32,278.44,43.92
13897,704.3684210526316,355.7894736842105,38.26315789473684
13898,697.0,232.0,45.0
13899,700.1666666666666,285.0,41.388888888888886
13900,708.5882352941177,385.94117647058823,35.588235294117645
13901,704.1052631578947,316.2631578947368,38.73684210526316
13902,700.64,257.88,40.6
13903,708.7391304347826,345.7391304347826,34.56521739130435
13904,704.9090909090909,278.5,37.5
13905,700.6666666666666,224.83333333333334,41.0
13906,701.875,234.375,40.375
13907,710.4375,295.5625,32.9375
13908,715.4285714285714,354.23809523809524,28.761904761904763
13909,712.4736842105264,289.36842105263156,31.63157894736842
13910,717.9285714285714,342.0,27.142857142857142
13911,721.2666666666667,369.3333333333333,24.4
13912,714.2941176470588,253.76470588235293,29.764705882352942
13913,714.6153846153846,258.84615384615387,29.384615384615383
13914,723.25,356.6666666666667,23.0
13915,716.0,225.08333333333334,28.666666666666668
13916,719.7333333333333,278.46666666666664,25.266666666666666
13917,727.8461538461538,390.9230769230769,19.076923076923077
13918,728.8235294117648,379.05882352941177,18.294117647058822
13919,719.7,254.25,24.55
13920,730.0,344.6666666666667,17.583333333333332
13921,733.2,374.0,15.4
13922,733.75,381.25,14.0
13923,723.0,238.0,22.0
13924,733.2142857142857,333.57142857142856,14.214285714285714
13925,730.6,258.6,16.6
13926,656.2631578947369,345.36842105263156,78.0
13927,652.875,282.625,80.83333333333333
13928,660.8,333.8,74.64
13929,670.1666666666666,349.46666666666664,66.56666666666666
13930,666.9444444444445,287.5,69.11111111111111
13931,665.5,251.5,71.0
13932,674.0833333333334,374.75,64.08333333333333
13933,672.0714285714286,338.64285714285717,65.39285714285714
13934,665.08,243.12,70.64
13935,671.5,309.5,67.0
13936,668.52,277.8,67.6
13937,674.72,346.88,63.16
13938,672.3846153846154,307.6923076923077,65.23076923076923
13939,680.1666666666666,320.1666666666667,59.166666666666664
13940,678.5652173913044,294.4347826086956,59.608695652173914
13941,677.6666666666666,283.0416666666667,60.25
13942,678.12,261.32,59.52
13943,679.1304347826087,272.6521739130435,58.47826086956522
13944,683.6190476190476,300.3809523809524,54.857142857142854
13945,681.5,233.2,57.4
13946,685.7647058823529,242.64705882352942,53.294117647058826
13947,694.1481481481482,347.44444444444446,46.370370370370374
13948,696.1,361.15,45.15
13949,697.8571428571429,346.42857142857144,43.333333333333336
13950,699.3,349.9,41.65
13951,695.3,241.6,45.3
13952,695.25,227.0,45.0
13953,703.7142857142857,330.42857142857144,38.42857142857143
13954,706.1176470588235,359.94117647058823,36.588235294117645
13955,701.3333333333334,247.0,40.888888888888886
13956,710.8823529411765,357.05882352941177,32.23529411764706
13957,704.7142857142857,233.14285714285714,38.0
13958,711.8333333333334,304.5,32.166666666666664
13959,714.0,246.0,31.0
13960,721.4,360.8,24.066666666666666
13961,713.0,236.0,31.0
13962,724.5,352.6666666666667,22.0
13963,718.0,249.0,26.03448275862069
13964,716.2222222222222,222.0,27.333333333333332
13965,730.6666666666666,391.6666666666667,17.166666666666668
13966,727.8333333333334,359.6666666666667,19.0
13967,721.3333333333334,283.23809523809524,23.285714285714285
13968,718.3,220.1,25.9
13969,728.25,363.75,18.0
13970,727.8125,315.1875,18.75
13971,734.8888888888889,374.44444444444446,12.444444444444445
13972,727.8,256.7,18.1
13973,728.6153846153846,245.23076923076923,17.0
13974,652.2,307.6,81.0
13975,652.3793103448276,301.7241379310345,81.44827586206897
13976,659.2857142857143,240.92857142857142,75.92857142857143
13977,667.8695652173913,300.69565217391306,68.08695652173913
13978,672.3888888888889,352.6111111111111,64.88888888888889
13979,669.625,292.75,66.75
13980,673.6,341.73333333333335,63.46666666666667
13981,678.5,381.7857142857143,60.214285714285715
13982,669.4,258.4,66.2
13983,668.9,241.7,67.4
13984,674.5217391304348,285.7391304347826,62.43478260869565
13985,683.6,315.0,56.0
13986,678.9444444444445,246.16666666666666,58.666666666666664
13987,681.9,264.7,57.1
13988,696.75,392.625,45.0
13989,692.25,330.125,48.0625
13990,686.9,237.4,52.3
13991,692.8333333333334,307.8333333333333,47.3
13992,692.55,292.1,47.0
13993,696.2,340.9,44.333333333333336
13994,696.5294117647059,326.70588235294116,43.94117647058823
13995,696.2777777777778,254.83333333333334,43.72222222222222
13996,698.35,271.7,42.05
13997,698.8695652173913,253.52173913043478,41.56521739130435
13998,702.8947368421053,290.94736842105266,38.526315789473685
13999,705.7222222222222,316.3888888888889,36.333333333333336
14000,707.28,322.64,35.12
14001,705.9666666666667,274.8,35.63333333333333
14002,715.7647058823529,347.05882352941177,28.352941176470587
14003,711.3,250.9,31.0
14004,712.8461538461538,227.92307692307693,30.307692307692307
14005,715.8636363636364,245.5909090909091,27.59090909090909
14006,728.2,371.2,18.6
14007,718.3846153846154,244.76923076923077,25.307692307692307
14008,726.4285714285714,344.85714285714283,19.142857142857142
14009,730.7692307692307,380.38461538461536,16.0
14010,732.0,388.0,16.0
14011,720.3,234.2,23.9
14012,730.25,359.5,16.375
14013,724.8333333333334,275.8333333333333,20.333333333333332
14014,731.0,356.0,16.0
14015,734.5,368.0,14.0
14016,726.6666666666666,233.5,19.0
14017,731.4166666666666,263.25,14.666666666666666
14018,650.4642857142857,292.07142857142856,82.46428571428571
14019,661.6666666666666,390.3333333333333,74.0
14020,655.4230769230769,283.88461538461536,78.42307692307692
14021,659.9230769230769,297.38461538461536,74.57692307692308
14022,673.8571428571429,392.85714285714283,64.28571428571429
14023,666.8947368421053,282.3157894736842,68.63157894736842
14024,680.6666666666666,381.75,58.583333333333336
14025,669.0909090909091,237.1818181818182,66.9090909090909
14026,679.0,334.0,60.0
14027,672.6538461538462,243.92307692307693,63.53846153846154
14028,674.0,253.5,63.2
14029,679.875,303.875,58.0
14030,676.5,234.0,62.0
14031,679.4347826086956,281.82608695652175,58.30434782608695
14032,678.1111111111111,250.66666666666666,59.5
14033,684.1,335.1,54.4
14034,681.875,285.2916666666667,56.166666666666664
14035,687.55,322.65,51.75
14036,686.4782608695652,328.0869565217391,51.69565217391305
14037,685.2272727272727,281.1363636363636,53.04545454545455
14038,686.8965517241379,279.6896551724138,50.689655172413794
14039,687.1666666666666,267.3333333333333,50.888888888888886
14040,692.3846153846154,317.46153846153845,47.38461538461539
14041,690.9583333333334,257.8333333333333,48.375
14042,691.5238095238095,268.4761904761905,47.476190476190474
14043,697.28,334.12,42.76
14044,693.1111111111111,263.6666666666667,46.22222222222222
14045,699.4516129032259,333.93548387096774,40.645161290322584
14046,697.4,248.0,43.2
14047,704.6153846153846,351.9230769230769,37.30769230769231
14048,704.0909090909091,324.45454545454544,37.63636363636363
14049,704.8214285714286,332.32142857142856,36.607142857142854
14050,707.84,358.76,34.24
14051,709.3333333333334,366.6666666666667,34.0
14052,703.9047619047619,287.6666666666667,37.333333333333336
14053,709.375,322.625,32.75
14054,714.0,363.5,30.0
14055,713.4375,350.4375,29.6875
14056,712.741935483871,336.258064516129,30.129032258064516
14057,711.4736842105264,300.89473684210526,31.210526315789473
14058,710.4,247.4,32.4
14059,711.5,260.3333333333333,31.22222222222222
14060,711.0,240.0,32.0
14061,711.4444444444445,231.88888888888889,31.444444444444443
14062,716.2857142857143,271.7142857142857,27.142857142857142
14063,716.0,239.5,27.25
14064,728.1,394.8,18.2
14065,724.3571428571429,348.64285714285717,20.785714285714285
14066,722.2,272.5,22.5
14067,728.8888888888889,313.1111111111111,16.88888888888889
14068,727.3846153846154,285.38461538461536,18.0
14069,726.6,267.2,18.0
14070,736.0,369.0,12.0
14071,731.5,279.5,15.0
14072,649.5714285714286,275.7142857142857,83.38095238095238
14073,656.6666666666666,336.5,77.11111111111111
14074,657.6363636363636,342.3181818181818,76.31818181818181
14075,660.0,385.3333333333333,73.33333333333333
14076,663.0555555555555,391.6111111111111,72.27777777777777
14077,660.0,328.0,75.0
14078,661.25,320.75,74.0
14079,662.9333333333333,334.3333333333333,72.26666666666667
14080,664.5333333333333,345.26666666666665,71.06666666666666
14081,670.0,395.2857142857143,67.0
14082,661.4545454545455,291.22727272727275,72.5909090909091
14083,661.3076923076923,285.96153846153845,72.84615384615384
14084,666.5384615384615,307.9230769230769,68.84615384615384
14085,671.2222222222222,345.22222222222223,64.94444444444444
14086,673.6315789473684,303.8421052631579,62.89473684210526
14087,670.1,245.7,65.9
14088,675.8,313.4,61.8
14089,680.25,295.15,57.2
14090,683.4347826086956,325.0,54.69565217391305
14091,685.3333333333334,327.2916666666667,53.333333333333336
14092,683.4285714285714,288.92857142857144,53.92857142857143
14093,687.0,312.0,53.0
14094,685.36,292.2,52.24
14095,689.3333333333334,336.1666666666667,49.666666666666664
14096,690.25,308.2,49.25
14097,694.5714285714286,344.92857142857144,44.42857142857143
14098,696.0,355.06666666666666,43.666666666666664
14099,690.4193548387096,273.6774193548387,47.645161290322584
14100,693.7142857142857,281.04761904761904,45.714285714285715
14101,697.1333333333333,317.06666666666666,43.6
14102,698.6071428571429,343.60714285714283,41.5
14103,699.0,316.45,41.3
14104,694.8636363636364,261.1818181818182,44.5
14105,699.2083333333334,298.2916666666667,40.875
14106,702.4545454545455,337.1818181818182,38.40909090909091
14107,714.0,402.0,31.0
14108,711.7826086956521,345.2608695652174,30.565217391304348
14109,708.8235294117648,275.4117647058824,33.35294117647059
14110,710.8823529411765,255.7058823529412,31.352941176470587
14111,716.5,327.5,27.5
14112,710.1111111111111,235.0,32.111111111111114
14113,712.5,223.5,30.166666666666668
14114,713.9,220.0,29.1
14115,725.25,363.25,19.75
14116,726.2857142857143,375.57142857142856,19.0
14117,718.4375,220.5625,24.0
14118,729.3333333333334,271.3333333333333,16.333333333333332
14119,729.5,267.5,15.75
14120,730.4666666666667,251.33333333333334,14.666666666666666
14121,736.5,323.0,11.0
14122,738.0,297.5,10.0
14123,652.9285714285714,287.2857142857143,79.78571428571429
14124,657.5,298.6666666666667,76.66666666666667
14125,667.0,381.0,70.0
14126,666.6,342.25,68.8
14127,666.5185185185185,347.9259259259259,68.44444444444444
14128,677.2941176470588,363.52941176470586,59.8235294117647
14129,669.9,263.0,65.5
14130,670.9285714285714,265.7857142857143,63.607142857142854
14131,681.1875,370.625,56.75
14132,674.0588235294117,295.70588235294116,61.705882352941174
14133,674.84,278.44,60.76
14134,676.4285714285714,289.5238095238095,59.857142857142854
14135,678.36,287.24,58.28
14136,678.8,267.5,58.4
14137,680.5,249.33333333333334,57.0
14138,681.0,255.28571428571428,56.357142857142854
14139,689.2352941176471,280.3529411764706,49.11764705882353
14140,689.8928571428571,294.35714285714283,48.357142857142854
14141,700.7241379310345,368.9655172413793,39.58620689655172
14142,692.8571428571429,269.2142857142857,45.42857142857143
14143,695.6666666666666,287.05555555555554,43.166666666666664
14144,703.2,359.73333333333335,37.733333333333334
14145,698.0,289.94117647058823,41.470588235294116
14146,700.1,310.0,40.333333333333336
14147,700.1666666666666,319.4166666666667,39.708333333333336
14148,701.5652173913044,323.6521739130435,39.26086956521739
14149,696.8666666666667,258.7,42.1
14150,699.0,230.5,42.0
14151,700.5833333333334,265.9166666666667,39.666666666666664
14152,702.5454545454545,300.40909090909093,37.77272727272727
14153,703.5,309.6,36.95
14154,706.15,335.65,35.25
14155,705.3913043478261,292.30434782608694,35.56521739130435
14156,707.8235294117648,327.05882352941177,33.588235294117645
14157,712.0,353.6,31.0
14158,708.6666666666666,318.57142857142856,32.666666666666664
14159,715.5,276.7142857142857,27.0
14160,716.3846153846154,264.46153846153845,26.0
14161,717.7647058823529,268.7647058823529,25.176470588235293
14162,716.6666666666666,232.0,25.916666666666668
14163,723.6315789473684,287.2105263157895,20.105263157894736
14164,726.3846153846154,280.46153846153845,18.076923076923077
14165,724.7272727272727,229.45454545454547,19.09090909090909
14166,731.5,311.1666666666667,14.333333333333334
14167,735.5,310.0,10.0
14168,653.2962962962963,300.44444444444446,79.44444444444444
14169,655.0909090909091,322.90909090909093,78.0909090909091
14170,657.2380952380952,348.3333333333333,76.14285714285714
14171,657.0,322.92,75.84
14172,661.8333333333334,349.125,71.66666666666667
14173,658.8947368421053,288.10526315789474,74.89473684210526
14174,661.3,324.8,72.23333333333333
14175,666.3636363636364,385.1818181818182,69.0909090909091
14176,663.2105263157895,329.36842105263156,71.52631578947368
14177,669.3333333333334,389.0,67.0
14178,665.6,353.8,68.53333333333333
14179,670.0,305.0,67.0
14180,676.2857142857143,392.92857142857144,60.714285714285715
14181,674.5714285714286,369.64285714285717,61.92857142857143
14182,677.625,396.8125,59.5
14183,676.4705882352941,385.47058823529414,60.411764705882355
14184,669.8620689655172,295.2068965517241,64.65517241379311
14185,678.9,367.7,58.7
14186,681.25,378.25,56.0
14187,682.0,280.5,55.0
14188,687.5925925925926,330.9259259259259,50.2962962962963
14189,687.1666666666666,318.0,50.916666666666664
14190,696.4444444444445,379.44444444444446,44.111111111111114
14191,692.72,334.16,45.76
14192,698.9444444444445,373.1666666666667,41.333333333333336
14193,694.15,274.25,44.45
14194,692.0,231.0,47.0
14195,698.52,324.88,41.36
14196,698.1612903225806,305.2903225806452,40.935483870967744
14197,701.9615384615385,344.38461538461536,37.84615384615385
14198,704.96,326.8,35.6
14199,702.75,273.875,38.0
14200,705.0416666666666,302.3333333333333,35.583333333333336
14201,706.5454545454545,316.09090909090907,34.27272727272727
14202,704.5,284.0,35.535714285714285
14203,707.3684210526316,304.94736842105266,34.0
14204,705.9333333333333,279.3,34.43333333333333
14205,712.7,296.0,30.0
14206,718.0,324.0,27.0
14207,712.9473684210526,264.2105263157895,29.263157894736842
14208,709.3333333333334,225.44444444444446,31.88888888888889
14209,716.6666666666666,294.3333333333333,26.0
14210,722.0,368.3333333333333,22.0
14211,721.3333333333334,350.5,23.0
14212,715.952380952381,279.6666666666667,25.666666666666668
14213,715.3333333333334,216.33333333333334,27.333333333333332
14214,727.5,375.5,17.0
14215,721.0,264.5,23.0
14216,718.1,228.1,24.0
14217,731.5714285714286,385.7142857142857,14.0
14218,720.1666666666666,231.125,22.375
14219,725.875,272.25,18.5
14220,723.8,237.8,20.0
14221,724.625,241.75,19.0
14222,660.2173913043479,339.7391304347826,73.34782608695652
14223,663.5,382.0,71.0
14224,656.4285714285714,285.5,76.71428571428571
14225,661.6666666666666,302.6666666666667,73.0
14226,664.2380952380952,301.3333333333333,69.66666666666667
14227,660.0,242.0,73.66666666666667
14228,661.0,245.85714285714286,73.0
14229,661.6875,249.5,71.6875
14230,675.5,398.0,62.0
14231,666.0,241.0,69.0
14232,668.1428571428571,283.14285714285717,66.0
14233,669.0869565217391,288.4782608695652,65.47826086956522
14234,665.25,236.9,68.3
14235,675.2,331.2,61.4
14236,671.56,289.44,63.44
14237,673.3333333333334,273.9166666666667,62.083333333333336
14238,673.5,258.0,63.0
14239,677.4,302.8,59.0
14240,680.7894736842105,335.05263157894734,56.473684210526315
14241,674.4375,252.3125,61.125
14242,685.0,340.0,53.30769230769231
14243,686.0,334.5,52.0
14244,683.4,303.85,52.75
14245,687.6086956521739,302.0,50.30434782608695
14246,689.9642857142857,344.39285714285717,47.464285714285715
14247,690.4117647058823,279.5882352941176,47.05882352941177
14248,693.2727272727273,306.3636363636364,45.27272727272727
14249,692.3809523809524,258.2857142857143,46.04761904761905
14250,693.25,290.25,44.375
14251,695.52,306.48,43.32
14252,692.0,236.0,47.0
14253,704.25,421.5833333333333,35.833333333333336
14254,696.1052631578947,275.4736842105263,42.0
14255,698.8947368421053,275.1578947368421,40.10526315789474
14256,707.0,256.25,34.0
14257,708.3333333333334,239.16666666666666,33.0
14258,709.4,265.05,31.25
14259,708.4545454545455,229.36363636363637,32.45454545454545
14260,712.35,273.75,28.7
14261,712.6363636363636,269.09090909090907,28.0
14262,712.6363636363636,249.63636363636363,28.59090909090909
14263,715.9333333333333,257.4,26.333333333333332
14264,724.0,373.5,20.0
14265,730.0,352.42857142857144,14.142857142857142
14266,727.25,280.0,16.0
14267,727.0,250.0,17.0
14268,726.375,238.625,17.125
14269,729.2222222222222,257.1111111111111,15.0
14270,654.2727272727273,318.09090909090907,77.18181818181819
14271,656.2272727272727,293.45454545454544,76.18181818181819
14272,662.0,320.0,72.0
14273,662.7,291.0,70.75
14274,669.8333333333334,373.0833333333333,64.79166666666667
14275,667.8333333333334,338.1666666666667,66.6
14276,673.5294117647059,391.05882352941177,62.529411764705884
14277,672.0,355.90909090909093,63.09090909090909
14278,673.9090909090909,375.8181818181818,62.09090909090909
14279,670.6428571428571,283.2857142857143,64.07142857142857
14280,669.4166666666666,254.83333333333334,65.25
14281,670.1,251.6,63.75
14282,675.5,268.75,59.958333333333336
14283,683.5714285714286,382.2857142857143,54.07142857142857
14284,675.0,247.28571428571428,61.0
14285,676.5294117647059,254.52941176470588,58.64705882352941
14286,687.5,345.0,51.0
14287,690.25,358.25,49.0
14288,685.625,306.375,51.458333333333336
14289,690.7058823529412,349.8235294117647,47.0
14290,693.3571428571429,356.5,44.785714285714285
14291,696.625,311.625,41.625
14292,704.9473684210526,354.5263157894737,35.26315789473684
14293,700.0,277.90909090909093,38.40909090909091
14294,708.0,252.0,34.0
14295,706.6666666666666,248.22222222222223,34.0
14296,706.125,243.5,34.0
14297,712.0,284.3333333333333,30.0
14298,718.5,318.0,25.5
14299,711.75,237.25,29.0
14300,712.2,216.4,29.0
14301,714.9166666666666,252.08333333333334,26.25
14302,715.3333333333334,226.66666666666666,26.083333333333332
14303,715.7083333333334,235.58333333333334,25.125
14304,727.7777777777778,382.44444444444446,16.77777777777778
14305,731.0,377.0,15.0
14306,729.1,332.5,15.9
14307,725.6923076923077,302.61538461538464,17.307692307692307
14308,720.36,223.64,21.52
14309,728.875,247.375,15.125
14310,654.5909090909091,328.54545454545456,77.31818181818181
14311,653.3,294.6,78.2
14312,656.8214285714286,332.0357142857143,75.57142857142857
14313,653.72,289.68,77.56
14314,658.8,304.6,74.6
14315,657.76,282.88,73.8
14316,661.6,296.15,71.45
14317,669.8125,367.75,65.25
14318,667.304347826087,344.5217391304348,66.43478260869566
14319,671.8125,361.1875,63.4375
14320,676.2727272727273,371.72727272727275,60.0
14321,677.5,374.5,59.0
14322,670.6,277.75,63.45
14323,670.375,260.75,63.583333333333336
14324,672.4285714285714,270.0,62.214285714285715
14325,676.0,309.64285714285717,59.642857142857146
14326,682.0,366.54545454545456,55.09090909090909
14327,683.9333333333333,286.7,51.833333333333336
14328,692.75,352.0,44.9
14329,697.8888888888889,378.55555555555554,42.111111111111114
14330,696.1666666666666,369.22222222222223,42.72222222222222
14331,691.76,300.8,45.8
14332,691.4166666666666,285.4166666666667,45.541666666666664
14333,697.6842105263158,357.42105263157896,41.21052631578947
14334,696.1379310344828,339.0344827586207,41.724137931034484
14335,699.9444444444445,328.6111111111111,39.44444444444444
14336,697.8,279.52,40.44
14337,703.5625,347.9375,35.8125
14338,704.2272727272727,343.45454545454544,35.5
14339,701.4090909090909,282.59090909090907,37.31818181818182
14340,706.2,340.3333333333333,33.733333333333334
14341,706.5714285714286,336.14285714285717,32.642857142857146
14342,708.0,331.77777777777777,31.666666666666668
14343,714.0,387.0,27.0
14344,717.25,395.25,26.0
14345,706.25,236.0,33.875
14346,719.3333333333334,365.1111111111111,23.0
14347,709.8333333333334,220.5,30.833333333333332
14348,711.625,245.625,28.625
14349,722.0,357.0,21.0
14350,720.875,345.5625,21.375
14351,713.1818181818181,230.0,27.09090909090909
14352,725.7222222222222,346.77777777777777,17.38888888888889
14353,721.5,280.5,21.0
14354,731.125,369.875,13.625
14355,729.2,306.6,14.333333333333334
14356,652.8571428571429,335.23809523809524,78.28571428571429
14357,654.1481481481482,303.22222222222223,77.48148148148148
14358,663.3333333333334,390.73333333333335,70.4
14359,663.0526315789474,352.10526315789474,69.94736842105263
14360,663.4230769230769,335.1923076923077,69.6923076923077
14361,664.421052631579,329.4736842105263,68.84210526315789
14362,673.7333333333333,364.0,61.4
14363,669.5625,301.125,64.375
14364,678.9230769230769,387.0,57.38461538461539
14365,672.421052631579,299.8421052631579,61.1578947368421
14366,678.9333333333333,375.3333333333333,57.0
14367,676.76,298.8,57.8
14368,680.0,278.0,57.0
14369,680.4074074074074,291.8888888888889,55.333333333333336
14370,687.7391304347826,341.17391304347825,48.69565217391305
14371,686.125,289.125,49.666666666666664
14372,687.1111111111111,273.8888888888889,49.77777777777778
14373,691.875,340.3333333333333,45.291666666666664
14374,700.1428571428571,364.0,39.0
14375,695.2058823529412,294.9117647058824,42.05882352941177
14376,692.2258064516129,211.41935483870967,43.774193548387096
14377,701.9,295.8333333333333,36.5
14378,705.0909090909091,331.1818181818182,34.09090909090909
14379,707.1666666666666,351.3333333333333,32.0
14380,706.5,263.5,32.0
14381,706.2,230.5,33.9
14382,717.6,350.8,24.133333333333333
14383,709.0,216.5,31.0
14384,719.3125,360.875,21.875
14385,721.3333333333334,364.26666666666665,20.666666666666668
14386,711.5,225.7,28.7
14387,717.1333333333333,286.53333333333336,24.0
14388,716.4285714285714,261.85714285714283,24.285714285714285
14389,715.2631578947369,241.52631578947367,25.31578947368421
14390,718.1538461538462,270.6923076923077,23.076923076923077
14391,715.6666666666666,216.66666666666666,25.666666666666668
14392,720.625,233.0,20.375
14393,726.5,275.5,15.0
14394,729.625,301.3125,13.0625
14395,651.0833333333334,322.1666666666667,80.0
14396,648.8333333333334,280.94444444444446,81.66666666666667
14397,651.9047619047619,326.6666666666667,78.76190476190476
14398,653.2,310.4,78.0
14399,657.3913043478261,338.1304347826087,74.69565217391305
14400,657.7647058823529,343.7647058823529,74.17647058823529
14401,661.5714285714286,386.0,71.85714285714286
14402,658.421052631579,347.7368421052632,73.26315789473684
14403,657.925925925926,293.1111111111111,73.51851851851852
14404,668.6666666666666,392.0,64.83333333333333
14405,665.4285714285714,333.0,67.07142857142857
14406,665.3793103448276,294.1034482758621,67.51724137931035
14407,671.5909090909091,282.0,61.95454545454545
14408,671.2941176470588,239.58823529411765,62.05882352941177
14409,678.55,302.15,56.3
14410,678.8333333333334,261.8333333333333,56.666666666666664
14411,678.2173913043479,271.60869565217394,55.56521739130435
14412,688.9090909090909,299.27272727272725,47.09090909090909
14413,692.7692307692307,323.46153846153845,45.0
14414,693.4736842105264,320.7894736842105,43.68421052631579
14415,698.0,362.5882352941176,40.411764705882355
14416,694.8695652173913,281.30434782608694,42.08695652173913
14417,700.0,349.75,37.875
14418,699.375,302.5416666666667,38.625
14419,697.45,269.1,39.8
14420,704.4,308.06666666666666,35.0
14421,712.0,388.5,30.0
14422,703.4285714285714,257.2857142857143,36.0
14423,703.0,242.0,35.333333333333336
14424,704.2,245.0,35.0
14425,715.4,362.8,27.0
14426,712.8,281.8666666666667,27.466666666666665
14427,710.5,231.5,30.0
14428,718.5,345.72222222222223,23.166666666666668
14429,712.8888888888889,253.55555555555554,27.88888888888889
14430,714.8,284.55,25.55
14431,716.0,274.0,25.0
14432,724.3333333333334,367.6666666666667,18.0
14433,719.5,287.3636363636364,21.727272727272727
14434,727.0,351.0,17.0
14435,728.0,362.875,15.25
14436,724.2631578947369,288.6842105263158,17.63157894736842
14437,731.5,380.5,12.5
14438,730.6666666666666,330.1111111111111,12.61111111111111
14439,646.4705882352941,288.6470588235294,82.70588235294117
14440,651.5,307.5,79.5
14441,653.4347826086956,341.1304347826087,77.30434782608695
14442,658.72,332.6,73.08
14443,656.0,242.0,76.0
14444,662.25,340.5625,70.0
14445,665.7073170731708,378.0975609756098,66.41463414634147
14446,669.0,380.6,65.0
14447,666.6666666666666,324.6666666666667,67.0
14448,666.1052631578947,304.42105263157896,66.84210526315789
14449,664.9615384615385,286.9230769230769,67.23076923076923
14450,664.7777777777778,241.22222222222223,67.22222222222223
14451,667.2413793103449,278.1034482758621,64.93103448275862
14452,673.0,316.5,61.0
14453,671.7692307692307,304.84615384615387,61.0
14454,670.5,255.75,62.375
14455,672.9166666666666,286.4583333333333,60.458333333333336
14456,674.2142857142857,298.57142857142856,59.392857142857146
14457,679.3846153846154,307.4230769230769,55.34615384615385
14458,681.2352941176471,311.94117647058823,54.411764705882355
14459,684.9166666666666,339.4166666666667,51.333333333333336
14460,682.3928571428571,309.39285714285717,52.535714285714285
14461,678.75,232.75,56.0
14462,684.0370370370371,297.55555555555554,51.370370370370374
14463,687.7142857142857,317.85714285714283,48.714285714285715
14464,687.6666666666666,330.1904761904762,48.19047619047619
14465,689.0,334.8333333333333,47.388888888888886
14466,688.5625,324.25,47.625
14467,694.6,362.2,43.0
14468,692.3571428571429,348.64285714285717,43.464285714285715
14469,691.4642857142857,294.82142857142856,44.535714285714285
14470,690.4285714285714,275.1904761904762,45.61904761904762
14471,694.4615384615385,302.11538461538464,42.34615384615385
14472,694.7777777777778,265.3888888888889,42.0
14473,701.3636363636364,318.09090909090907,36.72727272727273
14474,703.4285714285714,319.6190476190476,34.95238095238095
14475,705.8888888888889,310.8888888888889,33.0
14476,703.5,238.0,35.0
14477,707.4782608695652,287.95652173913044,31.652173913043477
14478,703.5714285714286,232.71428571428572,35.0
14479,715.0,357.3333333333333,26.666666666666668
14480,710.9090909090909,278.1818181818182,28.545454545454547
14481,710.5,258.9375,28.875
14482,713.1111111111111,259.77777777777777,26.77777777777778
14483,711.5,213.0,28.0
14484,712.8947368421053,236.21052631578948,26.63157894736842
14485,712.3333333333334,220.66666666666666,27.5
14486,717.0714285714286,280.42857142857144,23.571428571428573
14487,722.6666666666666,341.6666666666667,20.0
14488,715.5,224.5,24.5
14489,722.3333333333334,319.0,18.944444444444443
14490,727.25,345.0,15.75
14491,717.3529411764706,220.05882352941177,22.294117647058822
14492,731.875,377.0,12.0
14493,731.8333333333334,333.8333333333333,12.0
14494,649.9473684210526,296.3157894736842,79.57894736842105
14495,659.6470588235294,241.41176470588235,70.88235294117646
14496,662.6666666666666,248.33333333333334,70.0
14497,671.6666666666666,366.5,63.0
14498,674.875,379.25,60.25
14499,666.3125,245.1875,65.6875
14500,671.8,292.3,60.56666666666667
14501,681.5,377.0,54.5
14502,674.0,258.5,60.5
14503,676.4736842105264,307.05263157894734,57.31578947368421
14504,674.375,240.625,59.375
14505,688.1428571428571,411.57142857142856,48.0
14506,678.0,239.0,57.0
14507,686.047619047619,324.9047619047619,49.285714285714285
14508,690.6875,359.0625,46.0625
14509,685.1290322580645,294.741935483871,49.61290322580645
14510,691.0,311.6818181818182,44.77272727272727
14511,696.4285714285714,367.7142857142857,40.57142857142857
14512,693.2727272727273,311.1363636363636,43.27272727272727
14513,698.6,357.6,39.0
14514,695.4642857142857,285.14285714285717,40.535714285714285
14515,698.9333333333333,294.1,38.333333333333336
14516,697.7142857142857,284.0952380952381,38.666666666666664
14517,704.2941176470588,350.52941176470586,33.8235294117647
14518,699.375,271.9375,37.9375
14519,705.0,262.0,34.5
14520,706.2941176470588,300.8235294117647,32.1764705882353
14521,704.0,226.0,35.0
14522,708.1666666666666,270.3333333333333,30.666666666666668
14523,706.5,223.5,33.0
14524,706.6666666666666,218.44444444444446,32.0
14525,716.8636363636364,359.59090909090907,23.454545454545453
14526,712.2,264.73333333333335,26.933333333333334
14527,710.75,233.25,28.0
14528,724.0,379.2,18.0
14529,722.6,350.2,18.8
14530,721.3571428571429,312.07142857142856,18.714285714285715
14531,728.0,373.0,15.0
14532,720.4,226.4,20.0
14533,725.7142857142857,254.71428571428572,16.428571428571427
14534,657.6,320.5,73.1
14535,656.8,239.4,74.2
14536,668.4,395.4,65.4
14537,660.4705882352941,286.52941176470586,70.58823529411765
14538,662.9615384615385,297.0769230769231,68.65384615384616
14539,667.7333333333333,363.1333333333333,64.6
14540,667.7,350.0,65.1
14541,671.8421052631579,380.8421052631579,62.21052631578947
14542,673.75,396.6666666666667,60.75
14543,672.0,359.35,61.35
14544,669.5384615384615,299.1923076923077,62.61538461538461
14545,666.9090909090909,237.63636363636363,65.72727272727273
14546,678.7619047619048,298.0,54.76190476190476
14547,678.1,266.6,56.3
14548,684.0,319.5,52.0
14549,680.7647058823529,293.8235294117647,53.11764705882353
14550,685.8928571428571,284.17857142857144,49.25
14551,689.125,321.0625,46.1875
14552,695.52,328.8,41.52
14553,696.2727272727273,337.1818181818182,39.63636363636363
14554,697.65,344.85,39.4
14555,697.6666666666666,261.6666666666667,40.333333333333336
14556,711.75,372.0,29.0
14557,711.75,361.25,28.0
14558,708.6363636363636,275.45454545454544,30.0
14559,713.5,332.5,26.333333333333332
14560,706.0909090909091,233.1818181818182,31.272727272727273
14561,709.0,246.2,30.0
14562,707.3333333333334,212.66666666666666,31.666666666666668
14563,715.5,330.5,25.0
14564,708.8333333333334,241.83333333333334,29.0
14565,721.1111111111111,346.6666666666667,20.0
14566,726.8333333333334,358.1666666666667,15.0
14567,722.1111111111111,281.6666666666667,18.555555555555557
14568,728.5,321.0,14.5
14569,650.0,290.962962962963,78.96296296296296
14570,649.8214285714286,283.32142857142856,78.85714285714286
14571,661.4545454545455,394.6363636363636,70.0
14572,663.2727272727273,395.0,68.0909090909091
14573,654.1428571428571,246.0,74.85714285714286
14574,657.8333333333334,238.0,72.66666666666667
14575,669.5333333333333,388.46666666666664,63.266666666666666
14576,667.7619047619048,340.8095238095238,64.42857142857143
14577,662.2,243.4,69.0
14578,677.3333333333334,383.0,57.0
14579,668.9473684210526,273.7894736842105,62.63157894736842
14580,668.2222222222222,242.94444444444446,63.361111111111114
14581,674.3333333333334,250.25,58.583333333333336
14582,680.0,320.0,55.0
14583,680.4642857142857,299.42857142857144,52.642857142857146
14584,685.3076923076923,299.15384615384613,48.57692307692308
14585,689.421052631579,329.10526315789474,46.10526315789474
14586,697.625,351.9166666666667,39.25
14587,692.4705882352941,269.52941176470586,42.94117647058823
14588,698.5909090909091,332.27272727272725,38.13636363636363
14589,700.1111111111111,309.8888888888889,38.0
14590,702.0769230769231,339.0769230769231,35.30769230769231
14591,708.5,390.3333333333333,31.0
14592,703.6,297.4,34.8
14593,707.0,306.4,31.8
14594,703.8333333333334,265.5,33.0
14595,705.9285714285714,269.85714285714283,32.0
14596,715.1304347826087,355.4347826086956,24.695652173913043
14597,707.5,237.5,31.0
14598,723.75,390.5,18.0
14599,716.1052631578947,266.3157894736842,23.31578947368421
14600,717.0909090909091,275.72727272727275,22.454545454545453
14601,724.5454545454545,264.90909090909093,15.818181818181818
14602,732.4,313.1,9.7
14603,646.9166666666666,306.3333333333333,81.0
14604,654.3333333333334,318.6666666666667,76.0
14605,653.1538461538462,307.0769230769231,75.92307692307692
14606,659.1818181818181,343.6363636363636,71.31818181818181
14607,658.5714285714286,301.5,71.57142857142857
14608,662.48,344.28,68.48
14609,663.0,322.5,69.0
14610,663.0,337.55555555555554,67.55555555555556
14611,664.56,352.6,66.6
14612,661.8333333333334,282.27777777777777,68.88888888888889
14613,661.9090909090909,289.8636363636364,68.5909090909091
14614,659.0833333333334,236.91666666666666,70.75
14615,662.8333333333334,277.6666666666667,67.66666666666667
14616,665.0,292.1666666666667,65.79166666666667
14617,669.4583333333334,350.0833333333333,62.458333333333336
14618,663.2727272727273,258.45454545454544,67.27272727272727
14619,670.3157894736842,266.36842105263156,61.421052631578945
14620,684.0,385.0,52.0
14621,679.12,303.52,53.6
14622,682.6551724137931,303.0344827586207,50.58620689655172
14623,687.9354838709677,339.7741935483871,46.54838709677419
14624,686.5263157894736,306.05263157894734,48.1578947368421
14625,690.9,336.3,44.0
14626,693.7272727272727,316.27272727272725,42.27272727272727
14627,695.5909090909091,301.90909090909093,39.90909090909091
14628,696.88,289.08,38.6
14629,700.3181818181819,327.6818181818182,36.36363636363637
14630,700.6666666666666,305.1666666666667,36.27777777777778
14631,706.8181818181819,370.3636363636364,31.727272727272727
14632,704.5384615384615,345.38461538461536,33.0
14633,704.5,322.25,33.0
14634,699.8333333333334,234.66666666666666,36.166666666666664
14635,701.4444444444445,230.11111111111111,35.44444444444444
14636,706.5714285714286,293.57142857142856,30.952380952380953
14637,703.75,219.58333333333334,33.25
14638,707.0,259.0,30.818181818181817
14639,708.0,254.28571428571428,29.142857142857142
14640,710.4615384615385,287.2307692307692,27.692307692307693
14641,707.9,237.8,29.4
14642,717.0833333333334,355.6666666666667,21.916666666666668
14643,712.7777777777778,246.05555555555554,25.5
14644,714.8095238095239,256.4761904761905,23.761904761904763
14645,712.7692307692307,221.0,25.307692307692307
14646,715.1851851851852,232.92592592592592,23.444444444444443
14647,722.6666666666666,234.16666666666666,18.0
14648,724.0,246.5,17.0
14649,729.25,310.125,12.625
14650,729.2,263.4,12.0
14651,650.7083333333334,298.6666666666667,77.5
14652,653.2222222222222,297.05555555555554,75.83333333333333
14653,657.0,327.0,74.0
14654,659.2105263157895,337.10526315789474,71.21052631578948
14655,667.6153846153846,353.61538461538464,64.0
14656,665.3636363636364,265.5,65.36363636363636
14657,665.3333333333334,255.88888888888889,65.77777777777777
14658,666.0,260.75,65.0
14659,672.6875,305.5625,59.0625
14660,681.8666666666667,387.93333333333334,52.2
14661,683.125,330.875,51.875
14662,683.6153846153846,321.61538461538464,50.46153846153846
14663,686.3571428571429,278.42857142857144,47.67857142857143
14664,693.2272727272727,344.40909090909093,41.59090909090909
14665,694.0,316.0,43.0
14666,691.2142857142857,300.2857142857143,43.214285714285715
14667,691.2857142857143,280.85714285714283,42.857142857142854
14668,699.5,255.33333333333334,37.0
14669,706.6666666666666,345.0,32.0
14670,711.5,357.25,27.25
14671,703.2,239.4,33.8
14672,703.7272727272727,227.0,32.90909090909091
14673,708.6666666666666,263.73333333333335,28.866666666666667
14674,707.8571428571429,227.14285714285714,29.857142857142858
14675,711.2857142857143,274.2857142857143,26.0
14676,712.25,269.3333333333333,25.583333333333332
14677,715.3333333333334,292.3333333333333,24.0
14678,711.2,224.4,27.0
14679,717.375,293.4375,21.6875
14680,721.8333333333334,360.1666666666667,18.0
14681,713.1111111111111,229.66666666666666,25.0
14682,712.5,214.0,26.0
14683,724.3333333333334,328.04761904761904,15.380952380952381
14684,720.875,276.75,18.0
14685,720.1578947368421,229.78947368421052,18.57894736842105
14686,648.0,328.0,79.0
14687,647.1428571428571,293.2142857142857,80.64285714285714
14688,648.1851851851852,301.44444444444446,79.44444444444444
14689,656.8888888888889,390.3333333333333,72.55555555555556
14690,659.1666666666666,395.5,71.83333333333333
14691,658.7575757575758,330.6969696969697,70.66666666666667
14692,656.5294117647059,244.05882352941177,72.0
14693,667.7777777777778,358.3888888888889,62.888888888888886
14694,670.7058823529412,372.47058823529414,61.588235294117645
14695,672.3333333333334,391.0,60.0
14696,665.1923076923077,297.61538461538464,65.38461538461539
14697,670.5,354.0,61.0
14698,670.0,334.0,63.0
14699,668.0,293.5833333333333,62.708333333333336
14700,670.0,309.0,62.0
14701,670.625,309.625,61.125
14702,671.625,264.3125,59.6875
14703,676.8,248.4,56.2
14704,679.1818181818181,259.90909090909093,54.0
14705,684.5,335.5,49.5
14706,688.76,344.28,44.96
14707,691.5,324.92857142857144,43.42857142857143
14708,694.64,348.6,40.44
14709,694.1428571428571,323.0952380952381,41.19047619047619
14710,690.3666666666667,285.8,43.46666666666667
14711,695.0,318.7,39.55
14712,699.3333333333334,340.55555555555554,37.0
14713,698.8461538461538,322.03846153846155,36.65384615384615
14714,701.0,290.6875,35.0625
14715,700.0,261.0,37.0
14716,699.3333333333334,239.11111111111111,36.0
14717,707.4,341.6,30.0
14718,701.7142857142857,266.0,34.142857142857146
14719,704.4444444444445,258.8888888888889,32.22222222222222
14720,701.3333333333334,221.66666666666666,34.0
14721,713.875,346.125,25.0
14722,705.0,225.5,31.0
14723,710.7333333333333,249.93333333333334,26.533333333333335
14724,722.5,372.0,18.5
14725,721.6666666666666,345.3333333333333,18.0
14726,723.5,364.0,17.0
14727,726.3333333333334,377.6666666666667,15.0
14728,714.5,217.25,24.0
14729,715.5714285714286,226.23809523809524,22.428571428571427
14730,729.2,386.6,13.0
14731,646.1818181818181,300.0,81.45454545454545
14732,651.92,331.64,76.44
14733,653.3333333333334,328.0,75.0
14734,661.7142857142857,384.57142857142856,69.42857142857143
14735,664.4444444444445,396.55555555555554,66.38888888888889
14736,660.3333333333334,326.5,69.16666666666667
14737,665.7857142857143,357.7857142857143,64.78571428571429
14738,659.6153846153846,239.30769230769232,68.92307692307692
14739,665.3846153846154,303.2307692307692,65.0
14740,674.2,393.0,58.0
14741,674.2173913043479,363.17391304347825,58.43478260869565
14742,667.1428571428571,268.6190476190476,63.23809523809524
14743,668.8695652173913,288.39130434782606,61.69565217391305
14744,669.4375,260.0,60.6875
14745,669.5,235.5,61.0
14746,672.304347826087,254.56521739130434,58.47826086956522
14747,676.0,258.5,57.0
14748,686.9,292.5,46.2
14749,688.9545454545455,281.04545454545456,44.59090909090909
14750,695.7272727272727,340.90909090909093,38.54545454545455
14751,696.35,324.75,39.0
14752,696.5769230769231,308.34615384615387,38.38461538461539
14753,705.6666666666666,380.3333333333333,32.0
14754,701.0,246.0,36.0
14755,700.0,253.2,35.2
14756,701.2222222222222,258.44444444444446,34.111111111111114
14757,700.2857142857143,225.42857142857142,35.142857142857146
14758,702.0,255.0,34.0
14759,708.0,321.0,30.0
14760,705.625,277.6875,30.8125
14761,704.0,229.0,31.25
14762,705.1111111111111,221.44444444444446,30.77777777777778
14763,716.9090909090909,350.27272727272725,21.636363636363637
14764,711.3809523809524,254.85714285714286,25.476190476190474
14765,709.5714285714286,216.71428571428572,28.0
14766,708.3333333333334,210.16666666666666,28.0
14767,721.875,384.5,18.0
14768,723.5,375.0,16.5
14769,718.3846153846154,283.38461538461536,20.0
14770,720.75,306.1666666666667,18.0
14771,720.4117647058823,240.2941176470588,17.647058823529413
14772,726.1666666666666,251.0,13.833333333333334
14773,731.0,300.0,11.0
14774,648.7142857142857,340.0,78.0
14775,649.0909090909091,331.1818181818182,78.4090909090909
14776,652.1111111111111,323.0,76.11111111111111
14777,656.4375,384.0625,72.3125
14778,652.3461538461538,287.1923076923077,75.34615384615384
14779,654.4,300.53333333333336,73.66666666666667
14780,652.5,241.0,75.0
14781,656.625,287.0625,72.0
14782,663.3846153846154,383.84615384615387,66.3076923076923
14783,666.3,397.5,64.0
14784,663.1034482758621,347.37931034482756,66.3103448275862
14785,658.3125,277.5,69.375
14786,667.8571428571429,369.5,63.142857142857146
14787,665.8421052631579,344.5263157894737,63.8421052631579
14788,668.4761904761905,364.3333333333333,62.285714285714285
14789,662.25,247.0,66.75
14790,672.2777777777778,369.44444444444446,59.22222222222222
14791,675.7857142857143,391.35714285714283,56.0
14792,676.6818181818181,385.1363636363636,55.45454545454545
14793,671.05,269.3,59.3
14794,680.5263157894736,373.7368421052632,52.1578947368421
14795,703.6,374.6,34.0
14796,702.7083333333334,334.4583333333333,33.5
14797,699.0833333333334,266.1666666666667,36.0
14798,698.6666666666666,226.83333333333334,36.833333333333336
14799,713.0,390.0,25.0
14800,701.9090909090909,234.1818181818182,33.27272727272727
14801,707.1666666666666,281.8888888888889,29.11111111111111
14802,707.8,250.35,28.2
14803,706.4285714285714,215.0,30.142857142857142
14804,707.5,220.25,29.25
14805,710.5238095238095,279.7142857142857,25.857142857142858
14806,712.5,288.2857142857143,24.142857142857142
14807,712.2941176470588,239.1764705882353,24.235294117647058
14808,724.4,386.0,15.7
14809,713.7272727272727,221.0909090909091,23.272727272727273
14810,730.0,305.0,12.0
14811,725.0,244.5,15.0
14812,644.0952380952381,295.0952380952381,81.95238095238095
14813,656.0,385.5,74.0
14814,653.0,342.3157894736842,74.63157894736842
14815,653.4193548387096,348.0,74.19354838709677
14816,649.68,282.92,76.44
14817,662.375,390.25,68.0
14818,659.0,295.1111111111111,69.44444444444444
14819,664.0,368.0,66.0
14820,663.1666666666666,327.1666666666667,67.0
14821,668.6153846153846,397.0769230769231,62.46153846153846
14822,663.5769230769231,282.9230769230769,65.57692307692308
14823,660.0769230769231,235.07692307692307,68.15384615384616
14824,673.2727272727273,396.0,58.81818181818182
14825,660.7647058823529,240.64705882352942,67.23529411764706
14826,665.7368421052631,287.3157894736842,63.8421052631579
14827,667.25,305.375,63.0
14828,662.5625,236.3125,66.1875
14829,666.6111111111111,282.77777777777777,63.05555555555556
14830,673.2857142857143,357.5,57.714285714285715
14831,678.1,377.1,55.0
14832,668.52,271.32,60.72
14833,671.4,275.36,58.76
14834,671.4,259.15,58.7
14835,675.3478260869565,261.3478260869565,55.43478260869565
14836,675.0,242.5,57.0
14837,679.5,319.25,52.25
14838,681.9090909090909,291.3636363636364,51.0
14839,684.0769230769231,319.3076923076923,48.61538461538461
14840,685.5,311.25,47.25
14841,685.7916666666666,287.9583333333333,46.0
14842,691.5416666666666,307.2083333333333,41.666666666666664
14843,694.28125,331.90625,39.625
14844,689.6086956521739,274.82608695652175,43.47826086956522
14845,691.2941176470588,291.05882352941177,41.64705882352941
14846,694.3636363636364,293.59090909090907,39.5
14847,695.0434782608696,298.17391304347825,38.391304347826086
14848,698.0,300.5,36.5
14849,696.6,253.6,38.0
14850,697.5,238.5,37.0
14851,702.7777777777778,304.77777777777777,33.111111111111114
14852,701.7368421052631,271.0,33.0
14853,703.0833333333334,276.1666666666667,32.0
14854,705.3333333333334,265.3333333333333,30.0
14855,711.9166666666666,351.5833333333333,24.833333333333332
14856,705.3,234.0,29.9
14857,710.0666666666667,291.1333333333333,25.733333333333334
14858,708.4545454545455,226.8181818181818,27.0
14859,722.9090909090909,380.6363636363636,16.0
14860,716.2352941176471,229.94117647058823,21.0
14861,721.0,280.0,16.0
14862,643.0,288.0,83.0
14863,648.5,309.0,78.0
14864,649.2916666666666,304.375,77.41666666666667
14865,652.7777777777778,336.6666666666667,74.48148148148148
14866,653.1,323.2,74.0
14867,654.6315789473684,338.0,72.94736842105263
14868,657.1290322580645,323.5806451612903,70.48387096774194
14869,657.4782608695652,282.5652173913044,69.91304347826087
14870,669.5714285714286,393.85714285714283,60.857142857142854
14871,659.2857142857143,249.42857142857142,68.47619047619048
14872,665.9285714285714,276.64285714285717,63.285714285714285
14873,664.3181818181819,239.4090909090909,64.54545454545455
14874,664.2,234.26666666666668,64.4
14875,666.0,256.53846153846155,62.92307692307692
14876,673.4285714285714,272.0,56.642857142857146
14877,674.2,266.9,56.2
14878,677.0,264.8,54.2
14879,684.1818181818181,293.8181818181818,47.72727272727273
14880,688.8181818181819,318.90909090909093,44.04545454545455
14881,686.0,296.8888888888889,45.44444444444444
14882,685.9333333333333,282.93333333333334,46.266666666666666
14883,689.3684210526316,306.42105263157896,44.05263157894737
14884,687.6060606060606,300.90909090909093,44.45454545454545
14885,691.0833333333334,337.8333333333333,41.708333333333336
14886,691.578947368421,332.57894736842104,41.473684210526315
14887,691.7391304347826,275.8695652173913,41.56521739130435
14888,698.4444444444445,346.05555555555554,35.888888888888886
14889,699.1578947368421,332.57894736842104,35.36842105263158
14890,705.0,393.0,32.0
14891,697.9375,311.875,36.0625
14892,700.3157894736842,322.42105263157896,34.36842105263158
14893,697.8333333333334,289.3333333333333,36.666666666666664
14894,696.75,260.0,38.0
14895,696.4285714285714,244.28571428571428,38.0
14896,704.5,326.6666666666667,31.666666666666668
14897,708.8,367.9,27.6
14898,698.8571428571429,236.57142857142858,34.857142857142854
14899,709.5714285714286,351.3333333333333,26.666666666666668
14900,710.2222222222222,343.3333333333333,25.88888888888889
14901,714.2727272727273,351.45454545454544,23.0
14902,707.0,236.5,28.0
14903,712.375,276.625,23.8125
14904,721.7142857142857,393.14285714285717,17.142857142857142
14905,709.0,232.0,26.0
14906,720.0,366.5,18.0
14907,724.5,395.5,15.0
14908,725.8,391.8,14.2
14909,717.5454545454545,288.1818181818182,20.0
14910,718.6,291.73333333333335,18.6
14911,649.9285714285714,336.92857142857144,76.32142857142857
14912,660.0,389.25,69.0
14913,653.1724137931035,294.48275862068965,73.55172413793103
14914,664.5294117647059,393.0,64.58823529411765
14915,666.2142857142857,379.42857142857144,63.714285714285715
14916,669.6470588235294,397.7647058823529,60.294117647058826
14917,670.0,364.0,60.0
14918,670.5,356.8125,59.0
14919,666.375,263.5,62.458333333333336
14920,675.25,364.5416666666667,55.416666666666664
14921,666.75,234.75,62.625
14922,669.65,282.75,59.8
14923,672.16,280.96,57.52
14924,676.0,256.0,55.0
14925,675.3333333333334,243.55555555555554,55.0
14926,691.75,298.15,40.5
14927,693.25,272.0,41.0
14928,694.4285714285714,257.57142857142856,39.142857142857146
14929,695.0,235.375,38.375
14930,701.1666666666666,251.5,32.5
14931,705.8,288.3,29.4
14932,709.578947368421,285.6842105263158,25.736842105263158
14933,706.0,232.83333333333334,28.0
14934,712.0909090909091,282.45454545454544,23.545454545454547
14935,720.5,376.0,18.0
14936,708.6,220.2,27.0
14937,723.4666666666667,257.26666666666665,14.2
14938,726.5,260.0,12.0
14939,646.6666666666666,320.3333333333333,80.0
14940,645.95,306.6,79.3
14941,649.5714285714286,287.2857142857143,77.0
14942,654.3913043478261,343.0,72.26086956521739
14943,655.8076923076923,348.7307692307692,71.38461538461539
14944,662.36,389.24,66.2
14945,652.9444444444445,247.0,72.83333333333333
14946,656.8461538461538,244.76923076923077,69.84615384615384
14947,673.4545454545455,367.8181818181818,56.86363636363637
14948,675.8181818181819,370.1818181818182,54.86363636363637
14949,676.0,360.10526315789474,54.526315789473685
14950,672.0909090909091,262.95454545454544,57.27272727272727
14951,675.25,276.0,55.25
14952,679.448275862069,307.9655172413793,50.51724137931034
14953,684.7272727272727,335.8181818181818,47.18181818181818
14954,685.6111111111111,308.5,45.111111111111114
14955,687.5,326.0,44.0
14956,689.0,331.1666666666667,43.22222222222222
14957,692.5294117647059,311.47058823529414,40.1764705882353
14958,693.0,247.8,40.0
14959,694.5,248.0,38.0
14960,704.0,365.0,32.0
14961,695.0,238.0,39.0
14962,705.3076923076923,330.0769230769231,30.076923076923077
14963,708.0,355.77777777777777,28.0
14964,702.6666666666666,282.2857142857143,31.571428571428573
14965,711.5,378.75,25.0
14966,707.2222222222222,273.6666666666667,27.77777777777778
14967,706.6666666666666,268.4166666666667,28.083333333333332
14968,704.0,230.2,29.4
14969,708.2,260.4,27.0
14970,712.0,215.0,24.0
14971,724.75,294.625,13.625
14972,641.4230769230769,282.53846153846155,82.6923076923077
14973,648.5714285714286,326.85714285714283,76.66666666666667
14974,651.8947368421053,304.57894736842104,74.21052631578948
14975,658.4761904761905,346.04761904761904,69.33333333333333
14976,659.8,382.4,68.0
14977,660.0434782608696,351.04347826086956,67.56521739130434
14978,660.6666666666666,331.3333333333333,68.0
14979,652.7777777777778,240.44444444444446,73.11111111111111
14980,661.76,341.12,65.92
14981,662.578947368421,362.8421052631579,65.15789473684211
14982,655.2727272727273,249.0,71.27272727272727
14983,666.3333333333334,373.0,64.0
14984,660.0,282.0,67.0
14985,668.2,368.73333333333335,60.46666666666667
14986,663.65,244.6,64.45
14987,665.3571428571429,251.71428571428572,62.642857142857146
14988,674.4666666666667,354.4,55.266666666666666
14989,680.0,391.5,53.0
14990,677.3846153846154,377.8076923076923,52.69230769230769
14991,676.5,349.5,55.0
14992,676.5,364.90909090909093,53.40909090909091
14993,680.9333333333333,387.4,50.0
14994,676.6363636363636,307.6363636363636,53.0
14995,684.4230769230769,383.9230769230769,47.34615384615385
14996,684.2083333333334,379.0416666666667,47.291666666666664
14997,686.8666666666667,330.93333333333334,44.93333333333333
14998,685.1666666666666,303.44444444444446,45.94444444444444
14999,690.7826086956521,319.30434782608694,41.56521739130435
15000,690.6818181818181,285.3636363636364,40.77272727272727
15001,692.6785714285714,306.42857142857144,39.464285714285715
15002,696.9444444444445,336.72222222222223,36.333333333333336
15003,691.3,254.7,41.0
15004,698.5833333333334,296.5,34.666666666666664
15005,698.84,301.76,34.4
15006,698.5454545454545,272.8181818181818,35.0
15007,705.75,369.5,30.0
15008,695.5,229.125,37.0
15009,697.6666666666666,269.0,34.0
15010,700.8461538461538,278.0,33.0
15011,707.2727272727273,346.0,27.09090909090909
15012,707.8333333333334,292.0,27.333333333333332
15013,703.5,218.0,30.0
15014,713.8333333333334,345.75,22.583333333333332
15015,707.5,254.5,27.0
15016,708.0526315789474,265.3157894736842,26.31578947368421
15017,708.7272727272727,258.27272727272725,25.363636363636363
15018,709.3333333333334,243.05555555555554,25.27777777777778
15019,716.875,340.125,20.0
15020,712.9,271.15,22.55
15021,711.6470588235294,260.7647058823529,23.235294117647058
15022,713.6666666666666,278.42857142857144,21.61904761904762
15023,709.375,224.25,25.0
15024,720.8333333333334,352.8333333333333,16.0
15025,722.5,349.0,15.5
15026,726.6,382.6,12.1
15027,644.32,297.16,79.68
15028,650.0588235294117,344.52941176470586,76.11764705882354
15029,653.3333333333334,311.6666666666667,74.0
15030,653.9166666666666,322.8333333333333,72.0
15031,652.0,286.0,73.0
15032,665.5384615384615,389.7692307692308,62.92307692307692
15033,666.0,386.0,62.588235294117645
15034,659.8275862068965,294.6896551724138,67.20689655172414
15035,664.8823529411765,349.11764705882354,63.294117647058826
15036,660.4,260.8,66.0
15037,673.5,359.3,56.0
15038,670.4705882352941,286.47058823529414,58.11764705882353
15039,678.7222222222222,313.05555555555554,50.833333333333336
15040,682.4285714285714,327.64285714285717,48.57142857142857
15041,680.3333333333334,299.0,49.916666666666664
15042,690.2352941176471,326.05882352941177,41.705882352941174
15043,695.6666666666666,326.8666666666667,37.06666666666667
15044,696.0,268.5,37.0
15045,698.6818181818181,307.6818181818182,34.22727272727273
15046,695.2857142857143,224.0,37.0
15047,702.0,318.6363636363636,31.09090909090909
15048,698.0,221.5,36.0
15049,705.2666666666667,245.8,28.2
15050,706.0,225.6,28.2
15051,708.3333333333334,238.27777777777777,25.72222222222222
15052,712.8,295.0,22.5
15053,721.0,399.5,16.0
15054,713.6875,288.125,21.5
15055,714.375,283.375,21.375
15056,711.3636363636364,224.0,23.363636363636363
15057,725.3333333333334,387.8333333333333,13.0
15058,713.375,218.25,21.625
15059,726.625,378.25,11.5
15060,727.5,370.0,11.0
15061,726.3333333333334,331.1666666666667,12.0
15062,722.0,274.0,14.0
15063,723.1538461538462,262.0769230769231,13.538461538461538
15064,649.2307692307693,300.9230769230769,76.0
15065,656.7857142857143,392.5,70.35714285714286
15066,653.7727272727273,331.5,72.27272727272727
15067,658.3846153846154,395.6923076923077,68.76923076923077
15068,658.1363636363636,334.6818181818182,68.5
15069,661.5,331.0,66.0
15070,667.0,389.11538461538464,60.57692307692308
15071,668.6666666666666,382.5,61.0
15072,660.8235294117648,288.94117647058823,66.0
15073,659.95,264.75,66.6
15074,662.0,273.5,64.3125
15075,671.3888888888889,374.0,57.94444444444444
15076,662.0588235294117,254.23529411764707,64.0
15077,673.7142857142857,380.1904761904762,55.714285714285715
15078,673.875,374.125,56.0
15079,667.1875,277.5625,60.1875
15080,665.4736842105264,239.21052631578948,61.73684210526316
15081,666.4666666666667,255.33333333333334,61.0
15082,667.2,248.8,61.0
15083,668.6153846153846,243.53846153846155,59.38461538461539
15084,677.5,359.35714285714283,52.214285714285715
15085,671.6666666666666,257.57142857142856,56.42857142857143
15086,680.90625,305.34375,48.625
15087,689.3333333333334,312.5416666666667,41.875
15088,690.2857142857143,248.0,41.0
15089,700.5,367.5,34.0
15090,703.0,399.0,32.0
15091,699.25,336.8333333333333,34.416666666666664
15092,699.75,344.0,34.0
15093,705.1666666666666,396.8333333333333,30.0
15094,700.0,326.0,34.0
15095,702.25,360.25,32.0
15096,710.8,391.6,24.0
15097,701.2857142857143,240.57142857142858,32.0
15098,709.0,317.0,27.0
15099,702.4,236.0,30.8
15100,706.5882352941177,284.88235294117646,27.0
15101,705.5714285714286,258.7857142857143,28.142857142857142
15102,711.5238095238095,339.6190476190476,23.333333333333332
15103,713.5714285714286,361.07142857142856,22.142857142857142
15104,704.8,216.8,28.2
15105,705.3333333333334,229.11111111111111,28.0
15106,707.0,246.28571428571428,26.0
15107,707.5,216.0,26.0
15108,710.125,232.875,25.0
15109,710.75,229.33333333333334,24.0
15110,717.3636363636364,302.09090909090907,17.727272727272727
15111,725.0,371.0,14.0
15112,727.1666666666666,373.8333333333333,11.0
15113,719.5,233.0,17.0
15114,722.0,253.0,15.0
15115,647.56,292.6,76.48
15116,655.9,386.4,70.25
15117,652.7727272727273,306.6363636363636,72.27272727272727
15118,653.6774193548387,298.741935483871,71.51612903225806
15119,656.34375,340.875,69.40625
15120,662.0769230769231,351.61538461538464,64.6923076923077
15121,663.6923076923077,366.9230769230769,63.69230769230769
15122,667.0434782608696,359.69565217391306,60.73913043478261
15123,660.9565217391304,277.69565217391306,65.0
15124,673.0,386.0,57.0
15125,666.2777777777778,293.1111111111111,61.111111111111114
15126,668.1538461538462,288.61538461538464,59.92307692307692
15127,668.0,255.0,59.333333333333336
15128,674.5,344.5,54.333333333333336
15129,679.16,393.04,50.56
15130,680.4736842105264,382.3157894736842,49.05263157894737
15131,675.6666666666666,270.3333333333333,54.0
15132,685.4615384615385,379.53846153846155,45.38461538461539
15133,683.4285714285714,328.7142857142857,46.714285714285715
15134,685.0416666666666,335.3333333333333,44.625
15135,688.1935483870968,297.4516129032258,42.354838709677416
15136,697.0,381.0,36.0
15137,694.3809523809524,333.3333333333333,36.76190476190476
15138,693.0,280.0,40.0
15139,698.3333333333334,371.0,34.333333333333336
15140,692.75,285.4166666666667,38.5
15141,695.4,295.5,36.55
15142,693.0,227.2,38.0
15143,696.8571428571429,230.71428571428572,35.0
15144,707.75,358.0,26.0
15145,703.5652173913044,284.04347826086956,29.434782608695652
15146,699.0,213.0,33.0
15147,704.2631578947369,278.57894736842104,28.57894736842105
15148,700.6666666666666,232.33333333333334,31.0
15149,707.5454545454545,271.0,26.0
15150,719.5714285714286,387.14285714285717,16.571428571428573
15151,717.0,346.0,18.0
15152,709.2857142857143,216.85714285714286,24.714285714285715
15153,712.0714285714286,230.14285714285714,22.0
15154,724.1818181818181,379.27272727272725,13.272727272727273
15155,716.5,225.5,19.0
15156,715.75,231.5625,18.8125
15157,720.0,237.0,16.0
15158,642.5217391304348,291.2608695652174,80.3913043478261
15159,645.4117647058823,284.11764705882354,78.0
15160,647.85,309.15,76.15
15161,648.2,289.46666666666664,75.2
15162,649.6785714285714,296.7857142857143,74.42857142857143
15163,652.3214285714286,293.32142857142856,71.75
15164,655.7222222222222,288.77777777777777,69.0
15165,657.4193548387096,287.1290322580645,67.51612903225806
15166,666.2857142857143,373.6190476190476,61.04761904761905
15167,655.3333333333334,236.08333333333334,69.25
15168,663.0,306.0,65.0
15169,668.0,372.72727272727275,59.22727272727273
15170,668.0,342.0,61.0
15171,668.0454545454545,351.0,59.5
15172,670.7894736842105,379.1578947368421,57.63157894736842
15173,665.5,303.0,62.0
15174,660.6521739130435,248.47826086956522,64.56521739130434
15175,673.875,394.25,55.125
15176,663.9333333333333,245.66666666666666,61.8
15177,666.3333333333334,265.76190476190476,60.23809523809524
15178,671.0,292.0,58.0
15179,669.0526315789474,250.57894736842104,58.21052631578947
15180,681.7,386.9,47.9
15181,681.75,370.7083333333333,47.583333333333336
15182,677.3529411764706,304.29411764705884,50.94117647058823
15183,680.5,314.0,48.7
15184,682.7857142857143,323.42857142857144,46.785714285714285
15185,686.0,286.0,44.0
15186,689.8181818181819,244.0,40.54545454545455
15187,701.3333333333334,371.1666666666667,32.333333333333336
15188,696.0,307.46153846153845,35.92307692307692
15189,690.9090909090909,237.63636363636363,39.27272727272727
15190,693.0,263.0,38.0
15191,691.8888888888889,232.66666666666666,39.0
15192,696.5,261.5,35.0
15193,701.4761904761905,272.3809523809524,30.61904761904762
15194,700.6666666666666,265.5,31.0
15195,702.9,268.35,29.45
15196,704.25,273.25,29.125
15197,700.8888888888889,224.11111111111111,31.0
15198,704.4,263.8,28.0
15199,712.6666666666666,341.55555555555554,21.555555555555557
15200,717.0,357.0,20.0
15201,709.4,249.1,24.6
15202,711.1,266.5,22.9
15203,710.1875,254.9375,23.0
15204,713.4444444444445,291.22222222222223,20.5
15205,717.7894736842105,350.3157894736842,17.42105263157895
15206,719.5,341.0,17.0
15207,722.8,375.4,14.0
15208,719.75,333.375,16.0
15209,728.8333333333334,293.3333333333333,7.833333333333333
15210,649.516129032258,332.64516129032256,74.45161290322581
15211,651.2258064516129,327.2903225806452,72.6774193548387
15212,648.6428571428571,283.32142857142856,74.39285714285714
15213,654.2222222222222,337.27777777777777,70.83333333333333
15214,659.2,397.0,66.73333333333333
15215,656.0,350.0952380952381,69.19047619047619
15216,655.125,329.03125,69.40625
15217,653.3333333333334,284.0,71.38888888888889
15218,661.3571428571429,357.42857142857144,65.07142857142857
15219,663.2777777777778,361.0,62.833333333333336
15220,656.8461538461538,244.46153846153845,68.0
15221,665.0526315789474,354.0,61.10526315789474
15222,661.8888888888889,292.8888888888889,63.94444444444444
15223,662.3333333333334,282.6666666666667,63.476190476190474
15224,664.0,299.5,63.0
15225,660.8571428571429,269.14285714285717,64.5
15226,669.7058823529412,362.7647058823529,57.94117647058823
15227,663.6470588235294,272.47058823529414,62.23529411764706
15228,670.0869565217391,353.17391304347825,56.82608695652174
15229,677.1176470588235,385.8235294117647,51.94117647058823
15230,677.16,355.04,51.36
15231,679.05,372.7,49.7
15232,682.7333333333333,391.6666666666667,47.0
15233,672.2666666666667,249.86666666666667,55.0
15234,671.1818181818181,214.87878787878788,53.54545454545455
15235,677.1666666666666,249.70833333333334,50.666666666666664
15236,690.6,327.6,39.65
15237,695.75,372.25,36.5
15238,695.9090909090909,368.6363636363636,36.0
15239,694.8,318.6,37.0
15240,698.125,364.125,34.0
15241,691.3,252.9,39.0
15242,702.0,384.0,31.333333333333332
15243,699.6666666666666,321.55555555555554,32.0
15244,697.6111111111111,279.1666666666667,33.77777777777778
15245,694.3333333333334,219.66666666666666,37.0
15246,708.6,370.2,25.0
15247,699.25,223.25,33.0
15248,700.5,236.66666666666666,31.833333333333332
15249,703.2857142857143,222.14285714285714,29.0
15250,715.5882352941177,320.5882352941176,18.058823529411764
15251,712.5,224.25,21.375
15252,643.6666666666666,325.6666666666667,79.0
15253,644.90625,294.4375,77.65625
15254,646.0,299.6818181818182,77.13636363636364
15255,648.25,322.4583333333333,75.33333333333333
15256,662.0666666666667,397.4,64.53333333333333
15257,655.1,304.3,69.8
15258,653.6190476190476,292.23809523809524,70.0952380952381
15259,657.6428571428571,340.07142857142856,67.14285714285714
15260,654.7619047619048,298.9047619047619,69.71428571428571
15261,658.125,326.625,67.4375
15262,661.6470588235294,373.1764705882353,64.3529411764706
15263,664.2,399.3333333333333,62.2
15264,653.1176470588235,242.76470588235293,70.70588235294117
15265,663.1666666666666,354.3888888888889,63.166666666666664
15266,662.3571428571429,339.92857142857144,63.714285714285715
15267,660.4117647058823,297.52941176470586,64.94117647058823
15268,660.1666666666666,302.1666666666667,64.75
15269,669.5333333333333,398.4,57.666666666666664
15270,661.1666666666666,260.3333333333333,63.5
15271,662.8823529411765,266.47058823529414,62.705882352941174
15272,662.48,236.52,62.52
15273,675.0,386.0,54.0
15274,667.6842105263158,262.7894736842105,58.68421052631579
15275,669.0526315789474,267.63157894736844,57.31578947368421
15276,678.75,362.75,50.0
15277,669.9,253.15,56.3
15278,678.6666666666666,358.1666666666667,50.0
15279,673.3181818181819,239.95454545454547,53.5
15280,686.0,389.0,45.0
15281,680.4444444444445,310.22222222222223,47.72222222222222
15282,686.0666666666667,313.0,43.46666666666667
15283,692.1428571428571,345.14285714285717,39.285714285714285
15284,688.0,293.8,41.333333333333336
15285,690.1739130434783,289.8695652173913,39.52173913043478
15286,687.5,244.0,42.0
15287,692.7142857142857,290.57142857142856,37.535714285714285
15288,695.625,327.1875,35.0
15289,696.5,316.0,35.0
15290,694.0,240.5,37.0
15291,709.5,409.0,25.0
15292,698.7142857142857,265.57142857142856,32.857142857142854
15293,696.1111111111111,223.66666666666666,35.0
15294,709.5,395.0,24.0
15295,700.3333333333334,228.33333333333334,32.0
15296,712.0,356.0,23.0
15297,706.9,276.05,25.55
15298,702.0769230769231,214.6153846153846,29.615384615384617
15299,710.2941176470588,285.52941176470586,22.176470588235293
15300,705.75,210.25,26.75
15301,716.8181818181819,359.27272727272725,17.454545454545453
15302,707.6,228.7,25.1
15303,721.0,384.0,14.666666666666666
15304,727.0,334.0,10.0
15305,725.6666666666666,299.8333333333333,10.0
15306,641.3333333333334,287.3333333333333,81.22222222222223
15307,642.4545454545455,303.6363636363636,80.36363636363636
15308,644.9,323.25,77.65
15309,646.0952380952381,339.9047619047619,76.9047619047619
15310,646.030303030303,332.0,76.42424242424242
15311,648.48,340.72,74.72
15312,659.6,365.5,66.3
15313,661.5555555555555,383.94444444444446,64.16666666666667
15314,661.0,368.14285714285717,65.0
15315,664.4666666666667,393.53333333333336,62.2
15316,661.3809523809524,345.0952380952381,64.0952380952381
15317,658.2,248.8,66.06666666666666
15318,668.25,383.25,58.75
15319,659.2666666666667,257.0,65.4
15320,659.9047619047619,265.2857142857143,64.42857142857143
15321,668.1818181818181,368.22727272727275,58.27272727272727
15322,667.0769230769231,345.61538461538464,59.15384615384615
15323,659.5714285714286,240.38095238095238,64.52380952380952
15324,658.15,233.65,65.2
15325,663.2,288.5,62.2
15326,673.5,376.5,54.0
15327,668.3333333333334,294.3333333333333,58.666666666666664
15328,674.15,370.85,53.15
15329,677.5454545454545,378.0,50.40909090909091
15330,679.2857142857143,390.6666666666667,48.57142857142857
15331,675.625,244.375,51.875
15332,686.4782608695652,387.7391304347826,42.65217391304348
15333,687.7333333333333,383.3333333333333,42.0
15334,681.7777777777778,309.05555555555554,45.72222222222222
15335,684.6538461538462,290.7692307692308,43.69230769230769
15336,695.5,384.5,36.0
15337,692.05,337.65,38.4
15338,692.4,322.6,38.266666666666666
15339,686.1666666666666,247.66666666666666,42.0
15340,692.8,305.4,37.2
15341,688.6666666666666,239.5,40.333333333333336
15342,700.4,364.0,32.0
15343,690.75,227.875,39.0
15344,694.0,263.0,36.0
15345,691.7777777777778,221.11111111111111,38.111111111111114
15346,706.25,399.75,28.0
15347,693.2727272727273,233.36363636363637,36.63636363636363
15348,698.4375,283.5,31.875
15349,704.0588235294117,349.29411764705884,27.941176470588236
15350,701.6666666666666,309.6666666666667,30.0
15351,697.5,231.8,33.0
15352,696.5,227.0,33.0
15353,707.875,345.375,25.0
15354,710.0,346.1666666666667,22.833333333333332
15355,707.4615384615385,268.2307692307692,24.307692307692307
15356,709.1923076923077,234.30769230769232,22.653846153846153
15357,721.0,364.0,15.0
15358,717.0,278.0,17.0
15359,723.0,369.0,12.0
15360,722.5,263.1666666666667,11.166666666666666
15361,643.7037037037037,302.51851851851853,78.37037037037037
15362,650.925925925926,350.0740740740741,72.14814814814815
15363,648.6842105263158,309.10526315789474,74.05263157894737
15364,649.4,290.2,73.4
15365,657.8333333333334,391.6111111111111,67.33333333333333
15366,647.2,244.5,75.0
15367,649.2105263157895,243.47368421052633,73.42105263157895
15368,653.875,240.125,69.0
15369,664.8,347.6,61.4
15370,659.7826086956521,286.2608695652174,64.30434782608695
15371,657.4666666666667,236.86666666666667,66.06666666666666
15372,670.25,391.9166666666667,57.25
15373,663.1851851851852,278.6666666666667,61.55555555555556
15374,673.8,397.6,53.8
15375,661.578947368421,242.47368421052633,62.78947368421053
15376,673.8947368421053,381.57894736842104,53.36842105263158
15377,665.5,237.27272727272728,59.40909090909091
15378,667.4782608695652,257.04347826086956,57.73913043478261
15379,682.75,313.0,46.0
15380,694.8,419.4769230769231,34.43076923076923
15381,687.4666666666667,288.8,41.46666666666667
15382,688.75,302.6666666666667,39.916666666666664
15383,691.0666666666667,311.2,38.13333333333333
15384,694.5,257.5,36.0
15385,700.2857142857143,287.3333333333333,30.38095238095238
15386,698.25,239.25,33.0
15387,701.7777777777778,292.3333333333333,28.666666666666668
15388,700.0,220.5,31.0
15389,704.8333333333334,250.11111111111111,26.555555555555557
15390,704.5882352941177,241.52941176470588,26.647058823529413
15391,718.3333333333334,372.6666666666667,16.0
15392,643.0,321.0,79.0
15393,643.7142857142857,312.14285714285717,78.28571428571429
15394,648.21875,346.46875,74.375
15395,655.3793103448276,352.7241379310345,67.65517241379311
15396,659.1875,382.625,65.5
15397,658.25,370.95,65.8
15398,656.6666666666666,305.95238095238096,66.9047619047619
15399,654.2142857142857,249.07142857142858,69.0
15400,665.9375,393.5,59.9375
15401,665.6666666666666,383.8333333333333,60.25
15402,656.7857142857143,278.64285714285717,66.53571428571429
15403,666.0,379.75,60.0
15404,669.2857142857143,383.35714285714283,57.0
15405,671.5238095238095,385.5238095238095,54.857142857142854
15406,670.5,369.96666666666664,55.56666666666667
15407,667.5714285714286,273.9047619047619,58.095238095238095
15408,670.9166666666666,268.6666666666667,55.083333333333336
15409,669.6111111111111,245.72222222222223,56.0
15410,679.5,377.90909090909093,47.81818181818182
15411,683.8947368421053,384.57894736842104,44.0
15412,680.8571428571429,304.85714285714283,47.0
15413,681.8888888888889,292.6666666666667,45.94444444444444
15414,686.4,303.8,41.95
15415,691.2857142857143,266.42857142857144,38.0
15416,698.0,315.0,33.0
15417,703.3333333333334,360.44444444444446,28.555555555555557
15418,706.0,383.0,27.0
15419,705.25,353.5833333333333,26.583333333333332
15420,700.6842105263158,280.4736842105263,29.736842105263158
15421,704.75,290.5,26.0
15422,713.3333333333334,389.3333333333333,20.0
15423,710.2307692307693,337.61538461538464,21.23076923076923
15424,706.3333333333334,220.66666666666666,26.0
15425,707.0,272.0,23.0
15426,718.6,394.8,16.0
15427,718.125,381.125,16.0
15428,708.0,239.93333333333334,23.366666666666667
15429,712.72,294.52,19.56
15430,714.6666666666666,283.3333333333333,19.0
15431,721.0,248.0,14.0
15432,643.7647058823529,329.0,78.0
15433,652.0,390.0,72.0
15434,649.8421052631579,343.7368421052632,72.63157894736842
15435,650.0,312.0,73.0
15436,659.125,392.8125,65.375
15437,658.047619047619,353.0,66.0952380952381
15438,660.5,387.5,64.5
15439,656.6,332.1333333333333,66.8
15440,664.0,365.6190476190476,61.0
15441,659.8571428571429,310.42857142857144,64.0
15442,668.32,358.24,57.16
15443,659.7272727272727,234.4090909090909,63.31818181818182
15444,660.44,247.8,62.64
15445,662.25,233.5,61.0
15446,665.0,258.84615384615387,59.46153846153846
15447,676.2222222222222,364.8888888888889,52.0
15448,667.7647058823529,239.2941176470588,57.05882352941177
15449,671.6363636363636,261.77272727272725,54.27272727272727
15450,681.5769230769231,387.65384615384613,45.42307692307692
15451,674.0,253.28571428571428,52.0
15452,684.0,370.0,45.0
15453,675.5,258.5,51.0
15454,673.7,238.2,52.0
15455,675.9333333333333,237.63333333333333,49.6
15456,680.25,298.5,46.0
15457,687.5,322.5,42.0
15458,685.75,309.4166666666667,42.0
15459,687.5,256.5,41.0
15460,692.6521739130435,311.30434782608694,36.43478260869565
15461,693.7857142857143,301.2857142857143,35.92857142857143
15462,689.0,233.5,40.0
15463,694.5,237.5,35.0
15464,697.4444444444445,273.77777777777777,33.0
15465,697.0,254.0,33.0
15466,697.7333333333333,270.6666666666667,31.866666666666667
15467,705.3888888888889,348.6111111111111,25.833333333333332
15468,705.0,316.0,27.0
15469,707.375,356.125,24.75
15470,703.0909090909091,288.45454545454544,27.818181818181817
15471,709.3636363636364,360.72727272727275,23.09090909090909
15472,705.7368421052631,280.5263157894737,24.57894736842105
15473,707.5,289.625,23.8125
15474,708.8333333333334,296.1666666666667,23.0
15475,715.6,384.1,17.6
15476,706.0714285714286,253.14285714285714,24.857142857142858
15477,706.0,235.0,26.0
15478,708.8947368421053,277.1578947368421,22.473684210526315
15479,718.3333333333334,376.1111111111111,15.0
15480,713.8571428571429,305.64285714285717,18.0
15481,708.2857142857143,227.71428571428572,22.357142857142858
15482,710.0,217.0,23.0
15483,714.9375,286.625,17.4375
15484,720.0,290.2,13.0
15485,718.0,243.0,14.0
15486,648.9130434782609,337.0,73.08695652173913
15487,648.5925925925926,282.1111111111111,72.77777777777777
15488,652.0,310.1333333333333,70.86666666666666
15489,650.2941176470588,239.11764705882354,71.94117647058823
15490,662.6818181818181,372.72727272727275,61.68181818181818
15491,666.4117647058823,394.11764705882354,58.0
15492,655.8636363636364,241.54545454545453,66.5
15493,661.3913043478261,294.82608695652175,62.26086956521739
15494,669.8571428571429,377.04761904761904,55.61904761904762
15495,669.4,365.05,55.9
15496,662.5238095238095,261.23809523809524,61.285714285714285
15497,664.4545454545455,271.77272727272725,60.27272727272727
15498,671.8888888888889,246.0,52.94444444444444
15499,681.7857142857143,374.42857142857144,45.785714285714285
15500,684.4615384615385,392.96153846153845,43.30769230769231
15501,676.72,250.0,48.44
15502,687.1578947368421,329.2631578947368,41.05263157894737
15503,684.8333333333334,251.83333333333334,43.0
15504,692.0,329.0,38.0
15505,690.0,241.0,38.5
15506,689.25,224.0,38.125
15507,707.6666666666666,379.6666666666667,25.0
15508,696.625,218.875,32.25
15509,704.5714285714286,320.5,25.857142857142858
15510,709.2857142857143,351.85714285714283,23.0
15511,699.9230769230769,220.15384615384616,29.53846153846154
15512,706.0,295.7142857142857,25.0
15513,713.1111111111111,344.6666666666667,19.0
15514,703.6153846153846,226.3846153846154,26.0
15515,711.8,336.53333333333336,19.733333333333334
15516,709.6666666666666,291.6666666666667,22.0
15517,716.0,354.5,17.0
15518,715.0666666666667,339.93333333333334,17.6
15519,709.0,221.33333333333334,22.0
15520,720.0,351.42857142857144,13.857142857142858
15521,711.125,229.6875,20.125
15522,718.0,294.5,14.0
15523,649.25,383.375,73.125
15524,644.0555555555555,308.3333333333333,77.0
15525,646.8636363636364,327.45454545454544,74.5
15526,644.8518518518518,284.6296296296296,75.62962962962963
15527,646.92,302.36,73.96
15528,655.2,384.3333333333333,68.06666666666666
15529,651.1111111111111,320.44444444444446,71.0
15530,655.421052631579,345.63157894736844,67.3157894736842
15531,653.7142857142857,320.0,69.0
15532,657.1739130434783,358.30434782608694,65.69565217391305
15533,660.5,393.3125,63.5625
15534,653.4848484848485,296.3636363636364,68.42424242424242
15535,657.92,347.8,65.0
15536,654.1904761904761,235.42857142857142,67.61904761904762
15537,664.4,341.2,60.0
15538,668.08,348.12,56.64
15539,673.9090909090909,398.1818181818182,51.36363636363637
15540,675.2758620689655,389.8965517241379,50.58620689655172
15541,670.2857142857143,243.1904761904762,54.42857142857143
15542,678.4705882352941,255.2941176470588,47.588235294117645
15543,679.0,259.9,47.7
15544,683.9130434782609,295.3478260869565,42.43478260869565
15545,687.5333333333333,308.6666666666667,40.0
15546,683.875,241.45833333333334,42.5
15547,685.8333333333334,259.6666666666667,41.5
15548,686.625,263.3125,40.75
15549,684.8888888888889,237.8148148148148,41.48148148148148
15550,694.5,363.3,34.1
15551,689.8181818181819,295.04545454545456,37.54545454545455
15552,688.0,230.0,40.0
15553,690.3333333333334,235.83333333333334,38.0
15554,694.6,270.2,34.0
15555,703.25,296.0,26.875
15556,702.35,276.2,27.1
15557,702.8181818181819,271.27272727272725,27.181818181818183
15558,703.4117647058823,263.8235294117647,26.352941176470587
15559,703.3571428571429,257.35714285714283,26.071428571428573
15560,703.0,236.5,27.0
15561,701.5,212.5,28.0
15562,704.75,261.5833333333333,25.0
15563,706.4,245.96666666666667,23.5
15564,722.0,384.0,12.0
15565,714.5714285714286,290.85714285714283,16.857142857142858
15566,722.3333333333334,379.8333333333333,11.166666666666666
15567,720.75,332.75,12.0
15568,644.8125,344.6875,76.3125
15569,642.1818181818181,289.09090909090907,78.63636363636364
15570,652.3461538461538,344.53846153846155,69.57692307692308
15571,650.5263157894736,301.4736842105263,71.42105263157895
15572,656.3529411764706,380.11764705882354,66.6470588235294
15573,656.7142857142857,386.0,66.0
15574,661.5555555555555,386.72222222222223,62.44444444444444
15575,658.9583333333334,353.8333333333333,64.0
15576,655.1666666666666,293.2083333333333,66.95833333333333
15577,662.8571428571429,378.57142857142856,61.57142857142857
15578,657.2692307692307,293.7692307692308,64.76923076923077
15579,669.4166666666666,344.3333333333333,55.666666666666664
15580,670.1666666666666,355.8333333333333,54.77777777777778
15581,673.5,358.5,53.0
15582,673.3333333333334,348.6666666666667,53.0
15583,667.4761904761905,261.7142857142857,56.476190476190474
15584,668.0,239.0,54.857142857142854
15585,673.7,266.1,50.666666666666664
15586,676.2777777777778,264.77777777777777,49.166666666666664
15587,686.5294117647059,390.52941176470586,41.05882352941177
15588,682.2307692307693,296.38461538461536,44.23076923076923
15589,682.9333333333333,305.26666666666665,43.666666666666664
15590,683.5238095238095,300.6190476190476,42.857142857142854
15591,694.8,377.6,35.0
15592,692.1666666666666,321.6666666666667,36.0
15593,699.0,355.0,31.0
15594,694.0,247.0,35.0
15595,692.5,215.5,35.0
15596,697.9230769230769,277.6923076923077,31.0
15597,706.6666666666666,375.6666666666667,25.0
15598,710.2857142857143,346.14285714285717,20.714285714285715
15599,702.6666666666666,216.33333333333334,27.0
15600,706.68,259.04,23.32
15601,706.4,224.0,23.2
15602,644.52,304.52,75.6
15603,652.8260869565217,392.6521739130435,69.43478260869566
15604,650.3888888888889,339.94444444444446,71.0
15605,653.15,388.25,68.3
15606,649.1428571428571,287.7857142857143,71.5
15607,653.7272727272727,308.1818181818182,68.0
15608,657.7142857142857,363.14285714285717,64.60714285714286
15609,652.2916666666666,283.5,68.54166666666667
15610,660.48,368.16,62.68
15611,655.7368421052631,298.3157894736842,65.78947368421052
15612,664.7857142857143,397.85714285714283,59.42857142857143
15613,655.6666666666666,265.3888888888889,66.22222222222223
15614,665.5,287.5,59.0
15615,672.3076923076923,393.6923076923077,52.38461538461539
15616,662.5,254.0,60.5
15617,664.7142857142857,252.42857142857142,59.0
15618,673.44,376.6,51.36
15619,662.7142857142857,232.71428571428572,59.0
15620,674.5925925925926,371.18518518518516,50.370370370370374
15621,676.76,385.52,49.28
15622,680.8636363636364,393.59090909090907,45.36363636363637
15623,677.1428571428571,269.57142857142856,48.0
15624,686.75,379.0,40.875
15625,692.5,388.0,36.5
15626,689.8571428571429,230.57142857142858,37.42857142857143
15627,691.6666666666666,267.1111111111111,35.0
15628,701.6666666666666,378.6666666666667,29.0
15629,694.3076923076923,283.0,33.11538461538461
15630,693.0,225.0,35.333333333333336
15631,705.0,371.5,26.0
15632,703.0,299.8181818181818,26.0
15633,706.2857142857143,284.7142857142857,23.5
15634,715.0769230769231,366.61538461538464,17.0
15635,716.8333333333334,392.0,15.0
15636,708.65,263.1,21.45
15637,707.5,214.0,23.0
15638,717.9,302.0,14.0
15639,716.1,250.0,14.9
15640,718.2142857142857,255.21428571428572,13.428571428571429
15641,643.25,334.625,77.625
15642,644.5862068965517,295.55172413793105,75.48275862068965
15643,650.6,348.4,70.0
15644,645.0,247.5,74.125
15645,653.2352941176471,337.6470588235294,68.41176470588235
15646,655.4090909090909,363.90909090909093,66.54545454545455
15647,657.25,340.0,64.8
15648,650.2857142857143,236.78571428571428,70.14285714285714
15649,656.5238095238095,271.42857142857144,64.71428571428571
15650,658.88,279.56,62.64
15651,656.7857142857143,244.5,64.21428571428571
15652,661.6111111111111,284.3888888888889,60.72222222222222
15653,669.7272727272727,392.1818181818182,54.40909090909091
15654,669.5,381.59090909090907,54.54545454545455
15655,668.6521739130435,361.1304347826087,54.69565217391305
15656,663.8125,279.125,59.0625
15657,669.9,340.3,54.7
15658,665.7307692307693,282.7692307692308,56.69230769230769
15659,665.0416666666666,234.20833333333334,57.333333333333336
15660,665.1785714285714,245.03571428571428,56.714285714285715
15661,668.5625,273.8125,54.75
15662,671.8235294117648,261.5882352941176,51.88235294117647
15663,677.75,302.0,47.0
15664,674.75,254.6875,49.6875
15665,691.2,379.5,37.0
15666,692.5,365.25,35.5
15667,686.5333333333333,267.2,39.53333333333333
15668,689.68,300.28,37.0
15669,698.0,367.0,32.0
15670,690.5,250.0,37.0
15671,699.125,368.5,30.0
15672,700.25,384.75,29.0
15673,691.3333333333334,229.33333333333334,35.888888888888886
15674,690.5,219.0,36.0
15675,695.0,262.5,33.0
15676,705.7647058823529,362.47058823529414,24.235294117647058
15677,697.0,234.0,32.0
15678,699.5714285714286,274.9047619047619,28.761904761904763
15679,706.75,367.3333333333333,23.75
15680,696.7777777777778,214.88888888888889,31.0
15681,698.25,223.25,30.0
15682,698.1428571428571,213.57142857142858,30.0
15683,703.7058823529412,239.52941176470588,24.88235294117647
15684,705.05,263.95,23.3
15685,708.44,297.44,20.0
15686,713.5714285714286,347.7142857142857,17.142857142857142
15687,704.0,212.0,24.5
15688,707.0,250.95454545454547,22.227272727272727
15689,709.0,220.69230769230768,20.23076923076923
15690,711.695652173913,228.6086956521739,17.695652173913043
15691,718.0,265.3333333333333,13.333333333333334
15692,718.3333333333334,260.26666666666665,13.133333333333333
15693,647.4761904761905,295.1904761904762,72.19047619047619
15694,650.5294117647059,326.52941176470586,70.05882352941177
15695,650.4090909090909,305.09090909090907,69.63636363636364
15696,654.1818181818181,327.8636363636364,67.0
15697,649.8571428571429,246.28571428571428,70.35714285714286
15698,660.3478260869565,357.17391304347825,61.78260869565217
15699,658.0,306.0,63.9
15700,655.5,259.75,65.4
15701,658.6363636363636,274.09090909090907,63.18181818181818
15702,667.25,389.25,56.25
15703,666.0,375.3478260869565,56.69565217391305
15704,663.0,291.5,61.0
15705,658.8636363636364,256.5,62.27272727272727
15706,669.421052631579,373.3157894736842,54.05263157894737
15707,661.95,247.75,59.8
15708,670.7857142857143,366.92857142857144,52.857142857142854
15709,664.6470588235294,277.94117647058823,57.294117647058826
15710,672.6,363.05,51.9
15711,663.64,241.4,57.56
15712,676.5,366.5,49.0
15713,678.25,395.5,47.0
15714,668.3157894736842,255.21052631578948,54.26315789473684
15715,680.85,380.3,45.15
15716,679.3684210526316,302.4736842105263,45.0
15717,683.625,326.0,43.0
15718,691.0,384.2,36.8
15719,682.2857142857143,246.5,43.0
15720,696.7142857142857,419.95238095238096,30.666666666666668
15721,682.1917808219179,214.2876712328767,41.32876712328767
15722,690.5,273.5,37.0
15723,689.5,263.0,37.0
15724,693.8333333333334,304.8333333333333,34.0
15725,690.125,238.125,36.0
15726,694.0,276.0,33.0
15727,693.6666666666666,257.3333333333333,34.0
15728,693.0,229.71428571428572,34.0
15729,694.4,233.8,33.2
15730,700.9473684210526,283.6842105263158,27.105263157894736
15731,705.0,300.0,25.0
15732,703.2857142857143,267.64285714285717,25.071428571428573
15733,700.9090909090909,246.36363636363637,26.727272727272727
15734,700.25,216.375,28.0
15735,704.0,228.27272727272728,24.545454545454547
15736,704.375,235.0,23.625
15737,717.0,384.6363636363636,14.636363636363637
15738,705.7142857142857,231.0,23.0
15739,716.5,341.0,16.0
15740,719.0,371.5,14.0
15741,712.0,294.77777777777777,17.77777777777778
15742,714.3,299.8,16.4
15743,722.5,375.0,11.0
15744,715.8571428571429,285.14285714285717,14.857142857142858
15745,644.4285714285714,326.2857142857143,76.0
15746,647.4117647058823,386.94117647058823,72.41176470588235
15747,647.9230769230769,331.03846153846155,71.73076923076923
15748,649.9565217391304,333.0,69.8695652173913
15749,648.6,282.72,70.64
15750,650.5357142857143,288.17857142857144,69.39285714285714
15751,652.0384615384615,277.34615384615387,68.1923076923077
15752,661.1333333333333,389.73333333333335,60.93333333333333
15753,651.7222222222222,243.83333333333334,68.33333333333333
15754,659.0,336.53846153846155,62.92307692307692
15755,660.6153846153846,348.7692307692308,61.61538461538461
15756,666.0,401.0,58.0
15757,662.5454545454545,350.45454545454544,60.0
15758,656.1538461538462,251.84615384615384,64.61538461538461
15759,660.0,243.8235294117647,61.11764705882353
15760,671.3478260869565,385.17391304347825,52.17391304347826
15761,671.25,343.0,53.0
15762,675.875,393.0,48.875
15763,668.3636363636364,278.6363636363636,53.54545454545455
15764,678.4074074074074,383.5925925925926,46.55555555555556
15765,669.8888888888889,251.22222222222223,52.74074074074074
15766,669.625,257.5,52.625
15767,677.3636363636364,330.6363636363636,47.0
15768,674.0,246.5,49.46153846153846
15769,688.1333333333333,422.26666666666665,36.733333333333334
15770,692.0,392.5,36.0
15771,694.5555555555555,375.8888888888889,33.22222222222222
15772,697.0,394.5,32.0
15773,684.25,232.3,40.45
15774,685.75,246.75,40.0
15775,692.8888888888889,323.55555555555554,33.77777777777778
15776,696.125,287.8125,31.0625
15777,693.0,218.75,34.0
15778,702.875,358.875,25.5
15779,707.2105263157895,380.4736842105263,22.263157894736842
15780,699.9230769230769,264.0769230769231,27.76923076923077
15781,702.5,283.8333333333333,25.5
15782,704.1666666666666,272.0,23.416666666666668
15783,706.8,281.06666666666666,21.533333333333335
15784,706.9473684210526,231.3684210526316,21.105263157894736
15785,711.2666666666667,289.2,17.733333333333334
15786,707.9411764705883,225.11764705882354,20.41176470588235
15787,720.0,332.0,10.583333333333334
15788,644.7647058823529,332.7647058823529,74.6470588235294
15789,652.7894736842105,393.05263157894734,67.36842105263158
15790,658.1764705882352,359.47058823529414,63.470588235294116
15791,656.1111111111111,334.3888888888889,64.72222222222223
15792,658.2380952380952,343.1904761904762,63.095238095238095
15793,654.0588235294117,284.05882352941177,66.11764705882354
15794,653.0,244.9375,66.4375
15795,656.1052631578947,281.89473684210526,64.21052631578948
15796,662.6,376.06666666666666,58.666666666666664
15797,658.1764705882352,290.47058823529414,63.1764705882353
15798,653.5294117647059,234.05882352941177,65.58823529411765
15799,665.0625,364.0625,57.5
15800,666.0555555555555,369.22222222222223,56.611111111111114
15801,659.5,267.7083333333333,61.666666666666664
15802,664.8333333333334,344.9166666666667,57.0
15803,665.3888888888889,339.94444444444446,56.666666666666664
15804,657.5714285714286,241.04761904761904,62.38095238095238
15805,663.8333333333334,290.6666666666667,58.083333333333336
15806,661.2666666666667,264.06666666666666,59.53333333333333
15807,661.6315789473684,239.47368421052633,59.526315789473685
15808,672.0833333333334,381.5833333333333,50.666666666666664
15809,666.4444444444445,278.05555555555554,55.55555555555556
15810,666.7058823529412,287.11764705882354,55.0
15811,666.5384615384615,265.0769230769231,55.23076923076923
15812,672.75,351.9,50.65
15813,673.3333333333334,341.6666666666667,50.0
15814,674.6521739130435,360.95652173913044,49.30434782608695
15815,674.0,323.0,50.5
15816,677.0909090909091,372.04545454545456,47.13636363636363
15817,678.0,341.3333333333333,46.833333333333336
15818,677.6,335.0,47.4
15819,677.1428571428571,307.14285714285717,47.57142857142857
15820,671.1176470588235,243.52941176470588,51.1764705882353
15821,673.25,248.75,51.0
15822,673.2,241.7,49.2
15823,682.25,255.5,42.5
15824,687.0,299.7,38.45
15825,687.8461538461538,307.3076923076923,37.76923076923077
15826,697.0,378.0,31.0
15827,692.0,271.5,35.0
15828,692.5555555555555,264.22222222222223,34.0
15829,690.8333333333334,242.0,35.0
15830,704.0,367.5,25.0
15831,698.3,287.45,28.35
15832,698.8,268.6,28.9
15833,706.0,343.0,23.0
15834,709.8,340.9,18.8
15835,703.0,224.0,24.0
15836,709.75,284.625,18.75
15837,716.3333333333334,333.6666666666667,15.0
15838,717.5,354.0,13.0
15839,720.2,370.9,11.2
15840,643.0,320.4,76.2
15841,642.6,298.6,76.6
15842,642.2,291.2,76.8
15843,643.7142857142857,309.85714285714283,75.21428571428571
15844,644.6923076923077,323.46153846153845,74.23076923076923
15845,644.4583333333334,290.5833333333333,73.75
15846,646.75,306.25,71.8
15847,650.0555555555555,309.94444444444446,69.16666666666667
15848,654.6666666666666,276.6666666666667,64.8
15849,662.8571428571429,344.35714285714283,59.0
15850,663.3928571428571,357.60714285714283,58.0
15851,663.1111111111111,336.6666666666667,58.388888888888886
15852,666.5714285714286,352.8095238095238,55.61904761904762
15853,663.1818181818181,271.09090909090907,57.77272727272727
15854,662.875,264.5625,57.9375
15855,665.1428571428571,273.3333333333333,56.23809523809524
15856,672.0384615384615,357.7307692307692,50.84615384615385
15857,676.3809523809524,250.28571428571428,46.38095238095238
15858,684.1111111111111,243.33333333333334,40.0
15859,694.6666666666666,358.3333333333333,33.0
15860,688.5,254.5,38.0
15861,688.875,233.125,36.0
15862,699.5,360.6666666666667,28.666666666666668
15863,701.0,353.625,27.0
15864,704.0,372.42857142857144,23.857142857142858
15865,705.8,376.4,23.0
15866,703.5,248.2,24.6
15867,701.75,222.0,26.0
15868,702.9,244.2,24.6
15869,707.1333333333333,268.6666666666667,21.0
15870,650.1666666666666,383.0833333333333,69.75
15871,647.0,320.5,73.0
15872,644.6666666666666,306.94444444444446,73.5
15873,655.6666666666666,397.06666666666666,65.4
15874,651.4285714285714,323.85714285714283,67.76190476190476
15875,655.2352941176471,367.52941176470586,65.17647058823529
15876,649.7142857142857,250.14285714285714,69.0
15877,649.1176470588235,241.23529411764707,69.58823529411765
15878,662.7142857142857,380.42857142857144,59.142857142857146
15879,663.8125,379.8125,57.625
15880,658.0,285.68,62.2
15881,658.9333333333333,272.96666666666664,60.63333333333333
15882,670.2,399.4,53.0
15883,660.8571428571429,269.2857142857143,59.25
15884,668.0,320.5,55.0
15885,664.2727272727273,249.54545454545453,57.45454545454545
15886,665.4090909090909,268.90909090909093,55.5
15887,674.0,375.85714285714283,49.0
15888,671.5833333333334,315.6666666666667,51.333333333333336
15889,674.25,355.2,48.85
15890,669.875,286.0,52.125
15891,675.75,280.25,48.5
15892,676.15,268.6,46.0
15893,681.1304347826087,236.2608695652174,42.34782608695652
15894,683.5714285714286,252.28571428571428,41.0
15895,687.7142857142857,221.0,37.0
15896,701.0,365.75,27.0
15897,696.875,283.25,29.375
15898,696.6,271.4,29.9
15899,698.578947368421,279.6842105263158,27.789473684210527
15900,702.7777777777778,288.77777777777777,24.333333333333332
15901,701.1764705882352,273.3529411764706,25.11764705882353
15902,707.6666666666666,342.1666666666667,20.666666666666668
15903,707.0,334.5,21.0
15904,701.8181818181819,253.45454545454547,25.0
15905,712.2142857142857,388.7142857142857,17.428571428571427
15906,704.2142857142857,293.14285714285717,22.714285714285715
15907,704.1875,276.375,22.6875
15908,717.0,393.0,13.0
15909,713.25,282.75,16.0
15910,715.0,271.0,13.0
15911,649.875,395.25,69.875
15912,649.2727272727273,388.1818181818182,69.72727272727273
15913,645.0526315789474,313.3157894736842,72.84210526315789
15914,647.0714285714286,293.0,70.25
15915,653.25,339.6,65.75
15916,647.0,243.2,71.3
15917,650.7857142857143,312.7857142857143,67.28571428571429
15918,654.5,344.2857142857143,65.0
15919,652.84,301.76,65.68
15920,660.7,399.1,60.6
15921,654.3888888888889,288.77777777777777,64.83333333333333
15922,657.4,331.75,62.65
15923,656.3888888888889,295.6111111111111,63.0
15924,655.6363636363636,263.6363636363636,63.81818181818182
15925,663.0,372.0,58.0
15926,655.6086956521739,237.69565217391303,63.43478260869565
15927,659.8709677419355,279.03225806451616,60.41935483870968
15928,664.3076923076923,334.15384615384613,56.84615384615385
15929,657.5,250.1875,61.625
15930,670.6206896551724,346.2413793103448,51.3448275862069
15931,672.5882352941177,366.70588235294116,50.0
15932,667.9047619047619,271.95238095238096,52.76190476190476
15933,674.4090909090909,350.45454545454544,48.36363636363637
15934,677.5263157894736,377.7368421052632,45.89473684210526
15935,668.3846153846154,241.53846153846155,52.84615384615385
15936,682.6666666666666,375.8333333333333,41.666666666666664
15937,676.3333333333334,262.55555555555554,46.44444444444444
15938,676.9142857142857,243.82857142857142,45.4
15939,681.8888888888889,259.6666666666667,41.888888888888886
15940,686.0,274.0,38.0
15941,685.5,239.0,39.0
15942,690.0,308.5,35.333333333333336
15943,687.875,277.875,36.875
15944,687.0,225.5,38.0
15945,689.25,225.625,36.0
15946,703.0,380.0,25.0
15947,702.8,354.25,24.65
15948,699.3333333333334,241.33333333333334,27.0
15949,703.9411764705883,254.94117647058823,22.470588235294116
15950,715.0769230769231,379.61538461538464,14.23076923076923
15951,723.0,340.0,7.75
15952,646.7777777777778,369.1111111111111,71.55555555555556
15953,643.3571428571429,300.07142857142856,74.42857142857143
15954,649.375,321.0,69.25
15955,648.65,298.25,69.7
15956,652.4444444444445,359.77777777777777,65.94444444444444
15957,649.6818181818181,329.90909090909093,68.04545454545455
15958,644.1538461538462,242.3846153846154,72.6923076923077
15959,644.8181818181819,237.27272727272728,72.72727272727273
15960,651.625,289.6875,66.6875
15961,652.9090909090909,248.8181818181818,65.0909090909091
15962,665.3125,384.9375,56.1875
15963,660.3333333333334,287.6666666666667,60.0
15964,661.4444444444445,302.1111111111111,58.55555555555556
15965,669.7727272727273,371.1363636363636,51.86363636363637
15966,670.6666666666666,351.0,52.0
15967,666.0769230769231,261.1923076923077,54.15384615384615
15968,668.1333333333333,265.8666666666667,53.06666666666667
15969,672.8571428571429,330.2857142857143,49.214285714285715
15970,671.0,274.5,51.0
15971,672.9090909090909,317.90909090909093,48.63636363636363
15972,670.8,257.4,50.45
15973,670.5,238.33333333333334,50.666666666666664
15974,674.04,245.48,47.2
15975,686.8333333333334,388.1666666666667,39.0
15976,686.9230769230769,393.84615384615387,37.38461538461539
15977,685.3333333333334,231.66666666666666,38.0
15978,691.0,260.0,35.0
15979,693.6111111111111,278.77777777777777,31.0
15980,691.1428571428571,224.92857142857142,33.642857142857146
15981,691.3333333333334,213.66666666666666,33.0
15982,697.0,213.5,28.0
15983,713.2222222222222,394.1111111111111,16.0
15984,712.8333333333334,385.3333333333333,15.833333333333334
15985,705.7333333333333,287.4,21.2
15986,707.6666666666666,289.75,19.416666666666668
15987,709.6363636363636,308.09090909090907,18.0
15988,705.0,237.0,21.75
15989,705.2857142857143,220.85714285714286,22.0
15990,720.2941176470588,333.05882352941177,8.941176470588236
15991,645.25,345.75,73.25
15992,646.0,338.10526315789474,71.57894736842105
15993,645.4117647058823,325.94117647058823,72.41176470588235
15994,646.2857142857143,311.57142857142856,70.85714285714286
15995,649.7368421052631,351.36842105263156,68.21052631578948
15996,653.2222222222222,388.3333333333333,65.72222222222223
15997,651.421052631579,365.05263157894734,66.63157894736842
15998,654.4285714285714,381.92857142857144,65.07142857142857
15999,652.5555555555555,349.3333333333333,66.27777777777777
16000,655.6470588235294,367.29411764705884,63.294117647058826
16001,653.4285714285714,306.2857142857143,66.0
16002,657.0625,364.0625,62.3125
16003,652.3333333333334,277.44444444444446,66.22222222222223
16004,660.421052631579,385.2105263157895,59.526315789473685
16005,653.6875,241.125,64.6875
16006,655.5652173913044,269.0,62.69565217391305
16007,656.96,261.4,61.64
16008,663.5,286.5,57.0
16009,668.5833333333334,356.5,52.416666666666664
16010,661.7777777777778,259.22222222222223,57.5
16011,662.6153846153846,253.76923076923077,57.07692307692308
16012,663.7727272727273,257.45454545454544,55.54545454545455
16013,673.5769230769231,336.61538461538464,47.84615384615385
16014,673.6470588235294,239.2941176470588,47.23529411764706
16015,679.6666666666666,241.5,43.0
16016,701.2307692307693,363.15384615384613,25.0
16017,705.5,384.25,22.75
16018,694.0,218.0,31.0
16019,695.5,235.5,30.0
16020,699.6428571428571,289.7857142857143,26.142857142857142
16021,704.5,338.5,23.0
16022,699.5,260.0,26.0
16023,702.1538461538462,296.38461538461536,23.76923076923077
16024,710.6,344.4,17.0
16025,703.7857142857143,241.14285714285714,22.428571428571427
16026,647.3333333333334,390.1666666666667,70.83333333333333
16027,646.2352941176471,349.29411764705884,71.52941176470588
16028,645.6,300.72,71.4
16029,653.5833333333334,372.0833333333333,64.91666666666667
16030,653.05,354.65,65.45
16031,656.6,398.8,63.0
16032,654.6842105263158,352.1578947368421,63.89473684210526
16033,657.3333333333334,352.8333333333333,62.0
16034,649.5625,237.25,68.0
16035,655.5,300.0,64.0
16036,652.6428571428571,267.7857142857143,64.85714285714286
16037,661.5454545454545,363.27272727272725,59.0
16038,660.0,335.8125,59.5625
16039,657.7222222222222,291.55555555555554,61.05555555555556
16040,657.5882352941177,297.11764705882354,61.0
16041,665.5,395.7142857142857,55.0
16042,664.2222222222222,360.4074074074074,55.77777777777778
16043,659.4117647058823,259.1764705882353,59.470588235294116
16044,657.125,232.0,60.6875
16045,665.16,281.92,54.44
16046,671.0,336.77777777777777,49.888888888888886
16047,664.2222222222222,234.11111111111111,55.44444444444444
16048,665.125,250.15625,54.21875
16049,675.2666666666667,363.8,46.666666666666664
16050,667.0,235.0,54.0
16051,669.8709677419355,282.741935483871,50.516129032258064
16052,677.5,371.77777777777777,45.0
16053,675.8235294117648,337.94117647058823,46.1764705882353
16054,678.4,355.2,44.8
16055,680.2105263157895,381.10526315789474,43.1578947368421
16056,681.9333333333333,384.6666666666667,41.333333333333336
16057,673.7931034482758,258.17241379310343,47.48275862068966
16058,689.3333333333334,372.6666666666667,36.0
16059,684.2857142857143,261.14285714285717,39.0
16060,692.0,363.0,32.0
16061,689.5,320.0,35.0
16062,690.25,235.75,34.0
16063,693.7333333333333,270.6666666666667,31.0
16064,695.0,241.5,30.0
16065,705.0833333333334,294.0,20.666666666666668
16066,701.0,214.8,24.2
16067,714.5,388.0,14.0
16068,704.4,246.45,21.55
16069,704.4,226.4,21.6
16070,706.95,231.65,18.9
16071,719.8888888888889,325.0,8.555555555555555
16072,715.0,247.0,12.0
16073,651.4666666666667,383.3333333333333,67.2
16074,644.5263157894736,286.4736842105263,72.42105263157895
16075,652.0714285714286,378.2857142857143,66.0
16076,649.3333333333334,340.125,68.0
16077,646.9583333333334,280.3333333333333,69.375
16078,655.625,384.5,63.0625
16079,650.7272727272727,296.3636363636364,66.45454545454545
16080,650.4,249.8,67.0
16081,665.9411764705883,379.0,54.76470588235294
16082,654.6111111111111,233.27777777777777,62.611111111111114
16083,662.0,330.05882352941177,57.588235294117645
16084,657.4,237.16,60.96
16085,665.3428571428572,345.8285714285714,54.51428571428571
16086,667.0,352.2631578947368,53.473684210526315
16087,659.6,255.2,58.9
16088,669.3333333333334,378.0,52.0
16089,670.5333333333333,392.6,50.13333333333333
16090,659.8260869565217,246.17391304347825,58.08695652173913
16091,665.0,290.5,54.0
16092,674.9629629629629,387.6666666666667,46.2962962962963
16093,674.0,368.27272727272725,47.18181818181818
16094,671.5,263.0,49.5
16095,681.2222222222222,391.48148148148147,41.48148148148148
16096,672.4761904761905,267.95238095238096,48.38095238095238
16097,675.75,323.25,45.375
16098,678.0,363.0,43.0
16099,685.0,379.0,39.0
16100,687.9090909090909,388.6363636363636,36.0
16101,679.8888888888889,251.66666666666666,42.0
16102,683.6,271.8,38.8
16103,692.8181818181819,264.54545454545456,31.272727272727273
16104,691.9,254.6,32.0
16105,697.8461538461538,274.0769230769231,26.76923076923077
16106,698.4705882352941,268.5882352941176,26.352941176470587
16107,709.7,392.3,18.0
16108,700.3333333333334,233.83333333333334,25.0
16109,702.1111111111111,222.88888888888889,23.0
16110,718.75,381.25,11.0
16111,707.7142857142857,225.85714285714286,18.285714285714285
16112,646.0,382.5,72.0
16113,647.0,386.0,70.0
16114,645.0,333.5,72.5
16115,644.0,296.2857142857143,72.85714285714286
16116,646.6,321.2,70.6
16117,642.0,245.5,74.0
16118,652.44,294.12,64.68
16119,654.4705882352941,322.11764705882354,63.23529411764706
16120,659.5,369.3125,59.25
16121,660.52,349.36,58.24
16122,664.6,366.15,54.7
16123,659.9032258064516,276.0967741935484,58.483870967741936
16124,664.0,318.0,55.0
16125,672.0,397.75,49.25
16126,662.5238095238095,262.95238095238096,56.23809523809524
16127,668.2903225806451,340.80645161290323,51.41935483870968
16128,673.047619047619,384.85714285714283,47.904761904761905
16129,663.0714285714286,239.64285714285714,55.0
16130,675.4583333333334,393.375,45.625
16131,664.5625,244.3125,53.9375
16132,678.1176470588235,394.11764705882354,43.588235294117645
16133,678.6666666666666,389.05555555555554,43.27777777777778
16134,679.0,367.0,44.0
16135,667.6111111111111,224.88888888888889,50.611111111111114
16136,680.6666666666666,370.0833333333333,41.166666666666664
16137,684.8928571428571,386.4642857142857,37.67857142857143
16138,690.25,365.1875,33.4375
16139,693.0,356.5,31.0
16140,693.5714285714286,222.14285714285714,30.142857142857142
16141,698.9090909090909,295.54545454545456,25.818181818181817
16142,701.9166666666666,258.4166666666667,23.166666666666668
16143,703.7727272727273,260.8181818181818,21.454545454545453
16144,718.3333333333334,373.3333333333333,9.0
16145,646.85,353.4,70.0
16146,648.0645161290323,346.258064516129,68.25806451612904
16147,648.421052631579,292.6842105263158,67.84210526315789
16148,649.44,306.64,66.88
16149,653.3076923076923,358.96153846153845,63.76923076923077
16150,655.9333333333333,380.6,61.93333333333333
16151,654.7727272727273,347.0,62.72727272727273
16152,654.3181818181819,339.04545454545456,63.36363636363637
16153,650.5,266.0,66.0
16154,658.3571428571429,373.7857142857143,60.0
16155,658.375,363.75,60.0
16156,655.5,326.09090909090907,61.95454545454545
16157,657.8571428571429,345.7142857142857,60.642857142857146
16158,659.2857142857143,357.2857142857143,59.285714285714285
16159,650.2352941176471,237.94117647058823,66.0
16160,658.4285714285714,330.6190476190476,59.714285714285715
16161,654.0384615384615,276.15384615384613,62.69230769230769
16162,667.0,401.0,53.0
16163,666.3529411764706,382.6470588235294,52.94117647058823
16164,667.4,389.93333333333334,51.733333333333334
16165,665.2727272727273,357.27272727272725,53.81818181818182
16166,666.1818181818181,340.27272727272725,53.27272727272727
16167,668.05,332.15,51.75
16168,665.6666666666666,295.3333333333333,54.0
16169,667.9285714285714,325.42857142857144,51.5
16170,673.4761904761905,378.6190476190476,47.42857142857143
16171,668.0,292.0,51.0
16172,673.0,324.4,48.2
16173,665.9677419354839,247.1290322580645,52.32258064516129
16174,670.4736842105264,250.8421052631579,48.8421052631579
16175,674.0,272.0,47.0
16176,686.0,378.0,38.0
16177,700.25,370.8333333333333,24.916666666666668
16178,689.0,216.0,34.0
16179,691.0,221.5,32.0
16180,697.0,218.125,27.0
16181,701.5,250.25,22.4
16182,706.625,293.625,18.0
16183,715.6666666666666,380.3333333333333,12.666666666666666
16184,711.4,288.0,15.2
16185,715.0,330.0,11.0
16186,714.1666666666666,291.3333333333333,12.666666666666666
16187,645.8235294117648,326.94117647058823,70.29411764705883
16188,644.2727272727273,281.8181818181818,71.45454545454545
16189,647.4,314.4,69.0
16190,649.304347826087,355.0869565217391,66.6086956521739
16191,642.8888888888889,247.33333333333334,72.0
16192,650.56,344.24,66.0
16193,651.2631578947369,335.05263157894734,65.42105263157895
16194,644.4615384615385,235.84615384615384,70.61538461538461
16195,656.4375,377.0,60.875
16196,647.5555555555555,245.77777777777777,68.33333333333333
16197,653.0833333333334,327.25,63.583333333333336
16198,653.4,305.8,64.0
16199,651.5,272.5,65.125
16200,651.75,261.375,65.0
16201,656.625,282.875,60.875
16202,659.5,320.2,58.9
16203,666.1052631578947,387.1578947368421,53.578947368421055
16204,662.1875,326.5,56.25
16205,656.9583333333334,241.375,59.666666666666664
16206,666.7272727272727,362.95454545454544,52.68181818181818
16207,663.95,323.8,54.65
16208,668.9565217391304,363.3478260869565,50.56521739130435
16209,668.25,318.25,51.75
16210,673.7941176470588,357.97058823529414,46.411764705882355
16211,667.9130434782609,247.47826086956522,49.869565217391305
16212,679.0,355.0,42.0
16213,682.05,355.6,39.45
16214,674.4166666666666,253.5,45.5
16215,682.1176470588235,350.11764705882354,39.411764705882355
16216,686.578947368421,383.2631578947368,36.31578947368421
16217,688.0,395.0,35.333333333333336
16218,677.5714285714286,246.60714285714286,42.42857142857143
16219,683.3333333333334,251.83333333333334,39.0
16220,694.0833333333334,369.5,29.833333333333332
16221,696.5,367.0,28.0
16222,701.3333333333334,342.6666666666667,23.0
16223,698.25,255.25,25.166666666666668
16224,699.1666666666666,262.8333333333333,24.166666666666668
16225,701.5294117647059,287.5882352941176,22.176470588235293
16226,700.4,237.4,23.35
16227,701.0,230.1,23.1
16228,709.3333333333334,329.22222222222223,16.0
16229,704.7,220.2,20.0
16230,714.5454545454545,262.6363636363636,12.0
16231,716.0,255.25,11.0
16232,646.4,343.8,69.9
16233,645.5384615384615,332.61538461538464,70.38461538461539
16234,645.1,287.95,70.1
16235,646.56,305.12,68.44
16236,647.6190476190476,286.0952380952381,67.95238095238095
16237,650.939393939394,329.3030303030303,65.27272727272727
16238,645.8571428571429,250.71428571428572,69.35714285714286
16239,649.1538461538462,280.65384615384613,66.53846153846153
16240,655.4444444444445,341.48148148148147,61.48148148148148
16241,656.2307692307693,336.0,61.07692307692308
16242,657.578947368421,350.10526315789474,59.89473684210526
16243,660.0,342.2352941176471,58.23529411764706
16244,657.3333333333334,299.3333333333333,59.0
16245,657.1851851851852,247.03703703703704,59.48148148148148
16246,665.68,282.64,52.24
16247,667.1904761904761,276.7142857142857,51.23809523809524
16248,668.0,268.125,51.0
16249,665.7222222222222,236.77777777777777,51.55555555555556
16250,674.7058823529412,328.47058823529414,45.64705882352941
16251,671.8695652173913,281.60869565217394,46.82608695652174
16252,679.2105263157895,363.89473684210526,41.473684210526315
16253,682.4,374.2,40.0
16254,673.0,264.0,46.0
16255,681.0,360.55,39.75
16256,681.8333333333334,370.0833333333333,39.75
16257,676.6666666666666,273.2,43.06666666666667
16258,676.1052631578947,257.7894736842105,43.63157894736842
16259,689.6666666666666,414.078431372549,32.3921568627451
16260,688.3809523809524,382.6666666666667,34.142857142857146
16261,680.4285714285714,235.42857142857142,39.57142857142857
16262,694.0,361.0,30.0
16263,702.0,376.0,24.0
16264,695.4117647058823,282.52941176470586,27.470588235294116
16265,690.75,211.75,30.0
16266,703.0,348.3333333333333,22.0
16267,706.5,335.0,18.5
16268,710.3333333333334,277.8888888888889,14.0
16269,714.5,323.5,12.0
16270,647.9411764705883,366.7647058823529,67.52941176470588
16271,652.95,379.2,63.5
16272,650.5652173913044,323.2173913043478,65.08695652173913
16273,656.5,371.0,62.0
16274,654.5,360.05555555555554,61.888888888888886
16275,652.2380952380952,284.9047619047619,63.523809523809526
16276,661.3,367.9,56.2
16277,657.8461538461538,290.53846153846155,59.07692307692308
16278,665.7142857142857,374.7142857142857,53.07142857142857
16279,661.3571428571429,315.07142857142856,56.5
16280,658.8,287.06666666666666,57.733333333333334
16281,662.0526315789474,332.6842105263158,55.473684210526315
16282,658.7,281.85,58.15
16283,660.0,290.0,57.0
16284,665.9444444444445,369.5,52.72222222222222
16285,667.5217391304348,368.30434782608694,50.73913043478261
16286,661.2380952380952,282.9047619047619,56.04761904761905
16287,659.9615384615385,238.30769230769232,56.53846153846154
16288,672.0454545454545,394.45454545454544,47.45454545454545
16289,671.9,373.7,47.6
16290,670.0434782608696,342.0869565217391,48.608695652173914
16291,671.5,329.22727272727275,47.63636363636363
16292,675.625,379.4375,43.875
16293,668.9565217391304,273.60869565217394,49.130434782608695
16294,674.3888888888889,333.6111111111111,45.27777777777778
16295,670.7857142857143,276.57142857142856,47.42857142857143
16296,679.35,358.2,41.25
16297,686.8181818181819,368.72727272727275,35.27272727272727
16298,689.9090909090909,267.8181818181818,32.09090909090909
16299,699.8260869565217,268.2173913043478,23.47826086956522
16300,697.1111111111111,222.33333333333334,26.0
16301,699.0,242.0,25.0
16302,712.0,383.6666666666667,14.0
16303,701.8947368421053,233.05263157894737,21.473684210526315
16304,707.4545454545455,291.0,16.09090909090909
16305,708.6666666666666,231.33333333333334,16.333333333333332
16306,642.0,251.5,73.0
16307,645.2222222222222,306.1111111111111,70.11111111111111
16308,652.8333333333334,332.8888888888889,63.166666666666664
16309,649.5862068965517,286.37931034482756,65.44827586206897
16310,654.5333333333333,318.73333333333335,61.93333333333333
16311,653.8947368421053,289.8421052631579,62.526315789473685
16312,656.0,315.0,60.0
16313,651.8333333333334,252.77777777777777,63.55555555555556
16314,660.3333333333334,354.2,57.0
16315,661.6666666666666,377.6666666666667,55.714285714285715
16316,661.5,348.2857142857143,56.0
16317,662.9411764705883,371.88235294117646,54.8235294117647
16318,661.7307692307693,342.1923076923077,55.53846153846154
16319,656.45,262.9,59.1
16320,665.9411764705883,347.05882352941177,52.05882352941177
16321,667.6521739130435,375.17391304347825,50.608695652173914
16322,657.6363636363636,233.36363636363637,58.36363636363637
16323,660.8518518518518,277.74074074074076,55.629629629629626
16324,663.0434782608696,273.8695652173913,54.21739130434783
16325,668.5,349.6,49.75
16326,668.2941176470588,314.2352941176471,50.23529411764706
16327,671.0,346.57142857142856,48.142857142857146
16328,668.0,300.0,51.0
16329,673.25,348.8333333333333,46.333333333333336
16330,666.4375,251.9375,51.125
16331,666.421052631579,257.4736842105263,50.78947368421053
16332,675.1578947368421,360.4736842105263,44.578947368421055
16333,667.7222222222222,242.44444444444446,49.77777777777778
16334,677.6190476190476,336.04761904761904,41.714285714285715
16335,682.6363636363636,369.6818181818182,37.86363636363637
16336,688.6,370.2,33.6
16337,691.4172661870504,414.8992805755396,28.971223021582734
16338,696.3333333333334,364.0,27.333333333333332
16339,696.8125,368.3125,26.0
16340,692.2857142857143,286.2857142857143,29.857142857142858
16341,700.1428571428571,349.7142857142857,24.0
16342,698.3,249.3,24.5
16343,702.5,268.25,21.5
16344,707.4285714285714,336.14285714285717,16.642857142857142
16345,713.0,351.0,13.0
16346,703.6666666666666,229.16666666666666,19.666666666666668
16347,717.0,377.0,10.0
16348,647.0,383.5,68.66666666666667
16349,644.0,293.0,71.0
16350,648.4375,359.5,66.6875
16351,647.0,319.8,68.0
16352,650.6153846153846,368.3076923076923,64.6923076923077
16353,645.9230769230769,296.9230769230769,68.38461538461539
16354,643.6363636363636,241.1818181818182,70.36363636363636
16355,644.0,246.0,70.0
16356,645.5384615384615,276.38461538461536,68.34615384615384
16357,660.0,337.0,56.0
16358,655.6,257.0,60.8
16359,662.3913043478261,337.4347826086956,54.43478260869565
16360,665.6153846153846,321.0,52.46153846153846
16361,670.9411764705883,362.05882352941177,47.705882352941174
16362,664.0454545454545,268.09090909090907,52.5
16363,668.4285714285714,260.8095238095238,48.76190476190476
16364,673.6666666666666,318.3333333333333,45.0
16365,669.6785714285714,264.60714285714283,47.5
16366,679.1428571428571,343.3333333333333,41.38095238095238
16367,680.304347826087,379.2608695652174,39.21739130434783
16368,679.3571428571429,353.14285714285717,40.857142857142854
16369,678.5882352941177,349.11764705882354,40.470588235294116
16370,680.25,345.8333333333333,38.916666666666664
16371,677.7222222222222,235.27777777777777,41.166666666666664
16372,681.9444444444445,235.94444444444446,37.55555555555556
16373,690.5,273.8,31.1
16374,697.5454545454545,363.45454545454544,25.454545454545453
16375,690.0,214.0,31.0
16376,697.2857142857143,244.57142857142858,24.857142857142858
16377,709.0909090909091,392.6363636363636,16.0
16378,708.3333333333334,382.5,16.0
16379,707.5,322.5,17.0
16380,710.0,343.0,15.0
16381,702.0,217.5,21.0
16382,709.6,323.6,15.0
16383,711.0,283.5,14.0
16384,715.0,330.0,9.0
16385,646.0,337.6,69.2
16386,652.4,364.46666666666664,62.86666666666667
16387,648.7368421052631,311.05263157894734,65.36842105263158
16388,655.3461538461538,355.7307692307692,60.30769230769231
16389,650.8888888888889,271.9259259259259,63.370370370370374
16390,664.1851851851852,329.85185185185185,52.666666666666664
16391,659.7647058823529,269.3529411764706,55.94117647058823
16392,661.3076923076923,287.7307692307692,54.73076923076923
16393,661.7083333333334,267.5,54.416666666666664
16394,673.2727272727273,376.40909090909093,45.54545454545455
16395,673.75,365.9375,44.9375
16396,672.8461538461538,342.84615384615387,45.92307692307692
16397,669.7307692307693,255.15384615384616,47.38461538461539
16398,669.05,242.25,47.8
16399,680.1818181818181,365.72727272727275,39.36363636363637
16400,690.6428571428571,383.2857142857143,30.857142857142858
16401,685.6666666666666,222.66666666666666,35.0
16402,698.0,356.3333333333333,25.0
16403,700.5,380.0,22.5
16404,694.2777777777778,270.6111111111111,26.944444444444443
16405,699.5,244.5,22.0
16406,700.25,227.5,22.0
16407,645.7826086956521,310.4782608695652,68.3913043478261
16408,647.6666666666666,331.75,66.33333333333333
16409,647.32,301.56,66.4
16410,650.7826086956521,348.5652173913044,63.47826086956522
16411,647.1428571428571,273.23809523809524,66.28571428571429
16412,655.3636363636364,368.3636363636364,59.81818181818182
16413,650.3333333333334,277.8333333333333,64.0
16414,652.1875,280.9375,62.5625
16415,657.9,363.05,58.0
16416,655.4285714285714,320.6666666666667,59.714285714285715
16417,650.421052631579,235.26315789473685,63.578947368421055
16418,654.8695652173913,268.5652173913044,59.69565217391305
16419,653.4,239.6,61.13333333333333
16420,653.3913043478261,244.69565217391303,60.69565217391305
16421,658.125,271.875,57.375
16422,664.5454545454545,336.22727272727275,52.40909090909091
16423,666.8636363636364,355.04545454545456,50.31818181818182
16424,659.8571428571429,244.42857142857142,55.5
16425,664.2857142857143,299.42857142857144,52.285714285714285
16426,670.2,366.4,47.3
16427,665.5882352941177,287.4117647058824,50.94117647058823
16428,665.2,271.85,50.95
16429,669.1428571428571,285.14285714285717,48.714285714285715
16430,669.2222222222222,291.55555555555554,47.888888888888886
16431,671.4736842105264,315.63157894736844,46.26315789473684
16432,681.0,385.0,40.0
16433,672.0,272.0,46.0
16434,678.25,256.5,40.75
16435,681.6,260.2,37.5
16436,696.7857142857143,350.7142857142857,25.285714285714285
16437,692.5,281.0,29.0
16438,694.9090909090909,286.8181818181818,26.363636363636363
16439,699.2105263157895,263.05263157894734,22.526315789473685
16440,695.6666666666666,216.83333333333334,25.333333333333332
16441,699.0833333333334,253.75,22.666666666666668
16442,699.875,220.375,22.125
16443,701.074074074074,242.8148148148148,20.296296296296298
16444,701.7142857142857,224.0,21.0
16445,712.0,333.3333333333333,12.333333333333334
16446,647.0,355.0,68.0
16447,644.0,297.2,70.2
16448,654.1666666666666,394.94444444444446,61.05555555555556
16449,647.8636363636364,292.27272727272725,65.63636363636364
16450,645.0,241.5,68.0
16451,653.0,298.0,63.0
16452,657.0526315789474,315.89473684210526,58.05263157894737
16453,669.2941176470588,356.52941176470586,48.11764705882353
16454,672.4285714285714,383.0,45.476190476190474
16455,662.8,260.3333333333333,52.4
16456,661.8333333333334,236.72222222222223,53.22222222222222
16457,664.7777777777778,265.3888888888889,51.388888888888886
16458,664.0,240.9090909090909,52.18181818181818
16459,667.3809523809524,279.6666666666667,49.285714285714285
16460,675.4666666666667,383.8666666666667,42.666666666666664
16461,671.3571428571429,321.64285714285717,46.142857142857146
16462,675.8181818181819,369.45454545454544,43.0
16463,674.5238095238095,355.2857142857143,43.285714285714285
16464,675.8095238095239,350.1904761904762,42.666666666666664
16465,685.7142857142857,392.0,35.0
16466,683.6153846153846,379.46153846153845,36.0
16467,679.5,264.0,39.0
16468,682.125,265.875,37.0
16469,686.7916666666666,259.375,32.708333333333336
16470,688.6470588235294,243.23529411764707,30.88235294117647
16471,698.3684210526316,357.1578947368421,23.210526315789473
16472,696.8571428571429,291.57142857142856,25.0
16473,696.3888888888889,272.0,24.38888888888889
16474,702.1666666666666,349.0833333333333,20.083333333333332
16475,698.4,273.2,23.0
16476,699.76,258.36,21.12
16477,708.0,354.0,15.0
16478,709.5,352.75,14.0
16479,703.9166666666666,224.91666666666666,18.416666666666668
16480,712.0,250.0,11.0
16481,649.3636363636364,363.95454545454544,64.45454545454545
16482,647.8333333333334,338.0833333333333,65.91666666666667
16483,651.2941176470588,370.1764705882353,62.64705882352941
16484,650.1428571428571,339.1904761904762,63.714285714285715
16485,653.5,348.3,60.85
16486,647.0,254.2,65.5
16487,649.5333333333333,265.06666666666666,63.93333333333333
16488,658.3157894736842,333.42105263157896,56.73684210526316
16489,661.5909090909091,350.22727272727275,53.95454545454545
16490,657.1578947368421,263.2631578947368,57.0
16491,667.7142857142857,378.5,49.0
16492,667.7619047619048,370.85714285714283,48.476190476190474
16493,666.2380952380952,321.3333333333333,50.285714285714285
16494,661.8636363636364,255.63636363636363,53.22727272727273
16495,668.0,294.5,50.0
16496,668.4705882352941,316.88235294117646,47.76470588235294
16497,670.6,333.45,46.55
16498,670.0,293.6,46.2
16499,676.0,324.5,42.0
16500,673.5,266.0,44.0
16501,675.0,289.5,43.0
16502,666.4604316546763,223.97122302158274,46.064748201438846
16503,688.6666666666666,227.66666666666666,31.0
16504,692.0,286.9375,27.8125
16505,700.6666666666666,354.3333333333333,22.0
16506,708.0,388.5,15.0
16507,697.125,226.125,23.0
16508,648.375,385.875,66.125
16509,647.0,342.0,66.72727272727273
16510,647.7857142857143,348.2857142857143,65.85714285714286
16511,649.0,305.0,65.0
16512,649.6666666666666,303.44444444444446,64.0
16513,649.5769230769231,289.6923076923077,63.5
16514,654.6666666666666,326.2857142857143,59.476190476190474
16515,653.7894736842105,280.05263157894734,59.78947368421053
16516,657.76,320.4,56.44
16517,661.3076923076923,355.0769230769231,54.07692307692308
16518,662.0625,362.625,53.125
16519,662.7692307692307,288.03846153846155,52.5
16520,668.4117647058823,351.70588235294116,48.0
16521,662.5217391304348,278.0,52.30434782608695
16522,670.25,370.6,46.35
16523,676.3636363636364,386.95454545454544,41.27272727272727
16524,674.125,337.0,43.4375
16525,675.3333333333334,359.72222222222223,42.27777777777778
16526,675.0,331.0,42.0
16527,686.0,419.3703703703704,34.03703703703704
16528,683.3571428571429,373.5,35.92857142857143
16529,680.9375,251.125,36.9375
16530,683.5,264.5,35.0
16531,694.5952380952381,416.5357142857143,24.654761904761905
16532,693.875,276.0,26.125
16533,691.0,241.0,29.0
16534,697.4444444444445,289.22222222222223,23.0
16535,701.2857142857143,289.7142857142857,19.428571428571427
16536,696.5,215.5,24.0
16537,709.3333333333334,377.3333333333333,14.0
16538,706.0,238.0,16.0
16539,649.8181818181819,385.0,64.0
16540,645.0,290.0,68.0
16541,649.0714285714286,353.17857142857144,63.92857142857143
16542,649.75,344.125,63.875
16543,652.25,367.6666666666667,61.0
16544,651.3928571428571,355.0357142857143,61.5
16545,653.4347826086956,332.69565217391306,60.34782608695652
16546,656.3157894736842,353.6842105263158,58.36842105263158
16547,656.1739130434783,339.39130434782606,57.47826086956522
16548,658.0,345.0,56.5625
16549,658.7647058823529,359.52941176470586,55.76470588235294
16550,650.5,256.125,61.8125
16551,652.44,273.96,60.48
16552,655.0,294.6923076923077,59.0
16553,654.4705882352941,286.88235294117646,59.11764705882353
16554,654.1071428571429,274.0,58.714285714285715
16555,660.2083333333334,328.8333333333333,54.458333333333336
16556,663.3333333333334,357.46666666666664,52.0
16557,663.9545454545455,351.8181818181818,51.54545454545455
16558,657.0,258.46666666666664,56.733333333333334
16559,661.2666666666667,320.0,53.266666666666666
16560,663.7777777777778,340.8888888888889,51.888888888888886
16561,656.75,250.375,56.6875
16562,666.8636363636364,366.09090909090907,48.95454545454545
16563,665.7647058823529,334.4117647058824,50.1764705882353
16564,667.9473684210526,336.42105263157896,48.473684210526315
16565,667.45,329.15,48.35
16566,670.8461538461538,338.15384615384613,45.69230769230769
16567,667.3666666666667,271.6333333333333,47.6
16568,677.0555555555555,382.05555555555554,40.55555555555556
16569,678.2666666666667,390.46666666666664,39.8
16570,676.7272727272727,368.77272727272725,40.63636363636363
16571,669.7,260.4,46.2
16572,676.6428571428571,339.2142857142857,40.42857142857143
16573,680.6666666666666,374.3333333333333,38.0
16574,674.4,242.8,43.0
16575,684.75,377.375,34.0
16576,686.0,366.0,34.0
16577,677.0,248.1818181818182,40.09090909090909
16578,692.2,380.6,28.6
16579,692.1666666666666,367.1666666666667,28.333333333333332
16580,687.0,218.0,32.0
16581,689.0,223.0,31.0
16582,689.6666666666666,217.66666666666666,30.0
16583,699.0833333333334,347.9166666666667,22.083333333333332
16584,701.0,346.0,20.5
16585,704.3333333333334,390.6666666666667,18.0
16586,695.5,267.0,25.0
16587,700.1428571428571,296.14285714285717,20.571428571428573
16588,707.6666666666666,340.6666666666667,15.0
16589,701.0,237.4,20.0
16590,714.0,264.0,10.0
16591,645.2727272727273,281.3636363636364,67.27272727272727
16592,649.9285714285714,323.2857142857143,62.642857142857146
16593,646.5384615384615,264.0,65.46153846153847
16594,647.5,280.6111111111111,64.77777777777777
16595,650.0,310.0,63.0
16596,651.0416666666666,328.2083333333333,61.541666666666664
16597,646.5238095238095,259.23809523809524,64.95238095238095
16598,647.25,268.75,64.875
16599,647.95,248.35,64.3
16600,655.45,330.95,58.15
16601,656.6,326.05,57.1
16602,667.2,395.6,48.9
16603,661.8333333333334,324.7,52.56666666666667
16604,661.1428571428571,295.5,53.5
16605,661.3809523809524,302.6666666666667,52.476190476190474
16606,657.2222222222222,232.27777777777777,56.27777777777778
16607,658.8421052631579,262.89473684210526,54.68421052631579
16608,660.7368421052631,281.42105263157896,53.473684210526315
16609,659.6428571428571,248.35714285714286,54.42857142857143
16610,666.0,327.6,50.0
16611,667.5714285714286,322.8095238095238,47.95238095238095
16612,668.9444444444445,346.3888888888889,46.666666666666664
16613,675.2857142857143,409.57142857142856,42.0
16614,669.8636363636364,326.3636363636364,46.04545454545455
16615,674.7222222222222,390.8888888888889,42.333333333333336
16616,665.3684210526316,266.57894736842104,49.10526315789474
16617,674.1875,364.3125,43.0
16618,675.3125,354.1875,41.4375
16619,668.0714285714286,249.64285714285714,47.0
16620,671.3076923076923,274.4230769230769,44.38461538461539
16621,681.5,356.25,36.0
16622,690.6,372.8,29.0
16623,692.6363636363636,364.72727272727275,27.227272727272727
16624,684.0,277.0,32.0
16625,686.5,279.0,31.0
16626,692.8333333333334,350.3333333333333,26.833333333333332
16627,694.0,359.0,26.0
16628,688.75,232.25,29.75
16629,701.0,382.0,21.0
16630,694.1111111111111,220.44444444444446,26.0
16631,696.4375,257.875,23.4375
16632,702.2666666666667,296.1333333333333,18.4
16633,698.3333333333334,239.16666666666666,21.666666666666668
16634,702.6666666666666,288.2857142857143,17.761904761904763
16635,699.75,229.08333333333334,20.0
16636,700.125,220.125,20.0
16637,711.875,377.5,11.25
16638,647.0,364.0,66.0
16639,644.0,284.0,69.0
16640,649.0,376.45454545454544,63.90909090909091
16641,648.4166666666666,358.8333333333333,64.41666666666667
16642,646.7857142857143,320.7857142857143,65.5
16643,645.5,295.4,66.6
16644,646.8823529411765,306.5882352941176,65.29411764705883
16645,648.0,319.0,64.1
16646,644.4444444444445,251.55555555555554,67.11111111111111
16647,645.0909090909091,268.0,66.45454545454545
16648,653.375,362.75,59.75
16649,649.0,295.1666666666667,63.0
16650,655.5882352941177,346.5882352941176,58.05882352941177
16651,651.1428571428571,260.92857142857144,61.57142857142857
16652,657.0,314.77777777777777,56.333333333333336
16653,655.8571428571429,292.76190476190476,56.80952380952381
16654,661.0454545454545,345.54545454545456,53.22727272727273
16655,666.0,360.45454545454544,49.09090909090909
16656,658.1818181818181,257.59090909090907,54.72727272727273
16657,672.3636363636364,370.0,44.27272727272727
16658,672.0,351.1333333333333,44.2
16659,673.1875,341.8125,43.1875
16660,673.3333333333334,346.1904761904762,42.666666666666664
16661,669.5625,285.0625,45.5625
16662,675.0,295.0,43.0
16663,678.6666666666666,363.2,38.06666666666667
16664,679.6,352.8,37.93333333333333
16665,676.0,273.0,41.0
16666,689.0,412.5,31.0
16667,696.0,375.0,25.0
16668,688.2857142857143,283.07142857142856,30.0
16669,685.375,228.875,32.25
16670,692.0,280.0,27.0
16671,689.5,222.5,29.0
16672,695.4166666666666,234.25,23.833333333333332
16673,695.1666666666666,220.83333333333334,24.0
16674,697.1428571428571,231.57142857142858,22.071428571428573
16675,699.125,247.75,20.541666666666668
16676,708.0,347.0,14.5
16677,710.4285714285714,381.0,12.285714285714286
16678,709.0,346.0,13.0
16679,710.25,357.25,12.25
16680,703.4375,229.9375,16.9375
16681,714.0,324.0,8.0
16682,650.75,336.75,61.833333333333336
16683,646.6111111111111,274.6111111111111,64.05555555555556
16684,653.05,340.9,59.65
16685,652.0909090909091,291.45454545454544,60.5
16686,651.578947368421,283.89473684210526,60.578947368421055
16687,657.3846153846154,340.53846153846155,55.5
16688,660.4444444444445,373.44444444444446,53.27777777777778
16689,652.3809523809524,249.52380952380952,59.57142857142857
16690,655.2777777777778,284.77777777777777,57.611111111111114
16691,664.8636363636364,342.8636363636364,49.63636363636363
16692,668.9285714285714,381.2142857142857,46.714285714285715
16693,661.1578947368421,273.4736842105263,52.36842105263158
16694,669.0952380952381,350.76190476190476,45.61904761904762
16695,666.0,290.5,49.0
16696,670.7826086956521,357.82608695652175,44.47826086956522
16697,672.4545454545455,374.6363636363636,43.5
16698,664.4615384615385,237.3846153846154,49.15384615384615
16699,665.1363636363636,256.95454545454544,48.40909090909091
16700,671.0,329.0,44.0
16701,672.3125,332.9375,43.4375
16702,676.8666666666667,374.4,39.93333333333333
16703,679.5,379.2083333333333,37.291666666666664
16704,672.0,253.66666666666666,44.0
16705,674.7619047619048,253.95238095238096,40.61904761904762
16706,677.3333333333334,252.33333333333334,38.2
16707,690.0,359.5,30.0
16708,692.8571428571429,370.85714285714283,26.857142857142858
16709,701.5,354.5,19.0
16710,701.0,232.28571428571428,18.714285714285715
16711,647.0,327.375,65.375
16712,647.8125,334.125,64.25
16713,645.375,287.0,66.0
16714,648.4285714285714,329.14285714285717,63.07142857142857
16715,654.0909090909091,336.3636363636364,58.63636363636363
16716,649.6666666666666,277.7083333333333,61.458333333333336
16717,649.0,250.71428571428572,62.0
16718,665.0,403.0,51.0
16719,654.2727272727273,279.0,57.81818181818182
16720,658.695652173913,324.17391304347825,54.73913043478261
16721,656.0666666666667,275.73333333333335,56.333333333333336
16722,658.2941176470588,292.88235294117646,54.529411764705884
16723,668.0,391.5,47.0
16724,668.4736842105264,356.1578947368421,46.1578947368421
16725,661.5,244.75,52.0
16726,665.3571428571429,299.42857142857144,48.857142857142854
16727,664.2380952380952,275.23809523809524,49.333333333333336
16728,663.5263157894736,261.0,49.94736842105263
16729,671.6818181818181,259.77272727272725,42.72727272727273
16730,672.5294117647059,265.47058823529414,42.1764705882353
16731,674.6666666666666,264.77777777777777,40.888888888888886
16732,686.2727272727273,271.45454545454544,31.181818181818183
16733,693.2727272727273,364.54545454545456,25.818181818181817
16734,693.0,229.0,25.0
16735,700.0,224.0,18.533333333333335
16736,712.9090909090909,296.0,8.818181818181818
16737,650.0,344.2857142857143,61.285714285714285
16738,651.1578947368421,323.42105263157896,60.526315789473685
16739,651.0,267.5,61.0
16740,661.1111111111111,367.3333333333333,52.333333333333336
16741,652.2105263157895,253.6315789473684,58.1578947368421
16742,656.4827586206897,282.13793103448273,55.55172413793103
16743,658.7647058823529,273.4117647058824,54.1764705882353
16744,662.4090909090909,319.1363636363636,50.77272727272727
16745,670.5,395.5,46.0
16746,664.5882352941177,316.05882352941177,49.1764705882353
16747,670.0,362.5,45.142857142857146
16748,668.0,341.4736842105263,46.26315789473684
16749,670.2,345.76,44.44
16750,673.1538461538462,377.46153846153845,42.0
16751,674.0454545454545,363.8636363636364,40.90909090909091
16752,668.4782608695652,280.95652173913044,45.21739130434783
16753,675.6666666666666,344.77777777777777,40.77777777777778
16754,668.3125,265.4375,45.125
16755,675.76,356.48,39.56
16756,671.5217391304348,280.3478260869565,42.69565217391305
16757,668.5555555555555,245.77777777777777,45.0
16758,667.0,227.66666666666666,46.0
16759,672.375,269.75,42.875
16760,684.3333333333334,373.0833333333333,32.75
16761,674.5238095238095,214.71428571428572,40.095238095238095
16762,686.5,235.5,31.0
16763,697.4444444444445,383.6666666666667,21.88888888888889
16764,696.0,294.0,23.333333333333332
16765,699.1666666666666,267.0,20.333333333333332
16766,709.0,385.0,13.0
16767,656.0,356.57142857142856,56.857142857142854
16768,657.7777777777778,355.1111111111111,55.0
16769,656.0588235294117,288.1764705882353,55.705882352941174
16770,666.0,399.0,48.0
16771,661.2777777777778,332.44444444444446,51.666666666666664
16772,662.7333333333333,359.8666666666667,50.4
16773,662.85,292.6,49.65
16774,663.35,282.0,49.3
16775,661.5625,236.3125,50.75
16776,664.1428571428571,251.28571428571428,48.714285714285715
16777,693.6875,357.75,24.375
16778,653.8571428571429,359.42857142857144,58.07142857142857
16779,647.9090909090909,286.09090909090907,62.09090909090909
16780,647.0,255.0,63.1
16781,656.25,364.4166666666667,56.0
16782,657.8235294117648,370.11764705882354,54.0
16783,650.85,263.55,59.45
16784,658.2,360.5,54.0
16785,656.7857142857143,331.7142857142857,54.714285714285715
16786,655.9166666666666,298.6666666666667,56.0
16787,663.0,370.3333333333333,51.0
16788,657.8888888888889,300.44444444444446,54.111111111111114
16789,663.4375,375.375,49.6875
16790,662.3125,327.3125,50.5625
16791,666.0833333333334,375.6666666666667,47.75
16792,666.6666666666666,361.3333333333333,47.0
16793,658.32,262.76,52.48
16794,664.625,304.25,48.875
16795,666.3333333333334,295.3333333333333,47.333333333333336
16796,665.375,283.875,47.75
16797,672.3333333333334,367.9166666666667,42.0
16798,667.5416666666666,271.0416666666667,45.25
16799,676.65,369.65,38.4
16800,668.9230769230769,257.6923076923077,44.69230769230769
16801,671.3684210526316,275.3157894736842,42.1578947368421
16802,676.9166666666666,358.8333333333333,37.416666666666664
16803,680.1111111111111,418.6666666666667,33.666666666666664
16804,669.4705882352941,242.76470588235293,43.94117647058823
16805,676.1428571428571,257.0,39.0
16806,676.0,237.0,39.0
16807,687.5,366.0,30.0
16808,691.25,391.125,27.0
16809,695.4,350.6,23.2
16810,686.45,225.65,29.25
16811,695.25,253.0,23.0
16812,694.7,266.9,22.7
16813,697.0,222.5,22.0
16814,696.7142857142857,218.14285714285714,20.857142857142858
16815,702.3636363636364,291.6363636363636,15.818181818181818
16816,647.0,342.0,65.0
16817,647.75,347.75,63.75
16818,646.4444444444445,285.77777777777777,64.0
16819,647.1428571428571,300.7857142857143,62.714285714285715
16820,652.1428571428571,316.42857142857144,58.785714285714285
16821,653.3333333333334,321.44444444444446,57.407407407407405
16822,655.3333333333334,336.6666666666667,55.61904761904762
16823,653.5714285714286,271.35714285714283,57.07142857142857
16824,659.1,341.3,52.4
16825,658.5714285714286,334.2142857142857,53.0
16826,658.7777777777778,315.6666666666667,53.0
16827,660.65,345.7,50.85
16828,668.0,400.0,47.0
16829,665.1111111111111,346.3333333333333,47.666666666666664
16830,667.6,374.45,45.7
16831,666.3913043478261,320.60869565217394,46.21739130434783
16832,661.25,253.5,50.5
16833,666.9166666666666,314.4166666666667,46.0
16834,664.2222222222222,245.88888888888889,48.0
16835,674.75,378.5,39.75
16836,672.8181818181819,336.1818181818182,41.36363636363637
16837,674.9473684210526,361.4736842105263,39.10526315789474
16838,682.2,258.5,32.8
16839,684.75,224.0,31.0
16840,694.9166666666666,355.5833333333333,22.666666666666668
16841,685.5,220.16666666666666,29.916666666666668
16842,691.2,286.1,24.7
16843,704.0,386.5,16.5
16844,700.4285714285714,333.42857142857144,17.142857142857142
16845,694.0,244.0,22.0
16846,696.8333333333334,252.61111111111111,20.5
16847,696.3333333333334,225.08333333333334,19.916666666666668
16848,709.0,351.0,12.0
16849,707.25,325.0,12.75
16850,649.3529411764706,318.70588235294116,60.470588235294116
16851,646.8888888888889,267.0,62.44444444444444
16852,661.6470588235294,364.29411764705884,50.64705882352941
16853,657.6190476190476,288.04761904761904,53.57142857142857
16854,663.0,337.3529411764706,49.588235294117645
16855,658.8888888888889,269.44444444444446,51.94444444444444
16856,664.578947368421,341.4736842105263,47.78947368421053
16857,660.4166666666666,264.25,50.666666666666664
16858,666.0,336.0,47.0
16859,661.9565217391304,287.1304347826087,49.26086956521739
16860,664.9333333333333,262.4,46.56666666666667
16861,666.56,276.24,45.6
16862,665.8571428571429,219.14285714285714,46.0
16863,671.0,251.8,42.0
16864,671.5384615384615,257.38461538461536,41.0
16865,679.1666666666666,361.1666666666667,35.666666666666664
16866,685.2666666666667,373.4,30.733333333333334
16867,688.0,379.0,30.0
16868,687.8823529411765,283.3529411764706,27.764705882352942
16869,698.0,416.7142857142857,19.714285714285715
16870,706.0,344.0,13.0
16871,704.6,286.8,14.0
16872,648.0,342.3333333333333,62.666666666666664
16873,647.0,324.0,64.0
16874,646.0,296.0,64.0
16875,648.5714285714286,297.5,60.92857142857143
16876,650.0,328.0,59.5
16877,652.35,351.4,57.8
16878,647.2083333333334,271.75,61.458333333333336
16879,650.6521739130435,296.17391304347825,58.69565217391305
16880,646.5,218.66666666666666,62.333333333333336
16881,659.1666666666666,353.1666666666667,53.0
16882,664.3333333333334,393.44444444444446,48.44444444444444
16883,654.9333333333333,267.8,55.46666666666667
16884,656.5,278.64285714285717,53.607142857142854
16885,656.4375,266.25,53.9375
16886,663.0,356.125,48.75
16887,659.5714285714286,294.57142857142856,51.857142857142854
16888,658.25,233.41666666666666,52.0
16889,666.1538461538462,330.7692307692308,45.84615384615385
16890,669.1739130434783,338.30434782608694,43.608695652173914
16891,670.4,360.6,42.2
16892,671.5333333333333,350.73333333333335,41.8
16893,664.1666666666666,241.33333333333334,47.166666666666664
16894,670.1764705882352,284.8235294117647,41.8235294117647
16895,669.4117647058823,254.88235294117646,43.0
16896,681.1666666666666,380.8333333333333,34.083333333333336
16897,681.0,366.0,35.0
16898,672.4,249.33333333333334,40.13333333333333
16899,677.625,257.25,36.875
16900,688.0769230769231,368.84615384615387,27.76923076923077
16901,682.8666666666667,253.2,31.533333333333335
16902,689.3571428571429,282.57142857142856,25.928571428571427
16903,691.75,272.625,24.0
16904,701.0,356.0,17.0
16905,692.9230769230769,229.84615384615384,22.692307692307693
16906,696.0,232.66666666666666,19.714285714285715
16907,649.8461538461538,336.2307692307692,59.57692307692308
16908,652.4444444444445,316.55555555555554,56.666666666666664
16909,650.2380952380952,268.85714285714283,58.61904761904762
16910,657.6190476190476,328.6666666666667,52.61904761904762
16911,657.6363636363636,284.27272727272725,52.40909090909091
16912,663.1764705882352,350.94117647058823,48.588235294117645
16913,657.2941176470588,247.7058823529412,52.705882352941174
16914,660.0,277.0,50.26086956521739
16915,667.4375,368.25,45.0
16916,664.952380952381,326.42857142857144,46.523809523809526
16917,669.75,364.75,43.0
16918,671.4,371.8,41.333333333333336
16919,672.6428571428571,341.2857142857143,40.5
16920,694.0,368.6666666666667,22.0
16921,688.0,270.0,26.75
16922,689.2142857142857,276.2857142857143,25.857142857142858
16923,697.8888888888889,333.77777777777777,19.0
16924,695.5,261.5,20.0
16925,704.0,351.0,13.0
16926,648.0,357.5,62.0
16927,648.2,352.2,61.4
16928,649.6875,348.5,59.6875
16929,647.8,291.4,60.93333333333333
16930,645.4285714285714,251.0,62.857142857142854
16931,651.0,326.0,57.714285714285715
16932,652.9545454545455,343.3181818181818,56.45454545454545
16933,649.2068965517242,287.51724137931035,59.3448275862069
16934,652.952380952381,330.23809523809524,56.333333333333336
16935,654.05,325.0,55.4
16936,658.5333333333333,360.26666666666665,52.06666666666667
16937,655.9375,320.5,53.8125
16938,656.1739130434783,338.39130434782606,53.43478260869565
16939,660.4285714285714,350.42857142857144,50.714285714285715
16940,658.5909090909091,337.0,51.27272727272727
16941,664.4285714285714,366.42857142857144,47.285714285714285
16942,659.25,288.8125,51.0625
16943,664.7142857142857,356.42857142857144,47.0
16944,659.45,282.25,50.25
16945,662.8461538461538,321.53846153846155,48.0
16946,666.3076923076923,251.92307692307693,45.0
16947,673.8,334.2,40.0
16948,668.0909090909091,262.6363636363636,43.0
16949,677.5,348.0,36.0
16950,697.25,298.875,18.75
16951,693.0,222.0,23.0
16952,693.1875,225.8125,21.5625
16953,648.3636363636364,331.3636363636364,60.54545454545455
16954,646.0,279.25,62.75
16955,650.3846153846154,332.15384615384613,58.0
16956,656.5263157894736,365.57894736842104,53.26315789473684
16957,648.2631578947369,255.78947368421052,59.526315789473685
16958,654.0,295.2105263157895,54.94736842105263
16959,654.45,273.15,54.35
16960,659.9375,270.25,50.0
16961,666.3076923076923,335.5,44.65384615384615
16962,669.6470588235294,355.7647058823529,42.411764705882355
16963,671.2142857142857,359.14285714285717,40.642857142857146
16964,672.2857142857143,371.04761904761904,39.61904761904762
16965,675.5,345.5,37.5
16966,667.5671641791045,223.91044776119404,41.28358208955224
16967,680.6,270.4,32.0
16968,682.6315789473684,274.36842105263156,30.68421052631579
16969,689.5833333333334,358.75,25.5
16970,684.8461538461538,279.6923076923077,29.23076923076923
16971,686.0,231.0,28.0
16972,691.5,268.0,24.0
16973,699.1666666666666,293.75,17.083333333333332
16974,650.5555555555555,345.3888888888889,57.94444444444444
16975,647.3333333333334,281.4166666666667,60.416666666666664
16976,646.5555555555555,263.44444444444446,61.111111111111114
16977,653.8461538461538,346.46153846153845,55.0
16978,651.125,301.25,57.1875
16979,655.875,344.75,53.4375
16980,652.1818181818181,290.22727272727275,56.31818181818182
16981,650.9090909090909,260.6363636363636,57.0
16982,653.5714285714286,262.07142857142856,54.92857142857143
16983,657.0,300.4117647058824,52.35294117647059
16984,659.0,324.6923076923077,51.0
16985,661.6,345.9,48.7
16986,657.2222222222222,279.6111111111111,51.833333333333336
16987,664.8,352.0,46.2
16988,663.1538461538462,330.7692307692308,46.88461538461539
16989,665.6666666666666,346.5,45.5
16990,661.4736842105264,272.05263157894734,48.1578947368421
16991,667.8888888888889,349.8888888888889,43.388888888888886
16992,669.0,342.5652173913044,42.30434782608695
16993,672.3636363636364,346.72727272727275,40.27272727272727
16994,668.3157894736842,289.3157894736842,42.73684210526316
16995,667.6,277.25,43.05
16996,677.56,370.36,34.56
16997,686.5,406.8333333333333,26.5
16998,678.6666666666666,259.23809523809524,33.714285714285715
16999,688.3636363636364,364.3636363636364,26.454545454545453
17000,682.0714285714286,267.92857142857144,30.928571428571427
17001,687.1666666666666,277.0,27.166666666666668
17002,646.0,289.75,62.5
17003,648.8181818181819,341.72727272727275,59.45454545454545
17004,648.9285714285714,321.2142857142857,58.857142857142854
17005,653.5625,361.8125,55.3125
17006,647.9166666666666,275.8333333333333,59.583333333333336
17007,651.3333333333334,280.57142857142856,56.38095238095238
17008,656.4782608695652,348.69565217391306,52.30434782608695
17009,663.4444444444445,371.55555555555554,47.44444444444444
17010,659.4285714285714,315.4761904761905,49.714285714285715
17011,665.4,383.7,45.1
17012,662.125,302.3333333333333,47.375
17013,667.0,360.2,43.666666666666664
17014,667.9090909090909,371.3636363636364,43.0
17015,663.2,272.4,46.3
17016,665.2666666666667,300.8666666666667,44.733333333333334
17017,671.0,353.46153846153845,40.23076923076923
17018,673.75,366.25,39.0
17019,673.5263157894736,374.2105263157895,38.21052631578947
17020,665.5714285714286,260.2857142857143,44.285714285714285
17021,667.3684210526316,272.3157894736842,42.8421052631579
17022,672.1666666666666,327.5,39.0
17023,683.2,229.4,30.0
17024,684.2857142857143,234.42857142857142,29.142857142857142
17025,696.8333333333334,350.8333333333333,19.0
17026,693.4347826086956,256.5652173913044,20.695652173913043
17027,698.25,227.75,17.75
17028,649.25,354.0,59.25
17029,648.0,324.0,61.0
17030,650.1428571428571,357.5,57.714285714285715
17031,649.9473684210526,339.94736842105266,57.73684210526316
17032,645.8571428571429,257.57142857142856,61.42857142857143
17033,648.7,280.5,58.3
17034,653.9545454545455,351.09090909090907,54.09090909090909
17035,649.9473684210526,285.36842105263156,57.421052631578945
17036,651.0416666666666,295.375,56.458333333333336
17037,659.7647058823529,371.47058823529414,49.23529411764706
17038,660.9655172413793,365.58620689655174,48.41379310344828
17039,666.1333333333333,343.26666666666665,44.06666666666667
17040,658.5714285714286,233.85714285714286,49.714285714285715
17041,662.4090909090909,277.3636363636364,46.63636363636363
17042,661.9375,265.0625,47.3125
17043,661.1052631578947,235.6315789473684,47.421052631578945
17044,663.5555555555555,257.8888888888889,46.0
17045,679.3,408.2,33.45
17046,672.6774193548387,278.16129032258067,37.516129032258064
17047,672.88,256.84,37.6
17048,674.1590909090909,217.63636363636363,35.59090909090909
17049,685.5,359.57142857142856,27.642857142857142
17050,679.6666666666666,263.8,32.0
17051,693.3,287.85,20.35
17052,696.5714285714286,291.2857142857143,19.0
17053,696.9333333333333,307.4,16.8
17054,694.0625,228.9375,19.5625
17055,695.3333333333334,221.0,19.333333333333332
17056,647.0,302.5,61.0
17057,655.0,406.5,55.0
17058,645.0,259.5,63.0
17059,649.0625,275.25,57.28125
17060,654.0,306.0,55.0
17061,663.0,402.5,48.0
17062,656.8695652173913,353.7826086956522,51.47826086956522
17063,657.3333333333334,318.6666666666667,52.0
17064,661.5,360.5,47.888888888888886
17065,666.75,398.0,45.0
17066,660.44,326.24,48.36
17067,661.9166666666666,317.75,47.0
17068,665.7777777777778,355.3333333333333,44.44444444444444
17069,662.0,298.0,48.0
17070,666.5555555555555,327.22222222222223,44.0
17071,669.9,376.6,40.4
17072,668.0,320.0,43.0
17073,669.2222222222222,331.77777777777777,42.333333333333336
17074,664.9,286.5,44.4
17075,673.3703703703703,404.8333333333333,36.870370370370374
17076,667.9375,267.625,41.8125
17077,677.0,352.0,36.0
17078,671.4375,280.375,38.625
17079,670.0,256.0,39.0
17080,673.1333333333333,273.06666666666666,37.666666666666664
17081,680.3333333333334,372.3333333333333,32.0
17082,682.1428571428571,368.57142857142856,30.285714285714285
17083,674.6315789473684,260.94736842105266,35.578947368421055
17084,684.4166666666666,365.0416666666667,28.083333333333332
17085,683.2222222222222,274.6666666666667,29.0
17086,690.6923076923077,355.7692307692308,23.53846153846154
17087,684.625,236.4375,27.125
17088,690.5,292.5,24.5
17089,693.0869565217391,297.2608695652174,20.47826086956522
17090,692.0,250.0,22.0
17091,704.0,387.0,13.0
17092,704.0,377.0,13.0
17093,704.5,382.5,12.5
17094,699.6666666666666,232.0,16.0
17095,656.5,407.0,53.0
17096,647.6666666666666,293.44444444444446,59.0
17097,649.0,307.4736842105263,57.526315789473685
17098,652.9230769230769,356.2692307692308,54.38461538461539
17099,653.25,302.125,55.0
17100,650.92,285.04,55.24
17101,655.6,322.8,51.86666666666667
17102,652.7894736842105,282.57894736842104,54.10526315789474
17103,654.3181818181819,293.5,52.77272727272727
17104,658.0588235294117,342.6470588235294,49.94117647058823
17105,658.4,330.05,50.05
17106,659.6923076923077,333.0769230769231,48.30769230769231
17107,661.8125,336.875,47.0
17108,660.7142857142857,305.7142857142857,48.285714285714285
17109,667.5,395.5,42.6
17110,657.625,258.375,49.75
17111,669.5,388.25,41.4375
17112,658.4705882352941,239.47058823529412,49.470588235294116
17113,664.8888888888889,292.3888888888889,44.111111111111114
17114,666.6842105263158,297.05263157894734,43.421052631578945
17115,669.8421052631579,332.7368421052632,40.421052631578945
17116,675.25,378.5,36.75
17117,667.8333333333334,280.7083333333333,41.166666666666664
17118,668.7368421052631,262.5263157894737,40.68421052631579
17119,673.6315789473684,249.42105263157896,36.68421052631579
17120,693.0,349.5,21.5
17121,697.5,355.5,18.0
17122,690.5,255.0,23.0
17123,704.5,392.0,12.0
17124,697.4285714285714,288.7857142857143,16.928571428571427
17125,709.6666666666666,314.0,7.666666666666667
17126,646.0,275.5,61.0
17127,652.9090909090909,341.3636363636364,54.31818181818182
17128,650.15,265.8,55.7
17129,658.3181818181819,353.8181818181818,49.59090909090909
17130,663.5,400.5,46.0
17131,658.0,306.0,50.666666666666664
17132,659.3846153846154,338.61538461538464,48.76923076923077
17133,658.4583333333334,321.0833333333333,49.541666666666664
17134,654.7777777777778,266.7037037037037,51.7037037037037
17135,662.8461538461538,361.15384615384613,45.69230769230769
17136,664.6666666666666,364.0833333333333,43.916666666666664
17137,657.0909090909091,249.8181818181818,50.45454545454545
17138,658.1612903225806,262.64516129032256,49.064516129032256
17139,668.3846153846154,346.2307692307692,41.07692307692308
17140,665.1666666666666,282.5416666666667,43.25
17141,665.2631578947369,267.2105263157895,43.63157894736842
17142,674.6,370.9,36.0
17143,667.9565217391304,276.7391304347826,40.391304347826086
17144,671.0909090909091,251.63636363636363,38.09090909090909
17145,671.4615384615385,263.0769230769231,37.0
17146,674.2,267.6,36.0
17147,678.375,254.4375,32.0625
17148,680.1538461538462,256.46153846153845,30.76923076923077
17149,684.0,241.5,27.5
17150,684.5,222.0,28.0
17151,686.125,216.875,26.0
17152,696.0,341.0,19.0
17153,688.125,228.5,24.0
17154,691.1666666666666,262.0,20.916666666666668
17155,693.3125,245.0,19.5625
17156,691.6153846153846,219.30769230769232,20.923076923076923
17157,700.3333333333334,340.0,14.0
17158,703.8,371.8,11.6
17159,696.7142857142857,245.71428571428572,17.285714285714285
17160,702.0,310.7142857142857,13.0
17161,650.8333333333334,348.8333333333333,55.611111111111114
17162,650.8,353.8,55.8
17163,649.95,336.0,56.55
17164,647.1428571428571,266.14285714285717,59.142857142857146
17165,650.5333333333333,307.06666666666666,55.733333333333334
17166,652.3157894736842,335.4736842105263,54.31578947368421
17167,654.3103448275862,358.3448275862069,52.44827586206897
17168,657.3928571428571,366.9642857142857,50.464285714285715
17169,650.9230769230769,276.0769230769231,55.0
17170,652.5,289.2,54.0
17171,658.25,360.7916666666667,49.541666666666664
17172,659.5,313.375,48.0
17173,660.0526315789474,294.2631578947368,47.526315789473685
17174,667.4666666666667,362.73333333333335,41.266666666666666
17175,663.15,279.25,44.65
17176,670.3157894736842,363.57894736842104,39.578947368421055
17177,662.1052631578947,268.6842105263158,45.1578947368421
17178,661.8235294117648,237.64705882352942,45.411764705882355
17179,669.6190476190476,337.6666666666667,39.904761904761905
17180,671.5,353.0,38.0
17181,672.8571428571429,356.7857142857143,37.214285714285715
17182,672.8,348.6666666666667,37.0
17183,667.8928571428571,272.67857142857144,40.464285714285715
17184,675.28,375.72,34.68
17185,668.0,250.25,40.5
17186,678.125,376.75,32.75
17187,672.5,219.0,36.0
17188,683.0,227.23529411764707,27.647058823529413
17189,689.75,273.9375,21.9375
17190,689.1,217.7,22.8
17191,700.2,348.2,13.8
17192,699.125,321.125,15.0
17193,702.0,321.5,14.0
17194,648.0,301.2,58.6
17195,652.3809523809524,367.85714285714283,54.38095238095238
17196,649.4444444444445,319.3333333333333,56.77777777777778
17197,652.3125,329.0,54.1875
17198,647.4285714285714,263.2857142857143,58.0
17199,653.2,325.3,53.0
17200,654.7142857142857,332.9047619047619,51.857142857142854
17201,653.0666666666667,299.3333333333333,53.333333333333336
17202,658.625,297.8125,49.0
17203,657.4117647058823,290.8235294117647,49.0
17204,661.4,322.5,46.2
17205,659.2758620689655,281.13793103448273,47.6551724137931
17206,659.6296296296297,289.25925925925924,47.25925925925926
17207,659.4090909090909,256.3636363636364,47.54545454545455
17208,658.8181818181819,243.0,47.54545454545455
17209,662.6,289.8666666666667,45.06666666666667
17210,667.8666666666667,368.46666666666664,41.0
17211,668.0526315789474,327.94736842105266,40.89473684210526
17212,664.625,255.95833333333334,42.625
17213,673.6153846153846,363.2307692307692,36.23076923076923
17214,664.25,217.5,43.0
17215,686.75,393.5,25.625
17216,685.3157894736842,280.4736842105263,25.736842105263158
17217,684.8461538461538,229.15384615384616,26.0
17218,688.0833333333334,277.1666666666667,23.166666666666668
17219,691.375,267.5625,20.6875
17220,691.0,233.0,21.0
17221,702.5714285714286,345.57142857142856,11.714285714285714
17222,694.1333333333333,225.4,17.733333333333334
17223,699.4,286.8,14.2
17224,697.0,235.0,15.0
17225,646.0,269.5,60.0
17226,648.3636363636364,290.54545454545456,57.54545454545455
17227,651.0857142857143,321.9142857142857,54.51428571428571
17228,650.6428571428571,269.7142857142857,54.42857142857143
17229,655.5,292.27272727272725,50.72727272727273
17230,655.4285714285714,297.85714285714283,50.57142857142857
17231,660.0,355.27272727272725,47.13636363636363
17232,655.6,273.8,51.0
17233,665.2222222222222,399.55555555555554,43.888888888888886
17234,661.3333333333334,346.5,46.27777777777778
17235,660.7826086956521,341.6521739130435,46.391304347826086
17236,657.8846153846154,275.7307692307692,48.26923076923077
17237,662.695652173913,304.3478260869565,44.56521739130435
17238,663.6,273.26666666666665,43.93333333333333
17239,662.7,240.3,44.0
17240,673.7826086956521,381.82608695652175,35.52173913043478
17241,671.5333333333333,337.26666666666665,38.0
17242,677.3333333333334,380.6666666666667,34.0
17243,675.0,270.6,34.8
17244,681.8709677419355,368.1290322580645,28.64516129032258
17245,679.8461538461538,261.7692307692308,30.23076923076923
17246,689.7,391.7,22.9
17247,686.8333333333334,285.5,24.5
17248,688.3846153846154,270.15384615384613,23.53846153846154
17249,689.1,264.0,22.4
17250,689.4761904761905,228.04761904761904,21.476190476190474
17251,696.5,320.0,16.0
17252,700.75,371.75,13.0
17253,692.5,249.66666666666666,19.666666666666668
17254,702.2,353.0,12.0
17255,705.7777777777778,380.77777777777777,9.444444444444445
17256,701.0,283.0,12.5
17257,708.5555555555555,318.8888888888889,5.444444444444445
17258,649.4,351.8,57.6
17259,648.5,323.5,57.5
17260,647.0,284.2,58.6
17261,653.9444444444445,342.44444444444446,51.888888888888886
17262,652.55,318.9,53.05
17263,653.1666666666666,276.5416666666667,52.416666666666664
17264,655.2272727272727,286.54545454545456,50.5
17265,661.4117647058823,366.70588235294116,45.94117647058823
17266,662.9545454545455,372.3181818181818,44.59090909090909
17267,662.578947368421,349.2631578947368,44.68421052631579
17268,667.7,392.7,41.0
17269,666.8571428571429,352.57142857142856,41.42857142857143
17270,661.6470588235294,263.11764705882354,45.0
17271,670.0714285714286,379.0,38.57142857142857
17272,671.3333333333334,389.22222222222223,37.888888888888886
17273,668.047619047619,348.57142857142856,39.714285714285715
17274,664.6,241.2,42.6
17275,666.4166666666666,256.25,41.0
17276,669.8235294117648,267.4117647058824,38.11764705882353
17277,676.84,259.8,31.48
17278,683.2307692307693,274.9230769230769,27.0
17279,687.5,224.0,24.0
17280,698.0909090909091,335.3636363636364,15.0
17281,695.0,229.0,17.0
17282,706.6666666666666,369.0,7.833333333333333
17283,648.2,298.4,57.0
17284,653.074074074074,363.22222222222223,52.370370370370374
17285,650.0,314.0,55.0
17286,649.9642857142857,299.92857142857144,54.57142857142857
17287,648.3333333333334,270.0,56.333333333333336
17288,656.75,335.3,49.4
17289,652.4545454545455,271.40909090909093,52.36363636363637
17290,664.0,368.0,44.0
17291,665.9090909090909,385.3181818181818,41.54545454545455
17292,663.7222222222222,333.3888888888889,43.77777777777778
17293,658.7826086956521,267.39130434782606,46.78260869565217
17294,665.2380952380952,338.8095238095238,42.523809523809526
17295,669.1666666666666,389.3333333333333,39.111111111111114
17296,666.875,357.4375,40.75
17297,666.2222222222222,285.1666666666667,41.55555555555556
17298,672.0,367.77777777777777,36.333333333333336
17299,671.3333333333334,343.5,37.333333333333336
17300,677.7142857142857,369.57142857142856,31.0
17301,671.3478260869565,254.17391304347825,35.73913043478261
17302,685.6666666666666,407.0,24.333333333333332
17303,680.4375,266.0625,28.9375
17304,689.1363636363636,289.1818181818182,21.772727272727273
17305,686.0,219.71428571428572,24.0
17306,695.5,335.5,17.0
17307,700.7142857142857,374.42857142857144,12.0
17308,691.3529411764706,236.35294117647058,19.176470588235293
17309,703.3333333333334,389.3333333333333,11.0
17310,690.8823529411765,224.23529411764707,19.58823529411765
17311,704.5,374.0,10.0
17312,652.625,403.5,53.375
17313,650.2727272727273,360.72727272727275,55.27272727272727
17314,650.0,332.125,55.5
17315,655.8,348.75,49.85
17316,652.5555555555555,308.44444444444446,52.44444444444444
17317,653.9677419354839,318.06451612903226,50.67741935483871
17318,652.2857142857143,287.85714285714283,52.0
17319,658.6,350.85,47.4
17320,656.2222222222222,302.77777777777777,49.388888888888886
17321,663.5,376.55555555555554,43.55555555555556
17322,662.2222222222222,327.74074074074076,44.2962962962963
17323,661.0769230769231,296.6923076923077,45.0
17324,667.047619047619,373.7142857142857,40.523809523809526
17325,670.4,384.8,38.0
17326,668.3181818181819,341.77272727272725,39.27272727272727
17327,670.4117647058823,362.8235294117647,37.8235294117647
17328,669.6666666666666,332.05555555555554,38.111111111111114
17329,664.6470588235294,261.11764705882354,41.705882352941174
17330,674.44,256.76,33.0
17331,672.0,215.0,36.0
17332,686.9,388.7,24.4
17333,676.7272727272727,269.54545454545456,31.318181818181817
17334,684.4166666666666,270.8333333333333,25.25
17335,682.3333333333334,232.0,26.916666666666668
17336,698.5,394.5,14.5
17337,699.3333333333334,378.6666666666667,13.0
17338,701.5,367.0,12.0
17339,702.5,357.0,10.0
17340,703.4666666666667,335.3333333333333,8.933333333333334
17341,648.1428571428571,304.0,56.57142857142857
17342,649.0,315.0,56.0
17343,648.6,288.5,55.6
17344,652.4545454545455,352.54545454545456,52.27272727272727
17345,649.6,294.25,54.5
17346,653.9090909090909,337.8181818181818,50.81818181818182
17347,653.64,327.48,51.28
17348,650.7894736842105,265.94736842105266,52.8421052631579
17349,657.0,344.46153846153845,48.30769230769231
17350,652.741935483871,281.80645161290323,51.483870967741936
17351,656.5,316.82142857142856,48.607142857142854
17352,652.9583333333334,260.125,50.958333333333336
17353,661.0,353.77777777777777,45.111111111111114
17354,655.7916666666666,270.875,48.791666666666664
17355,656.6842105263158,285.7368421052632,48.31578947368421
17356,663.3684210526316,351.94736842105266,43.05263157894737
17357,666.1818181818181,379.6363636363636,41.36363636363637
17358,661.4666666666667,257.46666666666664,43.93333333333333
17359,663.8461538461538,248.0,42.0
17360,661.9230769230769,221.53846153846155,42.53846153846154
17361,664.3333333333334,226.33333333333334,42.0
17362,668.6,271.2,38.04
17363,664.008064516129,228.09677419354838,38.233870967741936
17364,669.78125,222.75,36.46875
17365,674.6923076923077,262.38461538461536,33.0
17366,699.0,385.5,13.25
17367,688.0714285714286,221.71428571428572,21.357142857142858
17368,694.7142857142857,295.35714285714283,16.357142857142858
17369,701.2857142857143,379.0,11.0
17370,650.0,340.7142857142857,55.42857142857143
17371,650.2857142857143,344.42857142857144,54.142857142857146
17372,647.4,262.2,56.3
17373,651.2666666666667,303.53333333333336,52.733333333333334
17374,654.7894736842105,279.3157894736842,49.26315789473684
17375,659.0344827586207,327.62068965517244,45.58620689655172
17376,662.2857142857143,359.0357142857143,43.642857142857146
17377,661.75,343.375,43.9375
17378,659.3809523809524,299.7142857142857,45.80952380952381
17379,656.5625,235.5625,47.8125
17380,662.3,276.85,43.0
17381,661.45,246.45,43.65
17382,665.125,289.5625,41.1875
17383,663.2666666666667,266.2,42.0
17384,664.8888888888889,244.66666666666666,41.0
17385,676.0,371.75,32.75
17386,667.5,247.0,38.5
17387,676.75,265.6875,30.0
17388,692.5714285714286,248.1904761904762,17.333333333333332
17389,702.1111111111111,310.6666666666667,9.0
17390,648.0,282.0,57.0
17391,651.55,337.4,52.45
17392,648.5384615384615,279.9230769230769,54.92307692307692
17393,663.8461538461538,366.53846153846155,42.0
17394,664.0,345.0,42.1
17395,657.6,260.65,46.65
17396,659.4285714285714,279.7857142857143,45.392857142857146
17397,664.25,349.0,41.166666666666664
17398,666.5555555555555,383.27777777777777,39.388888888888886
17399,660.7142857142857,284.85714285714283,44.333333333333336
17400,669.6153846153846,408.5769230769231,36.69230769230769
17401,659.3333333333334,274.5833333333333,44.458333333333336
17402,659.5652173913044,250.43478260869566,45.130434782608695
17403,662.3333333333334,298.0,42.666666666666664
17404,659.0,214.0,46.0
17405,671.3157894736842,386.7894736842105,35.73684210526316
17406,663.7857142857143,252.35714285714286,41.0
17407,665.7142857142857,267.07142857142856,40.0
17408,663.0,218.5,43.0
17409,661.5,219.5,43.0
17410,674.8,364.5,33.8
17411,668.8333333333334,276.5,37.916666666666664
17412,662.2166666666667,214.75,41.05
17413,674.4031007751938,401.3953488372093,31.031007751937985
17414,668.9444444444445,210.91666666666666,35.388888888888886
17415,678.75,277.75,29.0
17416,682.8666666666667,225.46666666666667,24.666666666666668
17417,698.6666666666666,364.6666666666667,13.0
17418,702.0,362.0,11.0
17419,692.3333333333334,232.66666666666666,18.0
17420,702.7142857142857,369.14285714285717,10.0
17421,700.5,314.25,10.75
17422,651.8095238095239,347.23809523809524,52.333333333333336
17423,654.1176470588235,340.05882352941177,49.35294117647059
17424,654.6111111111111,322.6111111111111,49.55555555555556
17425,657.7272727272727,371.6363636363636,46.31818181818182
17426,664.1111111111111,397.77777777777777,42.111111111111114
17427,656.8,302.25,47.2
17428,658.2142857142857,313.57142857142856,45.92857142857143
17429,667.3125,369.125,38.9375
17430,669.2307692307693,369.2307692307692,37.0
17431,664.0,294.0,41.0
17432,667.8181818181819,350.27272727272725,38.0
17433,670.0,216.5,36.0
17434,678.0,281.0,31.0
17435,686.6111111111111,347.77777777777777,22.61111111111111
17436,684.4615384615385,274.38461538461536,23.846153846153847
17437,686.0,225.1,22.0
17438,694.1818181818181,301.8181818181818,15.727272727272727
17439,697.0,249.0,13.0
17440,654.5263157894736,329.2631578947368,48.94736842105263
17441,657.2,338.6,47.3
17442,656.0952380952381,296.76190476190476,47.285714285714285
17443,662.7647058823529,372.70588235294116,42.11764705882353
17444,660.2173913043479,321.60869565217394,44.26086956521739
17445,658.2777777777778,285.05555555555554,46.0
17446,670.0,409.0,38.0
17447,667.3,355.8,38.3
17448,669.8461538461538,374.7692307692308,36.61538461538461
17449,667.65,257.85,37.05
17450,683.6470588235294,357.2352941176471,24.705882352941178
17451,685.75,251.375,22.625
17452,698.875,387.5,11.75
17453,699.6666666666666,349.0,11.333333333333334
17454,650.3333333333334,333.5,53.333333333333336
17455,648.0,274.5,55.0
17456,653.8095238095239,353.57142857142856,49.38095238095238
17457,652.0909090909091,332.59090909090907,50.5
17458,655.5,359.8,48.2
17459,656.4166666666666,325.75,47.291666666666664
17460,660.1052631578947,338.42105263157896,44.1578947368421
17461,662.6875,356.4375,41.8125
17462,657.2307692307693,271.0,46.15384615384615
17463,664.4615384615385,333.0,40.5
17464,658.3333333333334,234.25,45.416666666666664
17465,669.6111111111111,337.6111111111111,36.05555555555556
17466,666.0666666666667,259.26666666666665,38.8
17467,669.3870967741935,267.03225806451616,35.38709677419355
17468,669.4,261.15,35.25
17469,673.5272727272727,210.29090909090908,30.763636363636362
17470,679.8571428571429,268.92857142857144,26.357142857142858
17471,685.5,283.6666666666667,23.0
17472,691.0,255.5,19.0
17473,688.3846153846154,231.6153846153846,19.0
17474,691.6,228.8,17.0
17475,703.2,376.8,8.2
17476,653.0,358.4,50.15
17477,653.6190476190476,365.0,49.142857142857146
17478,649.2142857142857,277.2142857142857,52.92857142857143
17479,649.8181818181819,295.54545454545456,51.90909090909091
17480,658.4285714285714,359.85714285714283,45.857142857142854
17481,657.8666666666667,349.6,45.666666666666664
17482,657.4705882352941,319.4117647058824,46.23529411764706
17483,652.952380952381,262.85714285714283,49.38095238095238
17484,663.25,394.25,41.5
17485,656.8,275.53333333333336,45.733333333333334
17486,665.5652173913044,377.4347826086956,39.47826086956522
17487,662.4545454545455,325.0,42.27272727272727
17488,663.0,331.5,42.0
17489,657.9,258.9,44.6
17490,665.578947368421,336.42105263157896,39.31578947368421
17491,666.3076923076923,344.53846153846155,38.07692307692308
17492,672.375,384.125,33.5625
17493,669.5,249.5,36.0
17494,675.9333333333333,269.93333333333334,29.2
17495,686.5384615384615,255.53846153846155,21.0
17496,696.0,338.3636363636364,13.636363636363637
17497,688.7647058823529,241.05882352941177,19.11764705882353
17498,695.0,238.0,14.0
17499,702.6,308.8,7.0
17500,652.4705882352941,344.5882352941176,49.94117647058823
17501,649.4375,284.0625,52.625
17502,651.5217391304348,299.95652173913044,50.608695652173914
17503,653.4736842105264,295.1578947368421,48.89473684210526
17504,659.5,363.6,43.75
17505,655.8571428571429,307.64285714285717,46.357142857142854
17506,656.92,293.0,45.6
17507,656.5714285714286,304.85714285714283,44.904761904761905
17508,664.1764705882352,353.2352941176471,39.64705882352941
17509,660.8333333333334,292.6666666666667,42.72222222222222
17510,663.421052631579,341.7368421052632,39.94736842105263
17511,659.95,270.65,43.45
17512,657.75,245.0,44.375
17513,670.5625,407.0,35.0625
17514,669.4642857142857,379.92857142857144,35.464285714285715
17515,666.4285714285714,251.8095238095238,37.095238095238095
17516,679.1176470588235,353.4117647058824,27.0
17517,684.296875,414.625,20.921875
17518,672.7,222.4,31.9
17519,683.5,351.5,24.0
17520,672.6666666666666,219.02380952380952,30.071428571428573
17521,680.6,282.4,26.0
17522,682.8695652173913,280.1304347826087,23.391304347826086
17523,681.8888888888889,230.11111111111111,24.11111111111111
17524,683.2307692307693,222.46153846153845,22.76923076923077
17525,692.875,316.25,15.75
17526,698.0,291.0,12.0
17527,653.5,407.375,49.875
17528,651.0,342.2,51.6
17529,649.0,291.5,53.0
17530,650.8181818181819,292.0,50.90909090909091
17531,659.0,405.0,44.0
17532,658.3076923076923,369.38461538461536,44.53846153846154
17533,658.578947368421,374.2105263157895,44.31578947368421
17534,652.6,283.8,49.15
17535,651.96,273.6,49.48
17536,651.3888888888889,267.6111111111111,49.94444444444444
17537,660.0625,368.5,43.125
17538,662.6666666666666,377.4166666666667,41.333333333333336
17539,655.4074074074074,279.3333333333333,46.48148148148148
17540,658.7368421052631,300.4736842105263,43.63157894736842
17541,658.7777777777778,265.72222222222223,43.611111111111114
17542,661.2916666666666,287.7083333333333,41.708333333333336
17543,657.3684210526316,239.52631578947367,44.578947368421055
17544,665.0,318.0,40.0
17545,661.0,252.5,43.0
17546,661.6,277.3,41.0
17547,663.2105263157895,271.2631578947368,40.21052631578947
17548,663.7857142857143,282.92857142857144,39.92857142857143
17549,669.7368421052631,342.6842105263158,35.36842105263158
17550,673.125,264.25,30.75
17551,686.125,388.125,22.25
17552,687.1538461538462,394.84615384615387,20.692307692307693
17553,685.6,288.8,22.0
17554,696.0,381.8,13.8
17555,686.2142857142857,225.14285714285714,19.714285714285715
17556,694.6666666666666,324.1111111111111,14.0
17557,699.7142857142857,375.14285714285717,10.0
17558,690.5,239.0,16.625
17559,650.4,323.9,51.3
17560,650.0,315.2857142857143,51.42857142857143
17561,653.5151515151515,348.8484848484849,47.93939393939394
17562,654.9375,332.5625,47.1875
17563,651.9473684210526,290.42105263157896,49.473684210526315
17564,656.2777777777778,343.94444444444446,46.166666666666664
17565,653.4516129032259,290.4516129032258,47.61290322580645
17566,662.5625,382.0,41.125
17567,654.7692307692307,265.84615384615387,47.23076923076923
17568,664.0,389.61538461538464,40.15384615384615
17569,657.2380952380952,288.7142857142857,44.333333333333336
17570,659.6315789473684,260.63157894736844,42.36842105263158
17571,661.0,272.0,41.333333333333336
17572,664.5263157894736,263.8421052631579,38.36842105263158
17573,669.65,257.2,33.95
17574,669.3333333333334,217.66666666666666,34.333333333333336
17575,685.4285714285714,393.0,22.142857142857142
17576,675.1538461538462,247.3846153846154,29.846153846153847
17577,695.5833333333334,389.9166666666667,13.333333333333334
17578,687.7272727272727,251.36363636363637,19.636363636363637
17579,688.5,226.5,18.0
17580,699.125,326.75,9.0
17581,649.0,299.75,52.75
17582,649.75,274.3333333333333,51.166666666666664
17583,656.4285714285714,366.85714285714283,45.57142857142857
17584,650.6666666666666,278.6666666666667,50.0
17585,652.9615384615385,305.8076923076923,47.88461538461539
17586,661.0,378.0,43.0
17587,654.1666666666666,273.9583333333333,47.333333333333336
17588,662.88,370.56,40.4
17589,661.6,340.1333333333333,41.333333333333336
17590,656.0909090909091,263.5,45.40909090909091
17591,663.5,326.6,40.0
17592,661.0,255.75,41.4
17593,666.8181818181819,335.09090909090907,37.0
17594,671.6,374.7,33.4
17595,677.9473684210526,398.0,25.5
17596,669.0,224.5,35.0
17597,685.3333333333334,317.6666666666667,22.0
17598,686.1666666666666,229.66666666666666,20.333333333333332
17599,687.8333333333334,245.83333333333334,18.333333333333332
17600,696.0,318.0,13.0
17601,652.0,363.6666666666667,50.666666666666664
17602,651.625,349.75,49.75
17603,650.3333333333334,305.3333333333333,50.583333333333336
17604,651.6842105263158,324.5263157894737,49.36842105263158
17605,654.4545454545455,359.3636363636364,46.63636363636363
17606,655.25,354.25,46.75
17607,656.3125,330.9375,45.0
17608,658.0454545454545,333.77272727272725,43.63636363636363
17609,663.2222222222222,358.05555555555554,39.44444444444444
17610,663.6,347.4,39.4
17611,659.0,240.5,43.0
17612,663.3333333333334,290.0,39.0
17613,661.3333333333334,262.5416666666667,40.333333333333336
17614,665.2647058823529,222.14705882352942,35.1764705882353
17615,668.4,245.85,34.1
17616,695.0,398.0,14.0
17617,686.0,260.75,20.25
17618,688.7,251.5,17.4
17619,697.3333333333334,359.6666666666667,11.0
17620,698.6666666666666,370.3333333333333,10.0
17621,650.0,319.0,52.0
17622,652.0666666666667,334.26666666666665,48.8
17623,653.0,321.93333333333334,47.46666666666667
17624,652.8636363636364,282.72727272727275,47.18181818181818
17625,654.4444444444445,287.6111111111111,45.94444444444444
17626,659.125,346.4583333333333,42.541666666666664
17627,665.5,389.8333333333333,38.166666666666664
17628,657.5833333333334,294.75,43.5
17629,660.5,301.0,42.0
17630,664.1052631578947,362.8421052631579,38.63157894736842
17631,665.5555555555555,374.44444444444446,37.111111111111114
17632,661.0,297.5,41.0
17633,660.1818181818181,283.09090909090907,41.36363636363637
17634,667.9090909090909,348.3636363636364,36.0
17635,660.0,239.5,40.90909090909091
17636,669.8,349.4,34.0
17637,664.5263157894736,277.10526315789474,37.473684210526315
17638,662.6666666666666,244.55555555555554,39.0
17639,678.25,362.4166666666667,26.083333333333332
17640,676.4418604651163,223.8372093023256,26.511627906976745
17641,687.3636363636364,262.90909090909093,18.272727272727273
17642,653.5714285714286,368.0,47.285714285714285
17643,651.4,317.7,49.3
17644,653.0909090909091,342.3181818181818,47.45454545454545
17645,650.0,286.25,50.416666666666664
17646,651.6818181818181,301.1818181818182,48.40909090909091
17647,656.2727272727273,354.3636363636364,45.0
17648,651.75,269.55,47.8
17649,659.5263157894736,351.3157894736842,42.36842105263158
17650,657.2916666666666,326.2916666666667,43.625
17651,663.3684210526316,385.5263157894737,38.63157894736842
17652,663.4,373.4,39.0
17653,657.2631578947369,281.5263157894737,43.78947368421053
17654,654.7,254.4,45.5
17655,665.0,287.5,38.0
17656,665.0,273.0,37.0
17657,666.375,268.125,36.75
17658,664.9878048780488,233.53658536585365,33.91463414634146
17659,681.919540229885,402.02298850574715,22.114942528735632
17660,668.5,212.0,32.0
17661,697.5,390.0,11.0
17662,695.4,354.2,12.0
17663,698.0,352.0,10.0
17664,651.1666666666666,329.6666666666667,49.166666666666664
17665,649.0,269.2,50.6
17666,653.6666666666666,316.6666666666667,46.5
17667,658.75,358.5,43.0
17668,656.0,315.0,45.0
17669,665.0,395.0,39.0
17670,658.8888888888889,330.6296296296296,41.925925925925924
17671,657.2631578947369,250.0,42.94736842105263
17672,665.8333333333334,353.77777777777777,36.166666666666664
17673,668.0,365.0,36.0
17674,670.0,366.0,34.0
17675,669.6666666666666,361.3333333333333,33.0
17676,662.421052631579,253.47368421052633,38.26315789473684
17677,674.2222222222222,381.3333333333333,29.38888888888889
17678,677.0,376.25,26.75
17679,678.8888888888889,371.6666666666667,25.77777777777778
17680,670.125,261.0,32.0
17681,685.2105263157895,268.57894736842104,19.105263157894736
17682,696.5,379.0,11.0
17683,653.9411764705883,363.94117647058823,45.529411764705884
17684,656.6,342.65,43.6
17685,660.3571428571429,385.42857142857144,40.785714285714285
17686,655.6666666666666,270.04761904761904,44.04761904761905
17687,663.3571428571429,340.2142857142857,37.92857142857143
17688,662.25,329.5,38.0
17689,667.5263157894736,354.57894736842104,34.26315789473684
17690,665.3125,256.5625,35.0
17691,677.5,274.0,26.0
17692,688.2,400.2,18.0
17693,690.25,401.5,16.0
17694,689.3333333333334,296.5,15.833333333333334
17695,687.125,256.875,17.0
17696,692.5,287.6666666666667,13.333333333333334
17697,652.2727272727273,296.04545454545456,46.81818181818182
17698,650.9047619047619,277.6190476190476,47.57142857142857
17699,652.8,301.44,46.0
17700,658.44,363.12,41.6
17701,658.0714285714286,337.35714285714283,42.142857142857146
17702,660.0,350.9166666666667,40.333333333333336
17703,661.3,332.8,40.0
17704,656.2352941176471,255.8235294117647,43.11764705882353
17705,664.25,364.0625,36.8125
17706,666.3333333333334,358.6666666666667,36.666666666666664
17707,663.0,324.0,38.0
17708,660.0,245.5,41.0
17709,662.0,280.3333333333333,38.333333333333336
17710,670.5294117647059,248.64705882352942,31.176470588235293
17711,674.2,273.6,28.2
17712,684.4444444444445,390.3333333333333,20.22222222222222
17713,686.1428571428571,394.7142857142857,18.428571428571427
17714,689.75,289.625,15.375
17715,652.0,356.0,48.0
17716,652.3636363636364,337.27272727272725,47.18181818181818
17717,654.8571428571429,359.0952380952381,44.476190476190474
17718,654.2777777777778,322.44444444444446,45.05555555555556
17719,653.92,297.52,44.72
17720,656.6428571428571,320.7142857142857,43.42857142857143
17721,652.5,270.0,46.0
17722,658.6666666666666,266.76190476190476,41.142857142857146
17723,666.4782608695652,372.1304347826087,34.73913043478261
17724,660.8333333333334,258.3333333333333,39.0
17725,674.6666666666666,354.0,28.666666666666668
17726,676.5,367.5,26.0
17727,681.7058823529412,343.1764705882353,21.352941176470587
17728,678.4705882352941,280.2352941176471,23.941176470588236
17729,687.6363636363636,306.6363636363636,16.0
17730,694.6666666666666,357.3333333333333,12.0
17731,693.0,341.1,12.7
17732,693.0,251.0,13.0
17733,650.0,296.5,49.0
17734,653.6,349.6,45.9
17735,655.3478260869565,349.2173913043478,43.69565217391305
17736,657.4666666666667,376.53333333333336,41.93333333333333
17737,653.625,283.5833333333333,44.541666666666664
17738,660.75,364.875,40.0
17739,652.4545454545455,258.77272727272725,45.04545454545455
17740,658.1,327.9,40.3
17741,667.6666666666666,384.55555555555554,34.44444444444444
17742,663.25,210.5,34.75
17743,671.6666666666666,269.3333333333333,30.0
17744,669.7,228.85,30.575
17745,673.5,254.0,28.0
17746,682.2,354.75,21.55
17747,683.35,348.05,20.5
17748,684.0,258.0,19.0
17749,693.8,383.6,12.0
17750,682.5,245.0,19.0
17751,684.5833333333334,252.75,18.166666666666668
17752,695.0,373.0,10.0
17753,693.0,299.0,13.0
17754,652.0,360.5,48.0
17755,652.2727272727273,329.45454545454544,46.54545454545455
17756,650.0,263.25,48.25
17757,658.6,356.6,41.0
17758,656.9285714285714,289.7142857142857,42.357142857142854
17759,654.1,235.4,44.1
17760,661.4,334.3333333333333,38.53333333333333
17761,663.72,369.64,36.28
17762,665.3939393939394,360.1515151515151,34.484848484848484
17763,660.875,272.25,38.375
17764,661.5833333333334,266.5,38.083333333333336
17765,670.25,377.4166666666667,31.0
17766,663.84375,270.65625,35.5
17767,671.4705882352941,250.7058823529412,29.176470588235293
17768,682.0555555555555,279.8888888888889,20.5
17769,683.4,263.2,19.0
17770,685.5,236.5,18.0
17771,687.0,230.0,17.0
17772,651.0,314.8,47.6
17773,652.8571428571429,334.14285714285717,45.333333333333336
17774,653.75,344.1666666666667,44.916666666666664
17775,658.6428571428571,372.42857142857144,40.642857142857146
17776,654.0,277.8333333333333,44.166666666666664
17777,653.375,273.75,44.0
17778,656.5294117647059,274.8235294117647,41.705882352941174
17779,656.5,244.85714285714286,41.714285714285715
17780,663.4166666666666,336.1666666666667,36.583333333333336
17781,655.9,236.7,42.1
17782,667.7142857142857,354.2857142857143,32.142857142857146
17783,673.5333333333333,375.06666666666666,27.933333333333334
17784,664.6153846153846,251.6153846153846,34.92307692307692
17785,689.0,398.0,14.0
17786,683.8666666666667,284.46666666666664,19.266666666666666
17787,681.5714285714286,226.42857142857142,20.285714285714285
17788,655.3333333333334,399.8333333333333,43.833333333333336
17789,654.5454545454545,331.1818181818182,43.13636363636363
17790,650.6153846153846,265.84615384615387,46.46153846153846
17791,658.3636363636364,345.3636363636364,40.63636363636363
17792,661.3703703703703,360.22222222222223,37.629629629629626
17793,659.0,296.0,41.0
17794,663.0,347.3666666666667,36.43333333333333
17795,656.8666666666667,254.0,41.06666666666667
17796,658.2758620689655,282.6896551724138,39.41379310344828
17797,658.75,276.9375,39.25
17798,668.5714285714286,381.7142857142857,33.0
17799,665.0,326.25,35.5
17800,666.5,337.5,34.5
17801,665.2631578947369,262.0,34.0
17802,673.0769230769231,379.0769230769231,27.53846153846154
17803,675.0,252.5,26.0
17804,678.5,247.0,24.0
17805,680.0,275.5,21.333333333333332
17806,686.0,288.44444444444446,16.11111111111111
17807,692.0,345.6,12.4
17808,687.0,267.5,16.0
17809,653.0,355.5,45.5
17810,651.6923076923077,307.7692307692308,45.92307692307692
17811,650.25,286.25,47.75
17812,654.8461538461538,362.3076923076923,42.84615384615385
17813,655.1578947368421,355.57894736842104,42.578947368421055
17814,650.8333333333334,274.4166666666667,46.0
17815,653.1333333333333,292.06666666666666,43.93333333333333
17816,654.1666666666666,299.5,42.56666666666667
17817,658.3928571428571,340.25,39.464285714285715
17818,653.5833333333334,264.125,43.291666666666664
17819,660.1666666666666,345.0833333333333,38.25
17820,656.3913043478261,285.95652173913044,40.65217391304348
17821,663.25,274.0,35.0
17822,691.0,319.0,14.0
17823,684.0,229.0,18.0
17824,660.0,390.55555555555554,39.111111111111114
17825,651.875,267.375,44.4375
17826,656.6129032258065,271.8709677419355,39.67741935483871
17827,656.5,259.92857142857144,40.42857142857143
17828,667.0,377.0,34.0
17829,663.4,330.8,36.0
17830,671.4,393.8,29.0
17831,661.25,216.58333333333334,35.916666666666664
17832,678.695652173913,358.4782608695652,22.26086956521739
17833,684.0714285714286,390.2857142857143,18.071428571428573
17834,684.0909090909091,294.6363636363636,18.0
17835,691.4,394.2,13.0
17836,682.0625,276.1875,19.0
17837,689.25,337.25,13.75
17838,651.1666666666666,293.5,45.416666666666664
17839,654.7,341.8,42.0
17840,650.4545454545455,262.09090909090907,45.54545454545455
17841,654.5555555555555,269.962962962963,41.666666666666664
17842,661.0909090909091,249.54545454545453,36.18181818181818
17843,676.3,373.2,24.3
17844,675.3333333333334,361.6,24.666666666666668
17845,684.3333333333334,334.6666666666667,17.666666666666668
17846,681.5882352941177,289.0,19.11764705882353
17847,652.6,327.8,44.4
17848,653.5384615384615,337.38461538461536,43.30769230769231
17849,651.0,280.0,45.75
17850,660.5384615384615,396.61538461538464,37.69230769230769
17851,657.68,361.36,39.48
17852,658.2352941176471,355.4117647058824,39.05882352941177
17853,654.55,293.95,41.95
17854,662.6,377.4,34.95
17855,661.6666666666666,342.9166666666667,36.0
17856,664.5,382.1666666666667,33.833333333333336
17857,670.3333333333334,402.3333333333333,30.0
17858,660.8,278.6,36.48
17859,661.0,217.0,35.0
17860,677.0,355.0,24.0
17861,673.0,258.0,27.0
17862,680.7692307692307,341.2307692307692,19.615384615384617
17863,686.0,356.1764705882353,15.529411764705882
17864,680.6666666666666,261.3333333333333,20.333333333333332
17865,685.2142857142857,330.35714285714283,15.857142857142858
17866,689.3333333333334,365.0,13.333333333333334
17867,652.0,317.0,45.0
17868,651.2727272727273,286.72727272727275,44.72727272727273
17869,655.2352941176471,350.0,40.88235294117647
17870,658.4545454545455,383.54545454545456,39.09090909090909
17871,656.0,333.15384615384613,40.53846153846154
17872,653.0,288.04761904761904,42.57142857142857
17873,663.0,365.51724137931035,34.58620689655172
17874,655.0,239.71428571428572,41.0
17875,666.5,365.0,32.5
17876,659.53125,266.03125,36.34375
17877,660.3,260.65,36.5
17878,673.0,371.5625,26.1875
17879,666.6666666666666,250.33333333333334,32.0
17880,669.4545454545455,256.45454545454544,28.363636363636363
17881,680.5384615384615,358.15384615384613,20.0
17882,681.9166666666666,353.4166666666667,18.0
17883,682.6666666666666,345.6666666666667,18.0
17884,685.0,267.0,17.0
17885,686.5,302.8,14.0
17886,685.5,252.0,16.0
17887,653.7,346.1,42.6
17888,659.0,368.6666666666667,38.666666666666664
17889,657.9333333333333,327.6666666666667,38.266666666666666
17890,662.0526315789474,338.4736842105263,34.73684210526316
17891,664.0,352.0,34.0
17892,660.2,284.1,36.9
17893,664.2,346.6,34.0
17894,664.0454545454545,360.22727272727275,32.59090909090909
17895,666.0,342.85714285714283,31.428571428571427
17896,664.0,281.0,34.0
17897,666.0,276.0,32.0
17898,667.4285714285714,253.14285714285714,29.80952380952381
17899,680.0,351.6923076923077,20.0
17900,673.7142857142857,255.57142857142858,24.714285714285715
17901,678.4,286.2,21.0
17902,684.5,338.5,16.25
17903,683.1538461538462,316.0769230769231,17.0
17904,652.35,282.05,42.55
17905,654.2,248.6,41.0
17906,659.3333333333334,272.55555555555554,36.55555555555556
17907,673.4545454545455,365.1818181818182,24.90909090909091
17908,663.5714285714286,241.85714285714286,30.428571428571427
17909,677.3181818181819,353.09090909090907,21.818181818181817
17910,684.0,363.0,18.0
17911,683.5333333333333,389.0,16.333333333333332
17912,685.625,350.25,15.0
17913,680.8333333333334,265.0,19.0
17914,688.5,341.0,13.5
17915,688.1666666666666,288.5,13.0
17916,653.4,320.2,43.0
17917,654.2941176470588,337.5882352941176,41.411764705882355
17918,658.6153846153846,371.96153846153845,37.53846153846154
17919,659.9285714285714,366.7142857142857,36.5
17920,655.0,291.0,41.0
17921,657.8055555555555,340.1388888888889,37.44444444444444
17922,659.4166666666666,333.5416666666667,36.625
17923,659.875,327.5,36.0
17924,662.3846153846154,332.61538461538464,34.0
17925,656.9333333333333,257.5,38.2
17926,672.8421052631579,375.7368421052632,25.473684210526315
17927,670.1,265.3,27.4
17928,686.0,346.0,15.0
17929,685.75,320.25,14.75
17930,683.1,284.0,16.1
17931,685.3571428571429,295.2142857142857,14.285714285714286
17932,656.5,398.5,40.0
17933,652.0,306.5,43.0
17934,651.0,276.0,44.0
17935,651.5909090909091,245.3181818181818,42.45454545454545
17936,654.2666666666667,265.4,39.93333333333333
17937,667.0,379.0,31.0
17938,655.0,234.5,39.0
17939,667.25,358.5625,29.3125
17940,670.5714285714286,261.35714285714283,26.5
17941,670.6363636363636,253.63636363636363,27.0
17942,672.25,271.125,26.0
17943,685.5,394.0,14.0
17944,679.125,271.875,19.0
17945,685.5,339.5,15.0
17946,682.2,295.45,16.1
17947,686.25,278.75,14.0
17948,658.9166666666666,352.1666666666667,37.0
17949,651.25,232.25,43.0
17950,654.2857142857143,276.85714285714283,39.523809523809526
17951,661.5,357.6,34.4
17952,655.9090909090909,262.90909090909093,38.13636363636363
17953,657.2,279.6333333333333,36.43333333333333
17954,657.8,254.6,36.6
17955,668.125,353.875,29.0
17956,668.0,349.3333333333333,29.0
17957,672.0,392.0,26.0
17958,672.8333333333334,369.3333333333333,25.0
17959,668.5,273.0,28.5
17960,674.5,359.9375,22.9375
17961,678.8333333333334,345.75,20.166666666666668
17962,685.0,394.0,16.0
17963,681.3157894736842,289.0,16.842105263157894
17964,680.6923076923077,279.53846153846155,16.923076923076923
17965,655.5833333333334,372.0833333333333,39.416666666666664
17966,657.92,381.76,37.44
17967,656.05,350.75,38.35
17968,657.1428571428571,358.5,37.464285714285715
17969,654.2307692307693,243.15384615384616,39.46153846153846
17970,654.6923076923077,239.46153846153845,38.23076923076923
17971,664.5714285714286,360.04761904761904,30.80952380952381
17972,668.4375,382.6875,28.4375
17973,658.125,246.0,36.75
17974,668.3,372.3,29.0
17975,659.2666666666667,255.2,35.0
17976,667.0,261.0,28.1
17977,681.8333333333334,357.5,17.166666666666668
17978,677.1538461538462,280.0769230769231,20.076923076923077
17979,687.2857142857143,391.92857142857144,12.142857142857142
17980,654.0,364.0,42.0
17981,655.0,369.0,41.0
17982,656.1333333333333,363.93333333333334,37.733333333333334
17983,657.5714285714286,345.7857142857143,37.07142857142857
17984,654.6666666666666,268.0740740740741,37.7037037037037
17985,670.179104477612,392.6865671641791,25.16417910447761
17986,659.75,247.5,34.5
17987,660.375,251.75,34.0
17988,667.9090909090909,247.72727272727272,27.0
17989,671.0,258.6,24.7
17990,676.7647058823529,289.47058823529414,19.764705882352942
17991,679.0,283.3333333333333,18.22222222222222
17992,657.9090909090909,388.09090909090907,36.63636363636363
17993,654.8,330.6,39.2
17994,656.2,321.65,37.55
17995,652.7692307692307,253.23076923076923,40.23076923076923
17996,664.4545454545455,241.57575757575756,28.424242424242426
17997,676.5294117647059,360.0,20.647058823529413
17998,670.75,269.3125,24.1875
17999,679.0,361.6,18.8
18000,682.25,352.6666666666667,15.75
18001,688.6,387.2,11.0
18002,684.4,283.6,13.2
18003,655.0,366.0,40.0
18004,655.0,359.5,39.5
18005,655.3333333333334,334.5833333333333,37.916666666666664
18006,651.5833333333334,267.5,41.583333333333336
18007,650.0,239.5,43.0
18008,653.3333333333334,281.0952380952381,39.57142857142857
18009,662.3333333333334,376.6666666666667,32.666666666666664
18010,660.6,342.8,33.5
18011,661.3333333333334,325.3333333333333,34.0
18012,662.6521739130435,346.95652173913044,31.652173913043477
18013,659.1153846153846,270.3076923076923,34.19230769230769
18014,674.6,370.4,22.0
18015,675.5,349.6,20.8
18016,669.5,248.0,26.0
18017,673.625,280.125,21.25
18018,679.75,341.25,17.25
18019,678.75,293.625,18.0625
18020,677.25,276.25,19.0
18021,656.0,407.0,39.0
18022,656.7777777777778,394.1111111111111,37.111111111111114
18023,654.2,340.0,39.4
18024,652.3333333333334,296.1666666666667,41.166666666666664
18025,654.0,325.8333333333333,39.333333333333336
18026,652.3333333333334,285.6666666666667,41.0
18027,652.0,273.5,40.5
18028,659.2,349.46666666666664,34.93333333333333
18029,663.3333333333334,383.1666666666667,32.0
18030,655.16,274.0,36.8
18031,664.0,382.3333333333333,30.333333333333332
18032,661.1111111111111,337.0,32.666666666666664
18033,665.3333333333334,257.3333333333333,29.166666666666668
18034,674.5555555555555,275.6666666666667,21.0
18035,659.3529411764706,362.2352941176471,34.0
18036,652.7142857142857,257.64285714285717,39.142857142857146
18037,654.0,248.0,38.0
18038,661.15,353.05,32.2
18039,664.0,371.0,30.0
18040,665.4,377.8,29.0
18041,672.1818181818181,373.09090909090907,23.363636363636363
18042,676.0,364.625,20.125
18043,665.7017543859649,248.03508771929825,25.017543859649123
18044,672.5,258.0,23.0
18045,652.0,291.0,41.0
18046,654.0,319.0,39.0
18047,657.8125,370.125,35.25
18048,659.2857142857143,354.14285714285717,34.0
18049,655.8,250.6,36.0
18050,656.8571428571429,261.7142857142857,34.82857142857143
18051,659.75,275.2,33.1
18052,672.1,363.4,22.7
18053,674.8510638297872,389.47872340425533,19.02127659574468
18054,677.0,341.6666666666667,19.166666666666668
18055,681.8571428571429,348.42857142857144,15.142857142857142
18056,675.0,263.0,19.0
18057,677.4,267.2,18.0
18058,683.6666666666666,289.6666666666667,14.0
18059,654.5555555555555,344.1111111111111,38.44444444444444
18060,656.6666666666666,376.44444444444446,36.0
18061,656.8823529411765,342.52941176470586,35.11764705882353
18062,657.6666666666666,336.8,34.93333333333333
18063,662.0952380952381,366.3809523809524,30.714285714285715
18064,663.3333333333334,355.3333333333333,30.0
18065,668.0,256.2142857142857,25.785714285714285
18066,676.9333333333333,355.73333333333335,18.666666666666668
18067,676.8888888888889,350.72222222222223,18.444444444444443
18068,656.5384615384615,356.3076923076923,35.76923076923077
18069,655.1666666666666,327.9166666666667,36.916666666666664
18070,659.0909090909091,375.0,33.0
18071,653.6666666666666,281.22222222222223,37.0
18072,671.1538461538462,367.7692307692308,23.076923076923077
18073,672.8888888888889,355.3333333333333,22.0
18074,668.3333333333334,249.66666666666666,25.0
18075,675.6666666666666,285.06666666666666,18.666666666666668
18076,681.6,332.8,15.4
18077,682.0,339.0,15.0
18078,655.0,368.5,38.0
18079,655.0,356.0,38.0
18080,659.3333333333334,391.22222222222223,33.44444444444444
18081,662.2857142857143,376.0,31.0
18082,653.0,244.66666666666666,37.0
18083,668.9333333333333,263.8,23.933333333333334
18084,678.25,354.5833333333333,16.916666666666668
18085,678.6666666666666,348.1666666666667,17.0
18086,677.0555555555555,274.3333333333333,16.5
18087,656.8181818181819,366.27272727272725,34.09090909090909
18088,664.6875,349.0625,28.375
18089,673.0,402.6,20.8
18090,674.0,285.5,21.0
18091,683.0,388.0,12.0
18092,680.0,279.0,14.0
18093,652.0,267.5,39.0
18094,652.0,262.2857142857143,38.42857142857143
18095,654.4375,270.875,35.3125
18096,655.6666666666666,245.33333333333334,35.0
18097,659.5,254.0,31.5
18098,671.6111111111111,394.5,21.666666666666668
18099,667.0,266.3333333333333,26.0
18100,668.25,249.25,24.0
18101,671.7777777777778,262.8888888888889,20.77777777777778
18102,683.1785714285714,336.2857142857143,10.642857142857142
18103,657.2857142857143,347.5238095238095,33.523809523809526
18104,653.0,275.5,38.0
18105,653.5,264.3333333333333,36.416666666666664
18106,654.4,256.7,35.4
18107,661.3333333333334,344.0,30.0
18108,656.421052631579,266.89473684210526,33.0
18109,659.7,258.0,31.2
18110,665.0,253.0,28.0
18111,671.6666666666666,359.8888888888889,21.444444444444443
18112,677.0,400.0,18.0
18113,674.4285714285714,273.7142857142857,18.285714285714285
18114,664.3333333333334,374.3333333333333,28.0
18115,656.5833333333334,279.1666666666667,33.0
18116,657.625,284.5,33.0
18117,665.8823529411765,260.8235294117647,25.58823529411765
18118,675.695652173913,337.4347826086956,17.47826086956522
18119,667.1428571428571,240.85714285714286,23.0
18120,673.75,267.25,18.875
18121,679.0,319.0,15.0
18122,677.5,285.5,16.0
18123,680.4090909090909,293.8181818181818,13.318181818181818
18124,655.0,337.5,36.0
18125,655.0,347.5,36.0
18126,653.0,291.0,37.0
18127,657.75,359.75,32.0
18128,656.1666666666666,253.0,34.0
18129,672.1,368.9,20.0
18130,671.8125,343.3125,19.8125
18131,670.1111111111111,268.77777777777777,21.22222222222222
18132,676.8461538461538,292.0,15.923076923076923
18133,656.0,353.0,34.0
18134,656.6666666666666,334.6666666666667,33.166666666666664
18135,656.6923076923077,340.53846153846155,33.15384615384615
18136,654.7142857142857,281.85714285714283,34.285714285714285
18137,669.6470588235294,372.0,21.529411764705884
18138,663.0,260.72727272727275,27.0
18139,671.0,348.8666666666667,20.933333333333334
18140,672.8571428571429,358.7142857142857,19.357142857142858
18141,672.8260869565217,353.0869565217391,19.217391304347824
18142,673.6470588235294,295.5882352941176,18.176470588235293
18143,674.625,289.0,18.125
18144,675.3333333333334,270.3333333333333,17.0
18145,657.9473684210526,336.05263157894734,31.31578947368421
18146,662.3846153846154,356.3076923076923,27.53846153846154
18147,658.7333333333333,271.46666666666664,29.933333333333334
18148,666.0,274.0,24.0
18149,674.6666666666666,363.3333333333333,18.0
18150,667.2,259.1,23.2
18151,675.3333333333334,280.0,17.333333333333332
18152,659.25,359.0,31.0
18153,654.9130434782609,273.1304347826087,33.47826086956522
18154,663.0,342.0,28.0
18155,664.4736842105264,269.2631578947368,24.94736842105263
18156,674.6428571428571,358.0,16.714285714285715
18157,670.0,276.0,21.0
18158,667.3157894736842,248.05263157894737,21.394736842105264
18159,674.6666666666666,321.0,17.333333333333332
18160,671.6666666666666,282.25,19.0
18161,659.4545454545455,349.09090909090907,29.90909090909091
18162,662.8,368.5,27.0
18163,667.5535714285714,395.69642857142856,19.892857142857142
18164,663.4444444444445,256.1111111111111,25.555555555555557
18165,667.0,276.5,23.0
18166,668.5,262.5,22.0
18167,679.5,351.0,13.0
18168,657.4666666666667,350.8666666666667,31.266666666666666
18169,653.5555555555555,265.44444444444446,34.44444444444444
18170,658.4705882352941,341.29411764705884,30.058823529411764
18171,671.875,364.75,18.75
18172,675.2307692307693,349.61538461538464,16.307692307692307
18173,670.3333333333334,267.6666666666667,19.333333333333332
18174,677.5,334.0,15.0
18175,655.125,254.25,32.0
18176,662.7857142857143,351.0,26.142857142857142
18177,668.4444444444445,368.1111111111111,21.555555555555557
18178,669.2941176470588,355.70588235294116,20.58823529411765
18179,671.5454545454545,339.0,18.09090909090909
18180,668.5254237288135,253.96610169491527,18.593220338983052
18181,676.0,313.8,15.0
18182,677.1428571428571,347.0,12.714285714285714
18183,677.0,278.5,15.0
18184,657.0,364.5,32.0
18185,668.9090909090909,364.09090909090907,20.272727272727273
18186,656.5,344.75,31.5
18187,661.6666666666666,265.0833333333333,25.0
18188,665.6666666666666,264.3333333333333,23.0
18189,672.85,353.65,16.55
18190,657.5,368.0,30.5
18191,655.375,261.5,30.375
18192,671.7333333333333,283.3333333333333,16.933333333333334
18193,670.8666666666667,271.1333333333333,17.8
18194,675.25,308.5,14.25
18195,677.8888888888889,345.6666666666667,11.0
18196,678.5,307.5,12.0
18197,658.25,357.5,28.75
18198,654.8,257.6,31.0
18199,657.5,264.0,29.0
18200,669.2727272727273,360.0,19.636363636363637
18201,661.0555555555555,260.1666666666667,25.333333333333332
18202,668.25,278.5,19.5
18203,668.9,273.2,19.0
18204,673.0,263.90909090909093,15.681818181818182
18205,675.8,289.46666666666664,13.533333333333333
18206,658.0,374.3333333333333,29.333333333333332
18207,670.0,276.5,18.0
18208,673.5,274.5,16.0
18209,655.0909090909091,252.45454545454547,30.454545454545453
18210,668.3333333333334,347.22222222222223,19.055555555555557
18211,665.8421052631579,273.0,20.473684210526315
18212,667.969696969697,290.06060606060606,18.454545454545453
18213,671.05,317.15,16.75
18214,672.5,287.25,15.166666666666666
18215,655.0,272.0,30.5
18216,656.0,257.0,29.0
18217,663.5,272.6,22.5
18218,670.8333333333334,360.9166666666667,17.5
18219,669.2380952380952,343.6190476190476,17.61904761904762
18220,666.3846153846154,263.53846153846155,19.923076923076923
18221,678.4,278.8,10.4
18222,658.5,335.5,28.0
18223,657.1111111111111,267.6666666666667,27.77777777777778
18224,667.8571428571429,351.92857142857144,19.428571428571427
18225,670.5714285714286,375.42857142857144,16.857142857142858
18226,662.0,257.88235294117646,23.41176470588235
18227,669.2857142857143,355.42857142857144,18.0
18228,673.0,338.0,15.0
18229,675.6875,352.125,12.0625
18230,674.2,283.6,13.0
18231,658.3333333333334,339.8888888888889,26.444444444444443
18232,661.9444444444445,267.6666666666667,22.833333333333332
18233,671.7142857142857,346.42857142857144,15.142857142857142
18234,666.0,268.73333333333335,19.266666666666666
18235,671.9444444444445,281.3888888888889,14.666666666666666
18236,671.6428571428571,270.39285714285717,12.75
18237,674.6666666666666,273.6666666666667,13.0
18238,670.0,349.52941176470586,16.647058823529413
18239,680.25,329.5,9.0
18240,655.0,279.0,30.0
18241,672.0,383.42857142857144,15.142857142857142
18242,663.75,260.0,21.5
18243,671.7241379310345,392.86206896551727,13.551724137931034
18244,671.3333333333334,340.55555555555554,16.0
18245,656.0,274.6666666666667,27.166666666666668
18246,660.75,263.125,22.75
18247,662.25,374.25,22.0
18248,674.6315789473684,385.4736842105263,11.631578947368421
18249,666.4,245.8,16.8
18250,671.8,294.4,14.0
18251,661.5,370.0833333333333,21.583333333333332
18252,663.5,268.5,21.0
18253,670.2857142857143,255.85714285714286,15.0
18254,662.75,366.25,20.625
18255,662.5714285714286,280.57142857142856,20.857142857142858
18256,663.5,242.0,20.0
18257,660.0,385.0,23.0
18258,675.6,390.8,9.0
